5 2
4.978808676950753 1.9939453362716437
4.963869511791708 1.9896770034801343
4.951697845688872 1.9861993845610773
4.941175297540278 1.983192942205312
4.931777890412636 1.9805079687651974
4.923210884928549 1.9780602529190816
4.915289181663784 1.9757969091252379
4.907887585544826 1.973682167370293
4.900916762824461 1.9716905036869687
4.89431033309486 1.9698029523181526
4.888017379643941 1.9680049656494623
4.881997835001472 1.9662850956875368
4.8762194977337945 1.9646341421711417
4.870656027788903 1.9630445793183493
4.865285553916613 1.9615101582175647
4.860089679453706 1.9600256226976356
4.855052755862781 1.9585865016684283
4.850161340054538 1.9571889543310146
4.845403782731711 1.9558296522399061
4.840769909966494 1.9545056886101464
4.836250774433913 1.9532145070409435
4.831838457727261 1.9519538451271061
4.827525912125706 1.9507216892381856
4.823306832053938 1.949516237778571
4.8191755491956165 1.9483358712653596
4.8151269458588954 1.9471791274625319
4.811156382769382 1.9460446808405174
4.807259638832456 1.9449313254175562
4.803432860141576 1.9438379600678375
4.79967251670959 1.9427635762297968
4.795975365741912 1.9417072473703025
4.792338419838762 1.9406681199641176
4.788758919740172 1.9396454056402652
4.785234310609149 1.9386383744600926
4.781762221506393 1.9376463489983293
4.778340447339576 1.9366686992544597
4.774966933085325 1.9357048380320714
4.771639759837479 1.9347542171006502
4.768357132553894 1.933816323597549
4.765117369070705 1.9328906768885714
4.761918890561243 1.9319768258876817
4.75876021263452 1.9310743464658249
4.755639937822687 1.9301828393809237
4.752556748546327 1.9293019281437054
4.749509400797932 1.9284312573403242
4.74649671859338 1.9275704909853166
4.74351758884432 1.9267193110573146
4.740570956805475 1.9258774161710388
4.737655821765843 1.925044520423795
4.734771233378379 1.9242203523205483
4.731916288060749 1.9234046536626248
4.729090125953842 1.922597178787487
4.726291927931976 1.9217976936463148
4.723520912991799 1.921005975082193
4.7207763358032935 1.9202218101683912
4.718057484475946 1.9194449955003459
4.7153636784290995 1.9186753366403415
4.712694266654771 1.9179126475568167
4.710048625758842 1.9171567501545426
4.707426158516534 1.9164074737923085
4.704826292225615 1.9156646548594407
4.702248477397146 1.9149281363352004
4.699692186464349 1.91419776749674
4.697156912514288 1.9134734035085745
4.694642168247273 1.9127549051550912
4.692147484867087 1.9120421384766872
4.689672411174399 1.9113349745664532
4.687216512600279 1.9106332892451034
4.684779370383679 1.9099369628913843
4.682360580801999 1.9092458801499617
4.679959754368282 1.9085599297230502
4.677576515185312 1.9078790042419083
4.675210500268305 1.9072029999711009
4.672861358988381 1.9065318167474727
4.67052875239017 1.9058653577073632
4.668212352705875 1.9052035292440588
4.665911842890161 1.9045462407333145
4.663626916060194 1.903893404507115
4.66135727510434 1.9032449356612493
4.659102632201746 1.9026007519779617
4.656862708478764 1.9019607737697202
4.654637233531534 1.9013249237723389
4.652425945218432 1.9006931271063916
4.6502285891458195 1.9000653110972738
4.648044918479323 1.8994414051850694
4.645874693517052 1.8988213409210817
4.643717681564765 1.8982050518035647
4.6415736564569 1.8975924732009004
4.63944239846741 1.896983542359292
4.63732369399957 1.8963781982114754
4.63521733528944 1.8957763814313975
4.633123120276438 1.8951780342905762
4.631040852328842 1.8945831005985243
4.628970340053176 1.8939915256656703
4.62691139714479 1.8934032562684782
4.624863842126937 1.8928182405388259
4.62282749822684 1.8922364280120674
4.620802193226978 1.8916577694245813
4.618787759213561 1.891082216862251
4.616784032506078 1.8905097235247699
4.614790853498362 1.8899402438002295
4.61280806649856 1.8893737332254152
4.610835519606391 1.888810148391365
4.608873064588189 1.8882494469455013
4.606920556719071 1.8876915875571443
4.604977854737489 1.887136529847346
4.603044820674326 1.8865842343948618
4.6011213197557295 1.8860346627058047
4.599207220310077 1.8854877771478924
4.597302393671421 1.8849435409778974
4.595406714086825 1.884401918223683
4.593520058597719 1.883862873804449
4.591642306999283 1.8833263733426333
4.589773341691877 1.8827923832493207
4.587913047668941 1.8822608706832438
4.586061312411705 1.8817318034754291
4.584218025794637 1.881205150144388
4.582383080030295 1.8806808799290478
4.580556369609318 1.8801589626806863
4.578737791221211 1.8796393688449138
4.576927243713621 1.879122069566505
4.57512462798926 1.878607036496979
4.573329846984023 1.8780942419178865
4.571542805568601 1.877583658655012
4.5697634105658205 1.8770752600804015
4.567991570613851 1.8765690200974885
4.566227196179955 1.8760649131267457
4.564470199449125 1.8755629140578334
4.562720494354707 1.8750629983044809
4.560977996463633 1.8745651417573357
4.5592426229473215 1.8740693207546792
4.557514292581372 1.8735755120873798
4.555792925636106 1.8730836929705517
4.554078443913313 1.872593841049176
4.552370770626178 1.8721059343872202
4.550669830438134 1.8716199514736445
4.548975549359413 1.8711358711625818
4.547287854774134 1.8706536727131824
4.545606675339634 1.8701733357471364
4.543931941022103 1.8696948402233513
4.542263583005099 1.8692181665107113
4.54060153372666 1.868743295297779
4.538945726756802 1.8682702075848263
4.537296096856242 1.8677988847726985
4.535652579895953 1.8673293085097105
4.534015112870558 1.86686146079698
4.532383633826575 1.8663953239327864
4.530758081870664 1.8659308805214776
4.529138397119407 1.8654681134506552
4.5275245207022285 1.8650070059003994
4.5259163947127306 1.864547541320956
4.524313962219282 1.8640897034579513
4.522717167191948 1.863633476314713
4.5211259545529385 1.863178844130844
4.51954027007919 1.8627257914234239
4.517960060453651 1.862274302965644
4.516385273163128 1.861824363734897
4.514815856569466 1.8613759589850598
4.513251759815186 1.8609290741948012
4.511692932857109 1.8604836950626957
4.510139326436716 1.8600398075177595
4.508590892044865 1.8595973976994162
4.507047581931104 1.8591564519378074
4.505509349050542 1.8587169568405384
4.50397614708024 1.8582788991364454
4.502447930423152 1.857842265807953
4.500924654150193 1.8574070440112396
4.499406273980371 1.8569732211024716
4.497892746310715 1.8565407846188868
4.496384028184466 1.8561097222899998
4.494880077253721 1.8556800220189689
4.493380851803922 1.8552516718939147
4.491886310729366 1.8548246601547675
4.490396413496997 1.8543989752343417
4.4889111201594005 1.8539746057106516
4.487430391367788 1.8535515403332494
4.485954188276166 1.853129768019994
4.484482472633734 1.8527092778393055
4.483015206689836 1.8522900590072402
4.481552353250198 1.85187210088464
4.480093875600935 1.8514553929888355
4.4786397375589795 1.8510399249763438
4.477189903438642 1.8506256866546358
4.475744338018685 1.8502126679650395
4.4743030065632405 1.849800858980226
4.472865874824865 1.8493902499160593
4.471432908982754 1.8489808311005236
4.470004075681847 1.848572593014228
4.468579342018724 1.8481655262594527
4.46715867551605 1.8477596215437566
4.465742044114939 1.8473548697203332
4.464329416173328 1.846951261743328
4.462920760470274 1.8465487886799612
4.461516046175463 1.8461474417365669
4.460115242894441 1.8457472122283582
4.458718320551604 1.8453480915635316
4.457325249516749 1.8449500712693732
4.45593600050592 1.844553142976387
4.454550544586755 1.8441572984303618
4.453168853223934 1.84376252946281
4.451790898227055 1.8433688280445935
4.450416651767569 1.842976186201225
4.44904608632162 1.8425845960665637
4.447679174727133 1.8421940498947955
4.4463158901553665 1.8418045400175749
4.444956206099789 1.8414160588562565
4.443600096382058 1.8410285989340123
4.4422475351185815 1.8406421528606496
4.4408984967773915 1.840256713331171
4.439552956077475 1.839872273124365
4.43821088806826 1.8394888251149308
4.436872268096656 1.8391063622720134
4.435537071802354 1.8387248776174347
4.434205275068717 1.8383443642648765
4.432876854118528 1.8379648154185009
4.431551785431587 1.8375862243582415
4.430230045718438 1.8372085844385904
4.428911612021297 1.8368318891007138
4.427596461593799 1.8364561318313521
4.426284571979779 1.8360813062281394
4.424975920965195 1.8357074059320582
4.423670486574345 1.8353344246793375
4.422368247104401 1.8349623562606674
4.421069181077867 1.8345911945465363
4.419773267244503 1.8342209334598707
4.4184804846267225 1.8338515670013056
4.417190812461596 1.833483089235033
4.41590423020296 1.833115494313904
4.414620717523526 1.8327487764002222
4.41334025434397 1.8323829297820686
4.412062820775693 1.8320179487552661
4.4107883971661845 1.8316538277263459
4.409516964063587 1.8312905611338302
4.408248502224427 1.830928143473334
4.4069829926213 1.8305665692967226
4.405720416402546 1.8302058332369493
4.4044607549534005 1.8298459299686274
4.4032039898344895 1.8294868542201144
4.401950102784498 1.829128600772731
4.400699075744021 1.8287711644727316
4.3994508908581 1.8284145402177467
4.398205530436575 1.8280587229560459
4.396962976983235 1.8277037076858145
4.395723213166952 1.8273494894418028
4.394486221845525 1.8269960633578066
4.3932519860474635 1.8266434245522734
4.392020488980085 1.8262915682537917
4.390791714032346 1.825940489699599
4.389565644725584 1.8255901841853033
4.388342264758292 1.8252406470516562
4.38712155800382 1.8248918736964082
4.385903508487389 1.824543859548693
4.384688100384014 1.8241966000933842
4.383475318062932 1.8238500908580042
4.3822651459976525 1.8235043274121423
4.3810575688311575 1.8231593053668862
4.3798525713686605 1.8228150203742606
4.378650138539664 1.8224714681390024
4.377450255452518 1.8221286443933282
4.3762529073411995 1.821786544933334
4.375058079563564 1.8214451655692612
4.37386575764041 1.8211045021618701
4.372675927207751 1.8207645506218537
4.371488574071069 1.820425306860465
4.37030368415774 1.8200867668745193
4.369121243510344 1.8197489266848057
4.36794123831543 1.8194117823356968
4.366763654886651 1.819075329931115
4.365588479678279 1.8187395655855352
4.3644156992483145 1.8184044854599222
4.363245300292223 1.8180700857612124
4.362077269621255 1.8177363627056966
4.3609115941659855 1.8174033125788285
4.359748260994832 1.8170709316745943
4.358587257282536 1.8167392163311853
4.357428570298826 1.8164081629066022
4.356272187466843 1.8160777678141458
4.355118096296934 1.8157480274742015
4.35396628440528 1.8154189383616004
4.352816739542307 1.8150904969694515
4.351669449561547 1.8147626998325646
4.35052440242825 1.8144355435033261
4.349381586178629 1.8141090245868812
4.348240989012354 1.8137831396816098
4.347102599187734 1.813457885437925
4.345966405084567 1.8131332585577837
4.344832395168526 1.8128092557237112
4.343700558019418 1.8124858736808682
4.342570882315291 1.8121631092013721
4.341443356836161 1.8118409590722804
4.340317970453116 1.8115194201070193
4.339194712132104 1.8111984891567288
4.338073570927982 1.8108781630982445
4.336954536002869 1.8105584388337947
4.3358375965911025 1.8102393132907018
4.334722742036997 1.8099207834095004
4.333609961759903 1.8096028461899962
4.332499245287034 1.8092854986214617
4.331390582204198 1.8089687377402341
4.330283962222318 1.8086525606062687
4.3291793751042045 1.8083369642798641
4.328076810716543 1.8080219458904307
4.326976258980956 1.8077075025327594
4.3258777099545505 1.80739363138159
4.32478115372841 1.8070803296109952
4.323686580493737 1.8067675944056754
4.3225939805265705 1.806455422983573
4.32150334417738 1.8061438126069467
4.320414661870227 1.805832760525167
4.319327924111432 1.805522264031422
4.318243121474504 1.8052123204283534
4.317160244618286 1.804902927039206
4.316079284286099 1.8045940812302033
4.3150002312812985 1.8042857803650545
4.313923076466558 1.8039780218386676
4.3128478108102275 1.8036708030768687
4.311774425324296 1.8033641215024112
4.310702911091942 1.8030579745797763
4.30963325929023 1.8027523597812214
4.308565461151799 1.802447274597826
4.307499507973565 1.8021427165392885
4.306435391116027 1.8018386831560458
4.305373102021235 1.8015351719943777
4.304312632198059 1.801232180618591
4.303253973198244 1.8009297066219396
4.302197116666947 1.800627747615279
4.301142054290898 1.8003263012157948
4.300088777830292 1.800025365080083
4.299037279104213 1.7997249368706918
4.297987549994632 1.7994250142670383
4.296939582459625 1.7991255949762566
4.295893368477366 1.7988266766999392
4.29484890013779 1.7985282571670618
4.293806169554376 1.7982303341447357
4.292765168918834 1.7979329053940687
4.291725890482078 1.797635968702964
4.290688326535324 1.797339521864029
4.289652469427898 1.7970435626853924
4.2886183115803735 1.7967480890123606
4.287585845456569 1.796453098694471
4.286555063585845 1.796158589585393
4.2855259585534125 1.7958645595754261
4.284498522977058 1.7955710065586865
4.283472749565756 1.7952779284438516
4.282448631037325 1.7949853231540136
4.281426160195142 1.7946931886265347
4.280405329895804 1.7944015228236994
4.2793861330169864 1.7941103237109588
4.278368562506747 1.7938195892783795
4.277352611373931 1.7935293175297002
4.276338272660619 1.7932395064714568
4.275325539468726 1.7929501541236272
4.274314404945998 1.7926612585516395
4.273304862276594 1.792372817791188
4.2722969047075745 1.79208482991243
4.271290525530479 1.7917972929984098
4.270285718085363 1.7915102051662535
4.269282475746954 1.7912235644924164
4.268280791959962 1.7909373691191508
4.267280660180614 1.7906516171904094
4.2662820739520475 1.79036630684117
4.265285026823689 1.7900814362292012
4.264289512413176 1.7897970035348971
4.2632955243703625 1.7895130069505436
4.262303056390258 1.7892294446802055
4.261312102217051 1.7889463149185292
4.260322655630426 1.7886636158928522
4.259334710471703 1.7883813458419602
4.258348260594851 1.7880995030159794
4.2573632999014865 1.7878180856762707
4.256379822353669 1.7875370920953246
4.2553978219382875 1.7872565205461903
4.254417292701891 1.7869763693337863
4.253438228693225 1.786696636752932
4.252460624033136 1.7864173211404963
4.251484472879074 1.7861384208126467
4.2505097694116385 1.7858599341065176
4.249536507847402 1.785581859380067
4.248564682469119 1.7853041949911705
4.247594287577338 1.7850269393079443
4.246625317503219 1.784750090708651
4.245657766638664 1.7844736476023006
4.244691629392466 1.784197608387131
4.2437269002117635 1.7839219714815764
4.242763573577385 1.783646735303513
4.241801644025191 1.7833718982908136
4.240841106115417 1.7830974588806419
4.239881954432414 1.7828234155402372
4.238924183605963 1.7825497667256864
4.237967788293702 1.7822765109229373
4.237012763202379 1.7820036466066655
4.236059103066001 1.781731172291426
4.235106802632676 1.7814590864497004
4.234155856707337 1.7811873876140973
4.233206260138504 1.7809160743056913
4.232258007762266 1.7806451450543996
4.231311094487786 1.7803745984090764
4.230365515245561 1.7801044329069118
4.229421264991467 1.7798346471241895
4.228478338719321 1.7795652396152541
4.227536731452068 1.7792962089632018
4.226596438237275 1.7790275537594893
4.22565745416816 1.7787592726038626
4.224719774340799 1.7784913640840974
4.223783393921891 1.778223826816346
4.22284830808051 1.7779566594349105
4.221914512013385 1.7776898605619489
4.220982000948894 1.7774234288275912
4.220050770163726 1.7771573628899513
4.219120814953012 1.7768916613948624
4.2181921306301255 1.7766263230159658
4.217264712539138 1.7763613464245416
4.216338556071424 1.776096730289485
4.215413656619089 1.7758324733072428
4.214490009633681 1.7755685741617655
4.213567610554482 1.7753050315643872
4.212646454879734 1.7750418442238194
4.211726538111837 1.7747790108660177
4.210807855811634 1.7745165302042811
4.209890403539535 1.7742544009888892
4.208974176884653 1.773992621947445
4.208059171477109 1.7737311918245466
4.2071453829544145 1.7734701094014764
4.206232806998823 1.7732093734169645
4.205321439312097 1.7729489826463083
4.204411275607005 1.772688935871612
4.203502311632109 1.7724292318718795
4.202594543159075 1.772169869452524
4.201687965994929 1.7719108474059095
4.200782575944543 1.7716521645408396
4.199878368864344 1.7713938196628425
4.198975340628953 1.7711358116035627
4.198073487135152 1.7708781391814645
4.1971728042934515 1.7706208012312035
4.196273288048564 1.7703637965839922
4.195374934370944 1.7701071240968769
4.194477739240145 1.7698507826331054
4.193581698669359 1.769594771042592
4.192686808696991 1.769339088191145
4.191793065378273 1.7690837329603795
4.190900464781013 1.768828704218491
4.190009003026419 1.7685740008591002
4.189118676223353 1.7683196217720478
4.188229480517343 1.7680655658530702
4.187341412069946 1.767811832013429
4.186454467087175 1.7675584191604978
4.185568641762173 1.7673053262170657
4.1846839323403575 1.7670525520923157
4.183800335058103 1.7668000957300432
4.18291784619555 1.7665479560603596
4.182036462047937 1.7662961320189616
4.18115617892141 1.7660446225566973
4.1802769931612875 1.7657934266202866
4.179398901111336 1.7655425431714993
4.178521899154172 1.7652919711774948
4.177645983674657 1.7650417096107818
4.176771151096177 1.7647917574396124
4.175897397840064 1.7645421136566442
4.1750247203699 1.7642927772406445
4.174153115159056 1.7640437471851333
4.1732825787026675 1.7637950224792522
4.172413107505417 1.7635466021363184
4.171544698093488 1.763298485165187
4.170677347022456 1.7630506705797484
4.169811050849028 1.7628031573893985
4.168945806163044 1.7625559446180035
4.168081609579284 1.7623090313133027
4.167218457713305 1.7620624164900094
4.166356347197362 1.7618160992055674
4.165495274696271 1.7615700784938413
4.164635236879287 1.7613243534029408
4.163776230443958 1.7610789229951525
4.162918252104006 1.7608337863280263
4.162061298577268 1.7605889424637895
4.161205366625403 1.760344390469311
4.16035045300598 1.7601001294254655
4.159496554484347 1.7598561584270667
4.158643667865289 1.7596124765359038
4.157791789965081 1.7593690828558082
4.156940917607432 1.7591259764669525
4.156091047643187 1.7588831564820404
4.1552421769383185 1.7586406219994495
4.154394302358009 1.7583983721219385
4.153547420810026 1.7581564059659456
4.15270152920508 1.7579147226428837
4.151856624460695 1.7576733212870788
4.151012703536579 1.7574322010277637
4.150169763371465 1.7571913609797842
4.149327800949968 1.7569508002900704
4.148486813263097 1.7567105180911156
4.147646797319954 1.7564705135380942
4.146807750131933 1.756230785771719
4.145969668736175 1.7559913339460385
4.145132550175849 1.7557521572191315
4.144296391523562 1.7555132547530785
4.143461189853842 1.755274625704703
4.1426269422743385 1.7550362692532424
4.1417936458827205 1.7547981845726157
4.140961297801765 1.7545603708314268
4.140129895179229 1.7543228272297622
4.139299435156564 1.7540855529439296
4.138469914907799 1.7538485471632537
4.137641331616062 1.7536118090808437
4.1368136824773885 1.7533753378935686
4.135986964685105 1.7531391328111898
4.135161175476333 1.7529031930380032
4.134336312089178 1.7526675177819875
4.133512371766547 1.7524321062547792
4.1326893517676995 1.7521969576807752
4.1318672493797495 1.751962071278839
4.131046061890491 1.75172744628053
4.13022578659993 1.7514930819118406
4.129406420824061 1.751258977402299
4.128587961898628 1.751025131994035
4.127770407159763 1.750791544923563
4.1269537539593335 1.7505582154399366
4.126137999668701 1.7503251427865631
4.125323141686301 1.7500923262193282
4.124509177391445 1.7498597649884402
4.123696104190375 1.7496274583565257
4.122883919500804 1.7493954055895409
4.122072620751842 1.7491636059477207
4.12126220538775 1.7489320587036292
4.120452670871677 1.7487007631240803
4.119644014670275 1.7484697184881586
4.118836234261289 1.7482389240781702
4.1180293271296655 1.748008379179621
4.117223290778931 1.7477780830811966
4.116418122742533 1.7475480350657635
4.115613820530405 1.747318234428317
4.114810381686068 1.747088680475932
4.114007803756077 1.7468593725008497
4.113206084305173 1.746630309798408
4.1124052209123985 1.746401491684905
4.111605211159632 1.746172917470722
4.110806052642919 1.7459445864603302
4.110007742976181 1.7457164979790598
4.109210279764635 1.7454886513462864
4.1084136606539445 1.7452610458843458
4.107617883277165 1.7450336809185147
4.106822945284948 1.7448065557769918
4.106028844326592 1.7445796697908793
4.105235578091493 1.7443530223030417
4.104443144260007 1.7441266126325794
4.103651540529801 1.743900440136934
4.102860764600713 1.7436745041586252
4.102070814193522 1.7434488040429859
4.101281687023544 1.7432233391381429
4.100493380830658 1.7429981087950008
4.099705893371701 1.7427731123848813
4.098919222397886 1.7425483492465224
4.0981333656735215 1.7423238187566856
4.0973483209721975 1.7420995202771863
4.096564086087955 1.741875453172531
4.095780658816502 1.7416516168099008
4.094998036966384 1.741428010567923
4.094216218351452 1.7412046338190657
4.0934352008057395 1.740981485947197
4.092654982153551 1.7407585663300074
4.09187556025044 1.7405358743565404
4.091096932957032 1.7403134094096446
4.090319098127818 1.740091170883476
4.089542053640885 1.7398691581659775
4.088765797386679 1.7396473706650895
4.087990327249372 1.7394258077737743
4.087215641132827 1.739204468887494
4.086441736953099 1.7389833534041939
4.085668612630961 1.738762460741704
4.084896266102975 1.7385417903115699
4.084124695302916 1.7383213415103682
4.08335389818394 1.7381011137631828
4.082583872703726 1.7378811064801074
4.0818146168244285 1.7376613190823058
4.081046128523717 1.7374417509933044
4.080278405779951 1.737222401630316
4.07951144659058 1.7370032704302167
4.078745248953653 1.7367843568235357
4.07797981088619 1.7365656602344655
4.077215130409397 1.7363471800981458
4.0764512055449496 1.736128915851995
4.075688034333333 1.7359108669270733
4.074925614808075 1.735693032773945
4.074163945043416 1.7354754128367844
4.073403023077213 1.7352580065705956
4.07264284700257 1.7350408134067812
4.071883414876172 1.7348238328047552
4.071124724791503 1.7346070642089282
4.070366774849485 1.7343905070830608
4.069609563143828 1.7341741608844832
4.068853087790221 1.7339580250641058
4.068097346911664 1.7337420990921142
4.067342338623839 1.7335263824407992
4.066588061067898 1.7333108745674468
4.065834512388527 1.7330955749400017
4.065081690726636 1.7328804830370304
4.064329594241164 1.7326655983306258
4.063578221109009 1.7324509202949432
4.062827569485014 1.7322364483976684
4.062077637563696 1.7320221821340802
4.061328423531973 1.7318081209844367
4.0605799255909085 1.731594264431011
4.059832141941168 1.731380611958079
4.059085070779374 1.7311671630603969
4.058338710337885 1.7309539172177195
4.05759305884131 1.7307408739372168
4.056848114520951 1.7305280327025716
4.0561038756147685 1.7303153930163593
4.055360340370948 1.7301029543830737
4.054617507051463 1.7298907162837593
4.053875373903193 1.729678678243641
4.053133939208352 1.7294668397644744
4.052393201237597 1.729255200341472
4.051653158282407 1.7290437594970327
4.050913808626256 1.7288325167385459
4.050175150566166 1.7286214715752621
4.04943718240906 1.7284106235351053
4.048699902468134 1.7281999721225887
4.047963309052065 1.7279895168608717
4.047227400490083 1.7277792572749164
4.04649217511758 1.72756919288309
4.045757631268917 1.7273593232055584
4.045023767280984 1.727149647781031
4.044290581525344 1.7269401661332215
4.043558072340259 1.726730877795979
4.0428262381057225 1.7265217822965355
4.042095077182686 1.7263128791722286
4.041364587955873 1.7261041679704683
4.040634768801638 1.7258956482069914
4.039905618120011 1.7256873194409754
4.0391771343026 1.7254791812082668
4.038449315753927 1.7252712330547408
4.03772216088783 1.7250634745196296
4.036995668106106 1.7248559051521648
4.036269835848224 1.7246485245032372
4.035544662530907 1.724441332125388
4.034820146601349 1.7242343275727996
4.034096286487519 1.7240275104012868
4.033373080637145 1.723820880160001
4.032650527514111 1.7236144364080053
4.031928625566566 1.723408178705969
4.0312073732693685 1.723202106616159
4.030486769081608 1.7229962197024307
4.029766811492528 1.7227905175302198
4.029047498979094 1.7225849996747884
4.02832883003422 1.7223796656964483
4.027610803145568 1.7221745151570818
4.026893416823722 1.7219695476366093
4.026176669559874 1.7217647627082417
4.02546055987863 1.7215601599384927
4.024745086302756 1.7213557389200795
4.02403024734262 1.7211514992143362
4.023316041531327 1.720947440408767
4.022602467410613 1.7207435620841534
4.021889523516779 1.7205398638227665
4.021177208394707 1.7203363452165557
4.020465520590822 1.720133005842549
4.0197544586740825 1.7199298452956264
4.019044021197418 1.7197268631639322
4.018334206729229 1.7195240590370617
4.017625013853338 1.719321432497885
4.0169164411374965 1.7191189831552154
4.016208487171815 1.7189167105947887
4.015501150551251 1.7187146144119305
4.014794429861632 1.7185126942196776
4.014088323707547 1.7183109496080138
4.013382830691389 1.7181093801764749
4.012677949420307 1.717907985534122
4.011973678520104 1.7177067652751306
4.011270016610837 1.717505719011314
4.010566962306812 1.7173048463477243
4.009864514258271 1.7171041469070019
4.00916267109228 1.7169036202887926
4.008461431447463 1.716703266102209
4.00776079397743 1.7165030839658033
4.007060757323005 1.7163030734913574
4.0063613201503445 1.7161032343000693
4.005662481123172 1.7159035660063628
4.004964238899309 1.7157040682340547
4.004266592161802 1.7155047405921122
4.003569539570463 1.715305582706953
4.002873079820632 1.7151065942062762
4.002177211598209 1.7149077747190566
4.0014819335865575 1.7147091238594327
4.000787244483744 1.7145106412589277
4.000093142988706 1.7143123265503208
3.9993996278115707 1.714114179359603
3.998706697663293 1.7139161993140226
3.9980143512590796 1.7137183860581335
3.9973225873149305 1.7135207392216614
3.996631404551062 1.71332325843557
3.9959408017090583 1.7131259433320551
3.995250777510621 1.712928793560555
3.9945613306953396 1.7127318087556938
3.9938724600000652 1.7125349885613075
3.9931841641863266 1.7123383326144332
3.9924964419991595 1.7121418405612985
3.9918092921945174 1.7119455120413292
3.991122713535816 1.7117493467110996
3.9904367047768075 1.711553344204418
3.989751264692349 1.7113575041801932
3.9890663920578535 1.7111618262825503
3.98838208565269 1.7109663101727008
3.9876983442567515 1.7107709554891255
3.9870151666606755 1.7105757618873743
3.986332551655583 1.7103807290241337
3.9856504980296608 1.7101858565572214
3.9849690045919917 1.7099911441455804
3.9842880701418717 1.7097965914492732
3.983607693485825 1.7096021981215503
3.9829278734375806 1.709407963816784
3.9822486088146474 1.7092138882062986
3.9815698984349006 1.7090199709545904
3.980891741123359 1.7088262117272488
3.9802141357053733 1.7086326101830471
3.9795370810167894 1.708439165981854
3.9788605759039166 1.7082458788083117
3.978184619203172 1.7080527483244383
3.9775092097478617 1.7078597742012176
3.9768343464053957 1.707666956102814
3.976160028016337 1.7074742937023375
3.9754862534485267 1.7072817866818208
3.9748130215497226 1.7070894347085968
3.9741403311949006 1.7068972374667766
3.973468181245694 1.70670519462578
3.9727965705807664 1.7065133058639246
3.972125498078913 1.7063215708605537
3.9714549626156805 1.7061299892960329
3.970784963080203 1.7059385608595843
3.9701154983549674 1.705747285225759
3.9694465673360066 1.7055561620779587
3.968778168922772 1.7053651911005876
3.9681103020046766 1.7051743719790478
3.9674429654913346 1.7049837044075515
3.966776158295728 1.7047931880578489
3.966109879327479 1.7046028226339314
3.965444127492847 1.7044126078251376
3.9647789017114863 1.7042225433217806
3.964114200913061 1.7040326288073482
3.9634500240204744 1.7038428639818874
3.9627863699599106 1.7036532485386078
3.9621232376641675 1.7034637821716754
3.961460626069291 1.7032744645684306
3.9607985341212424 1.703085295440493
3.960136960762512 1.7028962744848637
3.959475904938792 1.702707401391718
3.958815365598962 1.7025186758676984
3.9581553417084168 1.7023300976126094
3.957495832209021 1.7021416663271818
3.9568368360691255 1.7019533817130674
3.956178352250206 1.7017652434805786
3.955520379726838 1.7015772513331904
3.9548629174733585 1.7013894049752871
3.9542059644538794 1.7012017041121574
3.9535495196621837 1.7010141484577166
3.9528935820585427 1.700826737711322
3.952238150642819 1.7006394715963864
3.9515832244012845 1.7004523498140487
3.950928802319906 1.7002653720817615
3.9502748834075456 1.7000785381024373
3.9496214666561458 1.6998918476029767
3.9489685510639356 1.6997053002880422
3.948316135635413 1.6995188958785592
3.9476642193879417 1.6993326340886188
3.947012801325263 1.6991465146485392
3.9463618804705685 1.6989605372587557
3.9457114558334156 1.6987747016512798
3.945061526442771 1.698589007535936
3.9444120913073557 1.6984034546464057
3.943763149475061 1.6982180426942017
3.9431146999702147 1.6980327714070023
3.942466741823281 1.697847640505654
3.9418192740741356 1.697662649719484
3.9411722957654556 1.6974777987709886
3.9405258059328334 1.6972930873834868
3.93987980362452 1.6971085152963925
3.9392342878915305 1.6969240822270113
3.938589257794205 1.6967397879087314
3.93794471237919 1.6965556320757378
3.93730065071229 1.6963716144553882
3.936657071845605 1.696187734775841
3.9360139748536347 1.6960039927812791
3.9353713588004426 1.6958203881938296
3.9347292227593296 1.695636920751632
3.934087565799709 1.6954535901936014
3.9334463869969287 1.6952703962518287
3.9328056854322524 1.6950873386667786
3.932165460192844 1.6949044171645031
3.9315257103652113 1.6947216315021794
3.93088643503193 1.6945389814073972
3.9302476332814464 1.6943564666161015
3.929609304214587 1.69417408688772
3.928971446928215 1.6939918419445616
3.9283340605184924 1.6938097315399754
3.927697144093915 1.6936277554204804
3.92706069675899 1.6934459133257782
3.9264247176240104 1.6932642049963174
3.925789205788757 1.6930826301883892
3.9251541603750533 1.6929011886363676
3.924519580497447 1.6927198801055412
3.9238854652794712 1.6925387043242117
3.923251813837375 1.6923576610591033
3.922618625302866 1.6921767500475156
3.921985898797104 1.6919959710425365
3.921353633453431 1.6918153237979647
3.9207218284043654 1.6916348080683072
3.9200904827880856 1.6914544236012616
3.9194595957419303 1.6912741701602592
3.9188291664121113 1.691094047494406
3.9181991939277925 1.690914055361018
3.9175696774561266 1.6907341935106046
3.9169406161342555 1.6905544617018717
3.9163120091081547 1.690374859694212
3.915683855539075 1.6901953872477027
3.915056154587361 1.690016044115618
3.9144289054092156 1.6898368300668816
3.9138021071696114 1.6896577448561292
3.913175759032593 1.6894787882461526
3.9125498601612723 1.6892999599929446
3.911924409730715 1.6891212598681051
3.911299406905366 1.6889426876364269
3.9106748508680407 1.6887642430559062
3.9100507407941403 1.6885859258926628
3.9094270758645266 1.6884077359134715
3.908803855259077 1.6882296728857606
3.9081810781663218 1.6880517365701662
3.9075587437705726 1.6878739267428595
3.9069368512583487 1.687696243165777
3.9063153998279962 1.6875186856163695
3.905694388673621 1.6873412538578625
3.9050738169850883 1.687163947661552
3.904453683973673 1.686986766799369
3.903833988833565 1.6868097110438753
3.9032147307707183 1.6866327801682621
3.9025959089964246 1.6864559739463467
3.9019775227208977 1.6862792921525704
3.901359571146873 1.686102734554594
3.900742053491996 1.6859263009355032
3.9001249689696156 1.685749991071595
3.899508316801566 1.6855738047397801
3.898892096208567 1.6853977417175807
3.8982763064134134 1.685221801775743
3.897660946647346 1.68504598469301
3.8970460161308997 1.6848702902634807
3.8964315140930412 1.6846947182523442
3.895817439774336 1.6845192684475156
3.895203792401447 1.6843439406301306
3.894590571218986 1.6841687345745566
3.8939777754608396 1.6839936500704795
3.8933654043692685 1.683818686900809
3.8927534571885283 1.6836438448563926
3.8921419331648623 1.683469123706609
3.891530831543317 1.683294523243471
3.890920151577263 1.683120043259561
3.8903098925220325 1.682945683526017
3.8897000536349084 1.6827714438439063
3.889090634162433 1.6825973240001886
3.888481633372119 1.6824233237750672
3.887873050511219 1.6822494429639692
3.88726488485743 1.6820756813482385
3.8866571356840147 1.681902038724424
3.8860498022439836 1.6817285148823131
3.885442883804914 1.6815551096122527
3.884836379642601 1.6813818227051458
3.8842302890378773 1.6812086539597517
3.8836246112608084 1.6810356031607756
3.883019345589649 1.680862670108072
3.8824144913045133 1.680689854594742
3.8818100476905237 1.6805171564217207
3.8812060140346434 1.6803445753759074
3.88060238962567 1.6801721112520334
3.8799991737447743 1.6799997638526472
3.879396365681257 1.6798275329808248
3.878793964726235 1.6796554184256254
3.8781919701820744 1.679483419983918
3.8775903813466415 1.6793115374531025
3.8769891975101594 1.679139770645629
3.8763884179803623 1.6789681193526829
3.875788042054186 1.6787965833732372
3.8751880690429052 1.678625162506788
3.8745884982501333 1.6784538565678457
3.873989328984381 1.6782826653496887
3.873390560552771 1.6781115886606024
3.8727921922767137 1.6779406262949024
3.8721942234668076 1.6777697780618936
3.871596653435384 1.6775990437713824
3.870999481502761 1.6774284232192191
3.870402706994101 1.677257916216218
3.869806329230008 1.6770875225664674
3.869210347532788 1.6769172420817757
3.8686147612358233 1.6767470745672284
3.8680195696522968 1.6765770198356198
3.86742477211583 1.676407077685818
3.8668303679648375 1.6762372479316021
3.86623635653627 1.676067530372834
3.865642737153135 1.6758979248386647
3.865049509161936 1.6757284311299308
3.864456671901462 1.6755590490551557
3.863864224702793 1.675389778430536
3.8632721669298022 1.6752206190655583
3.862680497910603 1.6750515707701905
3.862089216993621 1.674882633369236
3.861498323528893 1.6747138066664342
3.860907816868063 1.6745450904803527
3.8603176963550463 1.674376484622856
3.859727961354008 1.6742079889062809
3.85913861122137 1.6740396031505969
3.8585496453089276 1.673871327176233
3.8579610629762633 1.6737031607969217
3.857372863584529 1.6735351038268607
3.856785046502644 1.6733671560807113
3.856197611082475 1.6731993173878874
3.855610556702247 1.6730315875639612
3.855023882723129 1.6728639664249627
3.8544375885140303 1.6726964537873792
3.8538516734453934 1.6725290494824177
3.853266136895377 1.6723617533274622
3.8526809782374696 1.6721945651403483
3.8520961968466767 1.6720274847464844
3.8515117921026043 1.6718605119645986
3.8509277633770926 1.671693646620982
3.850344110065104 1.6715268885352483
3.849760831541471 1.6713602375274546
3.8491779271979487 1.6711936934252065
3.848595396421596 1.6710272560565411
3.8480132385886137 1.670860925242824
3.8474314530920926 1.6706947008200528
3.846850039335826 1.6705285826033593
3.8462689967004158 1.6703625704225002
3.845688324586398 1.6701966641076553
3.845108022392673 1.6700308634752554
3.844528089510349 1.6698651683634154
3.8439485253473524 1.6696995786035806
3.8433693293038096 1.6695340940205379
3.842790500772054 1.6693687144394975
3.8422120391642762 1.669203439693162
3.8416339438879326 1.6690382696075798
3.8410562143426783 1.6688732040233456
3.840478849944918 1.6687082427673336
3.8399018501093805 1.6685433856668348
3.8393252142399192 1.6683786325636634
3.8387489417540404 1.6682139832788756
3.8381730320706278 1.6680494376550932
3.837597484600752 1.6678849955212403
3.8370222987691034 1.6677206567136924
3.8364474739894927 1.6675564210692237
3.835873009686273 1.6673922884179695
3.83529890528515 1.6672282585904692
3.8347251602131767 1.667064331431726
3.834151773892639 1.6669005067730729
3.8335787457532744 1.666736784446243
3.8330060752169945 1.6665731642974104
3.8324337617223065 1.666409646152075
3.831861804699883 1.6662462298642011
3.831290203584768 1.6660829152600742
3.830718957801125 1.6659197021803989
3.8301480668018626 1.6657565904662628
3.8295775300198573 1.6655935799591355
3.8290073468923356 1.6654306704938666
3.828437516866952 1.6652678619126906
3.827868039380476 1.6651051540582191
3.8272989138770503 1.664942546766449
3.826730139799059 1.6647800398877368
3.8261617166023205 1.6646176332588338
3.8255936437378404 1.664455326723854
3.8250259206396686 1.6642931201203028
3.8244585467704515 1.6641310132930398
3.82389152157891 1.6639690061012407
3.8233248445210877 1.6638070983695774
3.82275851504821 1.6636452899509837
3.8221925326218438 1.6634835806917845
3.8216268967108484 1.6633219704317055
3.82106160675502 1.6631604590178015
3.8204966622256795 1.6629990462974877
3.8199320625832582 1.6628377321185386
3.8193678072984856 1.6626765163221358
3.8188038958312034 1.6625153987567731
3.818240327639446 1.6623543792713003
3.8176771022066416 1.6621934577149204
3.817114218990216 1.6620326339371903
3.816551677469945 1.6618719077810813
3.815989477108676 1.66171127910379
3.8154276173855446 1.6615507477489937
3.8148660977748317 1.66139031357458
3.814304917755016 1.6612299764249265
3.81374407680575 1.6610697361516857
3.8131835743988165 1.6609095926068542
3.812623410010185 1.6607495456427719
3.812063583132049 1.6605895951121206
3.811504093239691 1.660429740861012
3.810944939818582 1.660269982742813
3.810386122355345 1.6601103206112284
3.8098276403437605 1.659950754320301
3.809269493266723 1.6597912837244082
3.808711680611275 1.6596319086782634
3.808154201868599 1.6594726290369128
3.8075970565370145 1.6593134446557356
3.807040244097949 1.6591543553904418
3.8064837640489686 1.6589953610901864
3.805927615888753 1.6588364616182265
3.8053717991200937 1.6586776568243795
3.8048163132348964 1.6585189465725512
3.8042611577291754 1.658360330713217
3.803706332106042 1.6582018091040562
3.8031518358697025 1.6580433816099396
3.8025976685164773 1.657885048082321
3.802043829555752 1.6577268083798464
3.801490318497994 1.6575686623614814
3.80093713484578 1.657410609886511
3.800384278102769 1.6572526508213925
3.7998317477856514 1.6570947850191886
3.7992795434032214 1.6569370123332852
3.798727664462357 1.6567793326379299
3.7981761104829435 1.6566217457871375
3.797624880976968 1.6564642516420838
3.797073975457477 1.656306850064256
3.796523393441553 1.6561495409154516
3.795973134450308 1.6559923240577776
3.795423197999935 1.6558351993604796
3.7948735836076737 1.6556781666794476
3.7943242907977575 1.6555212258777101
3.7937753190954524 1.655364376818601
3.793226668021101 1.6552076193657583
3.7926783371020245 1.6550509533899396
3.7921303258606187 1.654894378748569
3.7915826338232748 1.654737895313002
3.791035260520372 1.6545815029412696
3.790488205486271 1.6544252014985146
3.78994146824446 1.6542689908569816
3.789395048328343 1.6541128708824044
3.7888489452752934 1.6539568414408126
3.7883031586177456 1.6538009023985307
3.7877576878891306 1.6536450536153848
3.7872125326209085 1.6534892949718716
3.7866676923544222 1.6533336263284026
3.7861231666290327 1.6531780475456885
3.7855789549880434 1.6530225585050833
3.785035056966852 1.6528671590746569
3.7844914721107124 1.6527118491159902
3.783948199959931 1.6525566285045077
3.7834052400528266 1.6524014971023693
3.782862591946426 1.6522464547855658
3.782320255180974 1.6520915014235988
3.781778229303588 1.6519366368930173
3.781236513868247 1.6517818610503616
3.7806951084210185 1.651627173779503
3.780154012503019 1.6514725749443107
3.779613225676971 1.6513180644292014
3.7790727475006287 1.6511636420918532
3.7785325775120437 1.6510093078104806
3.777992715279689 1.650855061456823
3.7774531603493866 1.6507009029028952
3.7769139122826236 1.6505468320277286
3.7763749706418084 1.6503928487038833
3.775836334975551 1.6502389527974577
3.7752980048510443 1.6500851441882953
3.774759979830509 1.6499314227497741
3.7742222594741373 1.6497777883622706
3.7736848433489114 1.6496242408929735
3.7731477310168406 1.6494707802227933
3.7726109220349646 1.649317406226181
3.7720744159788513 1.6491641187778556
3.7715382124190864 1.6490109177595167
3.7710023109183437 1.6488578030464103
3.7704667110372596 1.6487047745073375
3.769931412360829 1.648551832031492
3.76939641445733 1.6483989754814972
3.7688617168929937 1.6482462047470618
3.768327319249586 1.6480935197047426
3.7677932210921696 1.6479409202313566
3.7672594220130406 1.6477884062039805
3.7667259215702265 1.6476359775066418
3.7661927193431213 1.6474836340169297
3.7656598149178335 1.6473313756060028
3.765127207875478 1.647179202165338
3.7645948977892574 1.6470271135732883
3.764062884242005 1.6468751097017824
3.7635311668203264 1.6467231904430413
3.762999745102914 1.646571355662826
3.7624686186751495 1.6464196052605256
3.761937787123261 1.64626793910241
3.761407250031398 1.6461163570750161
3.7608770069903863 1.6459648590584592
3.7603470575889686 1.6458134449464281
3.759817401410891 1.6456621146062063
3.759288038049478 1.645510867925311
3.7587589670901393 1.6453597047914994
3.7582301881365887 1.6452086250861153
3.7577017007758853 1.645057628697398
3.7571735046017336 1.644906715507176
3.7566455992115655 1.6447558853908766
3.7561179841890833 1.6446051382441054
3.755590659144978 1.6444544739494154
3.7550636236703925 1.6443038923896012
3.754536877368905 1.6441533934476977
3.7540104198303696 1.64400297700698
3.7534842506628725 1.6438526429575921
3.7529583694607775 1.643702391189911
3.7524327758337606 1.6435522215812914
3.7519074693806806 1.6434021340225795
3.7513824497040913 1.643252128398229
3.7508577164160335 1.6431022045995487
3.7503332691119375 1.6429523625180742
3.7498091073967186 1.6428026020257274
3.7492852308905555 1.6426529230211222
3.7487616391970224 1.642503325389874
3.748238331923367 1.642353809031043
3.747715308680507 1.6422043738174898
3.7471925690830203 1.6420550196487265
3.7466701127375766 1.6419057464046827
3.746147939257397 1.6417565539853152
3.745626048259355 1.6416074422710114
3.745104439355304 1.6414584111555774
3.744583112166524 1.6413094605264495
3.7440620662977198 1.6411605902844655
3.743541301377452 1.6410118003043341
3.743020817017709 1.6408630904873338
3.742500612837002 1.6407144607217925
3.741980688463241 1.64056591090284
3.741461043502008 1.6404174409126704
3.74094167758846 1.640269050646853
3.740422590338313 1.640120740001172
3.7399037813853084 1.6399725088650567
3.739385250335117 1.6398243571347235
3.738866996822942 1.6396762847000368
3.7383490204760763 1.6395282914576417
3.737831320913906 1.6393803772978348
3.7373138977738054 1.6392325421111305
3.7367967506737365 1.6390847858013693
3.7362798792496354 1.6389371082529371
3.7357632831209107 1.6387895093635423
3.7352469619306743 1.638641989024553
3.7347309153055126 1.6384945471340973
3.734215142875597 1.6383471835839667
3.7336996442775496 1.6381998982727068
3.733184419142958 1.63805269109253
3.7326694671041167 1.6379055619358596
3.7321547878026253 1.6377585107083987
3.7316403808721796 1.637611537302984
3.7311262459471752 1.6374646416126615
3.7306123826684345 1.6373178235306858
3.7300987906746075 1.6371710829635704
3.729585469607898 1.6370244197984551
3.729072419102611 1.6368778339422552
3.728559638799464 1.6367313252890423
3.728047128348443 1.6365848937330947
3.7275348873830505 1.6364385391688951
3.727022915551771 1.6362922615041544
3.7265112125009057 1.6361460606337561
3.725999777868859 1.635999936452787
3.7254886113032826 1.6358538888630416
3.7249777124524988 1.6357079177600073
3.724467080968352 1.635562023045874
3.7239567164919385 1.635416204623026
3.7234466186707285 1.635270462387546
3.722936787158562 1.6351247962422097
3.722427221601384 1.634979206083495
3.7219179216515026 1.6348336918145667
3.721408886964731 1.6346882533387823
3.7209001171946867 1.6345428905467205
3.7203916119870972 1.6343976033421284
3.719883371002581 1.6342523916289426
3.719375393891016 1.6341072553112899
3.7188676803086222 1.6339621942870097
3.718360229915109 1.6338172084606097
3.717853042367982 1.6336722977303142
3.7173461173310742 1.6335274620010098
3.71683945444896 1.6333827011777702
3.7163330533895893 1.6332380151593902
3.7158269138045004 1.6330934038513187
3.715321035362907 1.6329488671527297
3.7148154177261326 1.6328044049694455
3.714310060558968 1.6326600172074728
3.7138049635154813 1.6325157037665476
3.7133001262617187 1.6323714645465952
3.712795548455841 1.6322272994606277
3.712291229779312 1.6320832084089385
3.7117871698858664 1.6319391912984538
3.7112833684468627 1.631795248029837
3.7107798251286086 1.631651378510379
3.710276539595195 1.6315075826475502
3.709773511519819 1.6313638603425635
3.7092707405706262 1.6312202114968164
3.708768226410714 1.6310766360247548
3.708265968726414 1.6309331338281365
3.70776396717921 1.63078970481533
3.7072622214396724 1.630646348888454
3.7067607311846267 1.6305030659562336
3.706259496080195 1.6303598559275692
3.70575851581287 1.6302167187051164
3.705257790049971 1.6300736541981289
3.704757318462237 1.629930662316034
3.70425710073229 1.6297877429684327
3.703757136534876 1.629644896058688
3.7032574255509694 1.6295021214903413
3.7027579674564928 1.6293594191799252
3.702258761933591 1.6292167890313285
3.701759808662173 1.6290742309550195
3.7012611073142785 1.6289317448552367
3.7007626575766137 1.6287893306427923
3.700264459125197 1.6286469882286683
3.699766511653514 1.6285047175240155
3.699268814835922 1.6283625184337613
3.698771368355795 1.628220390869397
3.6982741719027037 1.6280783347361936
3.69777722515835 1.6279363499523656
3.697280527810627 1.6277944364235222
3.6967840795395635 1.6276525940618252
3.696287880036992 1.627510822773223
3.695791928992497 1.6273691224765892
3.6952962260849933 1.6272274930782062
3.694800771013607 1.6270859344908997
3.6943055634667914 1.6269444466149163
3.6938106031307525 1.6268030293761537
3.6933158896894493 1.62666168268156
3.6928214228498244 1.6265204064446166
3.692327202294138 1.6263792005726034
3.6918332277164145 1.6262380649793287
3.6913394988140253 1.6260969995787613
3.6908460152736846 1.6259560042850307
3.6903527767938544 1.625815079006072
3.6898597830679396 1.6256742236563377
3.689367033798281 1.6255334381504398
3.68887452867377 1.6253927224031488
3.688382267389433 1.6252520763230471
3.687890249649223 1.6251114998252247
3.6873984751492377 1.6249709928249292
3.686906943591699 1.6248305552375648
3.686415654670978 1.6246901869786925
3.6859246080931505 1.624549887957693
3.6854338035508576 1.624409658090442
3.684943240751229 1.6242694972866385
3.6844529193963345 1.624129405468802
3.6839628391776116 1.6239893825532727
3.683472999812126 1.6238494284502183
3.6829834010007274 1.6237095430762896
3.6824940424475745 1.6235697263419684
3.6820049238545574 1.6234299781705346
3.6815160449296567 1.6232902984790967
3.6810274053757963 1.6231506871785988
3.680539004904769 1.6230111441864559
3.680050843220526 1.6228716694202339
3.679562920033096 1.6227322627976488
3.679075235050235 1.622592924230259
3.6785877879774245 1.6224536536423897
3.6781005785289973 1.6223144509459018
3.6776136064142277 1.6221753160528107
3.677126871342894 1.6220362488878854
3.676640373025278 1.6218972493697394
3.6761541111832714 1.621758317417134
3.6756680855142685 1.6216194529426828
3.67518229574393 1.6214806558654447
3.674696741581755 1.621341926104624
3.6742114227377387 1.6212032635795715
3.673726338925146 1.6210646682034968
3.6732414898743735 1.6209261398960448
3.672756875285803 1.6207876785832869
3.6722724948824883 1.6206492841851532
3.6717883483796534 1.6205109566154394
3.6713044354985507 1.6203726957943667
3.670820755955376 1.6202345016422992
3.670337309469579 1.6200963740734713
3.6698540957555545 1.6199583130085355
3.669371114539251 1.619820318374555
3.668888365538792 1.6196823900924624
3.668405848475547 1.6195445280770668
3.6679235630713616 1.6194067322495866
3.6674415090513204 1.61926900253138
3.6669596861382168 1.6191313388439454
3.666478094055317 1.618993741108921
3.6659967325180722 1.6188562092418293
3.665515601256215 1.6187187431708425
3.6650346999944223 1.6185813428117648
3.6645540284578377 1.6184440080867921
3.6640735863748306 1.6183067389182584
3.663593373471475 1.618169535228635
3.663113389471551 1.6180323969467734
3.6626336341103296 1.6178953239829326
3.6621541071070007 1.6177583162662366
3.661674808189486 1.6176213737197025
3.66119573709443 1.6174844962602475
3.660716893553421 1.6173476838173961
3.6602382772874877 1.6172109363145712
3.6597598880346354 1.6170742536691
3.6592817255195578 1.6169376358046768
3.658803789475658 1.616801082651356
3.6583260796422894 1.6166645941268714
3.6578485957427516 1.61652817016154
3.6573713375172927 1.6163918106671447
3.656894304695609 1.6162555155804854
3.656417497016088 1.6161192848136168
3.6559409142148125 1.6159831182973798
3.6554645560173213 1.6158470159627418
3.6549884221743123 1.6157109777221623
3.6545125124122095 1.6155750035006602
3.654036826466116 1.6154390932295917
3.6535613640825475 1.6153032468342325
3.653086124994737 1.6151674642337843
3.6526111089418394 1.615031745366188
3.6521363156607034 1.6148960901447036
3.651661744891352 1.6147604985013237
3.65118739637698 1.6146249703557722
3.650713269855732 1.6144895056340995
3.6502393650689227 1.6143541042624836
3.649765681752819 1.6142187661734204
3.6492922196632787 1.6140834912933386
3.648818978531948 1.6139482795426066
3.648345958107319 1.6138131308479087
3.6478731581273656 1.6136780451422383
3.6474005783386887 1.613543022346347
3.6469282184855762 1.6134080623934746
3.646456078310003 1.6132731651984484
3.6459841575625616 1.6131383307009333
3.645512455996991 1.613003558822186
3.645040973342863 1.612868849495937
3.644569709360209 1.6127342026375233
3.6440986637876294 1.61259961818709
3.6436278363723305 1.6124650960725613
3.643157226867387 1.6123306362096541
3.6426868350235546 1.6121962385388697
3.642216660583817 1.6120619029884988
3.641746703305201 1.6119276294807945
3.6412769629315096 1.6117934179442934
3.64080743922058 1.6116592683076532
3.640338131914306 1.6115251805058057
3.6398690407713317 1.6113911544676467
3.639400165542532 1.611257190116041
3.6389315059764624 1.6111232873862753
3.638463061830247 1.6109894462014571
3.637994832861406 1.6108556664971079
3.6375268188196968 1.6107219481965769
3.637059019457996 1.6105882912356189
3.636591434529578 1.6104546955439625
3.6361240637935497 1.6103211610453165
3.6356569070066937 1.6101876876819199
3.6351899639261847 1.6100542753715825
3.634723234309589 1.6099209240567705
3.634256717906719 1.6097876336616646
3.6337904144786393 1.609654404116696
3.6333243237922304 1.6095212353462847
3.6328584455930484 1.6093881272872217
3.632392779643321 1.6092550798764087
3.6319273257002354 1.609122093038614
3.631462083537634 1.608989166704846
3.630997052905339 1.608856300812345
3.630532233564401 1.6087234952862288
3.630067625278962 1.608590750057848
3.6296032278108346 1.60845806506478
3.6291390409140876 1.6083254402385991
3.62867506436754 1.6081928755048842
3.6282112979151906 1.6080603708015462
3.627747741331194 1.6079279260604984
3.627284394381958 1.60779554121987
3.6268212568261498 1.6076632162056925
3.6263583284336294 1.6075309509502154
3.625895608963813 1.6073987453857983
3.6254330981846015 1.607266599444913
3.6249707958669664 1.6071345130662362
3.624508701771441 1.607002486182458
3.624046815664332 1.6068705187263777
3.6235851373204158 1.6067386106248152
3.6231236664986333 1.6066067618229696
3.622662402971792 1.6064749722417935
3.6222013465157596 1.6063432418206125
3.6217404968824845 1.6062115704988564
3.6212798538620468 1.6060799582038965
3.620819417204431 1.6059484048753756
3.620359186695039 1.6058169104469626
3.619899162098063 1.6056854748463578
3.6194393431861425 1.6055540980135223
3.618979729726886 1.6054227798885203
3.6185203214990347 1.6052915203933047
3.618061118273605 1.6051603194742217
3.6176021198165857 1.6050291770595118
3.617143325910471 1.6048980930896581
3.6166847363246513 1.6047670674991812
3.6162263508342516 1.6046361002166443
3.6157681692174375 1.604505191182842
3.6153101912365915 1.604374340332611
3.6148524166813334 1.6042435476008918
3.614394845317437 1.6041128129287863
3.6139374769271506 1.6039821362453872
3.6134803112876943 1.6038515174920007
3.6130233481793197 1.6037209566039818
3.6125665873691966 1.60359045351074
3.6121100286382672 1.603460008159934
3.611653671770499 1.6033296204811802
3.6111975165340997 1.60319929041629
3.6107415627164037 1.6030690179011302
3.610285810097034 1.6029388028656297
3.6098302584532735 1.6028086452579402
3.6093749075654262 1.6026785450081948
3.6089197572168135 1.602548502052668
3.608464807183055 1.6024185163277354
3.608010057250825 1.6022885877759059
3.607555507196418 1.602158716333754
3.607101156807175 1.6020289019379552
3.606647005862739 1.6018991445252846
3.6061930541484393 1.601769444038643
3.605739301444585 1.601639800408979
3.605285747539843 1.6015102135733672
3.6048323922178596 1.601380683475002
3.6043792352572623 1.601251210057172
3.6039262764477042 1.6011217932512265
3.603473515576491 1.6009924330006482
3.6030209524178947 1.6008631292429998
3.6025685867678896 1.6007338819099304
3.6021164184120877 1.6006046909512226
3.601664447139096 1.600475556298721
3.6012126727271663 1.6003464778963865
3.60076109497356 1.6002174556822673
3.6003097136678504 1.600088489594508
3.5998585285945963 1.5999595795713504
3.5994075395360117 1.5998307255511324
3.5989567462852987 1.5997019274782869
3.5985061486306456 1.5995731852913413
3.598055746365888 1.5994444989289185
3.597605539279849 1.599315868329737
3.5971555271643316 1.5991872934445952
3.5967057098087905 1.599058774194424
3.5962560870003335 1.5989303105361972
3.595806658537033 1.598801902409007
3.595357424209286 1.5986735497460545
3.5949083838104636 1.5985452524866233
3.594459537126268 1.5984170105820563
3.5940108839613325 1.5982888239658382
3.5935624241019815 1.5981606925775307
3.593114157345486 1.5980326163627667
3.592666083484107 1.5979045952612916
3.5922182023104154 1.5977766292129432
3.591770513619946 1.5976487181576522
3.591323017216508 1.5975208620414127
3.590875712880311 1.5973930607983673
3.590428600421082 1.597265314380659
3.5899816796249553 1.5971376227226142
3.5895349502969496 1.597009985770585
3.5890884122317694 1.5968824034710103
3.588642065224421 1.5967548757584924
3.5881959090728657 1.5966274025736886
3.5877499435753637 1.596499983857347
3.5873041685331253 1.5963726195562626
3.5868585837450078 1.5962453096173166
3.5864131890101656 1.5961180539815218
3.585967984125402 1.5959908525840287
3.5855229688904657 1.5958637053719826
3.585078143102753 1.595736612292614
3.584633506567898 1.5956095732813433
3.58418905908918 1.5954825882855757
3.5837448004675236 1.5953556572528003
3.583300730498856 1.5952287801187057
3.5828568489899775 1.595101956830955
3.5824131557453334 1.5949751873313553
3.5819696505617267 1.5948484715618017
3.5815263332468255 1.5947218094702131
3.5810832036006572 1.594595200998657
3.5806402614261805 1.594468646089288
3.5801975065319245 1.5943421446902795
3.5797549387161403 1.594215696743957
3.579312557787928 1.594089302198661
3.5788703635513923 1.5939629609850343
3.5784283558135614 1.5938366730575146
3.577986534379108 1.5937104383587704
3.5775448990503516 1.5935842568374776
3.577103449635169 1.593458128436473
3.5766621859443557 1.5933320530986792
3.576221107781078 1.5932060307671032
3.575780214954056 1.5930800613907536
3.575339507272287 1.592954144912805
3.5748989845424135 1.5928282812765164
3.5744586465713573 1.5927024704252313
3.574018493168951 1.5925767123141967
3.573578524147937 1.5924510068751028
3.5731387393108025 1.5923253540633584
3.572699138470841 1.5921997538226373
3.5722597214389875 1.5920742060966968
3.5718204880238202 1.5919487108352794
3.571381438034192 1.591823267982306
3.5709425712844887 1.5916978774817798
3.570503887584108 1.5915725392836853
3.5700653867453487 1.5914472533321882
3.5696270685834084 1.591322019571537
3.569188932905871 1.5911968379519552
3.5687509795258454 1.5910717084178525
3.568313208259336 1.5909466309137201
3.5678756189199876 1.5908216053841313
3.5674382113138385 1.590696631779627
3.5670009852550697 1.5905717100508252
3.566563940568624 1.5904468401425373
3.566127077061341 1.5903220219996552
3.5656903945429534 1.590197255567151
3.565253892841814 1.5900725407959573
3.5648175717629393 1.5899478776312042
3.564381431124719 1.5898232660239786
3.563945470748424 1.5896987059195684
3.5635096904424857 1.5895741972633408
3.563074090026077 1.5894497400007428
3.5626386693186305 1.5893253340831708
3.5622034281372184 1.5892009794620963
3.5617683662991735 1.5890766760831982
3.561333483616852 1.5889524238922348
3.5608987799133387 1.588828222835042
3.560464255006739 1.5887040728633979
3.5600299087128016 1.5885799739232924
3.5595957408553764 1.5884559259607944
3.5591617512507243 1.5883319289279085
3.5587279397205895 1.5882079827767128
3.5582943060843566 1.588084087453504
3.5578608501590514 1.587960242904656
3.5574275717671786 1.5878364490766195
3.556994470728883 1.5877127059217735
3.5565615468697835 1.58758901338672
3.5561288000000855 1.5874653714298341
3.555696229956349 1.5873417799861729
3.555263836554502 1.587218239014258
3.5548316196081178 1.5870947484551485
3.5543995789544947 1.5869713082675099
3.553967714410312 1.586847918398394
3.5535360257977135 1.5867245788007671
3.553104512936484 1.5866012894101549
3.5526731756570817 1.5864780501913462
3.5522420137876005 1.5863548610858549
3.5518110271433536 1.5862317220469397
3.551380215550321 1.586108633022099
3.550949578834726 1.5859855939647354
3.550519116825639 1.5858626048166646
3.5500888293445616 1.5857396655314355
3.5496587162184454 1.585616776062667
3.54922877726928 1.5854939363640475
3.548799012327101 1.585371146383513
3.5483694212247845 1.585248406063251
3.5479400037798423 1.5851257153629872
3.547510759817829 1.5850030742308747
3.547081689174936 1.5848804826151404
3.546652791671997 1.5847579404698995
3.546224067143078 1.5846354477435218
3.5457955154146847 1.5845130043902629
3.5453671363109662 1.5843906103586352
3.544938929666694 1.5842682656030334
3.5445108953090854 1.584145970072112
3.544083033065593 1.584023723720405
3.5436553427690956 1.5839015264909022
3.543227824247515 1.583779378338278
3.5428004773316015 1.5836572792172743
3.542373301852338 1.583535229076899
3.5419462976409393 1.583413227872031
3.5415194645288524 1.5832912755576167
3.541092802345163 1.5831693720770756
3.5406663109217806 1.5830475173854923
3.540239990090844 1.5829257114380189
3.539813839689902 1.5828039541782877
3.5393878595437824 1.58268224556738
3.5389620494904896 1.582560585549069
3.5385364093708422 1.582438974084568
3.5381109390025913 1.5823174111235774
3.537685638227009 1.5821958966158678
3.537260506875243 1.5820744305170633
3.5368355447890125 1.5819530127770711
3.5364107517895724 1.581831643345867
3.5359861277190916 1.5817103221850564
3.535561672412205 1.5815890492389695
3.5351373857037713 1.5814678244693414
3.534713267428873 1.5813466478206404
3.5342893174253978 1.5812255192489557
3.533865535523707 1.5811044387104414
3.5334419215672983 1.5809834061497725
3.533018475386977 1.580862421523236
3.532595196824098 1.5807414847929522
3.5321720857124914 1.5806205959095663
3.5317491418939486 1.5804997548180255
3.5313263652027396 1.580378961474877
3.5309037554759337 1.5802582158424952
3.530481312550819 1.5801375178602661
3.530059036264901 1.5800168674906925
3.529636926461058 1.579896264690577
3.5292149829772295 1.5797757094110279
3.5287932056515707 1.57965520160322
3.528371594322453 1.579534741224149
3.527950148828464 1.57941432822512
3.527528869021281 1.5792939625632563
3.5271077547218956 1.5791736441899924
3.5266868057798364 1.5790533730625782
3.5262660220319737 1.5789331491383256
3.52584540333083 1.5788129723688618
3.5254249495059815 1.578692842705879
3.5250046604026544 1.5785727601068789
3.5245845358688555 1.578452724523682
3.5241645757348024 1.5783327359139148
3.523744779846351 1.5782127942295254
3.5233251480521353 1.5780928994340033
3.522905680188149 1.577973051473684
3.522486376095735 1.5778532503064426
3.5220672356241507 1.5777334958902147
3.521648258615155 1.5776137881715306
3.5212294449107144 1.577494127114183
3.520810794358138 1.5773745126705603
3.5203923068023717 1.5772549447931155
3.5199739820808706 1.5771354234458193
3.5195558200389945 1.5770159485755206
3.5191378205274373 1.5768965201463097
3.5187199833868377 1.5767771381051625
3.5183023084682956 1.5766578024105655
3.5178847956077317 1.5765385130267853
3.5174674446592156 1.576419269900986
3.5170502554667644 1.5763000729918342
3.5166332278746 1.5761809222523386
3.516216361729708 1.5760618176412855
3.5157996568818355 1.575942759111806
3.5153831131783697 1.575823746622806
3.5149667304592174 1.5757047801332495
3.5145505085798456 1.5755858595907395
3.514134447385682 1.5754669849600693
3.5137185467223544 1.57534815620038
3.513302806438247 1.5752293732651643
3.512887226384502 1.575110636107977
3.5124718064073415 1.5749919446824334
3.5120565463608577 1.5748732989536136
3.511641446089112 1.574754698875251
3.511226505444031 1.5746361444011394
3.5108117242726267 1.574517635496529
3.510397102427217 1.574399172109634
3.5099826397500973 1.5742807542058184
3.50956833610419 1.5741623817334178
3.509154191334734 1.5740440546579089
3.508740205289717 1.573925772927748
3.508326377827531 1.5738075365085242
3.5079127087914457 1.5736893453545027
3.507499198037684 1.5735711994256951
3.507085845420109 1.5734530986764839
3.5066726507774706 1.5733350430613104
3.5062596139742155 1.573217032546042
3.505846734859679 1.573099067085234
3.505434013288486 1.572981146639182
3.5050214491078058 1.5728632711625576
3.5046090421777385 1.572745440615769
3.504196792348381 1.5726276549536031
3.5037846994776607 1.5725099141309056
3.5033727634109595 1.572392218113928
3.502960984004034 1.5722745668519562
3.502549361115374 1.5721569603113508
3.502137894598564 1.572039398447184
3.50172658430483 1.571921881220255
3.501315430088131 1.5718044085914167
3.5009044318076983 1.5716869805159106
3.5004935893178617 1.571569596943371
3.5000829024782205 1.571452257846147
3.499672371135847 1.5713349631739861
3.499261995155792 1.5712177128936795
3.4988517743829575 1.5711005069607489
3.4984417086852995 1.570983345330773
3.498031797915711 1.5708662279650452
3.4976220419298087 1.5707491548249113
3.497212440588471 1.5706321258661167
3.4968029937375213 1.5705151410501161
3.496393701248356 1.5703982003384174
3.4959845629697033 1.5702813036869308
3.4955755787631633 1.5701644510572719
3.495166748482904 1.570047642405461
3.4947580719959572 1.5699308776932213
3.4943495491543146 1.5698141568823283
3.4939411798177553 1.569697479928966
3.4935329638437023 1.5695808467950165
3.493124901097361 1.5694642574367728
3.492716991431441 1.5693477118162233
3.4923092347089675 1.5692312098954087
3.4919016307906077 1.5691147516307835
3.4914941795321393 1.5689983369844938
3.491086880797115 1.5688819659187374
3.4906797344467306 1.5687656383901296
3.490272740339825 1.5686493543609732
3.4898658983430066 1.568533113793622
3.4894592083053415 1.568416916639221
3.4890526700937863 1.5683007628658594
3.4886462835729395 1.5681846524360463
3.4882400486050424 1.5680685853010894
3.4878339650474524 1.5679525614292287
3.4874280327652856 1.567836580777504
3.4870222516213016 1.5677206433086317
3.4866166214759056 1.5676047489797567
3.4862111421947275 1.5674888977593182
3.4858058136385157 1.5673730896045648
3.4854006356707163 1.567257324472798
3.4849956081498945 1.5671416023269895
3.4845907309499378 1.5670259231245454
3.484186003924703 1.5669102868341525
3.483781426948413 1.5667946934133192
3.4833769998777906 1.5666791428252183
3.4829727225798224 1.5665636350218515
3.4825685949216627 1.566448169972103
3.482164616760544 1.566332747644903
3.481760787969 1.5662173679924087
3.481357108407121 1.5661020309724383
3.480953577945252 1.5659867365540694
3.4805501964463397 1.5658714846952204
3.480146963776018 1.5657562753594632
3.479743879797568 1.5656411085104178
3.479340944379475 1.5655259841061546
3.478938157390389 1.5654109021047955
3.4785355186940867 1.565295862481303
3.478133028157029 1.5651808651827057
3.477730685650874 1.5650659101840598
3.4773284910373765 1.5649509974380926
3.4769264441910375 1.5648361269087685
3.4765245449714226 1.5647212985600996
3.4761227932508407 1.5646065123561461
3.4757211888942168 1.564491768255428
3.4753197317716675 1.5643770662221028
3.474918421748442 1.56426240621479
3.4745172586974937 1.5641477882033281
3.4741162424894214 1.5640332121464338
3.4737153729899584 1.5639186780028742
3.4733146500675116 1.5638041857370475
3.4729140735931607 1.5636897353133985
3.4725136434331207 1.563575326690841
3.4721133594562783 1.5634609598394924
3.471713221536701 1.5633466347183627
3.471313229543592 1.5632323512865116
3.470913383346314 1.5631181095197677
3.4705136828143885 1.5630039093661403
3.470114127820002 1.5628897508015482
3.469714718235499 1.562775633779672
3.4693154539283633 1.5626615582653818
3.4689163347787755 1.5625475242235929
3.4685173606520254 1.5624335316137015
3.468118531413562 1.562319580400717
3.467719846941523 1.5622056705552585
3.4673213071066806 1.5620918020313004
3.4669229117774587 1.5619779747995526
3.4665246608349602 1.5618641888140876
3.4661265541479174 1.5617504440457057
3.465728591585218 1.5616367404596916
3.465330773025919 1.5615230780158194
3.464933098336713 1.5614094566794663
3.4645355673944573 1.561295876410501
3.4641381800761626 1.5611823371743925
3.4637409362489815 1.561068838936655
3.463343835785225 1.5609553816628472
3.4629468785673603 1.5608419653130239
3.4625500644629983 1.5607285898528351
3.462153393347405 1.5606152552479755
3.4617568650909973 1.5605019614586388
3.4613604795868365 1.5603887084561545
3.4609642366906455 1.560275496200807
3.4605681362807896 1.56016232465847
3.46017217823828 1.560049193789521
3.459776362436783 1.5599361035599233
3.4593806887476166 1.5598230539356845
3.458985157054733 1.5597100448773193
3.458589767224755 1.5595970763564604
3.4581945191419288 1.5594841483337116
3.4577994126756715 1.559371260769724
3.457404447705531 1.5592584136362593
3.4570096241112 1.5591456068940572
3.4566149417650354 1.5590328405149643
3.4562204005445296 1.5589201144542801
3.4558260003323067 1.5588074286784095
3.455431740993686 1.5586947831537996
3.455037622419059 1.5585821778469409
3.454643644484007 1.5584696127243667
3.4542498070617653 1.5583570877471302
3.453856110033189 1.558244602881852
3.4534625532767853 1.5581321580896745
3.453069136668715 1.5580197533428253
3.4526758600877745 1.5579073886080521
3.45228272342037 1.5577950638411115
3.4518897265356263 1.5576827790198717
3.451496869315257 1.5575705341001784
3.4511041516411165 1.5574583290489523
3.450711573387739 1.5573461638386688
3.4503191344347766 1.5572340384253083
3.4499268346669956 1.5571219527814293
3.4495346739717894 1.5570099068686114
3.4491426522093427 1.5568979006539867
3.448750769272302 1.5567859341047285
3.4483590250435077 1.556674007182547
3.4479674194009715 1.5565621198547
3.447575952222845 1.5564502720884876
3.4471846233948726 1.5563384638457491
3.446793432793002 1.55622669510487
3.4464023802982875 1.5561149658222726
3.446011465796889 1.5560032759599245
3.4456206891701378 1.5558916254963298
3.4452300502995032 1.555780014388042
3.4448395490616304 1.5556684426081473
3.444449185343228 1.5555569101187812
3.4440589590261785 1.5554454168876157
3.4436688699925027 1.5553339628823635
3.4432789181218775 1.555222548059797
3.4428891033040356 1.5551111723986921
3.4424994254189274 1.5549998358559063
3.4421098843441613 1.5548885384048043
3.441720479972353 1.5547772800133024
3.441331212181383 1.554666060643872
3.440942080856702 1.554554880264511
3.4405530858838937 1.5544437388432577
3.4401642271437236 1.5543326363481897
3.4397755045245204 1.5542215727419446
3.4393869179073184 1.5541105479981605
3.4389984671757623 1.5539995620740785
3.4386101522136308 1.5538886149406772
3.438221972902361 1.5537777065662353
3.4378339291346576 1.5536668369163336
3.437446020790987 1.553556005964804
3.4370582477593703 1.5534452136690973
3.4366706099304305 1.5533344600031236
3.43628310718256 1.5532237449326236
3.4358957394029375 1.5531130684233785
3.435508506477636 1.553002430443944
3.4351214082903883 1.5528918309629145
3.434734444730001 1.5527812699461905
3.4343476156817045 1.5526707473624448
3.4339609210333304 1.5525602631776574
3.4335743606728384 1.5524498173605792
3.433187934482146 1.552339409877269
3.432801642358114 1.5522290406992856
3.4324154841755132 1.5521187097900366
3.4320294598302263 1.552008417121157
3.431643569209625 1.551898162656134
3.4312578121938078 1.5517879463666784
3.430872188672871 1.551677768219084
3.4304866985395046 1.551567628179684
3.4301013416791264 1.5514575262203023
3.429716117983447 1.5513474623073489
3.4293310273381397 1.5512374364072727
3.4289460696302383 1.5511274484892863
3.428561244749368 1.55101749852264
3.4281765525865118 1.550907586476621
3.4277919930278515 1.5507977123178323
3.4274075659658534 1.5506878760129148
3.4270232712857203 1.5505780775312703
3.4266391088838617 1.5504683168423377
3.42625507864327 1.550358593915593
3.4258711804569106 1.5502489087178295
3.4254874142080283 1.5501392612185985
3.425103779794758 1.550029651387488
3.4247202771018257 1.549920079191405
3.4243369060226914 1.549810544597294
3.423953666448479 1.5497010475748558
3.423570558270436 1.5495915880938276
3.423187581381161 1.5494821661212668
3.4228047356635427 1.5493727816324157
3.4224220210091976 1.5492634345916902
3.4220394373184666 1.5491541249662601
3.421656984475837 1.5490448527260468
3.421274662375748 1.5489356178410076
3.4208924709103035 1.5488264202784237
3.4205104099705004 1.5487172600083259
3.4201284794474573 1.5486081370007811
3.4197466792373246 1.5484990512258923
3.4193650092290073 1.5483900026537982
3.4189834693127596 1.5482809912492537
3.418602059386319 1.5481720169824709
3.4182207793389523 1.5480630798264068
3.4178396290661825 1.5479541797459273
3.4174586084575176 1.547845316714061
3.4170777174087177 1.5477364906984548
3.416696955809531 1.5476277016695001
3.4163163235559555 1.5475189495976238
3.415935820541655 1.5474102344505818
3.415555446662862 1.547301556198872
3.415175201811027 1.5471929148103236
3.4147950858789433 1.547084310260914
3.414415098761972 1.546975742513135
3.4140352403580407 1.54686721154033
3.413655510556622 1.5467587173131732
3.4132759092522043 1.5466502597996719
3.412896436344289 1.5465418389678696
3.412517091725149 1.5464334547885468
3.4121378752871743 1.5463251072352193
3.4117587869302137 1.546216796276036
3.4113798265456663 1.5461085218791821
3.4110009940323875 1.5460002840182763
3.4106222892795626 1.5458920826615734
3.4102437121899456 1.5457839177773645
3.409865262654177 1.5456757893393702
3.40948694057646 1.5455676973186478
3.4091087458452214 1.5454596416808963
3.4087306783612243 1.5453516223999384
3.40835273801557 1.5452436394442393
3.4079749247129136 1.545135692784994
3.4075972383397 1.5450277823934317
3.40721967880203 1.5449199082408156
3.406842245990241 1.544812070293056
3.406464939809437 1.5447042685268702
3.4060877601526243 1.5445965029082382
3.4057107069153636 1.5444887734112513
3.4053337799969907 1.5443810800073414
3.4049569792932926 1.5442734226625934
3.404580304705047 1.5441658013511979
3.404203756129485 1.5440582160446883
3.40382733345907 1.5439506667119423
3.40345103660223 1.5438431533245605
3.4030748654504337 1.543735675851489
3.402698819902575 1.543628234267083
3.4023228998588784 1.5435208285403559
3.401947105218459 1.5434134586430412
3.4015714358768867 1.5433061245442203
3.4011958917383707 1.543198826218379
3.4008204726987006 1.543091563634665
3.4004451786586496 1.5429843367649443
3.400070009514228 1.542877145581116
3.3996949651688624 1.5427699900524285
3.3993200455187815 1.542662870153529
3.3989452504688455 1.542555785853732
3.3985705799179358 1.5424487371250675
3.398196033763825 1.5423417239395976
3.397821611905613 1.5422347462667365
3.397447314246155 1.542127804078612
3.3970731406871986 1.5420208973473837
3.396699091124517 1.541914026045244
3.3963251654612883 1.5418071901417385
3.3959513635995804 1.5417003896091244
3.3955776854403528 1.5415936244196908
3.3952041308858867 1.5414868945484357
3.3948306998349236 1.5413801999623582
3.3944573921875274 1.541273540633844
3.394084207847513 1.5411669165379855
3.3937111467163708 1.5410603276445562
3.3933382086969113 1.5409537739260368
3.392965393690836 1.5408472553522656
3.3925927015975237 1.5407407718984607
3.3922201323261696 1.5406343235345243
3.39184768576908 1.540527910233064
3.3914753618356586 1.5404215319667187
3.391103160425704 1.5403151887081583
3.39073108144276 1.5402088804274137
3.3903591247868343 1.5401026070972181
3.389987290367743 1.5399963686903362
3.3896155780820636 1.5398901651795636
3.389243987836179 1.5397839965377267
3.388872519531726 1.5396778627376833
3.388501173066808 1.5395717637496542
3.388129948357811 1.5394656995465597
3.3877588453006213 1.5393596701013506
3.387387863799711 1.5392536753870087
3.3870170037584413 1.5391477153765465
3.3866462650827 1.5390417900403417
3.386275647676053 1.5389358993541336
3.3859051514433793 1.538830043285698
3.3855347762884485 1.5387242218134984
3.3851645221175524 1.5386184349053738
3.3847943888334533 1.5385126825371835
3.3844243763402244 1.5384069646821543
3.38405448454204 1.5383012813108814
3.383684713345595 1.5381956323966526
3.3833150626552646 1.5380900179154462
3.3829455323827804 1.5379844378379495
3.382576122423044 1.5378788921375406
3.382206832689195 1.5377733807849685
3.3818376630799643 1.5376679037536718
3.381468613507479 1.5375624610197776
3.381099683875505 1.5374570525541256
3.380730874091532 1.5373516783302443
3.380362184059524 1.5372463383216919
3.379993613684753 1.5371410325020558
3.37962516287742 1.5370357608449534
3.3792568315442 1.5369305233187212
3.378888619587038 1.5368253199023465
3.378520526916428 1.5367201505668808
3.3781525534345103 1.5366150152887141
3.377784699054388 1.5365099140363045
3.377416963678398 1.5364048467861
3.3770493472186294 1.5362998135092727
3.376681849575202 1.5361948141849795
3.376314470662809 1.5360898487817998
3.3759472103902084 1.5359849172736455
3.3755800686566078 1.5358800196371083
3.3752130453781923 1.5357751558435078
3.374846140460392 1.5356703258694924
3.374479353811144 1.5355655296837918
3.374112685336071 1.535460767263112
3.3737461349384814 1.535356038578891
3.3733797025446726 1.5352513436052437
3.373013388047302 1.5351466823189612
3.372647191360807 1.535042054694215
3.372281112393696 1.5349374607025594
3.371915151048554 1.5348329003182246
3.371549307241303 1.5347283735181132
3.3711835808807358 1.5346238802712224
3.3708179718769427 1.5345194205571557
3.3704524801364983 1.5344149943476122
3.3700871055660717 1.5343106016143206
3.369721848080847 1.5342062423343241
3.369356707587681 1.5341019164794087
3.368991683997132 1.5339976240240316
3.3686267772210545 1.5338933649426776
3.368261987166585 1.5337891392151406
3.367897313744561 1.5336849468080407
3.3675327568635085 1.5335807876985867
3.3671683164344492 1.533476661861376
3.3668039923733044 1.5333725692736715
3.366439784584071 1.533268509904849
3.366075692979248 1.533164483734865
3.3657117174726285 1.5330604907305154
3.36534785797209 1.5329565308744473
3.3649841143904062 1.532852604136151
3.364620486633238 1.532748710490418
3.364256974618343 1.5326448499147027
3.363893578256366 1.5325410223838511
3.3635302974592434 1.5324372278701022
3.3631671321330026 1.5323334663483572
3.3628040821957605 1.5322297377961782
3.362441147557325 1.5321260421858878
3.362078328125196 1.5320223794924692
3.361715623815359 1.5319187496909328
3.3613530345450884 1.5318151527563162
3.3609905602197565 1.531711588663684
3.3606282007544173 1.5316080573881279
3.360265956061816 1.5315045589047667
3.359903826049994 1.5314010931887458
3.359541810639064 1.5312976602126092
3.359179909737246 1.5311942599568134
3.3588181232564436 1.5310908923913282
3.3584564511122412 1.5309875574940348
3.3580948932131265 1.5308842552375859
3.35773344947965 1.5307809855972885
3.357372119820476 1.5306777485511025
3.357010904152738 1.5305745440743874
3.3566498023864737 1.5304713721399044
3.356288814434204 1.5303682327256911
3.355927940209733 1.5302651258045628
3.355567179632935 1.530162051354609
3.3552065326106097 1.5300590093486985
3.3548459990628037 1.52995599976235
3.3544855789024726 1.5298530225737308
3.3541252720426593 1.52975007775579
3.3537650783988844 1.529647165286746
3.353404997884364 1.5295442851396013
3.3530450304123995 1.5294414372900054
3.3526851759035505 1.529338621713634
3.3523254342605373 1.5292358383888083
3.3519658054100625 1.5291330872886364
3.3516062892621883 1.529030368388872
3.3512468857354234 1.5289276816679123
3.350887594741196 1.5288250270989445
3.3505284161969904 1.5287224046577996
3.350169350016794 1.5286198143203344
3.349810396117066 1.5285172560650477
3.349451554419125 1.528414729865231
3.3490928248312444 1.5283122356968184
3.348734207270137 1.5282097735357687
3.3483757016537923 1.528107343358067
3.348017307896705 1.5280049451423374
3.347659025918224 1.5279025788620015
3.347300855633012 1.5278002444931205
3.346942796949853 1.5276979420117807
3.346584849797884 1.5275956713967058
3.346227014086057 1.5274934326240321
3.3458692897317532 1.5273912256646993
3.3455116766524355 1.5272890505001164
3.345154174768033 1.527186907103885
3.34479678399379 1.5270847954548525
3.344439504246227 1.5269827155266718
3.344082335441945 1.52688066729563
3.3437252775012016 1.5267786507432568
3.3433683303383805 1.5266766658380648
3.343011493875093 1.5265747125616318
3.342654768021126 1.5264727908877374
3.342298152700633 1.5263709007953998
3.3419416478283273 1.5262690422610554
3.3415852533213832 1.526167215261165
3.3412289691030064 1.5260654197696089
3.3408727950881536 1.5259636557655023
3.340516731193054 1.5258619232253803
3.3401607773387747 1.5257602221231983
3.339804933444084 1.5256585524381439
3.3394491994254523 1.5255569141468253
3.3390935752089423 1.525455307225875
3.3387380607052424 1.52535373165195
3.3383826558334415 1.5252521874043332
3.3380273605127098 1.5251506744545276
3.337672174663484 1.5250491927818643
3.337317098205093 1.5249477423630975
3.3369621310557567 1.5248463231776048
3.3366072731373375 1.524744935199589
3.336252524365839 1.5246435784084753
3.335897884664469 1.5245422527759174
3.3355433539446406 1.5244409582839857
3.335188932135654 1.5243396949095784
3.3348346191562035 1.524238462629617
3.334480414921502 1.5241372614184512
3.3341263193551476 1.524036091258243
3.333772332374884 1.523934952120794
3.333418453899719 1.5238338439857175
3.3330646838546705 1.5237327668326486
3.332711022158902 1.5236317206360572
3.332357468735213 1.5235307053704383
3.332004023496994 1.5234297210154975
3.331650686369571 1.523328767550963
3.3312974572736036 1.523227844951401
3.330944336126273 1.523126953193994
3.3305913228483948 1.5230260922585392
3.3302384173667834 1.5229252621222658
3.329885619601222 1.522824462759835
3.329532929465647 1.5227236941511135
3.329180346893024 1.5226229562734
3.32882787179626 1.5225222491040165
3.328475504103732 1.5224215726203083
3.328123243733238 1.5223209267996443
3.3277710906038354 1.5222203116194157
3.327419044638209 1.5221197270570377
3.327067105761486 1.522019173092535
3.326715273894135 1.5219186497007815
3.3263635489555177 1.521818156861847
3.326011930873352 1.5217176945506523
3.3256604195636017 1.5216172627498976
3.3253090149564986 1.5215168614345496
3.32495771696934 1.5214164905795988
3.3246065255242288 1.5213161501678114
3.324255440544525 1.521215840174224
3.323904461953662 1.5211155605764797
3.3235535896751487 1.5210153113522447
3.3232028236302034 1.5209150924817896
3.3228521637460267 1.5208149039428251
3.322501609935716 1.5207147457105035
3.322151162133707 1.5206146177677422
3.3218008202556093 1.520514520089739
3.3214505842289164 1.5204144526517147
3.321100453975291 1.520314415436652
3.3207504294211923 1.520214408419817
3.320400510489609 1.5201144315816564
3.320050697103605 1.5200144848974817
3.3197009891839553 1.5199145683503608
3.31935138665859 1.5198146819130731
3.319001889448431 1.5197148255661526
3.318652497478012 1.5196149992875778
3.31830321067076 1.5195152030579258
3.317954028958431 1.5194154368526431
3.3176049522551616 1.51931570065235
3.3172559804881336 1.5192159944325387
3.3169071135857786 1.5191163181738723
3.316558351470705 1.519016671857035
3.316209694065594 1.518917055455012
3.3158611412943766 1.5188174689485312
3.315512693089304 1.5187179123183414
3.315164349367381 1.5186183855426398
3.314816110058643 1.5185188885970742
3.3144679750873065 1.5184194214624571
3.3141199443800144 1.5183199841170516
3.3137720178599475 1.5182205765391419
3.313424195451535 1.518121198709604
3.3130764770804544 1.5180218506041956
3.3127288626759848 1.5179225322038348
3.312381352165121 1.517823243486892
3.3120339454655126 1.5177239844317587
3.3116866425066487 1.5176247550142807
3.3113394432169105 1.5175255552180278
3.3109923475188667 1.5174263850188887
3.310645355338685 1.5173272443953407
3.310298466606132 1.517228133328449
3.309951681241634 1.5171290517967326
3.3096049991774468 1.5170299997787327
3.3092584203400155 1.5169309772530113
3.308911944653503 1.5168319841981515
3.3085655720421436 1.5167330205978855
3.3082193024384647 1.5166340864257108
3.307873135765663 1.5165351816628372
3.3075270719528778 1.5164363062879318
3.3071811109269675 1.5163374602796829
3.30683525261251 1.5162386436193611
3.306489496934152 1.516139856283135
3.306143843827177 1.5160410982523165
3.3057982932140195 1.515942369505677
3.305452845023053 1.5158436700245688
3.3051074991838933 1.5157449997852448
3.3047622556180065 1.515646358766539
3.3044171142586634 1.5155477469498648
3.3040720750321606 1.5154491643140973
3.303727137862517 1.5153506108355739
3.3033823026808564 1.5152520864957693
3.303037569413679 1.515153591276177
3.302692937993415 1.5150551251557542
3.302348408344353 1.5149566881134782
3.3020039803978833 1.5148582801309027
3.3016596540807734 1.5147599011844906
3.3013154293210305 1.5146615512532804
3.300971306046727 1.5145632303163319
3.300627284184831 1.514464938355279
3.300283363665893 1.5143666753492215
3.2999395444205266 1.5142684412798326
3.2995958263782423 1.514170236126252
3.2992522094627588 1.514072059865087
3.2989086936060596 1.5139739124780707
3.298565278741365 1.5138757939444036
3.2982219647902506 1.5137777042433065
3.2978787516825547 1.5136796433565707
3.2975356393528625 1.5135816112609064
3.297192627727631 1.5134836079381446
3.296849716734553 1.513385633367586
3.296506906304897 1.5132876875285508
3.296164196373506 1.513189770405477
3.2958215868600793 1.5130918819726276
3.2954790777030976 1.5129940222144784
3.2951366688294086 1.5128961911078813
3.294794360168265 1.512798388632256
3.294452151650152 1.5127006147721351
3.2941100432021133 1.5126028694993383
3.293768034759439 1.5125051528009825
3.2934261262481312 1.51240746465402
3.293084317604776 1.5123098050405137
3.2927426087496627 1.5122121739400007
3.2924009996218397 1.5121145713320376
3.292059490151072 1.512016997196201
3.2917180802660195 1.51191945151463
3.291376769898911 1.5118219342669392
3.2910355589773657 1.5117244454327634
3.2906944474314033 1.5116269849917565
3.2903534352016135 1.511529552923592
3.290012522207635 1.511432149213045
3.289671708387847 1.5113347738347451
3.2893309936690187 1.511237426773505
3.2889903779896534 1.511140108006534
3.288649861270813 1.5110428175161421
3.2883094434522904 1.5109455552821174
3.287969124459941 1.5108483212842676
3.287628904230181 1.51075111550242
3.28728878268666 1.5106539379189585
3.286948759771748 1.5105567885137479
3.2866088354115512 1.5104596672692092
3.2862690095404 1.5103625741627082
3.2859292820891888 1.5102655091767032
3.2855896529853776 1.510168472288599
3.285250122164647 1.5100714634834267
3.2849106895650677 1.5099744827411643
3.2845713551154505 1.5098775300418088
3.284232118745833 1.5097806053653762
3.283892980393303 1.5096837086944348
3.283553939982197 1.5095868400039714
3.2832149974508895 1.509489999281658
3.2828761527308274 1.5093931865050523
3.282537405753519 1.5092964016542638
3.2821987564551893 1.5091996447119527
3.2818602047639764 1.5091029156582656
3.2815217506138983 1.5090062144733678
3.281183393944852 1.5089095411399736
3.2808451346828296 1.508812895638285
3.2805069727597034 1.5087162779485226
3.2801689081167114 1.5086196880509257
3.27983094067654 1.508523125928281
3.279493070385197 1.5084265915608641
3.279155297170143 1.5083300849264412
3.278817620961223 1.5082336060078534
3.2784800416999698 1.5081371547904865
3.2781425593128617 1.5080407312521618
3.2778051737357363 1.507944335373247
3.27746788490449 1.5078479671366536
3.277130692749268 1.5077516265227853
3.27679359720957 1.5076553135120638
3.2764565982168214 1.5075590280849296
3.276119695705993 1.5074627702243653
3.2757828896074663 1.507366539910847
3.275446179860975 1.5072703371248688
3.275109566399342 1.5071741618494665
3.274773049158932 1.50707801406517
3.2744366280657204 1.50698189375505
3.2741003030631535 1.50688580089715
3.2737640740831275 1.5067897354745756
3.273427941059919 1.5066936974679288
3.273091903929023 1.50659768686035
3.272755962624832 1.5065017036324762
3.2724201170841156 1.5064057477624424
3.2720843672402222 1.5063098192359619
3.2717487130277174 1.5062139180337244
3.271413154381225 1.5061180441339197
3.2710776912389044 1.5060221975223111
3.2707423235343343 1.505926378179642
3.27040705120347 1.5058305860841554
3.270071874181164 1.5057348212216657
3.2697367924058036 1.5056390835704516
3.2694018058077203 1.5055433731138441
3.2690669143219386 1.5054476898326745
3.2687321178974424 1.5053520337103075
3.2683974164554677 1.5052564047276091
3.2680628099346842 1.505160802865463
3.2677282982807663 1.5050652281072852
3.267393881420915 1.5049696804314794
3.267059559289337 1.5048741598240096
3.2667253318249254 1.5047786662633151
3.2663911989654735 1.5046831997328798
3.2660571606476707 1.5045877602136908
3.265723216807106 1.5044923476892655
3.265389367378267 1.5043969621381141
3.2650556123014827 1.5043016035437877
3.2647219515055683 1.5042062718898537
3.264388384940218 1.5041109671573853
3.264054912533203 1.504015689324963
3.2637215342227592 1.5039204383787148
3.263388249947179 1.5038252142997652
3.2630550596424963 1.503730017069256
3.262721963245957 1.5036348466708547
3.2623889606937064 1.5035397030857367
3.2620560519196324 1.5034445862950945
3.261723236869236 1.503349496280138
3.2613905154776712 1.503254433024601
3.2610578876789917 1.5031593965097267
3.2607253534096174 1.5030643867192819
3.260392912611798 1.5029694036320373
3.2600605652209076 1.502874447236804
3.259728311175839 1.5027795175098813
3.25939615041092 1.5026846144351012
3.2590640828674617 1.5025897379938078
3.2587321084810563 1.502494888167362
3.2584002271873493 1.5024000649421492
3.2580684389301213 1.5023052682970588
3.2577367436451263 1.502210498213502
3.2574051412716347 1.5021157546779111
3.2570736317432014 1.5020210376692273
3.256742215002665 1.5019263471714128
3.256410890987149 1.501831683165944
3.2560796596349846 1.501737045636815
3.255748520883402 1.5016424345680361
3.2554174746766043 1.5015478499386323
3.2550865209473168 1.5014532917301464
3.2547556596386946 1.501358759926637
3.2544248906847235 1.501264254512178
3.254094214026358 1.501169775465862
3.2537636295965378 1.5010753227717957
3.2534331373443908 1.5009808964116031
3.253102737202963 1.50088649637192
3.2527724291145708 1.500792122631905
3.2524422130181274 1.5006977751757276
3.252112088847991 1.5006034539850768
3.251782056546635 1.5005091590416575
3.251452116053129 1.5004148903296868
3.251122267307747 1.500320647830902
3.2507925102462103 1.500226431529551
3.2504628448146518 1.5001322414074034
3.250133270950048 1.5000380774437503
3.2498037885894275 1.499943939627875
3.2494743976756246 1.4998498279391013
3.249145098145772 1.499755742359262
3.2488158899428066 1.4996616828726996
3.2484867730039646 1.4995676494612793
3.248157747271135 1.4994736421093742
3.2478288126839585 1.499379660798881
3.2474999691832758 1.4992857055117126
3.2471712167053792 1.4991917762322884
3.2468425551935125 1.499097872945043
3.24651398458752 1.4990039956294465
3.2461855048238495 1.4989101442699646
3.245857115851643 1.498816318851078
3.2455288176063 1.4987225193523048
3.2452006100301674 1.4986287457581573
3.244872493059897 1.498534998053162
3.244544466639085 1.498441276219373
3.244216530712527 1.4983475802388604
3.243888685219324 1.4982539100961965
3.2435609300940347 1.4981602657759687
3.2432332652804554 1.4980666472578072
3.242905690722432 1.4979730545263301
3.2425782063592683 1.4978794875661703
3.242250812131466 1.4977859463594905
3.241923507981872 1.497692430888469
3.2415962938487928 1.4975989411352997
3.24126916967747 1.4975054770846763
3.2409421354063097 1.497412038721307
3.2406151909795047 1.4973186260274314
3.2402883363355612 1.4972252389853045
3.239961571416476 1.497131877582162
3.2396348961665895 1.4970385417978072
3.2393083105211162 1.4969452316145408
3.238981814431375 1.4968519470171613
3.2386554078326797 1.4967586879904806
3.2383290906684197 1.496665454514365
3.238002862879741 1.4965722465761369
3.2376767244078377 1.496479064158173
3.2373506752019763 1.4963859072403856
3.2370247152000102 1.496292775810141
3.2366988443386977 1.496199669849861
3.2363730625674485 1.4961065893444614
3.236047369824264 1.496013534273916
3.2357217660552133 1.495920504625648
3.235396251198395 1.4958275003796622
3.2350708251976843 1.495734521520933
3.2347454879981483 1.4956415680344493
3.2344202395391775 1.4955486399027378
3.2340950797670796 1.4954557371108164
3.2337700086224865 1.4953628596412416
3.233445026047223 1.4952700074765852
3.2331201319865954 1.4951771805994338
3.2327953263802356 1.495084378997338
3.2324706091735442 1.4949916026529133
3.232145980309682 1.4948988515487904
3.2318214397295684 1.4948061256676153
3.231496987381034 1.494713424996994
3.2311726232028066 1.4946207495171286
3.23084834713938 1.494528099213181
3.2305241591352947 1.4944354740703276
3.2302000591328515 1.4943428740712867
3.2298760470755425 1.494250299196321
3.229552122906906 1.494157749435591
3.2292282865682416 1.4940652247693889
3.2289045380077535 1.4939727251804917
3.2285808771656925 1.4938802506541613
3.2282573039892126 1.4937878011756731
3.2279338184198014 1.4936953767278476
3.227610420400136 1.49360297729352
3.227287109878651 1.4935106028580083
3.2269638867946906 1.4934182534066445
3.226640751095639 1.493325928919839
3.226317702722077 1.4932336293854194
3.225994741620338 1.4931413547862924
3.225671867735662 1.4930491051053794
3.225349081014475 1.4929568803256161
3.225026381394119 1.492864680432419
3.224703768823395 1.4927725054112175
3.2243812432488665 1.49268035524499
3.2240588046045926 1.4925882299191942
3.223736452846355 1.4924961294143724
3.2234141879128693 1.492404053720938
3.2230920097531626 1.4923120028169985
3.222769918309464 1.4922199766905302
3.22244791352861 1.4921279753245964
3.222125995357482 1.4920359987047371
3.221804163732746 1.4919440468115819
3.2214824186013744 1.4918521196331604
3.2211607599138032 1.491760217150131
3.220839187611396 1.4916683393480887
3.220517701641259 1.491576486215103
3.2201963019494038 1.491484657731875
3.2198749884784696 1.4913928538840404
3.219553761176836 1.4913010746547888
3.219232619986093 1.4912093200273242
3.218911564854709 1.4911175899897822
3.2185905957300585 1.4910258845253936
3.2182697125527273 1.4909342036174038
3.2179489152690404 1.490842547249072
3.2176282038253663 1.4907509154085863
3.217307578168118 1.490659308079233
3.2169870382437535 1.4905677252418559
3.216666583993083 1.4904761668871387
3.21634621536948 1.4903846329959527
3.216025932317259 1.49029312355164
3.215705734784191 1.4902016385400112
3.2153856227089896 1.4901101779468908
3.2150655960429266 1.4900187417556612
3.2147456547282176 1.4899273299497189
3.2144257987150833 1.4898359425173817
3.214106027946965 1.4897445794396196
3.2137863423730324 1.489653240704776
3.2134667419390888 1.4895619262963014
3.21314722659098 1.4894706361952075
3.2128277962745964 1.4893793703898768
3.2125084509358706 1.4892881288638002
3.2121891905241893 1.4891969116029342
3.211870014982163 1.4891057185907968
3.2115509242603997 1.4890145498133702
3.2112319183072784 1.4889234052541995
3.2109129970632684 1.4888322848992932
3.210594160479106 1.488741188732223
3.210275408499891 1.4886501167390236
3.2099567410753087 1.4885590689032933
3.2096381581539517 1.488468045208644
3.2093196596787776 1.488377045643598
3.209001245597329 1.4882860701917933
3.208682915858325 1.4881951188368814
3.2083646704071245 1.4881041915649746
3.208046509193666 1.4880132883597512
3.2077284321645263 1.4879224092097956
3.207410439264057 1.4878315540963656
3.2070925304457267 1.487740723005625
3.206774705652837 1.4876499159213048
3.206456964832134 1.4875591328295943
3.206139307934944 1.4874683737166954
3.2058217349080977 1.487377638563934
3.205504245697334 1.4872869273599816
3.2051868402507018 1.487196240091078
3.204869518516292 1.4871055767385892
3.204552280443371 1.4870149372887809
3.2042351259767115 1.4869243217254886
3.2039180550679305 1.4868337300374457
3.2036010676596187 1.486743162208513
3.20328416370914 1.4866526182225648
3.2029673431591696 1.48656209806593
3.202650605959222 1.4864716017225084
3.2023339520565877 1.486381129178654
3.2020173814019954 1.486290680420733
3.201700893940554 1.4862002554326836
3.2013844896208092 1.4861098541984579
3.2010681683924815 1.4860194767044594
3.2007519302042 1.4859291229346656
3.200435775003502 1.4858387928779437
3.200119702741362 1.4857484865158581
3.1998037133665314 1.4856582038373003
3.1994878068232757 1.485567944826298
3.1991719830626915 1.485477709464455
3.1988562420370465 1.4853874977406991
3.198540583689598 1.4852973096415334
3.198225007970432 1.4852071451510365
3.1979095148308074 1.4851170042532997
3.197594104218628 1.4850268869372987
3.197278776085232 1.4849367931847146
3.196963530378605 1.4848467229845466
3.1966483670490335 1.484756676318502
3.1963332860423237 1.4846666531731698
3.196018287309973 1.484576653535151
3.195703370800129 1.484486677388625
3.195388536465498 1.48439672472265
3.1950737842565684 1.4843067955189975
3.1947591141159566 1.4842168897618848
3.194444525997619 1.484127007442838
3.194130019847643 1.4840371485412351
3.193815595616675 1.4839473130486247
3.1935012532599187 1.4838575009468418
3.193186992721323 1.4837677122225965
3.1928728139550393 1.4836779468601802
3.1925587169073553 1.4835882048463267
3.1922447015325015 1.4834984861677816
3.1919307677757156 1.4834087908088733
3.191616915589048 1.4833191187539425
3.1913031449257168 1.4832294699921997
3.190989455731079 1.4831398445080097
3.1906758479550454 1.4830502422881777
3.190362321548694 1.4829606633146655
3.1900488764631416 1.48287110757673
3.1897355126506723 1.4827815750587852
3.189422230060225 1.482692065745257
3.1891090286419046 1.4826025796254367
3.1887959083458557 1.4825131166837746
3.188482869123389 1.482423676904733
3.1881699109224706 1.4823342602776373
3.1878570336978718 1.482244866784549
3.187544237397636 1.4821554964123915
3.187231521974356 1.4820661491481004
3.1869188873727716 1.4819768249761982
3.1866063335511874 1.4818875238836438
3.186293860456675 1.481798245857407
3.1859814680385985 1.4817089908820467
3.1856691562519948 1.481619758944556
3.1853569250485583 1.481530550029518
3.185044774378894 1.481441364123949
3.184732704191393 1.4813522012124558
3.1844207144378642 1.4812630612844997
3.1841088050712796 1.4811739443222895
3.183796976041271 1.4810848503153091
3.183485227302012 1.480995779245792
3.1831735588009584 1.4809067311032442
3.182861970485605 1.4808177058723433
3.1825504623147403 1.480728703540198
3.1822390342415616 1.4806397240915095
3.1819276862091757 1.4805507675109908
3.181616418176482 1.4804618337882038
3.1813052300911635 1.480372922905467
3.180994121906568 1.4802840348523643
3.1806830935749546 1.4801951696136553
3.1803721450452453 1.4801063271789459
3.1800612762753975 1.4800175075281854
3.179750487211034 1.4799287106510022
3.179439777804563 1.4798399365346186
3.179129148010678 1.4797511851662686
3.178818597777364 1.479662456528366
3.1785081270638846 1.4795737506105828
3.178197735820547 1.479485067395357
3.1778874239932007 1.4793964068723822
3.177577191542341 1.4793077690265344
3.177267038411644 1.479219153845115
3.1769569645538134 1.4791305613154362
3.1766469699316993 1.4790419914224084
3.176337054491337 1.4789534441533665
3.1760272181821687 1.4788649194932437
3.1757174609649055 1.4787764174293974
3.175407782780079 1.4786879379491953
3.175098183589594 1.478599481037605
3.1747886633430396 1.4785110466820173
3.17447922199341 1.4784226348674223
3.174169859490368 1.4783342455812325
3.1738605757881015 1.4782458788108714
3.173551370845326 1.4781575345413636
3.1732422446106896 1.4780692127601542
3.1729331970373673 1.4779809134522905
3.1726242280808132 1.477892636607649
3.172315337687542 1.4778043822088907
3.1720065258198105 1.4777161502459129
3.1716977924242054 1.4776279407014
3.1713891374518375 1.477539753565271
3.1710805608594606 1.4774515888250475
3.1707720626005 1.4773634464658552
3.170463642626173 1.4772753264728309
3.170155300891097 1.4771872288335295
3.169847037349925 1.4770991535355162
3.169538851956223 1.4770111005663673
3.1692307446602315 1.4769230699112639
3.1689227154155875 1.4768350615578036
3.1686147641782054 1.4767470754911904
3.168306890900673 1.4766591116990433
3.1679990955389745 1.4765711701665885
3.1676913780446476 1.4764832508814667
3.167383738374866 1.4763953538313295
3.167076176477878 1.4763074790014359
3.1667686923098066 1.4762196263818614
3.166461285823451 1.4761317959578868
3.166153956975004 1.476043987714804
3.165846705715095 1.4759562016403176
3.1655395320011053 1.4758684377245443
3.1652324357882122 1.4757806959480064
3.1649254170282695 1.4756929763008415
3.1646184756731652 1.4756052787707967
3.164311611680419 1.4755176033432296
3.1640048250042265 1.475429950005908
3.163698115594343 1.4753423187466108
3.1633914834139842 1.475254709553127
3.163084928409618 1.4751671224084582
3.1627784505378163 1.475079557300415
3.162472049752947 1.4749920142192163
3.1621657260071756 1.4749044931502953
3.1618594792594124 1.4748169940790956
3.161553309459655 1.4747295169934695
3.161247216569117 1.4746420618812797
3.160941200540101 1.4745546287303986
3.160635261319356 1.4744672175239166
3.1603293988726655 1.4743798282521237
3.160023613149083 1.4742924609029238
3.1597179041077523 1.4742051154618354
3.1594122716989133 1.4741177919167832
3.1591067158795423 1.4740304902533072
3.158801236605533 1.4739432104593528
3.158495833827226 1.4738559525252695
3.158190507503934 1.4737687164318414
3.1578852575894163 1.4736815021718317
3.1575800840408172 1.4735943097308333
3.157274986813081 1.4735071390944499
3.1569699658556023 1.473419990250688
3.1566650211312073 1.4733328631875646
3.156360152592707 1.4732457578907152
3.1560553601951797 1.4731586743505682
3.155750643891504 1.4730716125503887
3.1554460036424037 1.4729845724782342
3.1551414394008246 1.4728975541221727
3.1548369511230923 1.4728105574702821
3.1545325387611034 1.4727235825106502
3.1542282022723658 1.4726366292265953
3.153923941613305 1.4725496976086154
3.153619756741494 1.4724627876448286
3.1533156476089617 1.4723758993209741
3.1530116141755777 1.47228903262519
3.152707656392322 1.4722021875456248
3.1524037742202444 1.4721153640680487
3.152099967610391 1.4720285621782423
3.151796236520531 1.4719417818667717
3.1514925809084655 1.4718550231194378
3.1511890007264554 1.471768285924439
3.1508854959345953 1.4716815702699833
3.150582066489669 1.4715948761419027
3.150278712341807 1.4715082035284253
3.1499754334534287 1.471421552417789
3.1496722297758444 1.471334922795856
3.1493691012704232 1.4712483146508846
3.149066047886313 1.4711617279687577
3.1487630695827193 1.4710751627401368
3.148460166322219 1.4709886189509254
3.1481573380529455 1.4709020965894202
3.1478545847386528 1.4708155956415447
3.147551906335332 1.4707291160956162
3.1472493027945547 1.470642657942343
3.146946774072377 1.4705562211652967
3.146644320128226 1.4704698057528234
3.146341940920447 1.4703834116956602
3.146039636406304 1.4702970389774097
3.14573740653753 1.4702106875888281
3.145435251273678 1.470124357515919
3.1451331705732195 1.4700380487446971
3.144831164391321 1.4699517612635664
3.144529232688741 1.469865495060941
3.144227375415148 1.4697792501252445
3.1439255925302523 1.4696930264425307
3.1436238839915704 1.4696068240036215
3.143322249757762 1.4695206427945902
3.143020689784183 1.4694344828038985
3.1427192040295555 1.4693483440152626
3.142417792449298 1.4692622264219188
3.142116455003307 1.4691761300099802
3.141815191648175 1.4690900547655699
3.141514002339414 1.4690040006771978
3.141212887035902 1.4689179677333835
3.140911845695436 1.4688319559226555
3.140610878273622 1.468745965231176
3.1403099847294302 1.468659995647493
3.14000916501964 1.4685740471601638
3.139708419103282 1.4684881197553799
3.139407746934977 1.4684022134217176
3.139107148474928 1.4683163281477627
3.1388066236822585 1.46823046392211
3.1385061725150116 1.4681446207286166
3.138205794925711 1.4680587985606433
3.137905490871352 1.4679729974020668
3.1376052603189497 1.4678872172438928
3.1373051032211206 1.4678014580723904
3.1370050195327313 1.467715719876211
3.1367050092153383 1.4676300026416431
3.1364050722271988 1.4675443063597284
3.1361052085254904 1.4674586310167748
3.1358054180685313 1.4673729766014705
3.1355057008135603 1.4672873431001427
3.135206056723392 1.4672017305014988
3.1349064857519986 1.4671161387966252
3.134606987857819 1.4670305679695073
3.134307562999321 1.4669450180088803
3.1340082111338954 1.4668594889034885
3.133708932222288 1.4667739806444537
3.133409726224166 1.466688493215801
3.1331105930903584 1.4666030266063024
3.132811532787243 1.4665175808047386
3.1325125452679266 1.466432155797532
3.1322136304944115 1.4663467515758493
3.13191478842319 1.4662613681261314
3.1316160190152154 1.4661760054395625
3.131317322231471 1.466090663502602
3.131018698026322 1.4660053422993535
3.1307201463585956 1.4659200418233937
3.130421667189363 1.4658347620612104
3.1301232604752944 1.4657495030016663
3.129824926176413 1.4656642646312683
3.1295266642505557 1.4655790469388974
3.1292284746578036 1.4654938499110792
3.1289303573571603 1.4654086735390772
3.1286323123043376 1.465323517811799
3.128334339465039 1.465238382713434
3.128036438793928 1.4651532682352724
3.127738610252339 1.4650681743662486
3.127440853796101 1.4649831010929437
3.127143169389926 1.4648980484043108
3.126845556987489 1.4648130162893114
3.12654801655024 1.464728004736916
3.1262505480352325 1.4646430137337427
3.1259531514083982 1.4645580432687801
3.1256558266246364 1.464473093328665
3.1253585736444056 1.464388163904764
3.12506139242377 1.4643032549860922
3.1247642829254576 1.4642183665593131
3.1244672451078017 1.4641334986111003
3.124170278932481 1.4640486511328545
3.123873384361203 1.4639638241112674
3.123576561343545 1.463879017535398
3.1232798098467978 1.4637942313943144
3.122983129831649 1.4637094656747354
3.1226865212588146 1.4636247203681043
3.1223899840790943 1.4635399954611577
3.122093518263205 1.4634552909429988
3.121797123765319 1.4633706068003822
3.1215008005495797 1.4632859430247855
3.1212045485713222 1.4632012996029813
3.120908367790328 1.4631166765241073
3.1206122581686158 1.4630320737749547
3.120316219666024 1.462947491344679
3.1200202522446268 1.4628629292247992
3.1197243558621106 1.462778387402133
3.1194285304772937 1.462693865863507
3.1191327760512313 1.4626093645981115
3.1188370925461095 1.4625248835951452
3.118541479925246 1.4624404228438153
3.118245938142054 1.4623559823333374
3.1179504671610108 1.4622715620529358
3.117655066942206 1.4621871619894906
3.117359737442449 1.4621027821322432
3.117064478624092 1.4620184224704436
3.1167692904506192 1.4619340829933503
3.116474172881129 1.461849763685527
3.1161791258714397 1.4617654645409528
3.1158841493884255 1.4616811855465601
3.115589243394577 1.4615969266916418
3.115294407846898 1.4615126879631481
3.1149996427035243 1.4614284693527393
3.1147049479270286 1.4613442708473832
3.1144103234800107 1.4612600924340566
3.1141157693228934 1.4611759341020951
3.113821285413922 1.4610917958431913
3.113526871715779 1.4610076776419991
3.113232528188969 1.4609235794925761
3.1129382547940243 1.4608395013795945
3.112644051495912 1.4607554432947791
3.112349918255218 1.460671405225168
3.112055855027049 1.4605873871601547
3.1117618617786547 1.4605033890891415
3.1114679384662978 1.4604194109991921
3.1111740850517755 1.460335452882072
3.1108803014980126 1.460251514724862
3.11058658776686 1.4601675965169978
3.1102929438212965 1.4600836982455774
3.1099993696199233 1.4599998199023985
3.1097058651257727 1.4599159614745763
3.1094124302975006 1.4598321229515796
3.109119065097092 1.4597483043252297
3.1088257694887598 1.459664505580323
3.1085325434301403 1.4595807267063534
3.1082393868854994 1.4594969676928227
3.1079462998169287 1.4594132285292405
3.1076532821865466 1.4593295092051253
3.107360333952097 1.459245809710003
3.1070674550801516 1.4591621300310655
3.1067746455263086 1.4590784701578559
3.1064819052582915 1.4589948300799247
3.1061892342328523 1.458911209786831
3.105896632413368 1.4588276092681418
3.10560409976654 1.4587440285110913
3.105311636247002 1.4586604675076036
3.1050192418215077 1.458576926242589
3.1047269164513396 1.4584934047079876
3.1044346600967083 1.4584099028910673
3.1041424727200484 1.4583264207837836
3.1038503542838205 1.4582429583734207
3.103558304750512 1.4581595156496105
3.1032663240837346 1.4580760926019933
3.1029744122460268 1.4579926892178785
3.102682569194461 1.4579093054892602
3.1023907948982195 1.4578259414034647
3.10209908931223 1.4577425969478264
3.101807452403529 1.4576592721167003
3.101515884128196 1.4575759668951
3.1012243844566125 1.4574926812750586
3.100932953346009 1.4574094152462795
3.1006415907635234 1.4573261687938026
3.1003502966708294 1.457242941909684
3.1000590710274314 1.4571597345836511
3.0997679137972507 1.4570765468031046
3.099476824940941 1.4569933785577884
3.099185804424669 1.456910229837454
3.0988948522091406 1.4568271006341957
3.0986039682550865 1.4567439909331121
3.0983131525287497 1.4566609007263125
3.0980224049909126 1.4565778300012464
3.0977317256056742 1.4564947787500382
3.0974411143338685 1.4564117469601534
3.0971505711429357 1.456328734619066
3.096860095989373 1.4562457417189234
3.096569688837381 1.4561627682472156
3.096279349652282 1.4560798141937727
3.095989078396133 1.4559968795484333
3.0956988750321135 1.4559139643010428
3.095408739524524 1.4558310684414548
3.0951186718344026 1.4557481919571997
3.0948286719282914 1.4556653348404773
3.09453873976399 1.455582497078834
3.094248875304804 1.4554996786621544
3.093959078521734 1.4554168795803308
3.0936693493682728 1.4553340998209339
3.093379687812183 1.4552513393762008
3.0930900938179646 1.4551685982337177
3.0928005673468566 1.455085876383408
3.092511108364504 1.4550031738175309
3.0922217168300055 1.4549204905213684
3.09193239270796 1.4548378264871948
3.091643135966277 1.4547551817026363
3.0913539465630344 1.4546725561576546
3.091064824464001 1.4545899498445456
3.090775769636064 1.4545073627509593
3.0904867820428508 1.4544247948668798
3.0901978616392562 1.454342246179973
3.0899090083955247 1.454259716680239
3.089620222274263 1.4541772063600098
3.089331503239197 1.4540947152093004
3.089042851254077 1.4540122432158078
3.0887542662837717 1.453929790367237
3.0884657482877036 1.4538473566536256
3.0881772972351667 1.453764942067343
3.087888913088915 1.4536825465961178
3.0876005958139143 1.4536001702323333
3.0873123453707794 1.4535178129637336
3.0870241617223377 1.4534354747803935
3.086736044838002 1.4533531556700727
3.0864479946729935 1.453270855625184
3.086160011200053 1.4531885746335025
3.0858720943821045 1.4531063126851331
3.085584244182096 1.4530240697701884
3.0852964605619073 1.4529418458787882
3.0850087434889066 1.4528596410010595
3.084721092925022 1.452777455124816
3.0844335088376695 1.4526952882425208
3.0841459911877322 1.4526131403420028
3.0838585399372107 1.4525310114134191
3.083571155055777 1.452448901446934
3.0832838365022024 1.452366810432719
3.082996584249483 1.452284738358634
3.0827093982608074 1.4522026852171843
3.082422278492834 1.4521206509985638
3.0821352249131677 1.452038635690655
3.0818482374883454 1.4519566392836663
3.081561316183834 1.4518746617678133
3.081274460959666 1.4517927031333195
3.0809876717857234 1.451710763370415
3.0807009486264523 1.45162884246702
3.0804142914430477 1.45154694041338
3.0801277001989122 1.451465057202064
3.0798411748651118 1.4513831928186984
3.079554715397456 1.4513013472581826
3.079268321764874 1.4512195205084744
3.0789819939352276 1.4511377125575395
3.0786957318720356 1.451055923397982
3.0784095355421144 1.4509741530177827
3.078123404904667 1.4508924014072444
3.0778373399298284 1.4508106685566777
3.0775513405790305 1.4507289544564
3.0772654068224536 1.4506472590967354
3.076979538620486 1.450565582468016
3.076693735936811 1.450483924558267
3.0764079987394966 1.450402285360148
3.0761223269933624 1.450320664861699
3.075836720664342 1.4502390630555932
3.0755511797162116 1.4501574799275736
3.0752657041127693 1.4500759154703269
3.074980293823288 1.4499943696742348
3.0746949488116124 1.4499128425273748
3.0744096690448797 1.4498313340201432
3.074124454484802 1.4497498441452539
3.0738393050963833 1.4496683728908064
3.0735542208479183 1.4495869202495282
3.073269201702278 1.4495054862095333
3.072984247628891 1.4494240707589434
3.072699358590675 1.4493426738905066
3.072414534551658 1.4492612955946684
3.072129775478069 1.449179935859572
3.0718450813372504 1.4490985946756774
3.0715604520922093 1.4490172720334509
3.0712758877135986 1.4489359679256744
3.070991388163383 1.4488546823405202
3.0707069534068157 1.448773415268476
3.070422583410261 1.4486921667000359
3.070138278140107 1.4486109366210875
3.0698540375627625 1.44852972502906
3.0695698616424827 1.4484485319098555
3.0692857503468103 1.4483673572539961
3.0690017036411334 1.4482862010520114
3.0687177214908625 1.4482050632944377
3.068433803861431 1.4481239439718179
3.06814995072047 1.448042843072397
3.067866162032369 1.4479617605913422
3.0675824377626277 1.4478806965146074
3.0672987778811196 1.4477996508350677
3.0670151823501257 1.4477186235409967
3.066731651138475 1.4476376146229788
3.066448184208494 1.4475566240716056
3.066164781532317 1.4474756518774754
3.065881443069054 1.4473946980311931
3.065598168789795 1.4473137625210677
3.0653149586569564 1.447232845340021
3.065031812641671 1.447151946478678
3.0647487307053134 1.447071065927671
3.0644657128190596 1.4469902036730358
3.064182758947588 1.4469093597100213
3.063899869056685 1.446828534026979
3.0636170431110727 1.4467477266145685
3.0633342810798414 1.446666937463456
3.0630515829288427 1.446586166562014
3.062768948625037 1.446505413903223
3.0624863781354064 1.4464246794754692
3.062203871426954 1.4463439632717459
3.0619214284612752 1.446263265282753
3.061639049210847 1.4461825854968977
3.061356733640565 1.4461019239048938
3.0610744817164344 1.44602128049976
3.0607922934033946 1.4459406552676264
3.060510168671836 1.4458600482015245
3.060228107487827 1.4457794592921946
3.0599461098163725 1.4456988885303839
3.0596641756235847 1.445618335904548
3.0593823048788527 1.4455378014054479
3.059100497548331 1.445457285026147
3.0588187535992812 1.4453767867551222
3.058537072998986 1.445296306583154
3.058255455714749 1.4452158445010288
3.057973901711726 1.4451354004995403
3.057692410959432 1.4450549745717838
3.0574109834219816 1.4449745667039753
3.0571296190678474 1.444894176889223
3.0568483178644392 1.444813805116052
3.0565670797813573 1.4447334513775831
3.0562859047806317 1.4446531156623552
3.0560047928297354 1.444572797961208
3.0557237439005 1.444492498267281
3.055442757959356 1.4444122165691333
3.0551618349705874 1.4443319528576242
3.0548809749017516 1.4442517071236192
3.0546001777225946 1.4441714793579903
3.0543194433985477 1.4440912695516164
3.0540387718983144 1.4440110776953825
3.053758163190619 1.4439309037801802
3.053477617238789 1.4438507477923246
3.053197134010507 1.4437706097273033
3.0529167134767263 1.4436904895760274
3.0526363556051703 1.4436103873248327
3.052356060362501 1.4435303029715154
3.052075827714317 1.4434502365001345
3.0517956576262386 1.443370187906207
3.0515155500725704 1.443290157176097
3.0512355050178908 1.443210144303044
3.0509555224311304 1.4431301492780042
3.0506756022779924 1.4430501720896511
3.0503957445274485 1.442970212731243
3.0501159491430783 1.4428902711937548
3.0498362161003887 1.4428103474681686
3.0495565453619182 1.4427304415431843
3.0492769368967205 1.4426505534120846
3.048997390672787 1.4425706830635825
3.04871790665813 1.4424908304863984
3.048438484820781 1.4424109956761202
3.0481591251287923 1.442331178621481
3.0478798275502377 1.4422513793135072
3.0476005920542915 1.4421715977409453
3.047321418606904 1.4420918338994064
3.047042307175127 1.4420120877776499
3.046763257730359 1.4419323593644418
3.0464842702396933 1.4418526486531256
3.0462053446734867 1.4417729556324803
3.045926480994547 1.4416932802958615
3.045647679176515 1.4416136226343457
3.045368939181158 1.4415339826367313
3.045090260981076 1.4414543602941081
3.0448116445434823 1.4413747555975718
3.0445330898388536 1.441295168538224
3.044254596831202 1.4412155991071731
3.0439761654932047 1.4411360472955332
3.043697795796479 1.441056513094425
3.043419487698613 1.4409769964949752
3.043141241175586 1.4408974974883166
3.042863056193671 1.4408180160655883
3.0425849327202426 1.4407385522156542
3.042306870729176 1.4406591059319471
3.042028870181404 1.4405796772056247
3.0417509310530013 1.44050026602557
3.041473053304941 1.4404208723852334
3.041195236913337 1.440341496273511
3.0409174818413622 1.4402621376815852
3.0406397880630087 1.4401827966029244
3.0403621555436495 1.4401034730264435
3.0400845842540756 1.4400241669433431
3.039807074166178 1.4399448783448303
3.039529625237832 1.4398656072221183
3.0392522374452855 1.439786353566426
3.0389749107540105 1.439707117371257
3.038697645140292 1.439627898623286
3.0384204405631663 1.4395486973160287
3.038143296997877 1.4394695134407285
3.037866214408897 1.4393903469886347
3.0375891927693495 1.4393111979510027
3.0373122320480612 1.4392320663168174
3.0370353322117216 1.439152952077347
3.0367584932302756 1.4390738552261413
3.0364817150747654 1.43899477575448
3.0362049977119385 1.4389157136513733
3.035928341111797 1.4388366689103884
3.0356517452432845 1.4387576415182726
3.0353752100764413 1.43867863147088
3.035098735579171 1.4385996387572455
3.034822321721552 1.4385206633686851
3.0345459684726053 1.438441705298795
3.034269675802447 1.4383627645343546
3.033993443676902 1.4382838410712457
3.033717272065048 1.4382049348985344
3.033441160942448 1.438126046007566
3.033165110276062 1.4380471743896923
3.0328891200339467 1.4379683200339983
3.032613190184178 1.4378894829363928
3.032337320698084 1.4378106630837002
3.0320615115480876 1.4377318604695684
3.0317857626990903 1.4376530750853784
3.031510074122476 1.437574306920246
3.031234445784262 1.4374955559655644
3.030958877660177 1.437416822217275
3.0306833697151996 1.4373381056622405
3.0304079219250957 1.4372594062918722
3.0301325342484207 1.437180724099857
3.0298572066652847 1.4371020590753474
3.029581939141819 1.4370234112120417
3.0293067316527855 1.4369447804991042
3.029031584160048 1.4368661669279754
3.028756496635177 1.4367875704923705
3.0284814690486845 1.4367089911814719
3.028206501368949 1.436630428989006
3.0279315935719007 1.4365518839041675
3.0276567456162704 1.436473355916158
3.0273819574834056 1.4363948450209885
3.027107229138531 1.4363163512078718
3.0268325605511937 1.4362378744682947
3.0265579516909606 1.4361594147937495
3.0262834025306433 1.4360809721757346
3.0260089130376935 1.436002546605754
3.025734483184959 1.4359241380753174
3.0254601129388536 1.4358457465759402
3.0251858022711864 1.435767372099144
3.0249115511527096 1.435689014638721
3.0246373595498928 1.4356106741816728
3.024363227437825 1.4355323507218036
3.024089154786238 1.4354540442483925
3.0238151415627317 1.4353757547552544
3.0235411877392244 1.4352974822339448
3.023267293286578 1.435219226676025
3.022993458175671 1.4351409880730621
3.022719682374178 1.4350627664166284
3.0224459658519396 1.434984561696039
3.0221723085809646 1.4349063739051415
3.021898710531131 1.4348282030332626
3.0216251716712597 1.4347500490742606
3.0213516919777104 1.4346719120197364
3.021078271417192 1.4345937918590346
3.020804909963951 1.4345156885860295
3.0205316075804367 1.4344376021923393
3.0202583642430794 1.4343595326673257
3.019985179919735 1.4342814800048798
3.019712054582573 1.4342034441943752
3.0194389882016335 1.4341254252274527
3.019165980748048 1.434047423098019
3.018893032190819 1.4339694377977257
3.0186201425054073 1.4338914693159701
3.0183473116576307 1.4338135176444151
3.018074539616545 1.433735582776989
3.017801826358738 1.4336576647031065
3.017529171852227 1.4335797634167062
3.0172565760682684 1.4335018789072145
3.0169840389727702 1.4334240111663221
3.016711560544535 1.4333461601879842
3.0164391407537994 1.433268325961644
3.0161667795665243 1.4331905084790093
3.0158944769594185 1.4331127077317931
3.015622232897407 1.4330349237139712
3.0153500473518697 1.4329571564150105
3.0150779202963482 1.4328794058266405
3.0148058517044016 1.432801671942853
3.0145338415421 1.4327239547531316
3.014261889778748 1.432646254251479
3.0139899963911736 1.4325685704251343
3.013718161349789 1.4324909032703663
3.0134463846250235 1.432413252776682
3.01317466618518 1.4323356189381045
3.012903006007155 1.4322580017441517
3.0126314040571422 1.4321804011888577
3.0123598603056414 1.4321028172617518
3.0120883747285276 1.4320252499523696
3.011816947290977 1.4319476992570148
3.011545577973185 1.4318701651674877
3.0112742667382193 1.431792647671087
3.0110030135609525 1.4317151467618778
3.0107318184130585 1.4316376624339302
3.0104606812662293 1.4315601946790664
3.010189602091103 1.4314827434846082
3.0099185808583346 1.431405308846894
3.0096476175407383 1.43132789075551
3.0093767121090034 1.4312504892023001
3.0091058645338364 1.4311731041813651
3.0088350747870325 1.431095735682308
3.0085643428414737 1.43101838369924
3.0082936686668473 1.4309410482195244
3.008023052234999 1.4308637292395334
3.0077524935177915 1.4307864267488926
3.0074819924892453 1.4307091407394832
3.0072115491191163 1.430631871205442
3.0069411633782477 1.4305546181386608
3.0066708352407105 1.4304773815287872
3.0064005646773815 1.430400161367724
3.006130351658085 1.430322957647379
3.005860196159082 1.4302457703596658
3.0055900981459507 1.4301685994987514
3.0053200575917756 1.4300914450543112
3.0050500744728676 1.4300143070205227
3.0047801487591355 1.42993718538932
3.004510280422644 1.4298600801503947
3.0042404694344054 1.429782991295692
3.0039707157622404 1.4297059188194094
3.0037010193900278 1.4296288627112554
3.003431380278136 1.4295518229654374
3.0031617984029912 1.429474799573921
3.0028922737378276 1.4293977925264312
3.0026228062505504 1.4293208018171906
3.002353395919772 1.4292438274381805
3.0020840427134314 1.429166869379142
3.001814746600554 1.4290899276343128
3.0015455075565933 1.4290130021934448
3.0012763255548833 1.428936093048541
3.001007200566636 1.4288592001938538
3.000738132563081 1.4287823236213957
3.000469121516532 1.4287054633231846
3.0002001673982504 1.4286286192889999
2.9999312701795153 1.4285517915131138
2.9996624298390997 1.4284749799853165
2.9993936463461788 1.4283981847021332
2.999124919673148 1.4283214056511213
2.998856249791352 1.4282446428265732
2.998587636673219 1.428167896222785
2.9983190802911945 1.4280911658273314
2.9980505806166717 1.4280144516345192
2.997782137625332 1.4279377536364177
2.9975137512864656 1.4278610718251017
2.9972454215725826 1.4277844061926508
2.996977148457277 1.42770775673115
2.9967089319141587 1.4276311234326895
2.996440771914719 1.4275545062893642
2.996172668431533 1.4274779052955147
2.9959046214382585 1.4274013204410056
2.995636630904301 1.4273247517157077
2.9953686968054853 1.4272481991162163
2.9951008191123165 1.4271716626324118
2.9948329977974497 1.4270951422586593
2.9945652328378247 1.427018637982611
2.9942975242039944 1.4269421498008807
2.994029871863329 1.4268656777033701
2.9937622757949476 1.4267892216844638
2.9934947359705193 1.426712781734074
2.993227252361729 1.4266363578443564
2.992959824943477 1.42655995000971
2.992692453688546 1.4264835582223003
2.992425138564404 1.4264071824742983
2.9921578795481305 1.4263308227556424
2.991890676613623 1.4262544790585139
2.9916235297326623 1.4261781513773353
2.9913564388791767 1.4261018397042973
2.9910894040249785 1.4260255440293597
2.990822425141896 1.4259492643491951
2.990555502202839 1.4258730006515379
2.990288635186062 1.4257967529308344
2.9900218240570466 1.4257205211815354
2.9897550687940786 1.4256443053913912
2.989488369371196 1.4255681055548628
2.989221725757125 1.4254919216641806
2.9889551379248704 1.4254157537138143
2.988688605851713 1.425339601691536
2.9884221295074926 1.4252634655940593
2.98815570886526 1.4251873454114004
2.987889343901278 1.4251112411358144
2.9876230345875636 1.425035152761795
2.987356780898279 1.4249590802793741
2.987090582805473 1.4248830236808216
2.9868244402822746 1.424806982960645
2.986558353301828 1.4247309581111234
2.9862923218404873 1.4246549491223097
2.98602634586504 1.4245789559864936
2.9857604253571934 1.424502978698201
2.9854945602858955 1.4244270172497313
2.9852287506254327 1.4243510716333883
2.9849629963479773 1.4242751418392499
2.984697297426782 1.424199227861861
2.9844316538361784 1.4241233296935398
2.984166065550514 1.4240474473266103
2.9839005325441517 1.4239715807534004
2.9836350547872126 1.4238957299662434
2.983369632256218 1.4238198949574774
2.98310426492664 1.4237440757194453
2.9828389527675827 1.4236682722444944
2.9825736957545486 1.4235924845272063
2.982308493861991 1.423516712559938
2.9820433470601246 1.4234409563305945
2.981778255329815 1.4233652158359995
2.9815132186370525 1.4232894910662963
2.9812482369584794 1.4232137820160893
2.9809833102728773 1.423138088675532
2.9807184385452214 1.4230624110392378
2.980453621754324 1.4229867490973704
2.980188859873696 1.4229111028445522
2.9799241528768636 1.4228354722731835
2.9796595007384314 1.422759857375669
2.979394903430893 1.4226842581444186
2.9791303609278192 1.4226086745718467
2.9788658732049225 1.4225331066503726
2.9786014402358036 1.4224575543724203
2.9783370619972676 1.4223820177304183
2.9780727384565693 1.4223064967190253
2.9778084695905433 1.4222309913284543
2.9775442553728504 1.4221555015511482
2.9772800957792915 1.422080027381779
2.97701599078462 1.422004568812799
2.976751940359354 1.4219291258344406
2.976487944476153 1.421853698439166
2.976224003118311 1.4217782866238884
2.9759601162532063 1.421702890376632
2.9756962838577894 1.4216275096920956
2.9754325059015927 1.421552144560537
2.97516878236372 1.4214767949788862
2.9749051132158573 1.4214014609374104
2.974641498435014 1.421326142430826
2.9743779379929047 1.4212508394471877
2.9741144318655066 1.4211755519812215
2.973850980025626 1.4211002800254355
2.973587582449269 1.421025023576785
2.973324239109272 1.420949782623345
2.973060949978485 1.4208745571576382
2.97279771503508 1.4207993471744116
2.9725345342476928 1.4207241526639762
2.9722714075966454 1.4206489736210883
2.9720083350516644 1.4205738100360688
2.9717453165920396 1.420498661905902
2.9714823521917704 1.4204235292186986
2.9712194418216886 1.4203484119714518
2.970956585459005 1.420273310154501
2.970693783080945 1.42019822376041
2.9704310346530804 1.4201231527817468
2.970168340160089 1.4200480972110843
2.9699056995707553 1.4199730570432176
2.9696431128613003 1.4198980322685106
2.9693805800068995 1.4198230228817674
2.9691181009848635 1.4197480288733615
2.9688556757650955 1.4196730502403225
2.968593304322814 1.4195980869708165
2.9683309866343115 1.4195231390596648
2.9680687226748352 1.4194482064994762
2.967806512416467 1.4193732892828645
2.9675443558355417 1.4192983874024478
2.967282252906289 1.4192235008530645
2.9670202036040134 1.4191486296251257
2.966758207905092 1.419073773711263
2.966496265784857 1.4189989331063282
2.966234377216536 1.4189241078007466
2.9659725421723104 1.4188492977871634
2.965710760631793 1.4187745030604428
2.9654490325671947 1.418699723613239
2.9651873579539174 1.4186249594382103
2.964925736766319 1.4185502105280197
2.964664168984067 1.4184754768753345
2.964402654576252 1.4184007584728269
2.9641411935204505 1.4183260553131731
2.963879785790018 1.4182513673890542
2.963618431360441 1.4181766946953682
2.9633571302125143 1.418102037222592
2.963095882313283 1.4180273949656326
2.9628346876393343 1.417952767914976
2.962573546169387 1.4178781560655371
2.962312457873705 1.4178035594100238
2.9620514227342096 1.4177289779411477
2.9617904407222513 1.417654411651625
2.961529511813428 1.4175798605341763
2.9612686359822944 1.4175053245837377
2.9610078132055335 1.4174308037908279
2.960747043455611 1.4173562981481806
2.960486326710297 1.4172818076507445
2.960225662946316 1.4172073322890522
2.9599650521340597 1.4171328720580605
2.9597044942545123 1.4170584269505209
2.95944398928444 1.4169839969591889
2.959183537192161 1.4169095820768245
2.9589231379555265 1.4168351822961924
2.9586627915545165 1.4167607976100616
2.9584024979617216 1.416686428011205
2.958142257148689 1.4166120734924006
2.9578820690922667 1.416537734048638
2.957621933767202 1.4164634096704958
2.9573618511545985 1.4163891003529723
2.9571018212260594 1.4163148060866546
2.9568418439584865 1.4162405268665497
2.9565819193245675 1.4161662626876677
2.956322047306516 1.416092013538403
2.956062227870706 1.4160177794159807
2.955802461000435 1.4159435603088049
2.9555427466684447 1.4158693562141085
2.955283084851718 1.4157951671247164
2.955023475527252 1.4157209930312524
2.954763918665716 1.4156468339265502
2.954504414244134 1.415572689805653
2.954244962243768 1.4154985606614032
2.95398556263216 1.4154244464888517
2.9537262153895427 1.4153503472742355
2.9534669204929926 1.415276263017023
2.9532076779185434 1.4152021937100734
2.952948487636961 1.415128139344046
2.9526893496306426 1.4150540999118089
2.9524302638693256 1.4149800754084376
2.9521712303290975 1.4149060658268082
2.9519122489892258 1.4148320711598013
2.9516533198237127 1.4147580914003013
2.9513944428086853 1.4146841265389947
2.951135617925562 1.4146101765731798
2.9508768451441627 1.4145362414935516
2.95061812444382 1.4144623212952137
2.9503594558007147 1.41438841596887
2.9501008391868173 1.4143145255074305
2.949842274580445 1.4142406499038098
2.949583761957817 1.414166789155329
2.949325301294111 1.414092943252709
2.9490668925676826 1.414019112186676
2.9488085357505707 1.4139452959523622
2.948550230822212 1.4138714945449027
2.9482919777599466 1.4137977079550366
2.948033776536908 1.4137239361779075
2.9477756271315165 1.4136501792064629
2.9475175295211518 1.413576437031455
2.9472594836779322 1.4135027096458401
2.947001489580317 1.4134289970447778
2.946743547201506 1.4133552992234308
2.9464856565220936 1.4132816161703703
2.9462278175142513 1.413207947882966
2.9459700301575444 1.4131342943541945
2.945712294430497 1.4130606555748382
2.945454610308483 1.4129870315400803
2.945196977764781 1.4129134222429096
2.9449393967758444 1.4128398276763194
2.9446818673202486 1.412766247833307
2.9444243893723656 1.4126926827068735
2.9441669629107956 1.412619132290025
2.9439095879109902 1.412545596575771
2.9436522643494683 1.4124720755571252
2.9433949922027605 1.4123985692293017
2.9431377714453038 1.4123250775853224
2.942880602058923 1.4122516006182133
2.9426234840159733 1.4121781383210041
2.9423664172930373 1.4121046906867292
2.9421094018688168 1.4120312577084269
2.9418524377178126 1.4119578393813341
2.941595524816646 1.411884435694108
2.9413386631440566 1.4118110466441882
2.94108185267669 1.411737672224629
2.9408250933890994 1.4116643124284889
2.9405683852579556 1.4115909672488303
2.940311728262049 1.4115176366787199
2.9400551223770224 1.4114443207112282
2.939798567579586 1.4113710193416231
2.9395420638475147 1.4112977325607903
2.93928561115649 1.4112244603640052
2.9390292094864168 1.411151202742162
2.938772858806687 1.411077959690544
2.938516559099335 1.411004731202246
2.938260310340094 1.4109315172703667
2.938004112505761 1.4108583178880088
2.9377479655752503 1.4107851330504706
2.93749186952328 1.4107119627508629
2.9372358243277374 1.410638806980109
2.936979829964417 1.4105656657335188
2.9367238864112317 1.410492539004215
2.9364679936440012 1.4104194267853238
2.9362121516396105 1.4103463290721667
2.9359563603749566 1.410273245855688
2.935700619831157 1.410200177129026
2.9354449299840812 1.4101271228853238
2.9351892908043538 1.4100540831221067
2.9349337022773345 1.4099810578281464
2.9346781643757764 1.4099080469987868
2.9344226770755992 1.409835050627186
2.934167240356941 1.409762068708695
2.933911854198901 1.4096891012342911
2.9336565185721795 1.4096161481993332
2.933401233456951 1.4095432095948073
2.9331459988313 1.4094702854160792
2.9328908146712203 1.4093973756563307
2.9326356809558716 1.409324480308748
2.9323805976560178 1.4092515993665204
2.9321255647592506 1.409178732825029
2.931870582235308 1.409105880675284
2.931615650064449 1.4090330429104876
2.9313607682237914 1.4089602195282176
2.9311059366883656 1.4088874105173108
2.9308511554405676 1.4088146158731665
2.930596424452299 1.4087418355911874
2.93034174370493 1.4086690696624087
2.930087113169336 1.4085963180822405
2.9298325328300625 1.4085235808439116
2.9295780026643126 1.4084508579406543
2.929323522645101 1.4083781493635201
2.929069092752806 1.4083054551079341
2.9288147129646673 1.4082327751693247
2.928560383257937 1.4081601095387555
2.928306103609879 1.4080874582094784
2.928051873997769 1.408014821176933
2.9277976944009945 1.4079421984343785
2.9275435647895067 1.4078695899728948
2.927289485150066 1.4077969957901157
2.9270354554578963 1.407724415877129
2.926781475690334 1.407651850229392
2.926527545823676 1.407579298838001
2.926273665835283 1.4075067616984205
2.926019835705675 1.407434238803937
2.925766055409087 1.40736173014784
2.925512324925013 1.4072892357256055
2.92525864423191 1.4072167555283492
2.9250050133071968 1.4071442895493729
2.924751432126206 1.4070718377841627
2.924497900669528 1.4069994002238466
2.924244418912519 1.4069269768639185
2.923990986833695 1.4068545676998754
2.923737604411583 1.4067821727228569
2.9234842716205263 1.4067097919261875
2.9232309884464174 1.4066374253053748
2.922977754865721 1.4065650728537504
2.9227245708496703 1.4064927345646496
2.9224714363747535 1.4064204104292326
2.92221835142586 1.4063481004452003
2.9219653159826473 1.4062758046037205
2.9217123300174452 1.4062035228981435
2.9214593935078375 1.4061312553240022
2.921206506435613 1.4060590018724761
2.920953668777331 1.4059867625412832
2.9207008805116588 1.4059145373237882
2.920448141612034 1.4058423262090052
2.920195452058195 1.405770129194662
2.91994281183094 1.4056979462719579
2.9196902209089823 1.40562577743645
2.919437679266855 1.4055536226815224
2.9191851868843424 1.4054814820005626
2.918932743736001 1.405409355386962
2.9186803498068774 1.405337242836292
2.918428005072599 1.4052651443397752
2.918175709509853 1.4051930598929898
2.917923463097433 1.4051209894893422
2.9176712658130968 1.4050489331244171
2.9174191176356614 1.404976890787278
2.9171670185429073 1.4049048624756917
2.9169149685136744 1.4048328481830794
2.9166629675247187 1.4047608479006906
2.9164110155590914 1.4046888616241282
2.9161591125883364 1.404616889346824
2.91590725859448 1.4045449310622136
2.915655453553277 1.404472986763736
2.9154036974467763 1.4044010564470077
2.9151519902528507 1.4043291401054754
2.914900331945195 1.4042572377325886
2.914648722502752 1.4041853493218013
2.914397161909708 1.404113474866571
2.9141456501439804 1.404041614362531
2.9138941871782653 1.4039697677988012
2.9136427729936423 1.4038979351731946
2.9133914075691094 1.403826116479183
2.913140090881583 1.403754311710242
2.912888822912176 1.403682520862022
2.9126376036378274 1.4036107439280057
2.9123864330375806 1.403538980899508
2.912135311090489 1.4034672317700192
2.911884237773526 1.4033954965352036
2.911633213064721 1.4033237751885583
2.9113822369442084 1.4032520677257545
2.911131309391086 1.4031803741402962
2.9108804303813267 1.4031086944235212
2.9106295999003255 1.403037028568941
2.9103788179188483 1.4029653765744103
2.9101280844181296 1.4028937384312778
2.909877399373141 1.402822114133066
2.9096267627703667 1.4027505036754693
2.909376174585846 1.4026789070498484
2.9091256347977215 1.402607324251905
2.9088751433830997 1.4025357552751754
2.90862470032119 1.4024642001153675
2.9083743055901676 1.4023926587638569
2.9081239591703087 1.4023211312163586
2.9078736610387654 1.4022496174642554
2.9076234111800168 1.4021781175032688
2.9073732095649656 1.4021066313269568
2.907123056176023 1.4020351589310476
2.906872950992474 1.4019637003069387
2.9066228939894367 1.4018922554503654
2.906372885152488 1.4018208243548993
2.9061229244578124 1.4017494070141154
2.9058730118826497 1.4016780034215928
2.9056231474084298 1.4016066135709138
2.9053733310124152 1.4015352374578298
2.905123562670834 1.40146387507593
2.9048738423630596 1.4013925264188074
2.9046241700736983 1.401321191480058
2.9043745457790116 1.4012498702532818
2.9041249694573605 1.401178562732082
2.9038754410871173 1.4011072689122304
2.9036259606508414 1.4010359887873365
2.903376528121706 1.4009647223488504
2.903127143483337 1.4008934695947173
2.9028778067131045 1.4008222305185574
2.902628517789435 1.4007510051118313
2.9023792766938974 1.40067979337033
2.902130083402852 1.4006085952855218
2.9018809378958004 1.400537410855367
2.9016318401501686 1.4004662400713406
2.9013827901517426 1.4003950829292464
2.901133787873795 1.400323939420567
2.9008848333000445 1.4002528095432756
2.9006359264079604 1.400181693288861
2.9003870671760654 1.400110590650979
2.900138255580806 1.4000395016232878
2.8998894916049 1.3999684262016112
2.8996407752227285 1.3998973643774535
2.8993921064191173 1.3998263161488054
2.899143485174729 1.3997552815071785
2.8988949114660634 1.399684260448409
2.8986463852727615 1.3996132529640155
2.898397906571345 1.399542259049841
2.8981494753446047 1.3994712786995713
2.8979010915711694 1.3994003119090557
2.8976527552338505 1.3993293586698268
2.897404466307127 1.399258418975581
2.8971562247686173 1.3991874928221775
2.896908030601163 1.3991165802054777
2.8966598837844897 1.3990456811148704
2.896411784297289 1.3989747955483824
2.8961637321213916 1.3989039234997271
2.8959157272323837 1.3988330649604623
2.895667769613159 1.398762219926466
2.895419859242452 1.3986913883914616
2.8951719961000495 1.398620570351333
2.8949241801615804 1.3985497657976529
2.8946764114068526 1.3984789747263116
2.8944286898219374 1.3984081971310458
2.894181015382495 1.3983374330034386
2.8939333880694065 1.3982666823415468
2.8936858078583536 1.3981959451369608
2.8934382747333633 1.3981252213877429
2.893190788672223 1.398054511083334
2.8929433496548116 1.397983814221803
2.892695957663104 1.3979131307969097
2.892448612672835 1.3978424608002615
2.8922013146659986 1.3977718042256253
2.8919540636214744 1.3977011610710817
2.8917068595191946 1.3976305313260935
2.8914597023422255 1.3975599149887474
2.891212592064271 1.3974893120528231
2.8909655286684175 1.3974187225121035
2.8907185121335965 1.3973481463582211
2.890471542439791 1.397277583589274
2.890224619566994 1.3972070341969012
2.8899777434931266 1.3971364981748993
2.8897309142013254 1.3970659755192214
2.8894841316736963 1.3969954662236705
2.889237395886109 1.3969249702842061
2.8889907068154845 1.3968544876924847
2.888744064447082 1.3967840184444718
2.888497468758883 1.3967135625339835
2.8882509197299213 1.396643119954839
2.8880044173413224 1.396572690700861
2.8877579615731803 1.3965022747658757
2.8875115524056 1.396431872145864
2.887265189817655 1.396361482834658
2.8870188737936324 1.3962911068260937
2.886772604306384 1.3962207441161611
2.8865263813412563 1.3961503946965514
2.886280204872162 1.396080058563261
2.886034074881347 1.396009735710138
2.885787991354186 1.3959394261310347
2.885541954264624 1.3958691298219565
2.885295963599096 1.3957988467724616
2.885050019336766 1.3957285769807115
2.88480412145161 1.3956583204405713
2.884558269926972 1.3955880771502078
2.8843124647451663 1.395517847097044
2.884066705884358 1.395447630281402
2.8838209933248016 1.3953774266928616
2.883575327047801 1.3953072363274526
2.883329707032591 1.395237059179059
2.8830841332573764 1.3951668952437166
2.8828386057076494 1.395096744513168
2.8825931243585163 1.3950266069856025
2.8823476891892517 1.3949564826506216
2.882102300183297 1.3948863715064208
2.881856957323065 1.3948162735469032
2.8816116605878586 1.3947461887638282
2.8813664099569927 1.3946761171553994
2.881121205411869 1.3946060587133828
2.8808760469276655 1.3945360134316946
2.8806309344909984 1.3944659813064004
2.8803858680760266 1.3943959623314228
2.8801408476693853 1.3943259565006871
2.879895873249409 1.394255963810268
2.8796509447975582 1.3941859842519515
2.8794060622911477 1.3941160178196728
2.87916122570958 1.3940460645116608
2.8789164350384997 1.3939761243197117
2.8786716902562897 1.393906197239915
2.8784269913444587 1.3938362832640732
2.8781823382803715 1.393766382388282
2.8779377310465946 1.3936964946064954
2.8776931696246653 1.3936266199126703
2.877448653991978 1.3935567583050552
2.8772041841300897 1.3934869097733251
2.876959760022643 1.3934170743135905
2.8767153816470614 1.3933472519219645
2.8764710489818164 1.3932774425924195
2.876226762015769 1.3932076463167882
2.8759825207242966 1.3931378630890496
2.8757383250869375 1.3930680929074715
2.875494175086353 1.3929983357638962
2.8752500707010635 1.3929285916544545
2.8750060119127117 1.3928588605731376
2.8747619987029496 1.3927891425139398
2.8745180310524017 1.392719437470859
2.874274108940664 1.3926497454378954
2.8740302323504543 1.392580066411195
2.873786401260351 1.392510400384764
2.873542615652054 1.3924407473547533
2.8732988755062343 1.3923711073130352
2.8730551808025364 1.3923014802557665
2.8728115315206133 1.3922318661748256
2.8725679276473888 1.3921622650663754
2.872324369159424 1.3920926769265813
2.8720808560395117 1.3920231017494715
2.8718373882642325 1.3919535395269376
2.8715939658184726 1.3918839902551536
2.871350588680905 1.3918144539302968
2.871107256833324 1.3917449305442682
2.8708639702533847 1.3916754200932506
2.870620728928084 1.391605922571291
2.870377532835096 1.3915364379724386
2.8701343819552156 1.3914669662928851
2.8698912762702826 1.3913975075245477
2.869648215760074 1.3913280616636237
2.8694052004064483 1.3912586287041748
2.8691622301902378 1.3911892086424038
2.8689193050964286 1.3911198014723785
2.8686764250986165 1.3910504071881697
2.868433590181807 1.3909810257838515
2.8681908003268686 1.390911657255638
2.8679480555146797 1.3908423015954718
2.867705355726128 1.3907729587995734
2.8674627009431464 1.390703628859892
2.867220091145605 1.3906343117747895
2.8669775263133825 1.3905650075383578
2.866735006431548 1.390495716142556
2.8664925314748193 1.3904264375836182
2.866250101430355 1.3903571718556453
2.8660077162791073 1.390287918954877
2.8657653759989303 1.39021867887542
2.86552308057183 1.3901494516113846
2.8652808299818937 1.3900802371568834
2.865038624207003 1.3900110355060329
2.864796463229192 1.3899418466550864
2.8645543470325743 1.3898726705981657
2.8643122755960952 1.389803507329396
2.86407024889871 1.3897343568450389
2.86382826692663 1.3896652191370917
2.8635863296536517 1.389596094201822
2.8633444370711807 1.3895269820354996
2.863102589154068 1.389457882632264
2.8628607858844197 1.3893887959841253
2.862619027241246 1.3893197220873619
2.8623773132087416 1.3892506609361222
2.8621356437690393 1.3891816125266905
2.8618940189032465 1.3891125768489565
2.86165243859248 1.3890435539034744
2.861410902817865 1.3889745436822725
2.8611694115595014 1.3889055461795141
2.860927964801637 1.388836561391497
2.860686562520251 1.3887675893102591
2.8604452047006435 1.3886986299342352
2.860203891328123 1.3886296832576
2.859962622379731 1.3885607492724004
2.8597213978407945 1.3884918279749483
2.859480217689407 1.388422919357297
2.8592390819026376 1.388354023417894
2.8589979904689424 1.3882851401509286
2.858756943365408 1.3882162695505935
2.8585159405784393 1.3881474116110841
2.8582749820851414 1.3880785663265989
2.8580340678678 1.3880097336934683
2.8577931979097424 1.3879409137058965
2.85755237219017 1.3878721063580906
2.8573115906934623 1.3878033116442605
2.8570708534050415 1.387734529560748
2.856830160296899 1.3876657601017683
2.8565895113555073 1.3875970032615406
2.85634890656218 1.387528259036414
2.856108345900307 1.3874595274184849
2.8558678293512183 1.3873908084019808
2.855627356894187 1.3873221019853872
2.855386928511595 1.3872534081608094
2.8551465441879 1.3871847269246107
2.854906203901368 1.3871160582710296
2.854665907636474 1.3870474021964345
2.8544256553704686 1.386978758692943
2.85418544708991 1.386910127756929
2.8539452827803333 1.3868415093826425
2.853705162413849 1.3867729035622105
2.8534650859770423 1.386704310296267
2.85322505345134 1.3866357295748188
2.8529850648181783 1.3865671613942532
2.8527451200610683 1.3864986057488342
2.8525052191593976 1.3864300626349548
2.8522653620977274 1.3863615320447595
2.8520255488554627 1.3862930139746465
2.8517857794130506 1.3862245084210163
2.851546053757143 1.386156015378147
2.851306371868205 1.3860875348381956
2.8510667337267086 1.3860190667975707
2.850827139315201 1.3859506112526832
2.850587588614173 1.385882168195699
2.850348081609286 1.3858137376230346
2.85010861828208 1.3857453195289853
2.8498691986110063 1.3856769139099727
2.8496298225796877 1.3856085207581745
2.8493904901707223 1.3855401400700178
2.8491512013687816 1.385471771839809
2.848911956150288 1.385403416061858
2.8486727545009614 1.3853350727325993
2.848433596400338 1.3852667418463478
2.848194481835187 1.3851984233995434
2.8479554107809344 1.3851301173843846
2.8477163832243653 1.3850618237951953
2.8474773991450504 1.3849935426305444
2.8472384585266965 1.3849252738826396
2.8469995613540506 1.3848570175458128
2.846760707601551 1.3847887736186404
2.846521897258087 1.3847205420933386
2.846283130304305 1.3846523229642476
2.84604440672189 1.38458411622571
2.8458057264915047 1.3845159218763123
2.8455670896010403 1.3844477399061625
2.8453284960249876 1.3843795703138517
2.8450899457502232 1.3843114130937337
2.844851438759506 1.3842432682380454
2.8446129750335407 1.384175135745385
2.8443745545509787 1.3841070156079955
2.8441361772976976 1.38403890782448
2.843897843259583 1.3839708123849677
2.8436595524184054 1.3839027292859483
2.843421304751818 1.3838346585239132
2.8431831002426393 1.3837666000932383
2.8429449388747257 1.383698553988302
2.8427068206329733 1.3836305202034855
2.8424687454950703 1.383562498735291
2.8422307134459293 1.383494489578105
2.8419927244673784 1.3834264927263167
2.8417547785391934 1.383358508176436
2.841516875649403 1.3832905359207401
2.8412790157726464 1.3832225759557444
2.8410411988990294 1.3831546282779654
2.840803425008361 1.3830866928796897
2.840565694080459 1.3830187697595557
2.840328006103392 1.3829508589077393
2.840090361053903 1.382882960322884
2.839852758919046 1.3828150739972875
2.8396151996797028 1.3827471999274825
2.8393776833177924 1.3826793381100035
2.8391402098193637 1.382611488537157
2.838902779160172 1.382543651207598
2.8386653913262814 1.3824758261115233
2.838428046297585 1.3824080132454784
2.8381907440632523 1.3823402126060105
2.8379534846011336 1.3822724241896693
2.837716267894235 1.3822046479887784
2.8374790939235126 1.3821368839977783
2.837241962671989 1.3820691322132268
2.837004874122696 1.3820013926295696
2.836767828262791 1.3819336652412555
2.8365308250691443 1.381865950042736
2.836293864525841 1.3817982470326915
2.8360569466190335 1.3817305562034656
2.835820071330764 1.3816628775495177
2.8355832386399946 1.3815952110674226
2.8353464485349598 1.381527556751645
2.8351097009915507 1.3814599145945394
2.834872995995959 1.3813922845969133
2.8346363335312965 1.3813246667490144
2.8343997135806838 1.381257061049542
2.8341631361262194 1.3811894674908622
2.8339266011500106 1.3811218860674557
2.8336901086331436 1.3810543167759168
2.8334536585618575 1.3809867596128427
2.833217250917254 1.3809192145706106
2.8329808856825016 1.3808516816458225
2.832744562842834 1.380784160832972
2.8325082823762915 1.380716652128666
2.8322720442670946 1.3806491555274032
2.832035848500501 1.3805816710236851
2.831799695059718 1.3805141986099057
2.8315635839259046 1.3804467382847918
2.8313275150802277 1.3803792900449623
2.831091488506947 1.38031185388071
2.830855504189303 1.3802444297907681
2.830619562110542 1.3801770177675448
2.8303836622539205 1.3801096178076688
2.8301478046037296 1.3800422299077715
2.8299119891401556 1.3799748540602688
2.829676215850591 1.379907490261797
2.829440484712153 1.3798401385068861
2.829204795710193 1.3797727987921773
2.8289691488259576 1.3797054711122057
2.8287335440427572 1.379638155461509
2.8284979813459663 1.3795708518346277
2.8282624607199387 1.3795035602282124
2.8280269821469806 1.3794362806347014
2.827791545608378 1.3793690130507503
2.827556151086453 1.3793017574730169
2.827320798567646 1.3792345138960542
2.827085488030184 1.3791672823144183
2.826850219460523 1.3791000627226677
2.8266149928461535 1.3790328551174698
2.826379808160189 1.378965659493388
2.8261446653921913 1.3788984758449883
2.825909564526591 1.3788313041689455
2.8256745055426906 1.3787641444598309
2.8254394884259644 1.378696996712218
2.825204513156758 1.3786298609206835
2.824969579718506 1.3785627370819113
2.8247346880967057 1.378495625190483
2.8244998382748077 1.3784285252409822
2.8242650302342156 1.3783614372301005
2.8240302639614767 1.3782943611524268
2.823795539436983 1.3782272970025524
2.8235608566442165 1.3781602447750718
2.8233262155635845 1.3780932044666858
2.8230916161826913 1.3780261760719934
2.822857058484014 1.3779591595876999
2.822622542450038 1.3778921550084093
2.8223880680663362 1.3778251623287285
2.8221536353133554 1.3777581815432667
2.8219192441766836 1.3776912126466359
2.8216848946419164 1.3776242556355531
2.8214505866864448 1.3775573105046353
2.821216320295879 1.3774903772485017
2.8209820954548106 1.3774234558659786
2.82074791214476 1.3773565463495883
2.8205137703503333 1.3772896486939574
2.820279670053066 1.3772227628958174
2.820045611240659 1.3771558889498
2.81981159389261 1.3770890268505394
2.8195776179956082 1.3770221765926725
2.8193436835291674 1.3769553381729398
2.8191097904799918 1.3768885115880842
2.818875938830688 1.376821696830649
2.818642128567975 1.3767548938973817
2.8184083596672935 1.3766881027829314
2.818174632117429 1.37662132348195
2.81794094590307 1.3765545559911916
2.8177073010048104 1.3764878003074128
2.817473697407354 1.3764210564210735
2.8172401350943868 1.3763543243331338
2.817006614048576 1.3762876040361585
2.8167731342546483 1.3762208955248139
2.816539695695286 1.376154198793769
2.8163062983562557 1.3760875138397948
2.816072942220255 1.376020840657565
2.815839627269989 1.3759541792438543
2.8156063534902205 1.3758875295912436
2.8153731208616195 1.3758208916965122
2.8151399293710146 1.375754265556442
2.8149067790021656 1.3756876511657192
2.81467366973679 1.3756210485169347
2.8144406015596877 1.3755544576089749
2.814207574453616 1.3754878784365332
2.8139745884003147 1.3754213109943054
2.8137416433897307 1.37535475527699
2.813508739399519 1.3752882112792881
2.813275876415541 1.3752216789979996
2.8130430544246905 1.3751551584278303
2.8128102734056704 1.3750886495655847
2.812577533343339 1.3750221524059734
2.8123448342235866 1.3749556669416132
2.8121121760302623 1.3748891931735074
2.811879558748246 1.3748227310921821
2.8116469823562786 1.3747562806944533
2.8114144468413036 1.3746898419750437
2.811181952190273 1.374623414930774
2.810949498380924 1.374556999556371
2.8107170854002232 1.3744905958486597
2.810484713236167 1.3744242038002779
2.8102523818654928 1.3743578234080547
2.8100200912751867 1.3742914546667273
2.8097878414481463 1.3742250975752237
2.8095556323683004 1.3741587521240974
2.8093234640236813 1.3740924183101868
2.8090913363920875 1.3740260961303323
2.8088592494595175 1.3739597855792829
2.808627203208905 1.3738934866517902
2.8083951976252384 1.373827199342608
2.808163232694538 1.373760923646493
2.807931308400782 1.3736946595623891
2.807699424725911 1.3736284070850577
2.8074675816518693 1.3735621662071693
2.807235779167777 1.3734959369255824
2.8070040172545707 1.3734297192350648
2.806772295898313 1.3733635131345716
2.806540615080979 1.3732973186167834
2.806308974786598 1.3732311356764755
2.806077374999207 1.3731649643084256
2.8058458157059194 1.3730988045095052
2.8056142968887396 1.3730326562765878
2.805382818530702 1.372966519602367
2.8051513806148485 1.372900394483721
2.8049199831303673 1.372834280915439
2.804688626053152 1.3727681788944035
2.8044573093734284 1.3727020884154086
2.8042260330763127 1.3726360094732508
2.8039947971418133 1.3725699420627289
2.803763601559153 1.372503886180734
2.803532446308355 1.3724378418220695
2.8033013313735404 1.3723718089836312
2.803070256740884 1.372305787660227
2.802839222394522 1.3722397778466673
2.8026082283165517 1.3721737795377653
2.8023772744962363 1.372107792730425
2.8021463609095516 1.372041817419464
2.8019154875467973 1.3719758536017905
2.801684654389077 1.3719099012701386
2.801453861421591 1.371843960423509
2.8012231086326143 1.3717780310546406
2.800992396003272 1.3717121131604504
2.800761723518785 1.3716462067357698
2.8005310911572256 1.3715803117754326
2.8003004989120077 1.3715144282763625
2.800069946759173 1.3714485562333978
2.7998394346931708 1.3713826956413793
2.799608962690057 1.371316846499324
2.799378530736117 1.3712510087979033
2.7991481388196875 1.3711851825340517
2.7989177869188904 1.3711193677047058
2.798687475023098 1.3710535643068038
2.798457203111468 1.3709877723331139
2.7982269711733867 1.3709219917784932
2.7979967791931357 1.3708562226419723
2.7977666271509176 1.370790464916327
2.7975365150340936 1.3707247185964209
2.7973064428249232 1.3706589836792056
2.7970764105087387 1.3705932601616344
2.796846418074965 1.3705275480364927
2.7966164655028174 1.3704618473007384
2.7963865527786704 1.3703961579492465
2.7961566798868613 1.370330479978979
2.795926846813777 1.3702648133848156
2.795697053536619 1.3701991581637223
2.7954673000458734 1.370133514310583
2.7952375863269268 1.3700678818202843
2.7950079123600653 1.370002260687715
2.7947782781327315 1.3699366509098494
2.7945486836282893 1.3698710524794975
2.7943191288321523 1.3698054653936382
2.7940896137297404 1.3697398896513355
2.7938601383044386 1.3696743252433232
2.793630702539638 1.3696087721686694
2.7934013064228207 1.369543230420196
2.7931719499373924 1.369477699994892
2.792942633066765 1.3694121808897493
2.7927133557953776 1.3693466730975963
2.79248411811074 1.369281176615429
2.7922549199962834 1.3692156914381628
2.7920257614344273 1.3691502175627976
2.791796642407596 1.3690847549842537
2.7915675629104704 1.3690193036995348
2.791338522919365 1.3689538637035654
2.7911095224208076 1.3688884349912724
2.7908805613982715 1.3688230175555043
2.790651639840339 1.368757611395354
2.790422757729476 1.3686922165078355
2.790193915052237 1.368626832885804
2.789965111790081 1.368561460524198
2.7897363479295763 1.3684960994221178
2.7895076234521947 1.368430749570346
2.789278938349619 1.3683654109700667
2.789050292604355 1.3683000836120676
2.788821686198917 1.3682347674954567
2.7885931191178646 1.3681694626151852
2.7883645913478055 1.3681041689662068
2.7881361028722926 1.3680388865434772
2.7879076536789666 1.3679736153440332
2.7876792437483346 1.367908355362835
2.7874508730660095 1.3678431065969237
2.7872225416206713 1.3677778690412634
2.786994249393867 1.367712642690821
2.7867659963712295 1.3676474275405655
2.786537782537379 1.3675822235896236
2.7863096078728633 1.367517030830891
2.7860814723725116 1.3674518492593433
2.7858533760158655 1.3673866788720355
2.785625318786552 1.3673215196639474
2.7853973006722823 1.3672563716321386
2.785169321656696 1.367191234769516
2.7849413817234403 1.36712610907522
2.784713480860245 1.3670609945421623
2.7844856190528082 1.3669958911694868
2.7842577962797006 1.3669307989501098
2.784030012531729 1.3668657178790267
2.783802267791554 1.3668006479533108
2.7835745620459185 1.3667355891679616
2.7833468952795344 1.3666705415200564
2.7831192674761005 1.366605505004599
2.78289167862238 1.3665404796186709
2.7826641287010654 1.3664754653552047
2.7824366176989326 1.366410462211286
2.782209145601744 1.366345470184002
2.781981712391194 1.3662804892662928
2.781754318056115 1.3662155194552492
2.78152696258127 1.3661505607479651
2.781299645948373 1.3660856131394612
2.7810723681452565 1.3660206766247607
2.780845129156703 1.365955751200963
2.7806179289685202 1.3658908368610216
2.78039076756856 1.3658259336041136
2.780163644935513 1.3657610414231973
2.7799365610582614 1.3656961603153799
2.7797095159216205 1.3656312902756973
2.779482509509393 1.3655664313012608
2.779255541808444 1.365501583385038
2.779028612803607 1.3654367465262165
2.778801722478704 1.3653719207198411
2.778574870824692 1.365307105958886
2.77834805781726 1.3652423022425444
2.778121283447377 1.3651775095658674
2.777894547698891 1.365112727923908
2.777667850557692 1.3650479573117211
2.7774411920127307 1.3649831977264362
2.777214572042785 1.3649184491631123
2.776987990634782 1.3648537116168111
2.7767614477756544 1.3647889850867383
2.776534943450307 1.3647242695658888
2.7763084776426328 1.3646595650493303
2.776082050341619 1.3645948715342038
2.775855661531171 1.364530189015581
2.775629311195201 1.3644655174906066
2.775402999319662 1.364400856954357
2.775176725890513 1.3643362074039804
2.774950490893721 1.3642715688324873
2.774724294310169 1.3642069412370303
2.774498136128889 1.3641423246147635
2.774272016338917 1.364077718958704
2.7740459349181052 1.3640131242680795
2.7738198918555024 1.3639485405359115
2.7735938871371113 1.3638839677593622
2.7733679207509763 1.3638194059335267
2.773141992679044 1.3637548550555707
2.7729161029053024 1.3636903151205935
2.772690251417813 1.3636257861236964
2.772464438200576 1.363561268059983
2.772238663238615 1.3634967609286945
2.772012926515942 1.3634322647208033
2.7717872280226774 1.363367779435554
2.7715615677418297 1.363303305068059
2.771335945658447 1.3632388416154988
2.771110361757584 1.3631743890729895
2.7708848160283677 1.363109947435649
2.7706593084538316 1.363045516698597
2.770433839017015 1.3629810968610896
2.7702084077080804 1.3629166879161838
2.7699830145100797 1.362852289859006
2.7697576594081044 1.3627879026867509
2.7695323423872518 1.3627235263966146
2.7693070634346584 1.3626591609816636
2.769081822538484 1.362594806439098
2.768856619681811 1.3625304627640544
2.768631454848746 1.362466129953737
2.768406328027465 1.3624018080032863
2.768181239203103 1.3623374969099096
2.7679561883587676 1.3622731966687518
2.7677311754826546 1.3622089072770245
2.7675062005599163 1.3621446287278114
2.767281263573679 1.3620803610183279
2.767056364513172 1.3620161041457912
2.766831503366614 1.361951858105356
2.7666066801141027 1.3618876228901151
2.7663818947428527 1.3618233984993553
2.766157147242117 1.3617591849282373
2.765932437592011 1.3616949821719242
2.7657077657807836 1.3616307902255809
2.7654831317977058 1.3615666090864378
2.7652585356218955 1.3615024387517272
2.7650339772466985 1.3614382792145567
2.7648094566502306 1.3613741304721625
2.764584973819754 1.3613099925197196
2.764360528744569 1.3612458653544677
2.7641361214109343 1.3611817489715858
2.7639117517980067 1.3611176433683174
2.7636874198971344 1.3610535485398454
2.763463125691548 1.3609894644813547
2.7632388691675307 1.3609253911880326
2.7630146503123867 1.36086132865713
2.7627904691134257 1.3607972768858996
2.762566325552888 1.3607332358674729
2.7623422196191103 1.3606692056011673
2.7621181512973902 1.3606051860801192
2.7618941205720158 1.3605411773015883
2.761670127432357 1.3604771792607757
2.7614461718616994 1.3604131919549454
2.7612222538453635 1.360349215379302
2.7609983733707066 1.360285249531113
2.7607745304230624 1.3602212944035272
2.7605507249857397 1.3601573499917559
2.760326957049158 1.3600934162971916
2.760103226601713 1.3600294933109296
2.7598795336216573 1.3599655810323061
2.759655878099428 1.3599016794544807
2.759432260018364 1.3598377885726745
2.759208679367899 1.3597739083882876
2.7589851361313835 1.3597100388924268
2.7587616302982627 1.3596461800823778
2.758538161848856 1.359582331955428
2.758314730775663 1.3595184945047498
2.758091337059015 1.3594546677296926
2.757867980687366 1.3593908516234328
2.7576446616451165 1.3593270461832652
2.757421379921746 1.3592632514044285
2.757198135501667 1.3591994672842211
2.7569749283703135 1.3591356938178856
2.756751758513124 1.3590719310027237
2.7565286259165576 1.3590081788319246
2.756305530569108 1.3589444373048511
2.7560824724562316 1.3588807064167536
2.7558594515603483 1.3588169861608272
2.755636467871997 1.3587532765343833
2.7554135213756377 1.3586895775347345
2.7551906120557357 1.3586258891571392
2.754967739900819 1.3585622113989135
2.754744904895365 1.3584985442553195
2.7545221070258843 1.3584348877216208
2.754299346278894 1.3583712417951395
2.754076622641931 1.3583076064711432
2.7538539360984813 1.3582439817469574
2.7536312866360935 1.3581803676157982
2.753408674241307 1.3581167640749945
2.753186098901681 1.358053171119822
2.7529635606007257 1.3579895887476134
2.7527410593260115 1.357926016953648
2.7525185950630875 1.3578624557373162
2.7522961677995355 1.3577989050918469
2.752073777516862 1.357735365012525
2.7518514242097547 1.357671835496692
2.7516291078627715 1.3576083165396369
2.751406828454397 1.3575448081366508
2.751184585975281 1.3574813102850802
2.7509623804140526 1.3574178229822735
2.7507402117552933 1.3573543462235274
2.7505180799866293 1.3572908800041403
2.7502959850916415 1.357227424319413
2.7500739270569543 1.3571639791667005
2.7498519058732507 1.3571005445433604
2.749629921523115 1.357037120442646
2.7494079739921755 1.3569737068619179
2.7491860632640415 1.3569103037964865
2.748964189331443 1.356846911245768
2.7487423521790135 1.3567835292009718
2.7485205517934173 1.3567201576635697
2.7482987881582854 1.3566567966268273
2.748077061264345 1.3565934460860642
2.7478553710962514 1.356530106036602
2.7476337176376537 1.3564667764778664
2.747412100873219 1.3564034574031314
2.7471905207926826 1.3563401488077242
2.7469689773847734 1.3562768506910758
2.7467474706351878 1.356213563048517
2.7465260005326653 1.3561502858753802
2.7463045670578516 1.356087019167
2.746083170199497 1.3560237629207634
2.745861809944333 1.355960517134059
2.7456404862790964 1.3558972818001767
2.745419199189517 1.3558340569185583
2.745197948661331 1.3557708424824981
2.744976734684328 1.3557076384893916
2.744755557244255 1.3556444449345864
2.744534416322815 1.3555812618134322
2.7443133119098158 1.3555180891233296
2.744092243995068 1.355454926861681
2.7438712125623166 1.3553917750217925
2.743650217596324 1.3553286336031187
2.743429259083883 1.3552655026010183
2.7432083370158384 1.3552023820108519
2.7429874513729215 1.3551392718279822
2.7427666021459887 1.355076172049822
2.742545789322865 1.355013082671737
2.7423250128853116 1.354950003689096
2.7421042728221767 1.3548869350993165
2.7418835691182672 1.3548238768977703
2.741662901763454 1.354760829083926
2.741442270741543 1.3546977916490646
2.741221676042416 1.3546347645926575
2.741001117651914 1.3545717479080372
2.740780595553859 1.3545087415946786
2.7405601097381496 1.3544457456479642
2.740339660188619 1.3543827600632787
2.740119246897198 1.3543197848380553
2.7398988698436875 1.354256819965636
2.7396785290200274 1.3541938654455035
2.739458224411086 1.3541309212710035
2.7392379560027473 1.3540679874395762
2.739017723780901 1.3540050639466172
2.738797527734476 1.3539421507895697
2.7385773678493726 1.3538792479638329
2.7383572441125077 1.3538163554688984
2.7381371565097927 1.3537534732960792
2.7379171050271447 1.35369060144487
2.7376970896535187 1.3536277399106773
2.737477110376864 1.3535648886889098
2.7372571671810917 1.3535020477749777
2.7370372600592163 1.353439217168382
2.7368173889880842 1.3533763968624921
2.73659755396072 1.353313586854768
2.7363777549610573 1.3532507871426713
2.736157991977077 1.3531879977195773
2.7359382649967654 1.353125218582951
2.7357185740091254 1.3530624497302588
2.7354989189960905 1.352999691154882
2.7352792999476843 1.3529369428542908
2.7350597168498934 1.3528742048259563
2.7348401696897207 1.352811477065309
2.7346206584511425 1.3527487595677807
2.7344011831252133 1.352686052330848
2.734181743695921 1.3526233553519886
2.7339623401533197 1.352560668624598
2.7337429724803974 1.352497992148199
2.7335236406662093 1.352435325914149
2.733304344699815 1.3523726699219747
2.7330850845672487 1.3523100241691621
2.7328658602515206 1.3522473886511577
2.732646671741706 1.352184763361368
2.732427519025876 1.3521221483013668
2.732208402094126 1.3520595434625233
2.7319893209244372 1.3519969488423325
2.731770275510956 1.35193436443829
2.7315512658397534 1.3518717902478936
2.731332291894887 1.3518092262625212
2.7311133536664784 1.3517466724837546
2.7308944511416247 1.3516841289050157
2.7306755843064185 1.3516215955238087
2.730456753147968 1.3515590723355995
2.730237957650357 1.3514965593378958
2.730019197804742 1.3514340565261667
2.729800473595217 1.3513715638958836
2.729581785012949 1.3513090814425195
2.7293631320430527 1.3512466091656277
2.7291445146696387 1.3511841470586454
2.7289259328828797 1.351121695121129
2.7287073866689147 1.3510592533444805
2.7284888760169173 1.3509968217302981
2.7282704009120287 1.3509344002699881
2.7280519613393945 1.3508719889631127
2.7278335572892125 1.3508095878051587
2.7276151887466393 1.350747196793653
2.727396855700874 1.3506848159240863
2.727178558138092 1.3506224451919506
2.726960296045484 1.3505600845947778
2.7267420694092372 1.3504977341280637
2.726523878220588 1.3504353937873057
2.726305722460688 1.3503730635700404
2.7260876021187666 1.3503107434717687
2.7258695171830483 1.3502484334900304
2.7256514676407546 1.3501861336223668
2.7254334534801212 1.3501238438602106
2.7252154746863613 1.3500615642051796
2.7249975312467116 1.3499992946507469
2.7247796231494226 1.3499370351944602
2.7245617503766972 1.3498747858318327
2.7243439129238567 1.3498125465604154
2.7241261107751322 1.3497503173757246
2.7239083439177856 1.3496880982732786
2.7236906123360582 1.3496258892506334
2.7234729160222653 1.3495636903053458
2.7232552549576323 1.3495015014309042
2.7230376291365013 1.3494393226248689
2.7228200385421255 1.349377153882767
2.7226024831617974 1.349314995202162
2.7223849629828143 1.3492528465806188
2.7221674779924787 1.3491907080116352
2.7219500281791063 1.3491285794927794
2.7217326135320263 1.3490664610216212
2.7215152340345234 1.3490043525936977
2.7212978896749282 1.348942254204548
2.721080580440568 1.3488801658517464
2.7208633063197842 1.3488180875308355
2.720646067302938 1.348756019239393
2.7204288633713234 1.3486939609729645
2.720211694517329 1.3486319127270974
2.719994560725283 1.3485698744993742
2.719777461984559 1.3485078462873787
2.719560398279496 1.3484458280866636
2.719343369601493 1.3483838198927829
2.7191263759359066 1.3483218217033253
2.718909417268099 1.3482598335118159
2.7186924935914996 1.3481978553178788
2.7184756048884564 1.3481358871150428
2.7182587511433396 1.3480739289029349
2.718041932352615 1.3480119806750874
2.717825148495624 1.3479500424311301
2.717608399562797 1.3478881141645993
2.7173916855445683 1.347826195875127
2.7171750064243256 1.3477642875562532
2.716958362192513 1.347702389205582
2.7167417528345426 1.3476405008166568
2.716525178339862 1.3475786223891157
2.716308638697922 1.3475167539205675
2.7160921338891133 1.3474548954025303
2.715875663904912 1.3473930468346467
2.715659228736799 1.3473312082145297
2.7154428283631655 1.3472693795357336
2.7152264627775162 1.347207560797905
2.7150101319673174 1.3471457519966317
2.7147938359220545 1.3470839531254735
2.7145775746231613 1.347022164184081
2.714361348062147 1.3469603851660175
2.7141451562285113 1.3468986160709366
2.71392899910471 1.3468368568924054
2.7137128766842813 1.3467751076280507
2.713496788951704 1.3467133682755013
2.713280735897505 1.346651638830358
2.713064717502146 1.3465899192902526
2.7128487337571694 1.3465282096487612
2.7126327846531155 1.3464665099055468
2.712416870174489 1.346404820054189
2.7122009903128466 1.3463431400943533
2.711985145047669 1.3462814700175953
2.711769334373542 1.3462198098256113
2.71155355827499 1.3461581595119878
2.7113378167456017 1.3460965190743688
2.711122109764878 1.346034888508372
2.7109064373254106 1.3459732678116438
2.7106907994107368 1.3459116569777785
2.7104751960124505 1.3458500560064528
2.710259627116112 1.345788464893291
2.7100440927123186 1.345726883633919
2.7098285927866397 1.3456653122280173
2.7096131273276693 1.3456037506671628
2.7093976963240056 1.3455421989510388
2.7091822997612334 1.3454806570752778
2.7089669376269545 1.3454191250375398
2.708751609908776 1.345357602831435
2.708536316594308 1.3452960904566522
2.7083210576731798 1.3452345879088305
2.7081058331299936 1.3451730951815852
2.7078906429584113 1.3451116122746092
2.707675487144051 1.3450501391835463
2.7074603656725365 1.3449886759060674
2.707245278531507 1.3449272224378195
2.7070302257106196 1.3448657787744513
2.706815207197523 1.344804344913638
2.706600222981883 1.3447429208510318
2.7063852730483418 1.3446815065843103
2.7061703573835563 1.344620102109129
2.705955475979218 1.344558707421145
2.7057406288189774 1.3444973225180403
2.7055258158965456 1.3444359473974994
2.705311037195583 1.3443745820551836
2.7050962927057873 1.344313226486756
2.704881582411834 1.3442518806899055
2.7046669063054423 1.3441905446602982
2.7044522643723017 1.3441292183936024
2.7042376566001183 1.344067901887511
2.704023082980624 1.3440065951376952
2.7038085434975128 1.3439452981418507
2.7035940381405155 1.3438840108976748
2.7033795668973566 1.343822733398821
2.70316512975476 1.3437614656450119
2.7029507266984494 1.3437002076299045
2.7027363577231993 1.3436389593532236
2.7025220228167535 1.3435777208086301
2.702307721961834 1.3435164919918081
2.7020934551461937 1.3434552729024867
2.701879222360605 1.343394063536353
2.7016650235908193 1.343332863889096
2.701450858831638 1.3432716739564063
2.701236728064803 1.343210493735997
2.701022631277085 1.3431493232255827
2.7008085684592786 1.3430881624208586
2.7005945395991695 1.3430270113175216
2.700380544683542 1.3429658699132905
2.7001665836991857 1.3429047382038655
2.6999526566389234 1.3428436161869683
2.699738763487544 1.3427825038583021
2.6995249042338605 1.3427214012135718
2.6993110788636763 1.3426603082505033
2.699097287370836 1.3425992249668244
2.6988835297411526 1.342538151356225
2.6986698059584344 1.3424770874204741
2.6984561160165392 1.3424160331512458
2.698242459899285 1.3423549885462736
2.6980288375965205 1.342293953603292
2.697815249097095 1.3422329283180185
2.6976016943888577 1.3421719126881906
2.6973881734576537 1.3421109067075099
2.6971746862943546 1.3420499103737171
2.696961232884815 1.3419889236865725
2.6967478132199147 1.3419279466397829
2.69653442728853 1.341866979231093
2.696321075073517 1.341806021456231
2.696107756566773 1.3417450733109269
2.695894471756184 1.3416841347929294
2.6956812206276317 1.341623205899989
2.6954680031730276 1.3415622866278405
2.6952548193782624 1.3415013769722195
2.695041669228228 1.3414404769308808
2.6948285527198688 1.3413795864995635
2.694615469837081 1.3413187056740081
2.694402420565775 1.3412578344539905
2.6941894048958797 1.3411969728352542
2.6939764228163257 1.3411361208135446
2.693763474313036 1.3410752783846085
2.693550559377961 1.3410144455462103
2.6933376779950255 1.340953622296116
2.6931248301561888 1.3408928086280612
2.6929120158483957 1.3408320045418303
2.6926992350606027 1.3407712100311622
2.6924864877817716 1.3407104250938284
2.6922737739968543 1.3406496497255869
2.692061093699838 1.3405888839262268
2.6918484468746797 1.3405281276894938
2.6916358335083523 1.3404673810131653
2.691423253589839 1.340406643893005
2.6912107071091302 1.3403459163267923
2.690998194052209 1.3402851983102946
2.690785714412085 1.3402244898412943
2.690573268175753 1.3401637909175756
2.690360855328205 1.3401031015328955
2.690148475862464 1.340042421685041
2.6899361297635314 1.3399817513718004
2.689723817019423 1.3399210905869356
2.689511537620165 1.3398604393302516
2.6892992915527785 1.339799797597527
2.6890870788083014 1.3397391653845427
2.688874899370755 1.3396785426890936
2.6886627532321885 1.339617929506963
2.688450640378638 1.3395573258339362
2.6882385608021617 1.3394967316698252
2.688026514487802 1.3394361470084053
2.687814501425619 1.3393755718474787
2.6876025216026704 1.3393150061828365
2.6873905750080223 1.3392544500122834
2.6871786616307456 1.3391939033316136
2.686966781457911 1.3391333661386347
2.6867549344806028 1.3390728384311554
2.686543120683895 1.3390123202049744
2.686331340060886 1.3389518114558914
2.686119592596659 1.3388913121797081
2.6859078782803105 1.3388308223762504
2.685696197098937 1.3387703420393116
2.685484549042646 1.3387098711646976
2.6852729340985437 1.3386494097522381
2.685061352256746 1.3385889577977421
2.6848498035043673 1.33852851529702
2.684638287832535 1.3384680822478945
2.684426805224363 1.3384076586461788
2.6842153556719888 1.3383472444896984
2.6840039391655504 1.33828683977427
2.683792555692184 1.3382264444957113
2.6835812052420356 1.3381660586518516
2.683369887801248 1.3381056822405217
2.6831586033609782 1.3380453152575442
2.682947351906375 1.3379849576987428
2.682736133429606 1.3379246095619521
2.682524947915829 1.3378642708429993
2.6823137953552156 1.3378039415397216
2.6821026757349364 1.337743621647949
2.681891589046174 1.3376833111655215
2.681680535278111 1.337623010088272
2.6814695144179304 1.337562718414043
2.6812585264518183 1.3375024361386705
2.6810475713699717 1.3374421632579914
2.6808366491625923 1.3373818997698528
2.6806257598188843 1.337321645670095
2.680414903320042 1.337261400956567
2.6802040796632913 1.33720116562712
2.6799932888338422 1.3371409396775986
2.679782530821917 1.337080723101841
2.6795718056147377 1.3370205158997095
2.6793611132025354 1.336960318067053
2.679150453574543 1.3369001296017293
2.6789398267169946 1.3368399504995898
2.678729232620133 1.336779780758495
2.678518671272203 1.3367196203722926
2.6783081426604523 1.3366594693408524
2.678097646777139 1.3365993276580255
2.6778871836095197 1.3365391953236834
2.6776767531478582 1.336479072333687
2.677466355373412 1.3364189586838982
2.6772559902814588 1.3363588543721863
2.677045657860273 1.3362987593944164
2.6768353580981334 1.3362386737484604
2.6766250909833227 1.3361785974301863
2.6764148565061294 1.3361185304354632
2.6762046546528424 1.3360584727621674
2.675994485411757 1.335998424408176
2.6757843487771784 1.3359383853693625
2.6755742447324056 1.335878355643607
2.675364173267748 1.3358183352267856
2.675154134370516 1.3357583241147766
2.674944128034031 1.335698322303459
2.67473415424361 1.3356383297927228
2.6745242129865767 1.3355783465764457
2.6743143042532616 1.3355183726525157
2.6741044280400024 1.3354584080208258
2.673894584328132 1.335398452673255
2.6736847731039894 1.3353385066096983
2.673474994358922 1.3352785698260454
2.6732652480852814 1.335218642318187
2.673055534268419 1.335158724084019
2.6728458528976935 1.335098815121438
2.6726362039624667 1.3350389154263391
2.6724265874511044 1.334979024994619
2.6722170033539774 1.3349191438241783
2.672007451657459 1.3348592719109165
2.671797932352928 1.3347994092527369
2.671588445427767 1.3347395558455417
2.6713789908713625 1.3346797116872369
2.671169568675106 1.3346198767737274
2.670960178822391 1.33456005110092
2.670750821305617 1.3345002346687262
2.6705414961141862 1.3344404274710537
2.6703322032345063 1.3343806295058147
2.670122942659988 1.334320840770923
2.6699137143760465 1.334261061262292
2.669704518373101 1.3342012909758367
2.669495354641575 1.3341415299094745
2.669286223166896 1.3340817780611245
2.669077123936495 1.3340220354247048
2.668868056944807 1.3339623020001372
2.668659022178272 1.3339025777813436
2.6684500196253333 1.3338428627662477
2.668241049274439 1.3337831569527747
2.6680321111210388 1.3337234603368509
2.6678232051475903 1.3336637729144039
2.6676143313445526 1.3336040946853625
2.6674054896993895 1.333544425645657
2.667196680205568 1.3334847657912194
2.666987902847561 1.333425115117983
2.666779157616843 1.3333654736238816
2.666570444501895 1.3333058413068506
2.666361763493199 1.3332462181608282
2.666153114579244 1.3331866041837526
2.665944497747522 1.3331269993735626
2.6657359129855296 1.3330674037281987
2.6655273602867644 1.333007817241605
2.6653188396367318 1.3329482399137234
2.6651103510269385 1.3328886717385007
2.6649018944458964 1.3328291127138827
2.664693469881122 1.332769562837816
2.664485077324134 1.3327100221082482
2.6642767167644554 1.332650490519133
2.664068388188616 1.3325909680684207
2.663860091586147 1.332531454754063
2.6636518269485814 1.332471950572015
2.663443594262462 1.332412455518234
2.66323539351833 1.3323529695906753
2.663027224707732 1.3322934927872956
2.662819087815223 1.3322340251040556
2.6626109828313567 1.3321745665389146
2.6624029097436943 1.3321151170858394
2.6621948685467935 1.3320556767427918
2.6619868592252263 1.3319962455077348
2.6617788817705614 1.3319368233786324
2.6615709361713744 1.3318774103494577
2.6613630224182425 1.3318180064201732
2.6611551404947558 1.331758611584755
2.660947290396493 1.3316992258411724
2.6607394721070516 1.3316398491873955
2.660531685620021 1.3315804816194003
2.660323930924 1.3315211231351598
2.6601162080095904 1.3314617737306524
2.659908516863401 1.3314024334038537
2.6597008574770395 1.3313431021487498
2.6594932298351264 1.3312837799653137
2.6592856339332704 1.331224466851524
2.6590780697561005 1.3311651628013716
2.6588705372942405 1.3311058678108436
2.658663036538318 1.331046581879917
2.6584555674759693 1.3309873050045815
2.658248130096831 1.330928037182822
2.658040724389546 1.3308687784086368
2.6578333503427602 1.3308095286820074
2.6576260079491174 1.330750287996935
2.657418697193278 1.3306910563534033
2.657211418071886 1.33063183374741
2.6570041705666165 1.330572620174954
2.6567969546701273 1.3305134156320357
2.656589770371088 1.3304542201186433
2.656382617662165 1.33039503363078
2.6561754965280433 1.3303358561644498
2.6559684069603975 1.3302766877156587
2.6557613489459175 1.3302175282843989
2.6555543224772835 1.3301583778646864
2.655347327540195 1.3300992364545237
2.6551403641273397 1.3300401040499215
2.6549334322294142 1.3299809806508769
2.6547265318341253 1.3299218662534034
2.6545196629331747 1.329862760851524
2.654312825509287 1.3298036644452393
2.6541060195571653 1.3297445770305667
2.6538992450645313 1.3296854986035254
2.653692502022104 1.3296264291621271
2.6534857904176126 1.3295673687023937
2.653279110241784 1.3295083172223394
2.6530724614833536 1.32944927471998
2.652865844137045 1.3293902411913407
2.6526592581796304 1.329331216632449
2.652452703608834 1.3292722010413234
2.6522461804163986 1.3292131944159846
2.6520396885890833 1.329154196750473
2.6518332281166432 1.3290952080448015
2.65162679898784 1.3290362282930137
2.651420401192437 1.3289772574951246
2.651214034719203 1.3289182956451808
2.6510076995618976 1.3288593427431994
2.650801395703314 1.3288003987852193
2.650595123140211 1.328741463765291
2.650388881854392 1.3286825376834352
2.6501826718386345 1.328623620535695
2.649976493084721 1.3285647123201032
2.649770345580451 1.3285058130327057
2.649564229315621 1.328446922671538
2.6493581442780365 1.32838804123066
2.649152090458499 1.3283291687120864
2.6489460678468157 1.3282703051098796
2.648740076430805 1.328211450420092
2.6485341162072604 1.3281526046407648
2.6483281871580253 1.328093767767953
2.6481222892749163 1.3280349397997004
2.64791642254776 1.3279761207340524
2.647710586965389 1.3279173105670674
2.6475047825156444 1.327858509296793
2.6472990091943434 1.32779971691929
2.6470932669833536 1.3277409334306214
2.6468875558804936 1.3276821588288379
2.6466818758676385 1.3276233931119918
2.646476226939624 1.3275646362741627
2.6462706090833157 1.3275058883153916
2.6460650222935564 1.3274471492317477
2.645859466550244 1.3273884190212877
2.6456539418492246 1.3273296976800832
2.645448448184355 1.327270985204207
2.6452429855375375 1.3272122815897334
2.645037553900643 1.32715358683671
2.64483215326455 1.3270949009412134
2.644626783617151 1.3270362238993219
2.6444214449493306 1.3269775557091001
2.6442161372509823 1.326918896366629
2.6440108605100097 1.3268602458699756
2.6438056147173086 1.3268016042152233
2.6436003998657718 1.3267429714004417
2.6433952159423177 1.3266843474217165
2.6431900629368577 1.3266257322771196
2.642984940839306 1.3265671259627392
2.6427798496405766 1.3265085284766498
2.642574789324615 1.326449939814942
2.64236975988832 1.3263913599756927
2.642164761318631 1.326332788954995
2.6419597936044856 1.3262742267509278
2.6417548567378124 1.326215673359587
2.641549950705563 1.326157128779054
2.641345075499673 1.326098593005427
2.6411402311080976 1.3260400660367895
2.6409354175227797 1.3259815478692427
2.640730634731682 1.3259230385008722
2.6405258827267537 1.3258645379277816
2.640321161495965 1.3258060461460757
2.6401164710302774 1.3257475631558269
2.639911811315676 1.3256890889511592
2.6397071823461165 1.3256306235301645
2.639502584107592 1.3255721668909353
2.6392980165960562 1.3255137190295827
2.639093479796514 1.3254552799442016
2.638888973699948 1.3253968496309059
2.638684498294357 1.3253384280877922
2.6384800535727213 1.3252800153109772
2.6382756395250393 1.325221611296578
2.638071256142307 1.3251632160426954
2.6378669034095514 1.325104829547431
2.637662581318772 1.325046451806906
2.6374582898599805 1.3249880828192244
2.6372540290241875 1.32492972258051
2.6370497988004167 1.3248713710868874
2.6368455991786903 1.3248130283384454
2.636641430149034 1.3247546943293302
2.6364372916994876 1.3246963690576516
2.636233183822074 1.3246380525215204
2.6360291065098154 1.3245797447170675
2.6358250597467814 1.3245214456404255
2.6356210435210246 1.3244631552897086
2.635417057831549 1.3244048736650125
2.635213102662434 1.3243466007585125
2.6350091780027394 1.3242883365703064
2.634805283844513 1.3242300810965328
2.6346014201758257 1.3241718343353115
2.634397586989728 1.3241135962827835
2.6341937842713126 1.3240553669350912
2.6339900120166213 1.3239971462903577
2.63378627020976 1.3239389343467072
2.633582558846777 1.3238807311002858
2.633378877913775 1.3238225365492198
2.6331752274028295 1.3237643506876788
2.63297160730403 1.3237061735157705
2.6327680176024955 1.3236480050296457
2.632564458293296 1.3235898452274353
2.6323609293625525 1.3235316941033142
2.6321574308033524 1.323473551657394
2.6319539626038133 1.323415417887809
2.631750524757029 1.323357292790716
2.6315471172511247 1.3232991763602955
2.6313437400732336 1.323241068594685
2.6311403932174544 1.323182969494001
2.630937076672917 1.3231248790524277
2.630733790432733 1.3230667972700836
2.6305305344810654 1.3230087241411557
2.6303273088100387 1.322950659663787
2.630124113410785 1.3228926038341446
2.6299209482744406 1.3228345566523507
2.6297178133861783 1.3227765181125977
2.6295147087391295 1.3227184882150098
2.629311634325435 1.322660466953782
2.629108590133261 1.3226024543290407
2.6289055761507782 1.3225444503349835
2.628702592374114 1.322486454967786
2.6284996387874684 1.3224284682295533
2.6282967153829992 1.3223704901125113
2.628093822149885 1.3223125206167912
2.6278909590812836 1.3222545597405488
2.627688126162404 1.32219660747799
2.627485323382435 1.3221386638272732
2.627282550737527 1.3220807287845822
2.6270798082148867 1.3220228023480778
2.626877095805702 1.3219648845178966
2.626674413499175 1.321906975288251
2.6264717612864996 1.32184907465533
2.6262691391568853 1.321791182619273
2.6260665471015323 1.3217332991742963
2.6258639851106507 1.3216754243185673
2.62566145317346 1.321617558050254
2.6254589512791835 1.3215597003675255
2.625256479419035 1.3215018512646033
2.6250540375842317 1.3214440107396588
2.6248516257630135 1.3213861787908645
2.624649243944617 1.32132835541442
2.62444689212027 1.321270540606526
2.6242445702861703 1.3212127343673317
2.624042278425604 1.3211549366930404
2.623840016531796 1.3210971475798563
2.623637784595986 1.3210393670259584
2.6234355826024642 1.3209815950295263
2.623233410545459 1.320923831584795
2.6230312684182073 1.3208660766899467
2.622829156206003 1.3208083303431644
2.6226270739020907 1.3207505925406595
2.6224250214937572 1.3206928632806174
2.62222299897326 1.320635142559252
2.6220210063308733 1.3205774303747504
2.621819043554888 1.3205197267253013
2.621617110640551 1.320462031607122
2.6214152075741737 1.3204043450164311
2.6212133343460438 1.3203466669514201
2.6210114909464517 1.32028899740831
2.620809677366685 1.3202313363872664
2.620607893597041 1.3201736838805693
2.620406139628814 1.3201160398903578
2.6202044154493285 1.3200584044108856
2.6200027210538575 1.3200007774403513
2.6198010564277463 1.3199431589749826
2.6195994215642884 1.3198855490129797
2.619397816448836 1.3198279475525438
2.6191962410786602 1.3197703545899064
2.6189946954411067 1.3197127701213003
2.6187931795274957 1.3196551941449297
2.618591693326172 1.3195976266590002
2.618390236830448 1.3195400676597475
2.6181888100276827 1.3194825171453797
2.6179874129092093 1.3194249751101648
2.6177860454623936 1.3193674415542826
2.617584707682546 1.3193099164739739
2.617383399559024 1.3192523998674504
2.6171821210821817 1.3191948917309553
2.616980872240391 1.319137392060733
2.616779653027982 1.3190799008569676
2.616578463432341 1.3190224181139365
2.6163773034438345 1.3189649438318256
2.616176173053825 1.3189074780049153
2.6159750722536783 1.318850020633393
2.615774001028809 1.3187925717115416
2.6155729593715815 1.3187351312375821
2.6153719472783337 1.318677699211705
2.6151709647334975 1.3186202756281968
2.6149700117304397 1.3185628604833133
2.6147690882585612 1.318505453777248
2.614568194306273 1.3184480555062592
2.6143673298659595 1.3183906656666062
2.614166494929015 1.3183332842565172
2.6139656894848535 1.3182759112722542
2.6137649135238843 1.3182185467120473
2.6135641670375116 1.3181611905741282
2.6133634500161516 1.3181038428547618
2.6131627624492304 1.3180465035502145
2.612962104328162 1.3179891726567536
2.6127614756433726 1.317931850176549
2.6125608763823136 1.317874536103903
2.6123603065403773 1.317817230435087
2.6121597661060147 1.3177599331683394
2.611959255069664 1.3177026442999333
2.6117587734217667 1.317645363830076
2.611558321152767 1.3175880917530765
2.611357898253113 1.3175308280671774
2.611157504713256 1.3174735727706226
2.6109571405246417 1.3174163258596912
2.6107568056767354 1.3173590873306629
2.610556500159998 1.3173018571837503
2.6103562239658853 1.31724463541327
2.610155977085856 1.3171874220194366
2.6099557595093885 1.3171302169965688
2.6097555712269562 1.3170730203448833
2.609555412228044 1.3170158320606664
2.609355282504123 1.3169586521402061
2.60915518204766 1.3169014805817565
2.608955110846166 1.3168443173816076
2.6087550688901304 1.3167871625380154
2.608555056175995 1.3167300160472726
2.608355072688306 1.316672877907637
2.608155118418554 1.3166157481173677
2.6079551933582326 1.3165586266727605
2.607755297498838 1.3165015135701121
2.607555430828896 1.3164444088076848
2.6073555933418926 1.3163873123817778
2.6071557850263587 1.3163302242926187
2.6069560058718215 1.3162731445345455
2.606756255872767 1.3162160731058241
2.606556535015754 1.3161590100047218
2.606356843295275 1.3161019552275433
2.606157180700869 1.3160449087705943
2.605957547221087 1.3159878706341082
2.6057579428454747 1.3159308408124302
2.6055583675685363 1.3158738193038324
2.6053588213808148 1.3158168061085505
2.6051593042708743 1.3157598012189706
2.6049598162312457 1.3157028046353307
2.604760357251491 1.3156458163559066
2.6045609273241466 1.315588836375051
2.6043615264377897 1.3155318646930039
2.6041621545819913 1.3154749013060825
2.6039628117502884 1.3154179462125666
2.6037634979302764 1.3153609994087756
2.6035642131145083 1.3153040608910298
2.6033649572965305 1.3152471306576123
2.603165730463948 1.315190208704846
2.602966532608332 1.3151332950310155
2.602767363718284 1.315076389634407
2.602568223788354 1.3150194925113465
2.6023691128071498 1.314962603658161
2.602170030768237 1.3149057230751002
2.6019709776592386 1.3148488507584932
2.6017719534687727 1.3147919867046705
2.601572958189422 1.3147351309099635
2.6013739918108016 1.3146782833726651
2.6011750543274816 1.3146214440910693
2.6009761457320546 1.314564613063471
2.6007772660091915 1.3145077902862057
2.6005784151505003 1.3144509757536507
2.6003795931485825 1.3143941694680232
2.6001807999960427 1.314337371423703
2.599982035680536 1.3142805816189895
2.5997833001956634 1.3142238000502242
2.5995845935300768 1.3141670267176682
2.5993859156754024 1.3141102616157057
2.5991872666212887 1.3140535047426403
2.5989886463613487 1.3139967560967767
2.5987900548832568 1.3139400156744616
2.598591492179641 1.3138832834740017
2.598392958239172 1.3138265594917458
2.598194453055475 1.313769843724044
2.5979959766192064 1.3137131361692058
2.597797528921027 1.3136564368275003
2.5975991099476388 1.3135997456933222
2.5974007196956497 1.313543062764984
2.5972023581537482 1.3134863880388412
2.597004025313597 1.313429721515166
2.5968057211658713 1.3133730631864005
2.5966074457002595 1.313316413054776
2.596409198909423 1.3132597711146954
2.596210980782067 1.3132031373644764
2.5960127913108577 1.3131465118024384
2.5958146304874763 1.3130898944229872
2.5956164982986563 1.3130332852283582
2.595418394738064 1.3129766842110024
2.595220319797389 1.3129200913712
2.5950222734663435 1.312863506705318
2.5948242557386028 1.3128069302116816
2.5946262666028956 1.3127503618866603
2.5944283060479543 1.3126938017285807
2.5942303740684522 1.3126372497357708
2.5940324706501583 1.312580705902647
2.593834595791711 1.3125241702294954
2.593636749478885 1.312467642710735
2.593438931704386 1.3124111233466527
2.5932411424599335 1.3123546121336258
2.593043381733291 1.312298109069988
2.592845649518163 1.312241614152118
2.5926479458062768 1.3121851273763965
2.592450270585406 1.3121286487431147
2.592252623849263 1.3120721782467
2.592055005587606 1.3120157158854906
2.5918574157901957 1.3119592616578257
2.591659854451743 1.3119028155600911
2.5914623215600363 1.311846377590628
2.5912648171078136 1.3117899477477781
2.5910673410838583 1.311733526025976
2.590869893480914 1.3116771124255198
2.590672474289749 1.311620706940846
2.5904750835021235 1.3115643095722551
2.5902777211078223 1.3115079203161397
2.5900803870976223 1.3114515391708474
2.5898830814642824 1.3113951661327734
2.5896858041975954 1.3113388011983138
2.589488555289337 1.3112824443677726
2.5892913347293063 1.3112260956355948
2.5890941425112626 1.3111697550020858
2.588896978621055 1.311113422463646
2.5886998430554153 1.3110570980166767
2.588502735803166 1.3110007816595333
2.588305656854122 1.310944473388619
2.5881086062030447 1.3108881732022915
2.587911583839755 1.3108318810989084
2.587714589753087 1.3107755970748762
2.5875176239358337 1.3107193211266028
2.5873206863778244 1.3106630532524493
2.5871237770718576 1.310606793448825
2.586926896009746 1.310550541716045
2.5867300431773725 1.310494298050521
2.5865332185714993 1.3104380624486658
2.5863364221809815 1.310381834908845
2.5861396539966544 1.3103256154274734
2.5859429140133114 1.3102694040029184
2.585746202214873 1.3102132006315972
2.5855495185981154 1.310157005311879
2.585352863151908 1.3101008180421339
2.5851562358690785 1.310044638818782
2.584959636742457 1.3099884676382447
2.5847630657589447 1.3099323045008457
2.5845665229074233 1.3098761494010573
2.5843700081856738 1.3098200023372546
2.5841735215825836 1.3097638633078132
2.58397706308902 1.30970773231111
2.5837806326988186 1.3096516093416215
2.58358423039791 1.3095954943977268
2.5833878561811243 1.3095393874797552
2.58319151003934 1.309483288582187
2.5829951919624503 1.3094271977034038
2.5827989019423283 1.309371114839838
2.5826026399708493 1.309315039991822
2.5824064060389036 1.3092589731538413
2.582210200137385 1.3092029143242807
2.5820140222532353 1.309146863501526
2.581817872386248 1.3090908206820147
2.581621750523372 1.3090347858641347
2.5814256566574882 1.3089787590443256
2.581229590775551 1.3089227402209769
2.5810335528724235 1.308866729392479
2.5808375429380304 1.308810726553326
2.5806415609642754 1.3087547317038586
2.5804456069420776 1.3086987448405218
2.5802496808623583 1.3086427659597613
2.5800537827170302 1.3085867950599719
2.5798579124970207 1.3085308321395497
2.5796620701922715 1.3084748771949435
2.579466255797667 1.308418930224551
2.5792704693031556 1.3083629912248231
2.5790747106986878 1.3083070601961069
2.5788789799752045 1.3082511371329075
2.5786832771256263 1.3081952220336264
2.578487602138924 1.3081393148947185
2.5782919550099987 1.308083415716534
2.578096335729803 1.3080275244935828
2.577900744288305 1.3079716412242701
2.577705180676462 1.3079157659070015
2.5775096448881993 1.307859898538237
2.57731413691053 1.307804039116384
2.577118656736395 1.307748187637905
2.5769232043567647 1.3076923441012087
2.576727779765574 1.3076365085027597
2.5765323829488596 1.3075806808409691
2.5763370139005626 1.307524861114249
2.576141672616601 1.307469049319066
2.5759463590830207 1.3074132454518885
2.5757510732937705 1.307357449513077
2.575555815240827 1.307301661497156
2.575360584914194 1.3072458814044872
2.5751653823028913 1.3071901092315428
2.574970207400879 1.3071343449747959
2.574775060197182 1.3070785886326657
2.5745799406887278 1.307022840201627
2.574384848861585 1.3069670996801013
2.5741897847087363 1.3069113670645653
2.573994748223168 1.306855642353442
2.5737997393939196 1.306799925545155
2.573604758214969 1.3067442166381287
2.573409804675362 1.3066885156268997
2.573214878768095 1.3066328225118387
2.5730199804832052 1.3065771372874844
2.572825109812708 1.306521459954209
2.572630266750596 1.3064657905065538
2.5724354512859273 1.3064101289448922
2.5722406634087513 1.3063544752637677
2.572045903112081 1.306298829465499
2.571851170386957 1.3062431915446313
2.5716564652244243 1.306187561497655
2.5714617876165167 1.3061319393230042
2.571267137553297 1.3060763250191139
2.5710725150297655 1.3060207185844201
2.5708779200340164 1.3059651200134739
2.5706833525600685 1.3059095293066556
2.570488812597009 1.3058539464604613
2.570294300138861 1.3057983714733303
2.5700998151737307 1.3057428043398183
2.569905357696634 1.3056872450603085
2.569710927696669 1.3056316936332433
2.5695165251658967 1.305576150053181
2.5693221500963808 1.3055206143205078
2.5691278024811743 1.3054650864317263
2.5689334823093866 1.3054095663813985
2.568739189572103 1.3053540541718542
2.568544924264357 1.3052985497976575
2.56835068637428 1.3052430532572565
2.5681564758949387 1.3051875645491005
2.567962292817428 1.3051320836677567
2.567768137132848 1.3050766106155585
2.5675740088332852 1.305021145387075
2.567379907910831 1.304965687980759
2.5671858343565916 1.3049102383931228
2.566991788159704 1.3048547966226207
2.566797769315226 1.304799362667708
2.5666037778152586 1.3047439365248998
2.566409813646974 1.3046885181907129
2.566215876804451 1.3046331076636046
2.566021967279799 1.304577704942034
2.5658280850631576 1.3045223100225198
2.5656342301486137 1.3044669229035228
2.565440402526312 1.3044115435835038
2.5652466021863995 1.304356172058985
2.5650528291200128 1.3043008083264895
2.564859083322235 1.3042454523844813
2.5646653647832225 1.3041901042294854
2.5644716734951047 1.3041347638619065
2.5642780094500153 1.3040794312763326
2.5640843726381175 1.3040241064731697
2.563890763050564 1.303968789448947
2.5636971806814675 1.303913480200194
2.5635036255170554 1.3038581787253807
2.56331009755539 1.3038028850210388
2.563116596786648 1.3037475990875784
2.5629231231990373 1.3036923209195947
2.5627296767876695 1.303637050515561
2.5625362575447017 1.3035817878720128
2.5623428654593354 1.3035265329893633
2.5621495005207753 1.3034712858641497
2.5619561627261147 1.3034160464948485
2.5617628520645632 1.3033608148779994
2.561569568529277 1.3033055910101425
2.561376312109471 1.3032503748897573
2.561183082800277 1.3031951665153232
2.5609898805879587 1.3031399658833838
2.560796705468639 1.3030847729924204
2.5606035574345007 1.3030295878389786
2.560410436472801 1.3029744104215413
2.560217342578685 1.3029192407366557
2.560024275740401 1.3028640787847436
2.559831235957041 1.3028089245604173
2.5596382232139017 1.3027537780621632
2.559445237504167 1.302698639288469
2.5592522788210244 1.3026435082358863
2.55905934715372 1.3025883849029043
2.558866442496431 1.3025332692860767
2.5586735648403813 1.3024781613838943
2.5584807141767962 1.3024230611948489
2.558287890499861 1.302367968713561
2.5580950937968647 1.3023128839404596
2.557902324061012 1.3022578068721034
2.557709581283539 1.3022027375069871
2.557516865458641 1.3021476758436068
2.5573241765765737 1.302092621876588
2.5571315146295666 1.3020375756044287
2.556938879606896 1.3019825370256268
2.556746271503752 1.3019275061406166
2.556553690310401 1.3018724829420931
2.556361136021053 1.3018174674304919
2.55616860862401 1.30176245960238
2.555976108111516 1.3017074594562599
2.5557836344768035 1.3016524669906346
2.5555911877121225 1.3015974822001397
2.5553987678077554 1.30154250508328
2.555206374756942 1.3014875356404956
2.5550140085470145 1.3014325738664245
2.554821669176143 1.3013776197615083
2.5546293566346203 1.3013226733203875
2.554437070912741 1.3012677345435049
2.5542448120027736 1.301212803425503
2.5540525798960028 1.3011578799668262
2.5538603745847013 1.3011029641640524
2.5536681960621292 1.3010480560156938
2.5534760443176094 1.3009931555183305
2.553283919346377 1.3009382626685433
2.553091821135791 1.30088337746678
2.552899749681091 1.3008284999096233
2.5527077049725952 1.300773629993657
2.552515687002594 1.3007187677154652
2.55232369576338 1.3006639130754991
2.5521317312462646 1.3006090660703449
2.551939793440591 1.3005542266985222
2.551747882344568 1.3004993949566193
2.551555997942621 1.3004445708431576
2.551364140234933 1.300389754354727
2.5511723092069194 1.3003349454898505
2.55098050485286 1.3002801442451202
2.5507887271650675 1.3002253506190604
2.5505969761368426 1.3001705646101969
2.55040525175558 1.300115786215124
2.5502135540155697 1.3000610154343002
2.550021882912088 1.3000062522604594
2.549830238431553 1.2999514966959926
2.5496386205692474 1.299896748735567
2.549447029314547 1.299842008377713
2.5492554646627386 1.2997872756190303
2.54906392660222 1.2997325504580513
2.5488724151263136 1.2996778328952392
2.5486809302273596 1.2996231229252662
2.548489471896717 1.299568420544736
2.5482980401267303 1.299513725752184
2.548106634908764 1.2994590385480762
2.5479152562371365 1.299404358927089
2.5477239041022326 1.2993496868877599
2.547532578496407 1.299295022428627
2.547341279409065 1.2992403655462998
2.5471500068345354 1.2991857162393181
2.5469587607651807 1.2991310745062226
2.5467675411894293 1.2990764403416957
2.5465763481065378 1.2990218137462093
2.5463851815029717 1.2989671947183064
2.5461940413730715 1.2989125832526722
2.5460029277062604 1.2988579793478516
2.5458118404968837 1.2988033830023902
2.5456207797363373 1.298748794214834
2.5454297454140518 1.2986942129798726
2.5452387375243792 1.2986396392979827
2.5450477560616753 1.2985850731657842
2.544856801014394 1.2985305145798984
2.5446658723768953 1.2984759635408036
2.544474970139606 1.2984214200451227
2.544284094295907 1.2983668840894795
2.5440932448352456 1.2983123556724265
2.543902421751992 1.298257834792517
2.5437116250375666 1.2982033214463777
2.5435208546814247 1.2981488156325633
2.5433301106808943 1.298094317347702
2.54313939302642 1.2980398265903503
2.542948701707464 1.2979853433571384
2.5427580367193943 1.297930867644697
2.5425673980506946 1.2978763994535123
2.542376785698705 1.2978219387821441
2.542186199651915 1.297767485625299
2.541995639900783 1.297713039981538
2.541805106438721 1.2976586018494234
2.5416145992552095 1.2976041712255915
2.541424118349567 1.2975497481105323
2.5412336637093116 1.2974953324989573
2.541043235327865 1.2974409243894318
2.5408528331966838 1.2973865237805218
2.5406624573072283 1.2973321306688679
2.5404721076519436 1.2972777450511117
2.540281784220327 1.2972233669277475
2.54009148701073 1.2971689962954187
2.5399012160136376 1.2971146331526948
2.539710971214622 1.2970602774962212
2.5395207526149903 1.2970059293245693
2.5393305602013023 1.2969515886343856
2.5391403939660204 1.2968972554242435
2.5389502539016093 1.2968429296927166
2.538760140000536 1.2967886114364542
2.5385700522572363 1.2967343006501817
2.538379990661232 1.2966799973363254
2.5381899552030314 1.2966257014915372
2.5379999458800264 1.29657141311247
2.5378099626797805 1.296517132197702
2.5376200055967413 1.2964628587438884
2.537430074622409 1.296408592749609
2.5372401697463207 1.2963543342134445
2.537050290967846 1.2963000831320524
2.536860438276527 1.2962458395040148
2.536670611656992 1.2961916033279148
2.536480811107635 1.2961373746004123
2.5362910366209532 1.2960831533181683
2.536101288189448 1.2960289394816915
2.535911565804638 1.2959747330857212
2.5357218694580457 1.2959205341288442
2.5355321991402127 1.2958663426096484
2.5353425548485626 1.2958121585267222
2.5351529365736423 1.2957579818767313
2.5349633443030517 1.295703812656343
2.534773778032256 1.2956496508641477
2.534584237753774 1.2955954964987373
2.534394723460128 1.295541349556781
2.53420523513991 1.295487210036872
2.5340157727905597 1.295433077937604
2.5338263364006752 1.2953789532556492
2.533636925962787 1.2953248359876806
2.533447541472376 1.2952707261342165
2.5332581829180474 1.2952166236900093
2.5330688502962695 1.2951625286555788
2.5328795435966347 1.2951084410256795
2.5326902628116854 1.2950543608008322
2.532501007932001 1.2950002879777154
2.5323117789511116 1.2949462225530077
2.532122575859601 1.2948921645272324
2.5319333986510038 1.2948381138970702
2.531744247320822 1.2947840706592022
2.5315551218586636 1.2947300348141537
2.5313660222570884 1.2946760063566867
2.5311769485076745 1.2946219852854064
2.5309879006049503 1.294567971598919
2.5307988785414812 1.29451396529391
2.530609882305906 1.2944599663689869
2.5304209118917775 1.2944059748208374
2.53023196729265 1.2943519906480705
2.5300430484991345 1.2942980138492959
2.529854155506755 1.2942440444212036
2.529665288303179 1.2941900823624048
2.5294764468829536 1.2941361276695915
2.529287631236698 1.2940821803432963
2.5290988413599456 1.2940282403782926
2.5289100772472493 1.2939743077731947
2.5287213388833427 1.2939203825285372
2.528532626266712 1.2938664646371771
2.5283439393860245 1.2938125540996506
2.528155278238789 1.293758650912655
2.5279666428126943 1.2937047550748086
2.527778033100344 1.293650866586649
2.527589449095324 1.2935969854429574
2.5274008907912235 1.2935431116423541
2.527212358178688 1.293489245181541
2.5270238512522933 1.2934353860591397
2.526835369998761 1.293381534271854
2.5266469144146355 1.2933276898202255
2.5264584844925353 1.2932738526990413
2.5262700802250806 1.2932200229069257
2.526081701601949 1.2931662004425044
2.5258933486177293 1.2931123853044033
2.5257050212621035 1.2930585774893313
2.5255167195365384 1.2930047769959157
2.525328443420902 1.2929509838208668
2.5251401929156825 1.292897197962814
2.5249519680115537 1.2928434194184695
2.5247637687011544 1.2927896481864634
2.5245755949761435 1.292735884265427
2.5243874468291647 1.2926821276520752
2.5241993242499183 1.2926283783450405
2.524011227235961 1.292574636341039
2.523823155777979 1.2925209016387054
2.523635109868625 1.2924671742366742
2.5234470894946637 1.2924134541316643
2.5232590946566047 1.292359741322312
2.523071125343181 1.2923060358053378
2.5228831815450907 1.2922523375774628
2.522695263259905 1.2921986466392426
2.5225073704744005 1.2921449629873996
2.5223195031871346 1.2920912866186578
2.5221316613878333 1.2920376175335742
2.521943845066224 1.291983955726958
2.5217560542198894 1.2919303011993675
2.5215682888375803 1.2918766539475297
2.5213805489119765 1.2918230139681728
2.5211928344367402 1.2917693812618565
2.5210051454035742 1.291715755823395
2.5208174818051643 1.2916621376533495
2.5206298436341985 1.2916085267484512
2.5204422308804233 1.2915549231054322
2.5202546435414375 1.2915013267229407
2.5200670816069923 1.2914477375996252
2.519879545070766 1.2913941557322204
2.51969203392742 1.2913405811193763
2.519504548161806 1.2912870137578294
2.519317087774478 1.2912334536481458
2.5191296527542164 1.2911799007851485
2.518942243095692 1.291126355167491
2.5187548587886712 1.291072816793827
2.5185674998258665 1.2910192856628109
2.518380166200974 1.2909657617692696
2.5181928579067105 1.2909122451137733
2.518005574934814 1.2908587356949786
2.5178183172799677 1.290805233507715
2.5176310849309713 1.2907517385525544
2.517443877881531 1.2906982508243285
2.517256696125356 1.2906447703236104
2.5170695396541953 1.2905912970471467
2.516882408465686 1.2905378309916853
2.516695302545696 1.2904843721578012
2.516508221890885 1.2904309205422433
2.5163211664910503 1.290377476141762
2.516134136340894 1.2903240389550208
2.515947131430216 1.2902706089806846
2.515760151752744 1.2902171862174183
2.515573197301224 1.2901637706600628
2.5153862680693875 1.2901103623091972
2.5151993640490056 1.2900569611615764
2.5150124852338127 1.2900035672139563
2.514825631613623 1.2899501804650055
2.5146388031841367 1.2898968009133938
2.514451999934192 1.289843428557791
2.5142652218614554 1.2897900633949566
2.514078468959672 1.28973670542165
2.5138917412157253 1.2896833546384552
2.5137050386223843 1.2896300110402221
2.513518361173401 1.2895766746275361
2.513331708862529 1.2895233453971602
2.513145081683526 1.289470023345858
2.5129584796272075 1.2894167084723056
2.5127719026883155 1.2893634007751795
2.51258535085669 1.289310100253157
2.5123988241270765 1.289256806903005
2.5122123224903006 1.2892035207214916
2.512025845939151 1.2891502417072958
2.5118393944703405 1.289096969859098
2.5116529680717594 1.2890437051736683
2.5114665667391445 1.2889904476477778
2.5112801904623514 1.2889371972839294
2.511093839236141 1.2888839540750752
2.5109075130503724 1.2888307180218088
2.510721211904713 1.2887774891209045
2.510534935783145 1.2887242673710475
2.510348684681417 1.2886710527709233
2.5101624585943 1.2886178453173085
2.5099762575116653 1.2885646450088901
2.5097900814273073 1.2885114518424463
2.509603930332082 1.2884582658166657
2.5094178042256696 1.2884050869302373
2.50923170309599 1.2883519151799416
2.509045626935866 1.28829875056256
2.5088595757371417 1.288245593076784
2.508673549493625 1.2881924427213054
2.5084875481981452 1.2881392994948169
2.5083015718405925 1.288086163392194
2.5081156204177213 1.2880330344140398
2.507929693921387 1.2879799125571403
2.507743792345407 1.2879267978201907
2.507557915678701 1.2878736902018872
2.5073720639160713 1.28782058969711
2.5071862370523217 1.287767496308373
2.507000435077358 1.28771441002865
2.5068146579840285 1.2876613308604556
2.5066289057671436 1.287608258798674
2.5064431784185754 1.2875551938400973
2.506257475930199 1.287502135987242
2.5060717982958507 1.2874490852349942
2.5058861455064294 1.287396041580149
2.5057005175577354 1.2873430050233168
2.5055149144396918 1.2872899755612934
2.5053293361471236 1.2872369531927836
2.505143782671918 1.287183937914585
2.5049582540040043 1.2871309297254037
2.5047727501440926 1.2870779286220388
2.5045872710811374 1.2870249346031977
2.5044018168050743 1.2869719476675878
2.504216387310741 1.286918967812011
2.504030982591016 1.2868659950351764
2.5038456026358427 1.2868130293338875
2.5036602474400635 1.2867600707068547
2.5034749169985244 1.2867071191527892
2.503289611303133 1.2866541746684967
2.503104330348739 1.2866012372526896
2.5029190741233363 1.2865483069021753
2.5027338426227574 1.2864953836156674
2.502548635835001 1.2864424673918808
2.5023634537608017 1.2863895582276248
2.502178296390121 1.2863366561216154
2.5019931637178208 1.286283761070664
2.501808055731908 1.2862308730734873
2.501622972426268 1.2861779921288035
2.5014379137938105 1.2861251182334261
2.501252879829404 1.2860722513860743
2.5010678705230234 1.2860193915835632
2.500882885869542 1.2859665388246133
2.5006979258638355 1.285913693107946
2.500512990493926 1.2858608544322832
2.500328079756652 1.2858080227925381
2.500143193641998 1.2857551981874344
2.499958332147786 1.2857023806176004
2.499773495261067 1.2856495700779522
2.499588682976729 1.285596766567215
2.4994038952906408 1.285543970084115
2.4992191321918185 1.2854911806273785
2.4990343936761352 1.285438398193829
2.498849679731632 1.2853856227802911
2.498664990355165 1.2853328543873968
2.4984803255386967 1.2852800930119719
2.498295685277128 1.2852273386508428
2.4981110695643847 1.2851745913027404
2.4979264783875386 1.2851218509663958
2.497741911743456 1.285069117638638
2.497557369624109 1.2850163913181993
2.4973728520214724 1.2849636720038133
2.4971883589294808 1.2849109596923112
2.497003890342071 1.2848582543824272
2.4968194462512234 1.2848055560709941
2.4966350266508788 1.284752864756748
2.4964506315330217 1.284700180436523
2.4962662608915966 1.2846475031109588
2.496081914718593 1.2845948327749885
2.4958975930050222 1.2845421694292531
2.4957132957467927 1.2844895130705898
2.4955290229349205 1.2844368636958363
2.4953447745633603 1.2843842213037333
2.495160550627048 1.2843315858930222
2.494976351116026 1.2842789574605429
2.4947921760252347 1.28422633600694
2.494608025346679 1.2841737215271531
2.4944238990704077 1.2841211140199265
2.4942397971923453 1.2840685134840046
2.4940557197054813 1.2840159199162313
2.493871666606723 1.2839633333153526
2.493687637885149 1.2839107536801149
2.493503633532777 1.2838581810092653
2.493319653542604 1.28380561529775
2.4931356979076305 1.2837530565443174
2.492951766622815 1.2837005047496173
2.4927678596792044 1.2836479599085984
2.492583977070783 1.283595422020011
2.4924001187905587 1.2835428910826063
2.492216284833498 1.283490367095136
2.492032475188699 1.2834378500544525
2.4918486898530894 1.2833853399574084
2.4916649288157706 1.2833328368027577
2.4914811920736746 1.2832803405911544
2.4912974796178644 1.283227851317554
2.4911137914403825 1.283175368980712
2.4909301275371885 1.2831228935793848
2.4907464878973937 1.2830704251123293
2.4905628725169615 1.283017963574504
2.490379281390878 1.2829655089665668
2.4901957145082614 1.2829130612853772
2.490012171864102 1.2828606205296946
2.4898286534494787 1.2828081866963803
2.489645159259385 1.2827557597841952
2.489461689286861 1.2827033397919005
2.4892782435259257 1.2826509267163597
2.48909482196571 1.2825985205563355
2.4889114246012154 1.2825461213086926
2.488728051424511 1.2824937289721954
2.4885447024325584 1.2824413435456083
2.488361377615475 1.2823889650276967
2.488178076964357 1.28233659341343
2.487994800479107 1.2822842287034733
2.4878115481488696 1.2822318708946954
2.4876283199657254 1.2821795199858643
2.4874451159246918 1.2821271759738508
2.487261936015897 1.2820748388574241
2.4870787802343624 1.2820225086334562
2.4868956485731544 1.281970185300718
2.4867125410263204 1.28191786885798
2.486529457587909 1.2818655593040142
2.486346398246102 1.281813256635696
2.486163363000821 1.2817609608499008
2.485980351837318 1.2817086719472994
2.4857973647516056 1.2816563899247693
2.485614401742632 1.2816041147791883
2.4854314627976115 1.281551846509332
2.4852485479115844 1.28149958511208
2.4850656570776373 1.2814473305881058
2.484882790284946 1.2813950829323937
2.484699947532469 1.2813428421456183
2.4845171288132972 1.2812906082265583
2.4843343341156356 1.2812383811702004
2.4841515634384472 1.2811861609772208
2.4839688167699405 1.2811339476445043
2.4837860941071264 1.281081741168936
2.4836033954391956 1.2810295415492978
2.483420720761207 1.2809773487843723
2.4832380700672436 1.280925162871047
2.4830554433523684 1.2808729838081057
2.482872840602847 1.2808208115962283
2.4826902618186337 1.2807686462285135
2.4825077069899093 1.2807164877056425
2.4823251761107663 1.2806643360245065
2.482142669172366 1.2806121911857873
2.481960186174671 1.2805600531863774
2.481777727103959 1.28050792202317
2.48159529195433 1.2804557976949542
2.4814128807218414 1.2804036802005192
2.4812304933957092 1.2803515695367604
2.481048129971017 1.280299465700574
2.4808657904418725 1.2802473686907514
2.4806834748023854 1.2801952785060846
2.4805011830427572 1.2801431951453661
2.4803189151590566 1.280091118605495
2.480136671143444 1.2800390488871591
2.4799544509861264 1.2799869859853648
2.479772254685133 1.2799349298989071
2.4795900822296977 1.2798828806265818
2.479407933613943 1.279830838167185
2.479225808834926 1.2797788025157266
2.479043707883841 1.2797267736728974
2.478861630752862 1.2796747516356024
2.4786795774361194 1.2796227364026402
2.4784975479277453 1.2795707279709172
2.4783155422208965 1.2795187263392334
2.4781335603067767 1.2794667315063892
2.477951602179524 1.279414743469293
2.477769667833278 1.279362762226747
2.4775877572592484 1.2793107877775531
2.477405870451579 1.2792588201186221
2.477224007404414 1.279206859246865
2.47704216810897 1.2791549051629787
2.4768603525613497 1.2791029578619835
2.47667856075375 1.2790510173464693
2.4764967926793457 1.278999083611458
2.476315048331315 1.2789471566557564
2.4761333277028363 1.278895236474388
2.4759516307861142 1.2788433230699443
2.47576995757824 1.2787914164374508
2.47558830806849 1.278739516577608
2.4754066822520047 1.2786876234873346
2.475225080120996 1.278635737163549
2.4750435016706085 1.2785838576050628
2.474861946891103 1.2785319848106875
2.4746804157776277 1.2784801187792354
2.47449890832631 1.2784282595076282
2.474317424527416 1.2783764069927883
2.474135964375123 1.2783245612354208
2.4739545278626323 1.2782727222324497
2.4737731149831474 1.2782208899807994
2.4735917257298734 1.278169064479286
2.473410360099925 1.278117245726726
2.4732290180796728 1.2780654337219366
2.473047699663305 1.278013628461845
2.4728664048489173 1.2779618299433795
2.4726851336267948 1.277910038167249
2.472503885992107 1.2778582531284932
2.4723226619370946 1.2778064748259321
2.472141461457909 1.2777547032583867
2.471960284539957 1.2777029384246783
2.4717791311833 1.277651180323629
2.471598001381163 1.2775994289521715
2.471416895128727 1.2775476843091291
2.471235812414338 1.2774959463895468
2.47105475323318 1.2774442151960277
2.4708737175775086 1.277392490723618
2.470692705443489 1.2773407729711437
2.4705117168233808 1.2772890619374309
2.470330751711399 1.2772373576194174
2.4701498100988304 1.2771856600159306
2.469968891978917 1.2771339691257986
2.4697879973449024 1.2770822849440726
2.4696071261939383 1.2770306074714706
2.469426278517319 1.276978936706822
2.469245454307317 1.2769272726470693
2.4690646535552307 1.2768756152891547
2.4688838762601715 1.2768239646337984
2.4687031224134413 1.2767723206779444
2.46852239200732 1.2767206834185372
2.468341685037995 1.2766690528544105
2.468161001492868 1.2766174289843981
2.4679803413720354 1.2765658118073349
2.4677997046619264 1.276514201320168
2.4676190913655702 1.2764625975198458
2.4674385014703764 1.276411000407092
2.4672579349696133 1.276359409976969
2.4670773918555757 1.2763078262302017
2.466896872123489 1.276256249165628
2.466716375770533 1.2762046787783123
2.466535902782173 1.2761531150689813
2.4663554531565692 1.2761015580327009
2.46617502688993 1.2760500076720853
2.465994623971632 1.2759984639803155
2.465814244397887 1.2759469269581196
2.4656338881600286 1.2758953966043403
2.4654535552474384 1.2758438729159336
2.4652732456612148 1.2757923558917432
2.4650929593946485 1.275740845528727
2.4649126964361514 1.2756893418257294
2.464732456783898 1.2756378447815957
2.4645522404253275 1.2755863543932857
2.464372047356666 1.2755348706596459
2.4641918775751175 1.2754833935795233
2.4640117310691028 1.2754319231498796
2.463831607835829 1.2753804593676774
2.4636515078676258 1.2753290022336512
2.4634714311548707 1.2752775517447648
2.4632913776947767 1.275226107899868
2.463111347478702 1.275174670695926
2.462931340504838 1.2751232401299049
2.4627513567635706 1.2750718162025414
2.4625713962452878 1.275020398912688
2.4623914589491624 1.2749689882554276
2.4622115448665616 1.2749175842314984
2.4620316539888543 1.2748661868378695
2.461851786310339 1.274814796071511
2.4616719418262916 1.2747634119312783
2.4614921205290625 1.2747120344179115
2.4613123224129554 1.274660663526498
2.461132547468372 1.2746092992577793
2.4609527956964508 1.2745579416087287
2.4607730670817425 1.27450659057632
2.460593361620509 1.2744552461594119
2.4604136793119418 1.2744039083568635
2.460234020147428 1.274352577165651
2.460054384114453 1.274301252584635
2.4598747712102615 1.274249934612676
2.4596951814301486 1.2741986232467526
2.459515614765509 1.2741473184857264
2.4593360712126158 1.274096020326577
2.45915655075994 1.274044728770051
2.458977053403759 1.2739934438112457
2.4587975791403527 1.2739421654490257
2.458618127961123 1.273890893684139
2.458438699861378 1.2738396285116855
2.458259294830572 1.273788369932414
2.458079912865967 1.2737371179433084
2.457900553958973 1.2736858725413533
2.457721218102953 1.273634633725417
2.4575419052971244 1.2735834014943679
2.4573626155290005 1.2735321758470748
2.457183348790974 1.2734809567805252
2.457004105080316 1.2734297442917069
2.4568248843903984 1.2733785383794907
2.456645686712643 1.27332733904463
2.456466512044327 1.2732761462822328
2.4562873603749256 1.2732249600911718
2.4561082317017178 1.2731737804703198
2.4559291260180847 1.2731226074166688
2.4557500433144814 1.273071440929093
2.4555709835862425 1.2730202810064672
2.4553919468267527 1.2729691276476667
2.4552129330323256 1.272917980849686
2.4550339421963496 1.2728668406095203
2.45485497431124 1.2728157069260468
2.4546760293664875 1.272764579798143
2.4544971073593875 1.2727134592246871
2.4543182082833352 1.2726623452026768
2.454139332129777 1.2726112377309917
2.4539604788969887 1.2725601368085113
2.453781648575445 1.272509042430355
2.4536028411634243 1.2724579545991646
2.4534240566475045 1.2724068733081806
2.4532452950210915 1.2723557985581655
2.4530665562863687 1.272304730348002
2.4528878404328456 1.272253668676573
2.452709147451982 1.2722026135390025
2.452530477339142 1.2721515649360546
2.452351830084813 1.2721005228647346
2.4521732056872874 1.272049487322048
2.4519946041390077 1.2719984583087607
2.451816025433393 1.2719474358218796
2.451637469563865 1.2718964198584124
2.451458936521896 1.2718454104191264
2.4512804263067607 1.271794407499151
2.4511019389089603 1.2717434110992545
2.4509234743219226 1.2716924212164469
2.4507450325381024 1.2716414378496184
2.4505666135528803 1.2715904609976596
2.450388217360665 1.2715394906575825
2.4502098439558653 1.2714885268264
2.4500314933289933 1.271437569504883
2.4498531654764113 1.2713866186900455
2.4496748603935092 1.271335674380781
2.449496578069829 1.271284736574105
2.4493183185007625 1.2712338052689116
2.449140081675856 1.2711828804622178
2.448961867596354 1.2711319621547974
2.44878367625278 1.27108105034179
2.4486055076395594 1.2710301450239705
2.4484273617462438 1.270979246198358
2.4482492385731094 1.2709283538638505
2.4480711381067883 1.2708774680174684
2.4478930603475595 1.2708265886581105
2.4477150052849828 1.2707757157827988
2.447536972918366 1.2707248493923107
2.447358963238246 1.2706739894836694
2.447180976235163 1.2706231360557758
2.4470030119055046 1.2705722891056543
2.4468250702437127 1.2705214486303302
2.4466471512413053 1.2704706146287061
2.446469254897601 1.2704197870996854
2.4462913812011973 1.2703689660440487
2.446113530144593 1.2703181514569468
2.445935701725161 1.2702673433372849
2.4457578959373523 1.2702165416839681
2.4455801127687975 1.2701657464940261
2.445402352218824 1.2701149577663653
2.4452246142809124 1.2700641754980166
2.4450468989485463 1.270013399689764
2.4448692062152104 1.2699626303367633
2.444691536073416 1.2699118674397993
2.4445138885186006 1.2698611109959055
2.4443362635462025 1.2698103610039917
2.444158661147764 1.2697596174610923
2.443981081314829 1.2697088803661185
2.4438035240438154 1.2696581497179817
2.443625989327245 1.2696074255137184
2.4434484771615383 1.2695567077522412
2.443270987539221 1.2695059964324633
2.443093520453794 1.269455291551423
2.442916075902658 1.2694045931061593
2.4427386538715217 1.2693539010974622
2.442561254360712 1.2693032155242467
2.4423838773608133 1.269252536381679
2.4422065228672833 1.2692018636686753
2.442029190871685 1.2691511973841527
2.441851881373376 1.2691005375270288
2.441674594363922 1.2690498840962214
2.4414973298348905 1.2689992370887746
2.4413200877817474 1.268948596501733
2.4411428681989857 1.2688979623340164
2.4409656710791525 1.268847334584545
2.440788496411873 1.2687967132522393
2.4406113441974897 1.2687460983341465
2.440434214432451 1.2686954898291884
2.4402571071024917 1.2686448877344136
2.4400800222060104 1.268594292048745
2.4399029597375117 1.2685437027711057
2.439725919686632 1.2684931199004197
2.4395489020537227 1.2684425434318645
2.4393719068245265 1.2683919733662385
2.439194933998425 1.2683414097024672
2.439017983566034 1.2682908524357304
2.438841055526739 1.2682403015687007
2.438664149871158 1.268189757094686
2.438487266592835 1.2681392190144871
2.4383104056833678 1.2680886873270323
2.438133567141172 1.2680381620312502
2.4379567509559 1.2679876431204518
2.437779957125971 1.2679371305973124
2.4376031856429887 1.2678866244588896
2.437426436502454 1.2678361247041143
2.4372497096949997 1.2677856313300457
2.4370730052161296 1.2677351443356157
2.4368963230623235 1.2676846637197567
2.4367196632242187 1.2676341894795295
2.436543025697324 1.267583721613868
2.4363664104752023 1.2675332601217055
2.4361898175514174 1.2674828050001055
2.436013246918561 1.2674323562480025
2.4358366985750703 1.2673819138643325
2.4356601725096447 1.26733147784616
2.435483668717802 1.26728104819055
2.435307187196036 1.2672306248983116
2.435130727935973 1.2671802079665109
2.434954290933135 1.2671297973940863
2.4347778761791528 1.2670793931781053
2.4346014836705248 1.2670289953175073
2.434425113398884 1.2669786038112323
2.434248765358786 1.2669282186582205
2.4340724395438134 1.2668778398555418
2.433896135950472 1.2668274674002673
2.433719854571375 1.2667771012932094
2.4335435954001103 1.2667267415295695
2.4333673584302673 1.2666763881082908
2.4331911436544633 1.266626041030187
2.433014951066291 1.266575700292332
2.4328387806642127 1.2665253658917999
2.432662632439877 1.2664750378275362
2.4324865063907755 1.2664247160984865
2.432310402502719 1.2663744007017268
2.432134320777096 1.266324091636204
2.431958261204588 1.266273788900865
2.431782223780746 1.2662234924946578
2.431606208501122 1.2661732024146608
2.431430215354456 1.2661229186579532
2.4312542443372758 1.2660726412234846
2.4310782954461123 1.2660223701102047
2.4309023686736038 1.2659721053170636
2.4307264640114163 1.2659218468411433
2.4305505814531645 1.2658715946813948
2.4303747209963578 1.2658213488349013
2.4301988826336407 1.265771109300615
2.430023066360579 1.2657208760793577
2.429847272165927 1.2656706491663452
2.4296715000481743 1.2656204285624002
2.4294957499980243 1.26557021426274
2.429320022013969 1.2655200062681882
2.429144316087689 1.2654698045758317
2.428968632213786 1.2654196091827583
2.428792970385891 1.2653694200897927
2.4286173305976346 1.2653192372940238
2.428441712847517 1.2652690607925412
2.42826611712236 1.265218890584303
2.4280905434216398 1.2651687266682676
2.4279149917360745 1.2651185690433944
2.427739462062223 1.265068417706775
2.427563954392753 1.2650182726573698
2.4273884687203338 1.2649681338941392
2.427213005041529 1.264918001414177
2.4270375633480383 1.2648678752164446
2.426862143636428 1.2648177552999045
2.426686745897427 1.264767641661652
2.4265113701305245 1.2647175342987833
2.42633601632548 1.264667433212129
2.426160684477893 1.2646173383987867
2.4259853745804447 1.2645672498577207
2.425810086628738 1.2645171675860298
2.4256348206164313 1.2644670915826797
2.4254595765410754 1.26441702184477
2.425284354392439 1.2643669583731338
2.425109154164185 1.2643169011648723
2.4249339758528965 1.264266850218953
2.4247588194502927 1.2642168055324778
2.424583684951987 1.2641667671044161
2.4244085723526205 1.2641167349318707
2.4242334816439177 1.2640667090156774
2.4240584128214957 1.264016689351075
2.4238833658829195 1.2639666759388997
2.4237083408160265 1.2639166687762573
2.4235333376154657 1.2638666678621198
2.423358356279779 1.2638166731954594
2.4231833968026453 1.2637666847733835
2.4230084591758003 1.2637167025948652
2.4228335433938986 1.2636667266588786
2.4226586494554883 1.2636167569606676
2.422483777347445 1.2635667935010721
2.422308927064428 1.2635168362790676
2.4221340986059623 1.2634668852898998
2.42195929196282 1.2634169405344102
2.4217845071316098 1.263367002009711
2.421609744103107 1.2633170697166438
2.421435002874896 1.2632671436504577
2.4212602834377552 1.2632172238119954
2.4210855857863547 1.2631673101983714
2.420910909916338 1.2631174028067005
2.420736255823351 1.263067501637827
2.420561623498178 1.263017606688867
2.4203870129374403 1.2629677179569372
2.4202124241367873 1.2629178354410193
2.420037857087008 1.262867959141959
2.419863311779865 1.2628180890550107
2.419688788212958 1.2627682251791574
2.4195142863819425 1.2627183675133826
2.4193398062776135 1.2626685160548066
2.419165347894657 1.2626186708024136
2.418990911230679 1.2625688317551886
2.4188164962774503 1.2625189989102537
2.41864210302869 1.2624691722665946
2.418467731480063 1.2624193518250608
2.418293381627235 1.2623695375809132
2.4181190534610115 1.2623197295331388
2.4179447469790065 1.2622699276807257
2.417770462169111 1.2622201320207993
2.417596199026997 1.2621703425523485
2.4174219575512557 1.2621205592724998
2.4172477377356163 1.2620707821821058
2.4170735395728387 1.2620210112801566
2.4168993630576283 1.2619712465619184
2.4167252081827475 1.2619214880263823
2.416551074944849 1.2618717356725402
2.4163769633366985 1.2618219894975222
2.4162028733520344 1.2617722495021833
2.4160288049845975 1.2617225156836545
2.4158547582329915 1.2616727880409295
2.4156807330880428 1.2616230665692794
2.415506729546413 1.2615733512695602
2.4153327475979602 1.2615236421407674
2.4151587872393483 1.2614739391800351
2.414984848462382 1.2614242423863595
2.4148109312647015 1.2613745517587374
2.4146370356400584 1.2613248672943045
2.4144631615812346 1.2612751889920584
2.4142893090839297 1.2612255168509974
2.4141154781428726 1.261175850866398
2.4139416687489046 1.2611261910391203
2.413767880898702 1.261076537366303
2.41359411458797 1.2610268898488075
2.4134203698075547 1.2609772484837731
2.4132466465541365 1.2609276132683405
2.413072944818564 1.2608779842015112
2.412899264601409 1.2608283612822873
2.412725605894496 1.260778744507811
2.412551968690622 1.2607291338770852
2.412378352983559 1.2606795293891135
2.41220475877194 1.2606299310428999
2.412031186042734 1.2605803388355887
2.411857634796521 1.2605307527643252
2.4116841050241624 1.2604811728299745
2.4115105967213806 1.260431599027823
2.4113371098829273 1.260382031358737
2.411163644499668 1.2603324698217233
2.4109902005673294 1.2602829144139296
2.4108167780835834 1.2602333651325044
2.4106433770402718 1.2601838219764563
2.410469997433126 1.2601342849466532
2.41029663925399 1.260084754038386
2.410123302501514 1.2600352292525236
2.409949987166574 1.2599857105843584
2.409776693242962 1.2599361980347599
2.4096034207273886 1.2598866916008804
2.409430169612678 1.2598371912817319
2.409256939893599 1.2597876970763264
2.409083731562978 1.259738208981818
2.408910544616559 1.25968872699722
2.4087373790481434 1.2596392511196872
2.408564234853478 1.2595897813500925
2.408391112021508 1.2595403176837336
2.408218010553813 1.259490860121484
2.4080449304432294 1.2594414086605012
2.40787187168065 1.2593919632998012
2.4076988342628 1.2593425240384002
2.4075258181864063 1.2592930908734576
2.4073528234394517 1.2592436638039908
2.4071798500206087 1.2591942428271599
2.407006897920778 1.2591448279438409
2.406833967140579 1.2590954191493378
2.406661057672858 1.2590460164426698
2.4064881695104643 1.2589966198228568
2.406315302644304 1.2589472292889194
2.406142457073058 1.2588978448398782
2.405969632789579 1.2588484664728972
2.4057968297886645 1.2587990941869982
2.4056240480641415 1.2587497279793465
2.4054512876069234 1.2587003678489646
2.4052785484176415 1.2586510137948759
2.405105830490127 1.2586016658161039
2.4049331338152986 1.258552323909816
2.4047604583908764 1.2585029880731802
2.4045878042087527 1.258453658307078
2.4044151712637363 1.2584043346086786
2.404242559550637 1.2583550169751518
2.404069969066209 1.2583057054073803
2.4038973998004076 1.2582563999025347
2.4037248517480467 1.2582071004596425
2.403552324905885 1.2581578070758754
2.4033798192677684 1.258108519750262
2.4032073348246286 1.258059238481831
2.403034871580028 1.2580099632696116
2.4028624295200456 1.2579606941089223
2.4026900086414464 1.257911431000649
2.40251760893614 1.2578621739438223
2.402345230403809 1.2578129229337625
2.4021728730353935 1.2577636779713564
2.4020005368276647 1.257714439053781
2.401828221772538 1.2576652061819242
2.4016559278648444 1.2576159793511086
2.4014836551023295 1.2575667585603678
2.4013114034749705 1.2575175438087358
2.401139172979545 1.257468335095247
2.400966963607004 1.2574191324170814
2.40079477535607 1.2573699357751291
2.400622608221582 1.2573207451647168
2.400450462195467 1.2572715605848808
2.4002783372735377 1.2572223820346575
2.4001062334496663 1.2571732095130845
2.399934150718697 1.2571240430173451
2.3997620890764475 1.2570748825483316
2.3995900485119375 1.2570257281013744
2.3994180290268137 1.2569765796755124
2.3992460306120416 1.2569274372716392
2.399074053259559 1.2568783008850872
2.39890209696519 1.2568291705148966
2.39873016172476 1.2567800461601084
2.3985582475331233 1.256730927819764
2.398386354384167 1.2566818154910517
2.398214482271777 1.256632709173014
2.398042631191785 1.2565836088628402
2.3978708011390513 1.2565345145614266
2.3976989921074674 1.2564854262659637
2.3975272040889832 1.2564363439754958
2.397355437080406 1.2563872676872143
2.397183691076603 1.2563381974001644
2.397011966069528 1.2562891331133914
2.396840262057934 1.2562400748240885
2.396668579032808 1.2561910225313022
2.396496916989992 1.2561419762340793
2.3963252759243594 1.2560929359296147
2.396153655827872 1.2560439016169562
2.3959820566963765 1.255994873295152
2.395810478525721 1.2559458509613985
2.3956389213107836 1.255896834614745
2.395467385045474 1.255847824254241
2.395295869724673 1.2557988198752326
2.3951243753413216 1.255749821480474
2.3949529018903037 1.2557008290653129
2.3947814493674753 1.2556518426288004
2.394610017766752 1.25560286217184
2.3944386070810806 1.2555538876897812
2.3942672173092334 1.2555049191816763
2.3940958484383343 1.255455956646579
2.393924500470071 1.255407000083543
2.3937531733973954 1.255358049491622
2.3935818672113185 1.2553091048661686
2.3934105819086784 1.255260166208089
2.3932393174834012 1.2552112335145873
2.3930680739313566 1.25516230678472
2.3928968512464737 1.2551133860175432
2.3927256494246247 1.2550644712121137
2.3925544684578 1.2550155623637875
2.392383308342845 1.254966659473473
2.3922121690698117 1.2549177625383778
2.39204105063846 1.2548688715594114
2.3918699530417564 1.2548199865319316
2.3916988762736398 1.2547711074549983
2.391527820330962 1.2547222343276716
2.391356785205723 1.2546733671490118
2.3911857708928363 1.2546245059162298
2.3910147773881874 1.254575650630237
2.39084380468475 1.2545268012863953
2.390672852777443 1.254477957885617
2.390501921661183 1.254429120423265
2.390331011330891 1.2543802889002522
2.390160121782459 1.254331463313793
2.3899892530078977 1.2542826436648007
2.3898184050031013 1.2542338299486409
2.3896475777600834 1.2541850221643787
2.389476771275712 1.2541362203110795
2.3893059855458847 1.2540874243896583
2.389135220564561 1.254038634395483
2.388964476327641 1.2539898503276206
2.3887937528261753 1.253941072185138
2.3886230500550965 1.2538922999634055
2.3884523680103094 1.2538435336651883
2.3882817066838387 1.2537947732877064
2.3881110660764437 1.2537460188281802
2.387940446179181 1.253697270285679
2.387769846988932 1.2536485276574245
2.3875992684938434 1.2535997909461836
2.3874287106946808 1.25355106014733
2.3872581735844465 1.2535023352580872
2.387087657157115 1.2534536162775265
2.386917161407633 1.2534049032065682
2.386746686329007 1.2533561960405888
2.3865762319190966 1.2533074947805092
2.3864057981709115 1.2532587994254027
2.386235385080373 1.2532101099706476
2.386064992636612 1.2531614264153184
2.3858946208404044 1.2531127487584897
2.3857242696867056 1.253064077001084
2.3855539391685316 1.2530154111384821
2.3853836292779294 1.2529667511697602
2.385213340007917 1.2529180970939946
2.385043071358307 1.2528694489084151
2.3848728233240606 1.2528208066139461
2.3847025958982004 1.2527721702059713
2.384532389075691 1.2527235396854162
2.384362202850528 1.2526749150495122
2.384192037219618 1.2526262962973387
2.3840218921721092 1.2525776834261282
2.3838517677078213 1.2525290764368076
2.3836816638188143 1.2524804753266106
2.383511580502001 1.2524318800927716
2.3833415177504143 1.2523832907362185
2.383171475559029 1.25233470725234
2.3830014539218505 1.2522861296420649
2.3828314528348264 1.2522375579026293
2.3826614722909953 1.2521889920331164
2.382491512287277 1.2521404320326097
2.3823215728176823 1.2520918778983472
2.382151653874283 1.2520433296294131
2.3819817554540035 1.2519947872230466
2.381811877551828 1.2519462506801786
2.381642020161773 1.2518977199962034
2.381472183277856 1.2518491951720527
2.3813023668989457 1.251800676206813
2.381132571016152 1.2517521630977257
2.3809627956244666 1.2517036558438783
2.3807930407179114 1.2516551544425134
2.380623306293421 1.2516066588927193
2.3804535923411394 1.2515581691917395
2.380283898861884 1.251509685340508
2.380114225846772 1.2514612073362699
2.379944573290802 1.2514127351781146
2.379774941190915 1.251364268863288
2.379605329539202 1.251315808390881
2.3794357383287257 1.2512673537599848
2.3792661675574003 1.2512189049678466
2.3790966172221704 1.2511704620135586
2.378927087313193 1.2511220248980575
2.378757577829356 1.2510735936167479
2.378588088759849 1.251025168168723
2.3784186201035613 1.2509767485512329
2.3782491718535654 1.2509283347652156
2.3780797440048738 1.2508799268079218
2.3779103365525005 1.250831524678447
2.3777409494924306 1.2507831283758863
2.3775715828148316 1.2507347378974922
2.37740223652054 1.250686353242361
2.377232910601666 1.2506379744077463
2.3770636050532294 1.2505896013927449
2.376894319872192 1.250541234198298
2.376725055049697 1.2504928728198172
2.3765558105807694 1.2504445172582441
2.3763865864604337 1.2503961675108346
2.376217382683717 1.250347823574845
2.376048199242738 1.2502994854512182
2.3758790361373734 1.2502511531372111
2.3757098933607153 1.250202826630082
2.375540770907795 1.2501545059289318
2.3753716687726754 1.2501061910328621
2.3752025869503908 1.2500578819409747
2.3750335254340373 1.250009578652372
2.374864484220591 1.2499612811624718
2.3746954633041195 1.2499129894722198
2.3745264626835407 1.2498647035788775
2.3743574823432296 1.2498164234833908
2.374188522285984 1.2497681491830221
2.374019582505877 1.2497198806731924
2.3738506629940748 1.249671617956691
2.373681763747561 1.2496233610307812
2.3735128847652613 1.249575109892728
2.3733440260373753 1.2495268645434792
2.3731751875618605 1.2494786249784586
2.373006369330859 1.2494303911986153
2.3728375713374827 1.2493821632012156
2.372668793580663 1.2493339409835265
2.3725000360506057 1.2492857245446565
2.372331298748183 1.249237513885556
2.3721625816626344 1.2491893090053345
2.3719938847909567 1.2491411098994198
2.371825208127239 1.2490929165669222
2.371656551666541 1.2490447290069524
2.3714879154058637 1.2489965472186215
2.371319299337361 1.2489483711992004
2.3711507034580355 1.2489002009478012
2.370982127760044 1.2488520364635363
2.3708135722374832 1.2488038777455184
2.3706450368922063 1.2487557247891798
2.370476521711527 1.2487075775954748
2.370308026694392 1.2486594361616772
2.370139551831996 1.2486113004869013
2.3699710971242576 1.2485631705702622
2.3698026625623725 1.2485150464108752
2.3696342481423853 1.2484669280060159
2.369465853861311 1.2484188153529607
2.3692974797084103 1.248370708452666
2.3691291256845775 1.2483226073024092
2.368960791780046 1.2482745119013077
2.3687924779898966 1.2482264222466395
2.3686241843111495 1.2481783383393625
2.3684559107388883 1.2481302601767559
2.36828765726529 1.2480821877560992
2.3681194238864087 1.2480341210765122
2.3679512105992706 1.2479860601371149
2.367783017397025 1.2479380049351882
2.3676148442757303 1.247889955471692
2.367446691229508 1.2478419117439083
2.3672785582515115 1.24779387374912
2.3671104453368335 1.2477458414882878
2.3669423524844446 1.2476978149586953
2.3667742796855644 1.247649794159465
2.3666062269343193 1.2476017790897205
2.3664381942287154 1.247553769744908
2.36627018156482 1.24750576612599
2.366102188931919 1.2474577682302528
2.3659342163280215 1.2474097760568212
2.365766263745322 1.2473617896048204
2.3655983311847386 1.247313808873376
2.3654304186375006 1.247265833859776
2.3652625260996833 1.2472178645631469
2.3650946535615485 1.2471699009826154
2.3649268010230498 1.2471219431154712
2.364758968477359 1.2470739909608417
2.3645911559215254 1.2470260445160177
2.364423363350661 1.2469781037819652
2.3642555907569722 1.2469301687559753
2.3640878381375114 1.24688223943534
2.363920105482549 1.2468343158191892
2.3637523927910786 1.2467863979066531
2.363584700054342 1.246738485695025
2.363417027273272 1.24669057918711
2.3632493744391136 1.2466426783765283
2.3630817415479575 1.2465947832642488
2.362914128592988 1.2465468938475666
2.3627465355722372 1.246499010127451
2.3625789624769538 1.2464511320993616
2.362411409305171 1.2464032597642685
2.362243876051047 1.2463553931194689
2.362076362705836 1.2463075321622603
2.361908869270481 1.2462596768954504
2.3617413957323614 1.2462118273145013
2.361573942094361 1.2461639834167122
2.361406508349676 1.2461161452030551
2.3612390944915025 1.2460683126726662
2.3610717005140085 1.2460204858228459
2.360904326413299 1.2459726646508953
2.360736972184513 1.2459248491577877
2.360569637822789 1.2458770393389893
2.3604023233213307 1.245829235195474
2.360235028678186 1.245781436724545
2.36006775388656 1.2457336439271767
2.3599004989386914 1.245685856800673
2.3597332638345683 1.2456380753423384
2.3595660485674 1.2455902995513128
2.3593988531284587 1.2455425294267373
2.359231677519675 1.2454947649677524
2.3590645217313546 1.2454470061698295
2.358897385759618 1.2453992530339457
2.3587302695986483 1.245351505559243
2.3585631732455363 1.245303763743029
2.358396096692531 1.245256027584447
2.3582290399376937 1.2452082970826401
2.358062002972307 1.2451605722367522
2.357894985792498 1.2451128530422584
2.3577279883953626 1.2450651395001378
2.3575610107741243 1.2450174316077007
2.357394052922007 1.2449697293659272
2.3572271148409545 1.2449220327702943
2.3570601965212874 1.2448743418217827
2.3568932979562334 1.2448266565177044
2.356726419142896 1.2447789768572068
2.356559560076443 1.2447313028394371
2.3563927207501054 1.2446836344598753
2.356225901163896 1.2446359717195032
2.3560591013062058 1.2445883146174697
2.355892321175112 1.2445406631529234
2.355725560766757 1.2444930173213467
2.3555588200763147 1.2444453771237227
2.355392099096055 1.2443977425573682
2.3552253978211546 1.2443501136214339
2.3550587162487284 1.2443024903150706
2.3548920543710494 1.2442548726355964
2.3547254121891092 1.244207260582163
2.354558789690341 1.2441596541539226
2.3543921868728326 1.2441120533481946
2.354225603734673 1.244064458164132
2.3540590402671726 1.2440168686008881
2.3538924964664862 1.2439692846576165
2.353725972327801 1.2439217063334713
2.353559467846304 1.2438741336257744
2.353392983017186 1.2438265665318478
2.3532265178346674 1.243779005050847
2.3530600722939408 1.2437314491819278
2.3528936463921353 1.243683898924246
2.352727240120571 1.2436363542751259
2.3525608534783173 1.2435888152337242
2.3523944864576642 1.2435412817991982
2.352228139052841 1.2434937539707054
2.3520618112629195 1.243446231745572
2.3518955030792257 1.2433987151211243
2.3517292144979285 1.2433512040965213
2.3515629455151985 1.243303698672754
2.35139669612527 1.2432561988471498
2.3512304663223786 1.2432087046170375
2.351064256102698 1.2431612159834085
2.350898065461435 1.2431137329435924
2.350731894394764 1.2430662554967502
2.350565742894022 1.243018783640212
2.3503996109582905 1.2429713173731398
2.350233498580845 1.2429238566928649
2.3500674057568967 1.2428764015985496
2.3499013324787543 1.2428289520911882
2.349735278747441 1.242781508168113
2.349569244551395 1.2427340698284879
2.349403229895515 1.242686637069646
2.3492372347643684 1.2426392098907524
2.349071259159951 1.2425917882891413
2.3489053030726423 1.242544372263978
2.3487393665005674 1.2424969618144281
2.34857344943798 1.242449556939658
2.3484075518791356 1.242402157637004
2.3482416738192584 1.2423547639056325
2.3480758152535737 1.242307375744711
2.3479099761802127 1.242259993151577
2.347744156588594 1.2422126161272287
2.3475783564778196 1.2421652446671745
2.347412575844087 1.2421178787724132
2.347246814679723 1.242070518440284
2.3470810729809277 1.2420231636681272
2.346915350743903 1.241975814456942
2.3467496479609786 1.2419284708040694
2.3465839646312627 1.24188113270868
2.34641830074612 1.241833800169945
2.3462526563027235 1.2417864731852064
2.3460870312953443 1.2417391517536362
2.3459214257182546 1.2416918358744067
2.3457558395686315 1.2416445255466901
2.345590272840749 1.2415972207660018
2.3454247255308185 1.2415499215351729
2.3452591976331165 1.2415026278497194
2.3450936891419203 1.2414553397088155
2.3449282000515086 1.2414080571116357
2.344762730359065 1.2413607800573547
2.3445972800588706 1.2413135085433196
2.344431849147143 1.2412662425687058
2.3442664376201012 1.241218982130861
2.344101045471062 1.2411717272307898
2.343935672692374 1.241124477865841
2.3437703192831636 1.2410772340351914
2.3436049852367504 1.2410299957380189
2.343439670550327 1.240982762969845
2.343274375217215 1.2409355357316765
2.3431090992326733 1.2408883140226916
2.3429438425929296 1.2408410978402418
2.342778605293245 1.2407938871835062
2.3426133873269452 1.2407466820498374
2.3424481886912294 1.2406994824402429
2.3422830093823297 1.2406522883520756
2.34211784939164 1.2406050997845166
2.3419527087173306 1.2405579167349199
2.341787587353701 1.2405107392006398
2.3416224852960195 1.240463567184513
2.341457402539556 1.2404164006820675
2.3412923390786133 1.2403692396943131
2.341127294906528 1.240322084218606
2.340962270024379 1.240274934252303
2.3407972644216346 1.2402277897945877
2.340632278096473 1.240180650844645
2.340467311043202 1.240133517401659
2.340302363256132 1.2400863894629883
2.34013743473538 1.2400392670278186
2.339972525471387 1.2399921500935092
2.339807635462336 1.2399450386610722
2.3396427646986706 1.2398979327296944
2.3394779131776087 1.2398508322949104
2.3393130808973375 1.2398037373577335
2.339148267849271 1.2397566479155253
2.338983474032566 1.2397095639674738
2.3388186994386384 1.2396624855127674
2.338653944066648 1.239615412548769
2.33848920790898 1.2395683450746677
2.3383244909609253 1.2395212830896531
2.3381597932168074 1.2394742265910894
2.337995114671919 1.239427175578167
2.3378304553234885 1.2393801300500762
2.33766581516294 1.2393330900041828
2.337501194188472 1.2392860554396783
2.337336592396349 1.2392390263575794
2.337172009782836 1.239192002753428
2.337007446342265 1.2391449846264164
2.3368429020670334 1.2390979719775628
2.3366783769553443 1.2390509648024102
2.3365138710005646 1.239003963101977
2.3363493841989653 1.2389569668736322
2.3361849165419803 1.2389099761165705
2.336020468031688 1.2388629908281616
2.3358560386604923 1.238816011007601
2.3356916284237004 1.2387690366540836
2.3355272373146856 1.238722067764981
2.335362865330693 1.2386751043413138
2.3351985124670325 1.2386281463804538
2.3350341787170814 1.2385811938815983
2.33486986407712 1.23853424684212
2.334705568544397 1.2384873052612169
2.3345412921093893 1.2384403691380865
2.3343770347722512 1.2383934384719275
2.3342127965282993 1.2383465132601146
2.334048577366079 1.2382995935000232
2.333884377289617 1.2382526791926765
2.3337201962893968 1.2382057703354505
2.333556034361706 1.2381588669275454
2.3333918915009004 1.2381119689681617
2.333227767704238 1.238065076454677
2.3330636629670427 1.2380181893862925
2.332899577282706 1.2379713077622099
2.332735510647521 1.2379244315798077
2.332571463058751 1.2378775608401116
2.3324074345078545 1.2378306955386782
2.3322434249920962 1.2377838356765336
2.3320794345058395 1.2377369812510581
2.331915463046351 1.2376901322614557
2.3317515106070283 1.2376432887069306
2.331587577181271 1.2375964505848644
2.331423662767316 1.2375496178944623
2.3312597673595326 1.2375027906349292
2.331095890952289 1.2374559688054707
2.3309320335409245 1.2374091524034707
2.330768195126582 1.2373623414281352
2.3306043756997648 1.237315535878671
2.3304405752558144 1.2372687357506407
2.3302767937900732 1.237221941046896
2.330113031297884 1.2371751517630007
2.3299492877736245 1.237128367898163
2.3297855632174764 1.237081589453413
2.329621857621884 1.2370348164243161
2.3294581709792936 1.2369880488119032
2.3292945032860204 1.236941286613562
2.3291308545383815 1.2368945298285028
2.328967224733662 1.236847778454114
2.328803613865279 1.236801032491428
2.3286400219266503 1.2367542919378343
2.3284764489169993 1.236707556792544
2.328312894828779 1.236660827052948
2.328149359658312 1.236614102718258
2.327985843403857 1.2365673837876865
2.327822346052067 1.2365206702586256
2.3276588676070054 1.2364739621321088
2.3274954080649994 1.2364272594055292
2.3273319674156077 1.2363805620762798
2.327168545656126 1.2363338701435747
2.3270051427828844 1.236287183608449
2.326841758788346 1.2362405024664767
2.3266783936698094 1.2361938267168728
2.3265150474226415 1.2361471563606736
2.3263517200451105 1.2361004913952747
2.3261884115238805 1.2360538318198921
2.3260251218630246 1.2360071776319228
2.3258618510550115 1.2359605288305835
2.3256985990961803 1.2359138854150915
2.3255353659809357 1.235867247381025
2.325372151705618 1.2358206147312416
2.325208956262701 1.2357739874613203
2.325045779649493 1.2357273655722996
2.324882621861372 1.2356807490615789
2.324719482893714 1.2356341379283777
2.3245563627418977 1.2355875321700964
2.3243932614022698 1.2355409317859554
2.3242301788682767 1.2354943367769944
2.3240671151362666 1.235447747140615
2.3239040702025897 1.2354011628742192
2.323741044062629 1.2353545839770288
2.323578036707901 1.2353080104464467
2.3234150481376594 1.2352614422835142
2.323252078349225 1.235214879485635
2.323089127334117 1.235168322053851
2.3229261950886912 1.2351217699837478
2.3227632816083372 1.2350752232745494
2.3226003868884457 1.2350286819254799
2.322437510925375 1.234982145937582
2.3222746537125847 1.2349356153064437
2.3221118152454676 1.2348890900294718
2.3219489955232864 1.23484257010771
2.321786194538536 1.2347960555422022
2.321623412289514 1.2347495463267202
2.3214606487658163 1.2347030424623087
2.321297903970577 1.2346565439481945
2.3211351778885603 1.2346100507836046
2.3209724705248354 1.2345635629641312
2.320809781869003 1.2345170804908197
2.320647111920333 1.2344706033610806
2.320484460672296 1.2344241315759603
2.3203218281222298 1.2343776651328702
2.32015921426264 1.2343312040310395
2.3199966190937675 1.2342847482660628
2.3198340426042527 1.234238297840805
2.319671484794338 1.234191852750862
2.3195089456574993 1.2341454129990985
2.3193464251910814 1.2340989785792944
2.3191839233885623 1.234052549494315
2.3190214402472886 1.234006125739758
2.3188589757588067 1.2339597073148558
2.3186965299223985 1.2339132942188404
2.3185341027344464 1.2338668864509448
2.3183716941845667 1.2338204840085851
2.318209304276878 1.233774086890995
2.3180469330000317 1.2337276950974083
2.3178845803513815 1.2336813086252425
2.3177222463234473 1.2336349274755485
2.3175599309164845 1.2335885516457448
2.317397634123016 1.2335421811332503
2.3172353559403986 1.2334958159391167
2.317073096365024 1.2334494560607636
2.316910855389418 1.2334031014974274
2.3167486330099734 1.2333567522465283
2.3165864292250182 1.2333104083073034
2.316424244026115 1.23326406967899
2.316262077409659 1.2332177363608254
2.3160999293730153 1.233171408350232
2.3159377999087147 1.2331250856464482
2.3157756890150902 1.233078768248712
2.315613596685642 1.2330324561544475
2.315451522914838 1.2329861493628935
2.315289467702947 1.2329398478732898
2.3151274310415393 1.2328935516848762
2.3149654129270187 1.2328472607932628
2.314803413352891 1.2328009751995053
2.314641432317495 1.2327546949046597
2.314479469814338 1.2327084199061522
2.3143175258417616 1.2326621501995947
2.3141556003942414 1.232615885786044
2.3139936934633547 1.2325696266629278
2.313831805050345 1.2325233728313032
2.313669935148725 1.2324771242867842
2.313508083752008 1.2324308810304287
2.3133462508566076 1.2323846430596659
2.313184436458939 1.232338410375554
2.3130226405554173 1.2322921829755231
2.312860863140527 1.2322459608570038
2.312699104208753 1.232199744019241
2.3125373637545805 1.2321535324614799
2.312375641777329 1.2321073261829663
2.3122139382705194 1.2320611251811324
2.3120522532305734 1.2320149294552245
2.3118905866510144 1.2319687390044893
2.311728938530199 1.2319225538263603
2.3115673088635846 1.2318763739218983
2.311405697642765 1.231830199286724
2.3112441048660997 1.2317840299218987
2.3110825305271163 1.2317378658248577
2.3109209746222437 1.2316917069948494
2.3107594371498434 1.2316455534311233
2.3105979181024807 1.231599405131115
2.3104364174765863 1.2315532620940746
2.3102749352656935 1.2315071243192521
2.3101134714691347 1.231460991805898
2.309952026079478 1.23141486455145
2.309790599093159 1.2313687425551592
2.3096291905056474 1.2313226258162768
2.309467800311447 1.2312765143322422
2.3093064285098954 1.231230408102307
2.3091450750925993 1.231184307125724
2.308983740056965 1.2311382114017457
2.3088224233975008 1.2310921209278127
2.308661125110648 1.2310460357031787
2.308499845193816 1.2309999557252849
2.308338583638617 1.2309538809951976
2.308177340442462 1.230907811510359
2.3080161155998633 1.230861747270024
2.3078549091082343 1.2308156882716355
2.3076937209620896 1.2307696345162609
2.3075325511578777 1.2307235860013441
2.3073713996901155 1.2306775427243293
2.3072102665562197 1.2306315046844727
2.3070491517487763 1.230585471882843
2.306888055265204 1.2305394443168856
2.3067269771009893 1.2304934219840462
2.3065659172525868 1.2304474048835825
2.30640487571162 1.2304013930147528
2.3062438524784095 1.2303553863768153
2.306082847546514 1.2303093849672175
2.3059218609123913 1.2302633887870296
2.305760892571534 1.2302173978318887
2.3055999425184694 1.2301714121028655
2.3054390107496583 1.2301254315974093
2.3052780972586637 1.23007945631478
2.305117202041948 1.2300334862542388
2.304956325098874 1.2299875214132356
2.304795466421074 1.2299415617910319
2.3046346260040482 1.2298956073868892
2.3044738038442625 1.2298496581982592
2.304312999937218 1.2298037142262146
2.304152214279383 1.229757775466397
2.303991446868193 1.22971184191988
2.3038306976952874 1.2296659135841166
2.3036699667590694 1.2296199904601806
2.30350925405118 1.2295740725437156
2.3033485595729233 1.2295281598357963
2.3031878833149757 1.2294822523338769
2.3030272252767108 1.2294363500372225
2.302866585452672 1.2293904529432886
2.3027059638374032 1.2293445610531506
2.302545360427383 1.2292986743642644
2.3023847752161903 1.2292527928758965
2.302224208202238 1.2292069165873136
2.302063659378141 1.2291610454959727
2.3019031287432794 1.2291151796011413
2.3017426162902708 1.2290693189002775
2.3015821220165646 1.2290234633926491
2.3014216459147803 1.2289776130775245
2.3012611879852676 1.2289317679559812
2.3011007482206476 1.22888592802367
2.3009403266164417 1.22884009327986
2.3007799231701034 1.2287942637238207
2.3006195378790877 1.228748439353013
2.3004591707321556 1.228702620168516
2.3002988217315936 1.2286568061677914
2.3001384908700295 1.2286109973501098
2.2999781781429895 1.2285651937129338
2.2998178835488994 1.2285193952555349
2.299657607077491 1.2284736019789932
2.2994973487291226 1.2284278138789642
2.2993371084973933 1.2283820309565283
2.2991768863797657 1.2283362532091502
2.299016682372738 1.2282904806342947
2.2988564964660463 1.2282447132330432
2.298696328661987 1.2281989510028615
2.2985361789541625 1.2281531939430235
2.2983760473381083 1.2281074420528035
2.2982159338083954 1.2280616953314762
2.298055838363459 1.2280159537765087
2.297895760997871 1.2279702173853688
2.297735701705239 1.2279244861591396
2.2975756604830355 1.227878760097097
2.2974156373258356 1.2278330391949024
2.297255632232079 1.2277873234536396
2.2970956451934446 1.2277416128707783
2.2969356762074082 1.227695907447403
2.296775725269515 1.2276502071791766
2.296615792374344 1.2276045120671844
2.296455877522272 1.227558822108897
2.2962959807030514 1.2275131373035935
2.2961361019170594 1.2274674576505522
2.29597624115888 1.2274217831472456
2.295816398423097 1.227376113792953
2.295656573704296 1.2273304495869546
2.2954967669999613 1.22728479052853
2.2953369783046793 1.2272391366151532
2.295177207614004 1.2271934878479112
2.2950174549244564 1.2271478442224721
2.294857720232558 1.2271022057381176
2.294698003533865 1.2270565723959355
2.2945383048229697 1.2270109441934014
2.2943786240944646 1.2269653211279916
2.29421896134584 1.2269197032007948
2.294059316573623 1.2268740904092879
2.29389968977434 1.226828482752754
2.29374008093969 1.2267828802286709
2.293580490066202 1.2267372828363223
2.2934209171513706 1.2266916905749925
2.2932613621907616 1.226646103443966
2.29310182517994 1.2266005214407218
2.2929423061154384 1.2265549445645454
2.2927828049908925 1.2265093728129166
2.2926233218047685 1.226463806188732
2.2924638565526356 1.226418244687667
2.2923044092262006 1.2263726883090078
2.292144979823932 1.226327137050236
2.2919855683404364 1.2262815909124438
2.2918261747722517 1.2262360498931135
2.291666799114952 1.2261905139915328
2.291507441365078 1.2261449832051845
2.2913481015191706 1.226099457533357
2.291188779570875 1.226053936975339
2.2910294755157685 1.226008421532224
2.290870189350395 1.225962911199692
2.2907109210712995 1.2259174059770321
2.2905516706730964 1.2258719058635346
2.290392438153298 1.2258264108584893
2.29023322350652 1.2257809209593826
2.29007402672738 1.2257354361637007
2.2899148478143583 1.2256899564743433
2.289755686759177 1.2256444818869934
2.2895965435583867 1.2255990124009426
2.289437418210471 1.2255535480172872
2.2892783107100514 1.2255080887317114
2.2891192210546474 1.2254626345435078
2.2889601492369507 1.2254171854519695
2.288801095253517 1.2253717414581935
2.2886420591009022 1.2253263025578658
2.288483040775664 1.225280868752084
2.288324040268567 1.225235440036535
2.288165057582929 1.2251900164105134
2.2880060927114476 1.2251445978751176
2.2878471456458556 1.2250991844278392
2.287688216386577 1.2250537760697768
2.287529304928243 1.22500837279662
2.2873704112683826 1.2249629746076645
2.287211535399698 1.2249175815022069
2.287052677318754 1.2248721934795437
2.286893837021151 1.224826810537169
2.286735014504422 1.2247814326761828
2.286576209765134 1.2247360598922772
2.2864174227950285 1.2246906921865528
2.286258653592606 1.224645329556505
2.2860999021505743 1.2245999720014324
2.285941168469367 1.2245546195224366
2.285782452544591 1.2245092721152113
2.285623754368957 1.2244639297790563
2.285465073941935 1.224418592513271
2.285306411255273 1.2243732603153532
2.285147766307477 1.224327933188208
2.284989139092227 1.2242826111257292
2.284830529607066 1.2242372941290203
2.284671937847607 1.2241919821973821
2.2845133638094635 1.2241466753283143
2.2843548074863187 1.224101373521119
2.2841962688747537 1.2240560767750983
2.2840377479732807 1.2240107850877529
2.2838792447755862 1.223965498460187
2.2837207592792192 1.223920216888101
2.283562291475936 1.2238749403725995
2.2834038413642532 1.2238296689129862
2.2832454089407563 1.2237844025067637
2.2830869942001017 1.2237391411514351
2.282928597142739 1.2236938848481063
2.282770217757533 1.223648633596082
2.282611856043004 1.2236033873910652
2.2824535119947775 1.2235581462359637
2.282295185607513 1.2235129101264812
2.2821368768778023 1.2234676790619239
2.2819785858032042 1.223422453041598
2.2818203123803125 1.2233772320630096
2.281662056599929 1.2233320161272665
2.2815038184644423 1.2232868052318755
2.281345597965621 1.223241599376144
2.2811873951000625 1.2231963985575796
2.2810292098653306 1.2231512027754903
2.280871042253197 1.2231060120291848
2.2807128922641224 1.2230608263179719
2.280554759889881 1.2230156456393606
2.28039664512804 1.2229704699944606
2.2802385479761664 1.2229252993807813
2.280080468430864 1.2228801337958326
2.2799224064829446 1.222834973240725
2.2797643621319086 1.2227898177129695
2.2796063353724314 1.2227446672100766
2.279448326200154 1.2226995217331578
2.279290334611684 1.2226543812797248
2.279132360600734 1.2226092458490894
2.278974404166808 1.222564115438764
2.2788164653026555 1.222518990049861
2.2786585440068174 1.2224738696798934
2.278500640272045 1.2224287543281744
2.2783427540968804 1.222383643992218
2.2781848854750413 1.222338538673137
2.278027034406038 1.2222934383666468
2.2778692008864856 1.2222483430738613
2.277711384906243 1.2222032527940947
2.277553586463857 1.2221581675266617
2.2773958055540153 1.2221130872672799
2.2772380421752665 1.2220680120170633
2.2770802963251953 1.2220229417735289
2.27692256799463 1.2219778765359928
2.2767648571801913 1.2219328163037715
2.2766071638794667 1.2218877610743828
2.276449488089079 1.2218427108489422
2.276291829802755 1.2217976656231702
2.276134189018085 1.2217526253999806
2.2759765657307285 1.2217075901750951
2.2758189599373115 1.2216625599478315
2.2756613716306004 1.2216175347175082
2.2755038008072224 1.2215725144834442
2.275346247465736 1.221527499244958
2.2751887116018064 1.2214824889977733
2.2750311932101326 1.2214374837430075
2.27487369228638 1.2213924834799803
2.274716208826216 1.2213474882062143
2.2745587428282037 1.2213024979210299
2.2744012942851155 1.2212575126237477
2.2742438631935857 1.2212125323118914
2.2740864495512145 1.2211675569847824
2.2739290533507774 1.2211225866417423
2.273771674591807 1.2210776212820929
2.273614313268045 1.2210326609033593
2.273456969375165 1.2209877055066611
2.2732996429107715 1.2209427550877268
2.273142333869574 1.2208978096476766
2.272985042247249 1.2208528691840368
2.272827768040438 1.2208079336979283
2.2726705112457832 1.2207630031850811
2.272513271857033 1.2207180776448194
2.2723560498708317 1.2206731570782647
2.272198845282859 1.2206282414829452
2.2720416580907266 1.2205833308563894
2.271884488288185 1.2205384251997191
2.2717273358728476 1.2204935245104638
2.2715702008423277 1.220448628786153
2.271413083188449 1.2204037380279094
2.271255982909792 1.2203588522350595
2.271098900002042 1.2203139714033377
2.270941834458956 1.2202690955338678
2.270784786278151 1.2202242246241808
2.270627755456281 1.2201793586754006
2.2704707419861387 1.2201344976850594
2.2703137458692058 1.2200896416524853
2.2701567670992424 1.2200447905752114
2.2699998056709747 1.2199999444525664
2.269842861581061 1.2199551032838798
2.2696859348242286 1.2199102670666853
2.269529025399067 1.2198654358021082
2.269372133297411 1.2198206094876831
2.269215258518816 1.2197757881227405
2.269058401059944 1.2197309717048157
2.2689015609126324 1.219686160235035
2.268744738077404 1.219641353709139
2.268587932546098 1.2195965521282546
2.268431144315379 1.2195517554899185
2.268274373379982 1.2195069637952578
2.2681176197413992 1.219462177040015
2.267960883393403 1.2194173952253176
2.2678041643307307 1.2193726183504987
2.2676474625481218 1.2193278464130968
2.2674907780451408 1.2192830794106506
2.267334110811703 1.2192383173442887
2.2671774608512347 1.2191935602115507
2.2670208281546183 1.2191488080135655
2.2668642127204564 1.2191040607460788
2.266707614545423 1.21905931841022
2.266551033619437 1.2190145810035302
2.266394469944 1.2189698485235505
2.266237923513857 1.2189251209714111
2.2660813943276157 1.2188803983464482
2.2659248823780938 1.218835680646204
2.2657683876629346 1.218790967870015
2.265611910175923 1.2187462600154249
2.265455449910844 1.2187015570835642
2.265299006867273 1.218656859071977
2.2651425810457524 1.218612165980001
2.2649861724362097 1.218567477805181
2.2648297810362936 1.2185227945486485
2.264673406840758 1.2184781162061555
2.2645170498462885 1.2184334427788344
2.2643607100486056 1.218388774264231
2.264204387444396 1.2183441106616848
2.264048082031312 1.2182994519723291
2.263891793804112 1.2182547981919176
2.263735522757555 1.2182101493215838
2.263579268887366 1.2181655053588751
2.263423032191201 1.2181208663031327
2.2632668126647855 1.2180762321536978
2.2631106103048126 1.218031602908119
2.2629544251050806 1.2179869785657382
2.2627982570651777 1.2179423591258975
2.262642106177939 1.2178977445861465
2.2624859724362003 1.2178531349458281
2.262329855842447 1.2178085302042851
2.262173756393376 1.2177639303608607
2.262017674081826 1.2177193354148985
2.261861608901601 1.2176747453621575
2.2617055608503644 1.2176301602037742
2.261549529928677 1.2175855799390929
2.26139351612552 1.2175410045674582
2.261237519441455 1.2174964340846308
2.261081539869325 1.2174518684935403
2.2609255774048687 1.2174073077899479
2.260769632048649 1.2173627519749912
2.2606137037915817 1.2173182010462247
2.260457792633267 1.2172736550012027
2.2603018985694474 1.2172291138410636
2.260146021597794 1.2171845775633627
2.259990161711156 1.2171400461674473
2.2598343189081724 1.2170955196526647
2.2596784931845875 1.2170509980165711
2.2595226845342173 1.2170064812585146
2.259366892953773 1.2169619693778435
2.259211118440932 1.2169174623739063
2.2590553609895117 1.2168729602442607
2.258899620597191 1.216828462988256
2.25874389725779 1.2167839706052412
2.2585881909670587 1.2167394830945664
2.258432501725572 1.2166950004555812
2.258276829526188 1.2166505226858453
2.2581211743665888 1.216606049782918
2.2579655362405977 1.2165615817461506
2.257809915145899 1.2165171185766845
2.2576543110792127 1.21647266027029
2.25749872403533 1.2164282068298997
2.2573431540109716 1.2163837582512844
2.257187600999966 1.2163393145337966
2.257032065000965 1.2162948756767886
2.2568765460126228 1.2162504416796132
2.2567210440258747 1.2162060125416232
2.2565655590374463 1.2161615882585919
2.256410091045028 1.2161171688316628
2.256254640042453 1.2160727542583996
2.256099206027413 1.2160283445399465
2.2559437889995313 1.215983939673868
2.2557883889516774 1.215939539659519
2.2556330058786522 1.2158951444944643
2.255477639779116 1.2158507541798491
2.2553222906440116 1.215806368713239
2.255166958476824 1.2157619880939898
2.2550116432694636 1.2157176123196682
2.2548563450176986 1.21567324139142
2.254701063719229 1.215628875306812
2.2545457993678952 1.2155845140652015
2.2543905519623633 1.215540157664156
2.254235321498405 1.2154958061030332
2.2540801079708297 1.2154514593811907
2.25392491137541 1.2154071174961976
2.25376973170985 1.2153627804492009
2.2536145689689606 1.2153184482377704
2.253459423147553 1.2152741208612645
2.2533042942481565 1.215229798317254
2.253149182259796 1.2151854806068865
2.2529940871801797 1.215141167727733
2.252839009006051 1.2150968596791536
2.2526839477399423 1.2150525564605084
2.2525289033699174 1.2150082580675807
2.2523738758927228 1.2149639645033081
2.252218865306069 1.2149196757652634
2.2520638716038106 1.2148753918510191
2.2519088947855894 1.2148311127599372
2.251753934846225 1.2147868384913791
2.2515989917834327 1.2147425690429192
2.2514440655881747 1.2146983044174955
2.2512891562610613 1.2146540446091068
2.25113426379788 1.2146097896189039
2.2509793881934543 1.21456553944625
2.250824529447432 1.2145212940887207
2.250669687549815 1.2144770535474674
2.2505148625012175 1.2144328178200663
2.2503600542964657 1.2143885869040942
2.2502052629303875 1.2143443607989155
2.250050488402634 1.2143001395056825
2.249895730706106 1.2142559230201853
2.2497409898414196 1.2142117113435766
2.249586265796654 1.2141675044734348
2.2494315585724274 1.2141233024091256
2.249276868167431 1.214079105150015
2.2491221945736033 1.2140349126954697
2.2489675377896368 1.2139907250430693
2.2488128978122948 1.2139465421921805
2.248658274633519 1.2139023641421705
2.248503668253932 1.21385819089062
2.248349078669336 1.2138140224386837
2.248194505874568 1.2137698587839425
2.248039949864466 1.2137256999257648
2.247885410636763 1.2136815458617327
2.2477308881882276 1.2136373965894285
2.2475763825175585 1.2135932521100077
2.2474218936118806 1.2135491124228395
2.2472674214776105 1.2135049775255073
2.2471129661038036 1.2134608474173811
2.246958527492055 1.213416722099617
2.2468041056333514 1.2133726015680133
2.2466497005254307 1.2133284858219404
2.246495312165068 1.2132843748625555
2.246340940550003 1.2132402686874437
2.246186585675084 1.2131961672959766
2.2460322475370864 1.21315207068574
2.2458779261308606 1.2131079788561059
2.2457236214541485 1.213063891804661
2.245569333501801 1.213019809530778
2.2454150622686693 1.2129757320356152
2.2452608077534624 1.2129316593167598
2.2451065699500687 1.2128875913735855
2.244952348858164 1.2128435282036805
2.244798144469709 1.2127994698082039
2.244643956785345 1.2127554161829592
2.2444897857970343 1.2127113673308914
2.24433563150542 1.2126673232478047
2.24418149390343 1.2126232839330742
2.24402737298978 1.212579249386075
2.2438732687583642 1.2125352196061825
2.243719181205971 1.2124911945927723
2.243565110328425 1.2124471743416512
2.243411056120586 1.2124031588539799
2.2432570185821383 1.212359148129135
2.243102997706015 1.2123151421647085
2.2429489934938305 1.212271140961862
2.2427950059385195 1.2122271445164041
2.242641035033018 1.2121831528294966
2.2424870807760486 1.2121391659005172
2.2423331431653706 1.2120951837270597
2.242179222196815 1.2120512063067184
2.242025317864285 1.212007233640656
2.241871430165542 1.2119632657264674
2.2417175590964193 1.2119193025635315
2.2415637046556443 1.2118753441494439
2.2414098668313365 1.2118313904853681
2.241256045626082 1.2117874415689003
2.241102241036681 1.2117434974012045
2.2409484530570425 1.2116995579780934
2.240794681687826 1.2116556233007316
2.2406409269190837 1.2116116933685
2.240487188750512 1.2115677681789963
2.240333467176987 1.2115238477298185
2.240179762197242 1.2114799320221317
2.2400260738061544 1.2114360210517512
2.2398724019957084 1.211392114821626
2.239718746769462 1.2113482133293554
2.2395651081203662 1.2113043165725388
2.239411486044265 1.2112604245505596
2.239257880538932 1.2112165372628008
2.2391042915982844 1.211172654708646
2.238950719221062 1.2111287768874792
2.238797163399254 1.2110849037951188
2.2386436241344954 1.2110410354345147
2.238490101418777 1.210997171801486
2.238336595249877 1.2109533128972
2.238183105623645 1.2109094587192597
2.238029632538826 1.2108656092670502
2.2378761759903063 1.2108217645381747
2.2377227359710457 1.2107779245320192
2.2375693124788256 1.210734089249752
2.2374159055104643 1.2106902586889776
2.237262515063745 1.2106464328473001
2.237109141132594 1.2106026117241067
2.236955783713831 1.2105587953187844
2.2368024428062068 1.210514983630721
2.2366491184046136 1.210471176659304
2.23649581050491 1.2104273744021392
2.236342519104883 1.2103835768586153
2.236189244200393 1.2103397840281205
2.2360359857844063 1.2102959959082618
2.2358827438585704 1.21025221250021
2.2357295184158543 1.2102084338015726
2.235576309449227 1.2101646598117393
2.235423116961302 1.2101208905283183
2.23526994094505 1.210077125952481
2.2351167813963357 1.210033366081836
2.2349636383110245 1.2099896109157744
2.234810511686911 1.2099458604519056
2.2346574015217904 1.2099021146896205
2.234504307807673 1.2098583736283106
2.234351230545248 1.2098146372655865
2.2341981697284563 1.2097709056044015
2.23404512534931 1.209727178640586
2.2338920974133223 1.209683456371752
2.2337390859115427 1.2096397387990725
2.233586090840807 1.2095960259219403
2.233433112196024 1.2095523177379677
2.2332801499788517 1.209508614246548
2.2331272041784147 1.2094649154470754
2.232974274794444 1.2094212213371627
2.2328213618237798 1.2093775319179845
2.232668465260369 1.2093338471853745
2.232515585103946 1.2092901671405076
2.232362721348459 1.2092464917809986
2.2322098739907505 1.2092028211080228
2.2320570430286284 1.2091591551191951
2.231904228456043 1.2091154938121316
2.2317514302688752 1.2090718371862277
2.2315986484639696 1.2090281852426596
2.2314458830381723 1.208984537979044
2.2312931339921867 1.2089408953929976
2.2311404013141822 1.208897257485697
2.230987685005828 1.20885362425476
2.2308349850581872 1.2088099956995837
2.2306823014748587 1.2087663718177861
2.2305296342478718 1.2087227526105448
2.230376983378898 1.2086791380754784
2.23022434885804 1.2086355282119856
2.2300717306840783 1.2085919230176854
2.2299191288500086 1.208548322493756
2.229766543354613 1.2085047266378177
2.2296139741937817 1.2084611354492696
2.229461421365334 1.2084175489257323
2.2293088848641966 1.2083739670683848
2.2291563646852985 1.2083303898748483
2.2290038608274245 1.2082868173445234
2.2288513732883968 1.2082432494750317
2.228698902061217 1.208199686267553
2.2285464471427443 1.2081561277197097
2.2283940085308025 1.2081125738309033
2.2282415862193603 1.2080690246005352
2.2280891802072067 1.2080254800262291
2.2279367904902396 1.2079819401056089
2.227784417063394 1.2079384048416333
2.2276320599244963 1.2078948742319269
2.2274797190704114 1.2078513482741144
2.2273273944951115 1.2078078269658208
2.227175086195462 1.2077643103082276
2.2270227941702565 1.2077207983007385
2.226870518415399 1.2076772909427573
2.2267182589248637 1.2076337882301322
2.2265660156964833 1.2075902901640458
2.2264137887251985 1.2075467967421247
2.2262615780088426 1.2075033079655517
2.2261093835442862 1.207459823831954
2.225957205325508 1.2074163443407373
2.225805043350343 1.207372869491307
2.2256528976147 1.2073293992812917
2.2255007681183447 1.2072859337100974
2.2253486548533297 1.2072424727771305
2.2251965578165294 1.2071990164800204
2.225044477001927 1.2071555648199512
2.224892412411218 1.2071121177927757
2.2247403640393513 1.2070686753996784
2.224588331885132 1.207025237640067
2.2244363159386893 1.206981804513349
2.2242843162017225 1.2069383760171557
2.2241323326633977 1.2068949521508956
2.223980365327343 1.2068515329104237
2.2238284141875475 1.2068081182987023
2.2236764792389634 1.2067647083151405
2.2235245604794374 1.2067213029555943
2.2233726579058515 1.2066779022194736
2.2232207715141254 1.2066345061079644
2.223068901302107 1.2065911146187005
2.2229170472647533 1.206547727751092
2.2227652093979846 1.2065043455027735
2.2226133876986873 1.2064609678749318
2.222461582162784 1.206417594865202
2.2223097927871627 1.2063742264729953
2.222158019567747 1.206330862695947
2.222006262501425 1.2062875035352452
2.2218545215841226 1.2062441489867497
2.22170279681273 1.206200799051649
2.22155108818221 1.2061574537293556
2.2213993956923455 1.2061141130175062
2.221247719338101 1.2060707769155141
2.221096059111549 1.2060274454227926
2.2209444150134394 1.2059841185369795
2.220792787040666 1.2059407962592639
2.220641175184339 1.2058974785872845
2.2204895794490667 1.20585416551868
2.220337999824997 1.2058108570546406
2.220186436311918 1.2057675531945806
2.2200348889009445 1.20572425393614
2.2198833575957218 1.2056809592787336
2.219731842389293 1.2056376692182273
2.2195803432766295 1.2055943837593615
2.2194288602565595 1.2055511028962271
2.21927739332502 1.2055078266300154
2.2191259424789127 1.205464554958368
2.2189745077093552 1.2054212878807016
2.2188230890219267 1.2053780253982076
2.218671686407747 1.2053347675085286
2.2185202998637203 1.2052915142110818
2.2183689293819313 1.2052482655035106
2.2182175749689255 1.2052050213834582
2.218066236612933 1.2051617818538916
2.217914914309897 1.2051185469106802
2.217763608062509 1.2050753165532428
2.217612317863821 1.2050320907827725
2.2174610437088145 1.20498886959514
2.2173097855963264 1.2049456529915388
2.217158543522303 1.2049024409713882
2.2170073174807636 1.2048592335305601
2.2168561074724757 1.2048160306720224
2.2167049134885675 1.2047728323916476
2.2165537355307716 1.2047296386888562
2.2164025735911816 1.2046864495648428
2.216251427669604 1.204643265015481
2.2161002977600615 1.2046000850419656
2.2159491838604337 1.2045569096419446
2.215798085966673 1.2045137388148395
2.215647004074732 1.2044705725600724
2.2154959381815282 1.2044274108770654
2.215344888283016 1.2043842537634677
2.21519385437997 1.204341101218702
2.2150428364606345 1.204297953242191
2.214891834527713 1.2042548098315848
2.214740848576198 1.20421167098808
2.214589878601084 1.2041685367111
2.2144389246002563 1.2041254069965226
2.214287986570638 1.2040822818437724
2.214137064505297 1.2040391612540462
2.213986158403085 1.2039960452249958
2.213835268261891 1.2039529337560462
2.213684394076712 1.2039098268466222
2.2135335358444745 1.2038667244943766
2.2133826935621053 1.2038236267005074
2.2132318672246036 1.2037805334608953
2.213081056828898 1.2037374447767388
2.2129302623709526 1.203694360645692
2.212779483848661 1.2036512810671811
2.212628721258953 1.2036082060424051
2.2124779745958683 1.2035651355672465
2.212327243856337 1.2035220696429048
2.21217652903922 1.203479008265263
2.2120258301395217 1.203435951437293
2.2118751471532114 1.2033928991548788
2.211724480077223 1.2033498514192202
2.2115738289055993 1.2033068082279739
2.211423193638167 1.2032637695805684
2.211272574270899 1.203220735474661
2.211121970800731 1.203177705911452
2.2109713832217084 1.2031346808885994
2.2108208115298056 1.2030916604055328
2.2106702557248523 1.203048644461682
2.210519715800896 1.2030056330564767
2.2103691917587325 1.2029626261875759
2.2102186835914464 1.20291962385441
2.2100681912930873 1.2028766260546386
2.2099177148634883 1.202833632789464
2.2097672542986277 1.202790644056546
2.209616809596413 1.202747659855316
2.209466380749932 1.2027046801852057
2.2093159677609484 1.202661705045647
2.209165570620624 1.2026187344325303
2.2090151893259042 1.2025757683470588
2.2088648238746993 1.2025328067886651
2.2087144742601 1.2024898497550114
2.208564140484838 1.202446897247301
2.208413822545861 1.2024039492631968
2.2082635204324066 1.2023610058021323
2.208113234146244 1.2023180668635414
2.207962963682396 1.2022751324450873
2.207812709037812 1.2022322025479748
2.2076624702113725 1.2021892771680978
2.207512247194246 1.2021463563048909
2.207362039984348 1.2021034399595592
2.207211848579597 1.2020605281297676
2.207061672976946 1.2020176208131819
2.206911513172386 1.201974718012777
2.2067613691628725 1.2019318197226796
2.206611240945361 1.201888925945865
2.2064611285158446 1.20184603668
2.2063110318683883 1.201803151922751
2.2061609510057334 1.2017602716753248
2.2060108859161636 1.2017173959353888
2.2058608366004933 1.2016745247023801
2.205710803053754 1.201631657975736
2.20556078527387 1.2015887957531248
2.2054107832616583 1.2015459380339846
2.2052607970054057 1.2015030848177535
2.2051108265049653 1.2014602361021005
2.204960871761156 1.2014173918882334
2.204810932764194 1.201374552173822
2.204661009513935 1.2013317169600743
2.2045111020054167 1.2012888862428917
2.20436121023464 1.2012460600234824
2.2042113342004983 1.2012032382995177
2.2040614739009228 1.2011604210686684
2.2039116293270977 1.2011176083321435
2.203761800479846 1.2010748000893836
2.203611987351317 1.2010319963398293
2.2034621899413716 1.2009891970793842
2.2033124082469793 1.2009464023092582
2.2031626422651107 1.2009036120288925
2.2030128919898453 1.2008608262359601
2.2028631574200825 1.200818044929903
2.2027134385499036 1.2007752681083952
2.2025637353782086 1.2007324957726468
2.2024140479019714 1.2006897279221005
2.202264376115275 1.2006469645544307
2.202114720016058 1.2006042056673125
2.2019650795984034 1.200561451261957
2.201815454861216 1.2005187013378074
2.2016658458034 1.2004759558925397
2.201516252419041 1.2004332149255978
2.2013666747051173 1.2003904784364257
2.201217112655716 1.2003477464209322
2.20106756626878 1.2003050188803297
2.200918035541289 1.2002622958158304
2.20076852046926 1.2002195772251116
2.2006190210496737 1.2001768631058514
2.2004695372824035 1.200134153457495
2.200320069162504 1.2000914482794882
2.200170616681176 1.2000487475712769
2.2000211798392573 1.20000605133054
2.1998717586327685 1.1999633595567238
2.199722353059659 1.199920672249275
2.1995729631130576 1.1998779894076403
2.1994235887957347 1.1998353110312667
2.1992742300979295 1.1997926371160679
2.1991248870175935 1.1997499676650247
2.198975559553642 1.199707302675818
2.1988262477001723 1.1996646421461292
2.1986769514541735 1.1996219860754065
2.198527670814563 1.1995793344630983
2.1983784057754394 1.1995366873104194
2.1982291563328307 1.199494044613286
2.198079922482764 1.199451406371147
2.1979307042260867 1.1994087725834517
2.1977815015588287 1.1993661432496496
2.1976323144750918 1.1993235183691906
2.1974831429728336 1.1992808979397582
2.19733398704423 1.1992382819608027
2.197184846693023 1.1991956704317743
2.197035721911389 1.199153063352124
2.196886612697289 1.1991104607195362
2.196737519048684 1.1990678625352282
2.1965884409596805 1.1990252687968854
2.196439378425349 1.1989826795021934
2.196290331446544 1.1989400946523696
2.196141300017373 1.1988975142451006
2.195992284135801 1.1988549382780729
2.1958432837969006 1.1988123667525044
2.1956942990005652 1.1987697996660822
2.1955453297418694 1.1987272370200246
2.1953963760139605 1.1986846788120193
2.195247437816733 1.1986421250415196
2.1950985151442994 1.1985995757062138
2.194949607995592 1.1985570308055555
2.1948007163695435 1.198514490340764
2.1946518402573774 1.1984719543077633
2.194502979658027 1.1984294227095378
2.1943541345675355 1.1983868955402472
2.1942053049838743 1.1983443728028762
2.194056490902124 1.1983018544933501
2.19390769231833 1.1982593406128892
2.1937589092333565 1.1982168311609487
2.193610141640358 1.1981743261352198
2.1934613895373096 1.198131825533394
2.193312652919295 1.1980893293566919
2.1931639317833254 1.1980468376045699
2.1930152261264135 1.1980043502747202
2.192866535946536 1.1979618673665995
2.1927178612387794 1.1979193888796649
2.1925692020001577 1.1978769148116095
2.192420558226722 1.197834445161891
2.192271929912596 1.1977919799299668
2.1921233170605787 1.197749519115295
2.1919747196638317 1.1977070627155697
2.1918261377203363 1.1976646107302493
2.191677571223255 1.1976221631605564
2.191529020172497 1.1975797200041858
2.1913804845650824 1.1975372812588327
2.191231964397067 1.1974948469257203
2.191083459662579 1.1974524170007805
2.190934970361531 1.197409991485237
2.190786496489017 1.1973675703785494
2.190638038038204 1.197325153680178
2.190489595011897 1.1972827413878193
2.190341167404228 1.197240333499171
2.1901927552112572 1.197197930015457
2.190044358430973 1.197155530934375
2.189895977056545 1.1971131362571497
2.189747611088854 1.1970707459797159
2.189599260522035 1.1970283601032985
2.189450925356006 1.1969859786273593
2.1893026055849036 1.1969436015495976
2.189154301203828 1.1969012288694756
2.189006012212699 1.1968588605864559
2.1888577386066186 1.1968164966982384
2.188709480381653 1.1967741372042862
2.1885612375386874 1.196731782105825
2.188413010069934 1.1966894314005556
2.1882647979695333 1.196647085086179
2.188116601239336 1.1966047431639215
2.187968419873484 1.196562405631485
2.1878202538690106 1.1965200724883334
2.1876721032229494 1.1964777437321692
2.1875239679304075 1.196435419364219
2.1873758479922754 1.1963930993821859
2.1872277434017335 1.1963507837855347
2.1870796541558186 1.1963084725719688
2.186931580251567 1.1962661657427158
2.1867835216850535 1.1962238632954796
2.18663547845717 1.196181565229726
2.1864874505601377 1.1961392715449215
2.186339437991959 1.1960969822387706
2.1861914407477463 1.1960546973125015
2.1860434588255035 1.1960124167638195
2.1858954922193807 1.1959701405904302
2.185747540930275 1.1959278687935622
2.1855996049523365 1.1958856013709216
2.185451684284536 1.1958433383219762
2.18530377892199 1.1958010796479552
2.1851558888607774 1.1957588253448044
2.185008014097944 1.195716575413753
2.184860154628607 1.1956743298507475
2.1847123104546307 1.1956320886587788
2.184564481567279 1.1955898518355546
2.184416667967454 1.1955476193770223
2.1842688696473846 1.1955053912861733
2.1841210866099012 1.1954631675607164
2.183973318847234 1.1954209481983604
2.1838255663554684 1.1953787332003363
2.183677829134546 1.1953365225643535
2.183530107177661 1.1952943162898828
2.1833824004809017 1.1952521143763946
2.183234709046138 1.1952099168233599
2.1830870328665672 1.1951677236284894
2.1829393719373145 1.195125534793015
2.1827917262583245 1.1950833503128873
2.1826440958256876 1.1950411701893382
2.182496480636458 1.1949989944200798
2.1823488806838363 1.1949568230045842
2.18220129597066 1.194914655944084
2.1820537264872395 1.1948724932345314
2.1819061722344864 1.1948303348771594
2.1817586332075303 1.1947881808696812
2.181611109402466 1.19474603120981
2.1814636008163517 1.194703885900539
2.1813161074472105 1.1946617449378223
2.1811686292911383 1.1946196083211338
2.1810211663451953 1.1945774760499477
2.1808737186064424 1.1945353481237382
2.18072628606905 1.1944932245419797
2.1805788687310437 1.194451105304147
2.1804314665914135 1.1944089904061965
2.1802840796452956 1.1943668798511218
2.1801367078878258 1.1943247736348797
2.1799893513189597 1.194282671758705
2.179842009932871 1.1942405742203142
2.179694683727589 1.1941984810174242
2.1795473726953607 1.1941563921512703
2.179400076839999 1.19411430761957
2.1792527961537527 1.194072227423559
2.179105530634653 1.1940301515609548
2.178958280280732 1.193988080031235
2.1788110450871314 1.1939460128338766
2.1786638250499566 1.1939039499665982
2.1785166201701327 1.1938618914288774
2.1783694304379844 1.1938198372201925
2.178222255853474 1.1937777873382627
2.178075096412709 1.1937357417843248
2.1779279521127624 1.1936937005543407
2.177780822949743 1.1936516636513055
2.1776337089216877 1.1936096310711817
2.177486610026635 1.193567602815207
2.1773395262597317 1.193525578881102
2.1771924576190167 1.1934835592683464
2.1770454040986746 1.1934415439764203
2.1768983656957817 1.1933995330048035
2.1767513424083784 1.193357526351218
2.1766043342296877 1.1933155240151443
2.1764573411625694 1.1932735259960632
2.1763103631992835 1.1932315322916973
2.1761634003398007 1.1931895429032857
2.1760164525783092 1.1931475578285518
2.1758695199128533 1.193105577066977
2.175722602338586 1.193063600618043
2.175575699854517 1.1930216284794741
2.1754288124577275 1.1929796606525098
2.175281940141445 1.1929376971331176
2.175135082903717 1.1928957379225371
2.174988240743554 1.1928537830202512
2.1748414136532217 1.1928118324239856
2.1746946016355873 1.1927698861332232
2.174547804684845 1.1927279441474474
2.174401022797117 1.1926860064661418
2.17425425596949 1.1926440730870327
2.1741075041971234 1.1926021440096044
2.17396076748096 1.1925602192333409
2.173814045810377 1.1925182987577265
2.1736673391882464 1.192476382580489
2.1735206476097297 1.1924344707028698
2.1733739710738447 1.1923925631208405
2.1732273095757537 1.1923506598356428
2.1730806631115844 1.1923087608450056
2.172934031678428 1.192266866150171
2.172787415273377 1.1922249757488683
2.1726408138906326 1.1921830896405836
2.1724942275311427 1.1921412078230464
2.17234765618911 1.1920993302974998
2.172201099861629 1.1920574570599176
2.172054558546758 1.1920155881115428
2.171908032239665 1.1919737234518626
2.17176152093841 1.1919318630803641
2.171615024639125 1.1918900069947787
2.1714685433369807 1.1918481551945939
2.1713220770300374 1.1918063076792977
2.1711756257144303 1.191764464448378
2.1710291893882214 1.1917226254995674
2.170882768049474 1.1916807908323541
2.1707363616952877 1.1916389604444713
2.1705899703189084 1.1915971343371632
2.1704435939193645 1.1915553125099192
2.1702972324937573 1.1915134949604727
2.1701508860362977 1.1914716816865578
2.170004554547943 1.1914298726894197
2.169858238022906 1.1913880679685482
2.169711936459253 1.191346267521678
2.1695656498502345 1.1913044713482994
2.169419378194882 1.1912626794461478
2.1692731214931924 1.1912208918164688
2.1691268797384167 1.1911791084587535
2.168980652928625 1.191137329370738
2.168834441058997 1.1910955545501583
2.1686882441276034 1.191053783998261
2.168542062131553 1.1910120177127828
2.168395895066991 1.1909702556949706
2.1682497429300622 1.190928497940807
2.1681036057178766 1.190886744451539
2.1679574834285082 1.1908449952249043
2.1678113760581046 1.1908032502621502
2.1676652836047405 1.1907615095610151
2.167519206064564 1.1907197731209924
2.1673731434317967 1.1906780409398208
2.1672270957074065 1.190636313018748
2.167081062885616 1.1905945893555137
2.166935044962575 1.1905528699496115
2.1667890419363625 1.1905111547987814
2.1666430538031296 1.190469443904272
2.166497080562884 1.1904277372638237
2.1663511222059952 1.190386034876931
2.166205178738254 1.1903443367413353
2.1660592501500315 1.1903026428582852
2.165913336437482 1.1902609532272763
2.1657674375996514 1.1902192678460501
2.1656215536336587 1.1901775867123487
2.1654756845346963 1.1901359098274218
2.16532983029892 1.1900942371890117
2.165183990925378 1.1900525687983685
2.165038166411192 1.1900109046514815
2.164892356754447 1.189969244749601
2.164746561950338 1.189927589092224
2.1646007819979154 1.189885937677094
2.1644550168885206 1.1898442905019553
2.164309266622168 1.1898026475680585
2.1641635311959826 1.1897610088749015
2.164017810606125 1.189719374420229
2.163872104850685 1.1896777442052922
2.1637264139287162 1.1896361182260833
2.163580737830599 1.1895944964838538
2.1634350765573154 1.1895528789781025
2.163289430105029 1.1895112657048224
2.163143798469905 1.1894696566670184
2.1629981816519632 1.1894280518606843
2.1628525796435136 1.1893864512870724
2.1627069924416866 1.1893448549439296
2.1625614200445757 1.1893032628307558
2.16241586245124 1.1892616749470513
2.162270319655919 1.1892200912923163
2.1621247916576727 1.1891785118642988
2.1619792784517062 1.1891369366624998
2.1618337800341885 1.1890953656864198
2.161688296402253 1.18905379893556
2.161542827556889 1.1890122364076698
2.1613973734894487 1.1889706781022504
2.1612519341989946 1.1889291240188036
2.161106509680735 1.1888875741568312
2.1609610999375892 1.1888460285140836
2.160815704958983 1.1888044870918146
2.1606703247449457 1.1887629498877752
2.160524959293579 1.188721416899716
2.1603796085981655 1.1886798881306435
2.1602342726596997 1.1886383635765572
2.1600889514714656 1.1885968432369605
2.159943645031567 1.188555327111357
2.159798353339072 1.18851381519925
2.159653076386303 1.1884723075001438
2.159507814176184 1.1884308040117906
2.159362566701038 1.1883893047336949
2.1592173339599356 1.188347809665361
2.159072115948092 1.1883063188045424
2.158926912664579 1.188264832150744
2.158781724104613 1.188223349705222
2.1586365502653386 1.1881818714657302
2.1584913911419736 1.1881403974317744
2.1583462467355186 1.188098927601109
2.158201117040229 1.1880574619732398
2.1580560020493964 1.188016000547673
2.1579109017698057 1.1879745433239148
2.1577658161889675 1.1879330902997207
2.157620745307885 1.1878916414763483
2.1574756891208153 1.1878501968515534
2.157330647626836 1.187808756424843
2.1571856208221334 1.1877673201957244
2.157040608705785 1.1877258881619546
2.1568956112730153 1.1876844603247914
2.1567506285200113 1.1876430366819921
2.1566056604448893 1.1876016172313144
2.156460707042874 1.1875602019740168
2.1563157683120826 1.1875187909078575
2.1561708442506324 1.187477384032345
2.156025934852786 1.187435981346988
2.1558810401156983 1.1873945828495454
2.1557361600374882 1.1873531885412762
2.155591294616275 1.18731179841994
2.1554464438463246 1.187270412485046
2.155301607728648 1.1872290307361042
2.155156786255584 1.1871876531708745
2.155011979425254 1.187146279790617
2.1548671872328886 1.187104910593092
2.1547224096785382 1.18706354557781
2.1545776467583986 1.187022184744282
2.1544328984686656 1.1869808280902687
2.1542881648093912 1.1869394756170313
2.154143445772917 1.1868981273205819
2.1539987413592967 1.1868567832021812
2.153854051563764 1.1868154432613411
2.153709376386373 1.186774107495824
2.153564715820431 1.186732775905142
2.153420069862139 1.1866914484888071
2.153275438513479 1.186650125244583
2.1531308217648695 1.186608806173731
2.1529862196154026 1.186567491275764
2.152841632063208 1.1865261805466971
2.152697059105452 1.1864848739877925
2.1525525007412285 1.1864435715968145
2.152407956961922 1.1864022733732766
2.1522634277685553 1.1863609793184415
2.152118913154441 1.1863196894283259
2.151974413120604 1.1862784037041922
2.151829927662285 1.186237122145555
2.1516854567795454 1.1861958447501801
2.1515410004657003 1.1861545715175823
2.151396558716957 1.1861133024472765
2.151252131529522 1.1860720375370295
2.1511077189063506 1.1860307767863565
2.1509633208369046 1.185989520194773
2.150818937323175 1.1859482677617945
2.150674568359445 1.185907019486937
2.150530213943851 1.1858657753679684
2.1503858740735677 1.1858245354044052
2.1502415487438427 1.1857832995957636
2.1500972379537786 1.18574206794156
2.1499529416986234 1.1857008404395637
2.1498086599765176 1.1856596170910392
2.1496643927865655 1.1856183978920083
2.1495201401211257 1.1855771828437363
2.1493759019802674 1.1855359719457403
2.149231678359241 1.1854947651975383
2.1490874692571538 1.1854535625969007
2.148943274671185 1.1854123641433456
2.148799094593695 1.1853711698346439
2.1486549290276473 1.1853299796720613
2.1485107779634762 1.1852887936533694
2.1483666414022182 1.185247611779834
2.1482225193410556 1.1852064340474804
2.1480784117771705 1.1851652604575744
2.147934318702927 1.1851240910078886
2.147790240121291 1.1850829256996895
2.1476461760255914 1.18504176453075
2.147502126413977 1.1850006075005903
2.147358091284596 1.1849594546069835
2.1472140706336704 1.18491830584945
2.1470700644545304 1.1848771612275104
2.1469260727511097 1.1848360207406856
2.1467820955138484 1.1847948843867497
2.146638132744753 1.1847537521669704
2.1464941844390837 1.1847126240808692
2.146350250593066 1.1846715001244745
2.1462063312019604 1.1846303802990545
2.146062426266812 1.184589264604131
2.1459185357809556 1.1845481530357336
2.1457746597425453 1.184507045596877
2.1456307981497362 1.1844659422853372
2.1454869510006835 1.1844248430988908
2.1453431182887237 1.184383748037061
2.1451993000120133 1.1843426571011162
2.1450554961687094 1.184301570288834
2.144911706754077 1.1842604875997376
2.1447679317662747 1.1842194090333507
2.144624171202497 1.1841783345857053
2.1444804250599385 1.1841372642580712
2.1443366933329036 1.1840961980499725
2.1441929760205154 1.1840551359609335
2.1440492731199705 1.184014077988733
2.1439055846284663 1.1839730241346411
2.143761910544164 1.1839319743964374
2.143618250864262 1.1838909287719015
2.1434746055792107 1.1838498872623038
2.143330974692957 1.1838088498654247
2.143187358198845 1.1837678165825347
2.1430437560969655 1.1837267874114146
2.142900168382592 1.1836857623498451
2.142756595052925 1.1836447413973525
2.1426130361051663 1.183603724555208
2.142469491536518 1.1835627118211933
2.1423259613422543 1.183521703194835
2.142182445521506 1.183480698673915
2.1420389440676213 1.1834396982597055
2.1418954569816595 1.1833987019499888
2.1417519842617887 1.1833577097442922
2.1416085259023228 1.1833167216421434
2.141465081898539 1.1832757376413257
2.1413216522505345 1.183234757741367
2.1411782369526247 1.1831937819435403
2.14103483600298 1.1831528102438846
2.140891449399772 1.183111842643673
2.14074807713828 1.18307087914069
2.140604719216677 1.1830299197362089
2.1404613756312076 1.1829889644262699
2.1403180463800453 1.1829480132121468
2.140174731461364 1.1829070660916248
2.140031430870446 1.1828661230659776
2.139888144603538 1.182825184132991
2.1397448726597794 1.1827842492921954
2.1396016150325265 1.1827433185431204
2.1394583717209192 1.1827023918835529
2.139315142724098 1.1826614693130233
2.139171928036385 1.1826205508293188
2.1390287276530646 1.182579636433714
2.138885541575208 1.1825387261257398
2.1387423698019576 1.1824978199031841
2.138599212321853 1.1824569177655784
2.1384560691378938 1.1824160197141975
2.138312940245368 1.1823751257450867
2.1381698256424566 1.1823342358595212
2.138026725325412 1.1822933500552901
2.137883639293381 1.1822524683319255
2.1377405675406886 1.1822115906889603
2.1375975100635904 1.1821707171241838
2.137454466862197 1.1821298476388722
2.137311437928908 1.1820889822308154
2.1371684232676915 1.1820481208978038
2.1370254228699843 1.1820072636411139
2.136882436736863 1.1819664104602792
2.1367394648626576 1.1819255613530908
2.1365965072445903 1.1818847163190827
2.136453563879883 1.181843875357789
2.1363106347647953 1.1818030384687441
2.136167719897514 1.18176220564974
2.1360248192771913 1.1817213769003116
2.1358819328962317 1.1816805522199936
2.135739060752824 1.1816397316083211
2.1355962028441935 1.181598915063087
2.135453359170458 1.1815581025838269
2.135310529724024 1.1815172941718186
2.1351677145079018 1.1814764898248555
2.1350249135154638 1.181435689542474
2.134882126744901 1.1813948933224678
2.134739354189586 1.1813541011643733
2.134596595852531 1.1813133130677274
2.134453851728074 1.1812725290320663
2.1343111218115167 1.181231749056927
2.134168406100089 1.1811909731401051
2.134025704592949 1.1811502012811377
2.133883017287329 1.181109433479562
2.1337403441756395 1.1810686697349158
2.1335976852608973 1.1810279100449952
2.1334550405393706 1.1809871544110797
2.133312410005401 1.1809464028292245
2.133169793657185 1.1809056553007093
2.1330271914938854 1.1808649118250727
2.1328846035079168 1.180824172400112
2.1327420297003696 1.180783437025366
2.1325994700694437 1.1807427057003739
2.1324569246065908 1.1807019784246748
2.1323143933100113 1.1806612551978082
2.132171876181762 1.1806205360175723
2.1320293732152242 1.1805798208852483
2.1318868844086 1.1805391097968938
2.1317444097581633 1.18049840275379
2.131601949260189 1.180457699755477
2.131459502911916 1.1804170007980137
2.1313170707144407 1.1803763058826817
2.1311746526592183 1.1803356150090218
2.1310322487463824 1.1802949281765749
2.1308898589712455 1.1802542453831415
2.130747483332977 1.1802135666282632
2.1306051218278554 1.1801728919114811
2.1304627744550513 1.180132221234078
2.1303204412089154 1.1800915545921142
2.1301781220866913 1.1800508919851322
2.130035817085623 1.1800102334126743
2.1298935262039187 1.1799695788742828
2.129751249435931 1.1799289283695003
2.129608986780834 1.1798882818978695
2.129466738235873 1.1798476394571933
2.1293245037954023 1.1798070010452748
2.1291822834614886 1.1797663666633973
2.1290400772294515 1.1797257363111042
2.1288978850965385 1.1796851099861994
2.1287557070561416 1.1796444876899663
2.1286135431103297 1.1796038694202096
2.1284713932534594 1.1795632551747333
2.128329257483745 1.1795226449548215
2.128187135797472 1.1794820387582794
2.1280450281909267 1.1794414365846513
2.1279029346623246 1.1794008384334824
2.127760855209881 1.1793602443043176
2.127618789830848 1.1793196541949629
2.127476738518621 1.179279068106703
2.127334701272382 1.1792384860356044
2.1271926780884187 1.1791979079829529
2.1270506689659143 1.179157333948294
2.126908673903087 1.1791167639294347
2.1267666928942988 1.1790761979276603
2.126624725936805 1.1790356359407783
2.1264827730278615 1.1789950779665963
2.1263408341637597 1.1789545240064
2.126198909343685 1.178913974057998
2.1260569985639295 1.1788734281209368
2.1259151018236797 1.1788328861947641
2.1257732191153726 1.1787923482790272
2.1256313504372306 1.1787518143715352
2.1254894957865127 1.178711284471836
2.1253476551643344 1.1786707585794776
2.1252058285660276 1.1786302366940082
2.1250640159888525 1.1785897188132377
2.124922217427178 1.1785492049384532
2.1247804328801925 1.1785086950674648
2.1246386623413014 1.1784681891998217
2.124496905813552 1.1784276873350727
2.124355163294206 1.1783871894727673
2.1242134347728143 1.1783466956107165
2.1240717202533888 1.1783062057484701
2.1239300197322293 1.1782657198855777
2.123788333205636 1.1782252380215894
2.1236466606699103 1.1781847601543172
2.123505002123281 1.1781442862833114
2.1233633575620496 1.1781038164081226
2.1232217269854115 1.1780633505283014
2.1230801103838837 1.1780228886433985
2.1229385077624463 1.1779824307512274
2.1227969191145104 1.177941976851339
2.1226553444373444 1.1779015269450224
2.1225137837291808 1.1778610810283539
2.1223722369872884 1.1778206391008852
2.1222307042070083 1.1777802011639056
2.1220891853856108 1.1777397672152297
2.1219476805203654 1.1776993372526723
2.1218061896104716 1.1776589112792606
2.1216647126512727 1.1776184892910724
2.1215232496419683 1.1775780712876605
2.121381800576938 1.1775376572703147
2.121240365456347 1.1774972472368512
2.121098944273612 1.177456841185086
2.120957537028899 1.1774164391145727
2.120816143718517 1.1773760410266016
2.1206747643397414 1.1773356469189897
2.1205333988888824 1.177295256789554
2.1203920473632154 1.1772548706395856
2.1202507097619447 1.1772144884669016
2.1201093860794535 1.1771741102727933
2.119968076313983 1.1771337360550786
2.1198267804618465 1.1770933658115759
2.1196854985203206 1.17705299954184
2.119544230486684 1.1770126372471623
2.119402976359179 1.1769722789253618
2.1192617361360493 1.176931924575994
2.1191205098126455 1.1768915741986143
2.1189792973872117 1.1768512277910426
2.1188380988551 1.1768108853528345
2.118696914214555 1.1767705468835463
2.118555743461894 1.1767302123827343
2.1184145865943984 1.176689881849955
2.1182734436112787 1.1766495552830287
2.1181323145088533 1.1766092326815125
2.1179911992824767 1.1765689140449633
2.1178500979313606 1.1765285993729384
2.1177090104498966 1.1764882886632593
2.117567936837297 1.1764479819172189
2.1174268770947036 1.1764076791326394
2.1172858312126523 1.1763673803090786
2.1171447991942145 1.1763270854460945
2.117003781028962 1.1762867945432451
2.116862776722859 1.176246507596618
2.1167217862654795 1.1762062246092424
2.116580809658932 1.1761659455772062
2.1164398468985754 1.1761256705018037
2.1162988979788055 1.1760853993808584
2.116157962902697 1.176045132215665
2.116017041662717 1.1760048690040474
2.115876134256156 1.17596460974383
2.1157352406822323 1.1759243544380429
2.1155943609382364 1.1758841030810405
2.1154534950224235 1.175843855675853
2.1153126429291924 1.1758036122203057
2.115171804655835 1.1757633727139587
2.1150309802006078 1.175723137154638
2.1148901695579108 1.1756829055436386
2.114749372730823 1.1756426778787872
2.1146085897118163 1.1756024541596444
2.1144678205001135 1.1755622343840368
2.114327065089152 1.1755220185532607
2.1141863234810483 1.1754818066651427
2.1140455956750266 1.1754415987192446
2.1139048816606683 1.1754013947151283
2.1137641814400907 1.175361194652356
2.113623495010591 1.1753209985287552
2.113482822366574 1.1752808063456228
2.1133421635063003 1.175240618099053
2.113201518428998 1.1752004337920763
2.113060887129072 1.175160253420788
2.1129202696057496 1.1751200769847505
2.1127796658553666 1.1750799044852616
2.1126390758752223 1.1750397359201503
2.112498499663581 1.1749995712889802
2.1123579372177446 1.1749594105895813
2.1122173885301914 1.1749192538232511
2.112076853604974 1.17487910098782
2.1119363324345723 1.1748389520811182
2.1117958250182176 1.174798807104444
2.111655331353213 1.174758666057362
2.111514851437826 1.174718528937703
2.111374385265503 1.174678395745032
2.1112339328354772 1.1746382664789141
2.1110934941460173 1.1745981411389146
2.110953069191535 1.1745580197245986
2.110812657971265 1.1745179022320653
2.110672260481549 1.1744777886643467
2.110531876720657 1.1744376790192754
2.1103915066858963 1.1743975732964176
2.110251150374574 1.1743574714918732
2.110110807783998 1.1743173736069417
2.109970478908583 1.1742772796429224
2.1098301637485313 1.1742371895976491
2.109689862299222 1.1741971034689558
2.1095495745598947 1.1741570212581423
2.1094093005259293 1.174116942963043
2.109269040195601 1.1740768685832252
2.1091287935671845 1.1740367981182565
2.108988560637027 1.1739967315659718
2.1088483414005115 1.173956668925939
2.108708135856878 1.1739166101994587
2.108567944001511 1.1738765553843664
2.1084277658326873 1.1738365044784982
2.108287601348685 1.1737964574831548
2.108147450545853 1.1737564143961725
2.1080073134224695 1.1737163752171202
2.107867189973921 1.173676339945567
2.1077270801994517 1.173636308581082
2.1075869840934827 1.1735962811232343
2.1074469016552593 1.1735562575698615
2.1073068328811333 1.173516237920533
2.107166777769386 1.173476222174819
2.1070267363173345 1.1734362103305571
2.1068867085203675 1.1733962023890494
2.106746694377732 1.1733561983481344
2.1066066938848174 1.1733161982073828
2.1064667070389427 1.173276201966365
2.1063267338403207 1.1732362096229199
2.106186774284342 1.1731962211783504
2.106046828368327 1.173156236630496
2.105906896087667 1.1731162559789277
2.105766977441612 1.173076279223217
2.105627072429413 1.1730363063629357
2.1054871810445333 1.172996337395924
2.1053473032862247 1.1729563723217538
2.1052074391518096 1.1729164111399972
2.1050675886366825 1.1728764538502265
2.104927751737202 1.172836500450283
2.10478792845455 1.1727965509414702
2.104648118785087 1.1727566053216298
2.1045083227251733 1.172716663588604
2.1043685402721337 1.1726767257454274
2.104228771420401 1.1726367917882115
2.104089016173088 1.1725968617182603
2.1039492745226984 1.1725569355334167
2.1038095464684887 1.1725170132315237
2.1036698320077862 1.1724770948138858
2.103530131137919 1.1724371802800773
2.1033904438542854 1.1723972696279412
2.1032507701551793 1.1723573628570523
2.103111110038894 1.172317459966985
2.102971463501795 1.1722775609555833
2.1028318305412115 1.1722376658241527
2.102692211154474 1.1721977745705376
2.102552605338914 1.1721578871943135
2.1024130130928262 1.1721180036950554
2.1022734344125786 1.1720781240723388
2.102133869293574 1.172038248324009
2.101994317736038 1.1719983764513722
2.1018547797373035 1.1719585084505442
2.1017152552898812 1.1719186443228309
2.101575744395928 1.171878784066079
2.101436247051813 1.1718389276833243
2.1012967632529413 1.171799075170684
2.101157292997613 1.1717592265277346
2.101017836284128 1.1717193817523233
2.100878393109822 1.171679540845757
2.1007389634739604 1.1716397038058832
2.100599547367128 1.1715998706322792
2.100460144791484 1.1715600413245228
2.1003207557434025 1.1715202158821916
2.1001813802202203 1.1714803943048633
2.100042018220241 1.1714405765903866
2.099902669738874 1.171400762740069
2.0997633347744227 1.1713609527500306
2.0996240133232624 1.1713211466198494
2.0994847053836976 1.1712813443525627
2.0993454109492102 1.171241545944291
2.0992061300209994 1.1712017513946134
2.0990668625993 1.1711619607031087
2.0989276086775956 1.1711221738676276
2.0987883682532282 1.1710823908894783
2.098649141322576 1.1710426117665116
2.09850992788491 1.1710028364983072
2.0983707279375747 1.170963065084445
2.0982315414759842 1.1709232975245052
2.098092368498447 1.1708835338163393
2.097953209002308 1.1708437739612563
2.097814062985876 1.1708040179571082
2.0976749304455327 1.1707642658034758
2.097535811379588 1.1707245174982113
2.097396705780565 1.1706847730426244
2.0972576136525625 1.1706450324345679
2.0971185349881045 1.1706052956736228
2.0969794697855035 1.170565562759371
2.096840418044036 1.1705258336896658
2.0967013797591214 1.1704861084658171
2.096562354929073 1.170446387085679
2.0964233435502746 1.1704066695488335
2.096284345620076 1.1703669558548628
2.096145361135827 1.1703272460033496
2.096006390094878 1.1702875399921484
2.0958674324965094 1.170247837820842
2.0957284883371075 1.1702081394890134
2.0955895576130588 1.1701684449962455
2.0954506403217157 1.1701287543421217
2.09531173646043 1.1700890675244977
2.0951728460294494 1.1700493845446847
2.0950339690193736 1.170009705398811
2.094895105431415 1.1699700300881881
2.094756255266786 1.1699303586124004
2.0946174185160893 1.169890690969304
2.094478595178608 1.1698510271584839
2.0943397852526617 1.1698113671812516
2.094200988735607 1.1697717110337371
2.094062205621905 1.1697320587155253
2.093923435913736 1.1696924102279282
2.093784679605563 1.169652765568804
2.093645936695707 1.169613124739465
2.093507207181527 1.1695734877360424
2.093368491059415 1.169533854558122
2.0932297883276947 1.1694942252070164
2.093091098980831 1.1694545996788577
2.0929524230229357 1.169414977974959
2.0928137604455808 1.1693753600949062
2.092675111245161 1.1693357460382858
2.092536475422896 1.1692961358046843
2.092397852975182 1.1692565293919617
2.092259243902275 1.1692169267979782
2.092120648193818 1.169177328025774
2.0919820658519974 1.1691377330714832
2.0918434968732105 1.1690981419346929
2.091704941255785 1.1690585546167171
2.0915663989961195 1.169018971113691
2.091427870090613 1.168979391426928
2.0912893545385587 1.1689398155542903
2.091150852337322 1.1689002434970919
2.0910123634823377 1.168860675253195
2.0908738879719357 1.168821110822188
2.0907354258025173 1.1687815502019332
2.0905969769724133 1.1687419933937455
2.090458541479955 1.1687024403954878
2.090320119319615 1.168662891206749
2.0901817104926192 1.168623345827118
2.0900433149934416 1.1685838042561845
2.089904932820415 1.168544266491812
2.0897665639709078 1.168504732535316
2.089628208442289 1.1684652023828346
2.089489866230963 1.1684256760356837
2.0893515373342995 1.1683861534934532
2.0892132217506334 1.1683466347557332
2.0890749194773353 1.1683071198203887
2.088936630512741 1.1682676086870103
2.088798354851327 1.1682281013551887
2.08866009249336 1.1681885978227895
2.088521843434282 1.1681490980911287
2.0883836076714655 1.1681096021597976
2.0882453852022835 1.1680701100266624
2.0881071760250745 1.1680306216895893
2.0879689801372114 1.1679911371516198
2.0878307975331745 1.167951656408896
2.087692628214197 1.16791217946101
2.0875544721776547 1.1678727063058283
2.0874163294189922 1.1678332369446685
2.087278199935586 1.1677937713788475
2.0871400837257763 1.1677543096045084
2.087001980785975 1.1677148516212439
2.086863891114524 1.1676753974303713
2.086725814706871 1.1676359470280344
2.0865877515632874 1.167596500415551
2.0864497016782573 1.1675570575925145
2.0863116650501237 1.167517618555069
2.0861736416753005 1.167478183304533
2.086035631554062 1.167438751842224
2.0858976346818574 1.1673993241642877
2.085759651057997 1.1673599002720423
2.0856216806779315 1.1673204801633577
2.0854837235361465 1.1672810638378281
2.085345779635813 1.1672416512950483
2.0852078489694876 1.167202242534613
2.0850699315384125 1.1671628375543925
2.08493202733611 1.1671234363539822
2.0847941363647875 1.1670840389347008
2.0846562586208637 1.167044645292696
2.084518394097862 1.167005255429287
2.0843805427970263 1.1669658693440692
2.084242704714776 1.166926487033191
2.0841048798456008 1.166887108497972
2.083967068187851 1.1668477337397316
2.0838292697418064 1.1668083627546189
2.083691484501958 1.1667689955439537
2.083553712467623 1.166729632105609
2.083415953637152 1.1666902724391814
2.0832782080011776 1.1666509165442678
2.083140475564807 1.1666115644204647
2.083002756322533 1.1665722160656462
2.082865050272709 1.1665328714794094
2.0827273574107936 1.1664935306613518
2.0825896777351405 1.1664541936110706
2.0824520112431393 1.1664148603281637
2.08231435793411 1.1663755308105057
2.0821767178015826 1.1663362050594177
2.0820390908458424 1.1662968830710518
2.0819014770633153 1.1662575648484523
2.081763876449463 1.1662182503877716
2.081626289006502 1.1661789396886084
2.0814887147279637 1.1661396327522842
2.0813511536122067 1.166100329576675
2.0812136056575885 1.1660610301613799
2.0810760708615024 1.1660217345059978
2.0809385492194115 1.1659824426084058
2.0808010407306403 1.165943154468203
2.080663545389688 1.1659038700849893
2.080526063198775 1.1658645894583644
2.0803885941514357 1.165825312587928
2.0802511382450657 1.1657860394732804
2.080113695482852 1.165746770110577
2.079976265853505 1.1657075045011407
2.079838849360211 1.1656682426462939
2.0797014459955427 1.165628984542193
2.0795640557636528 1.165589730190161
2.0794266786542184 1.1655504795880767
2.0792893146723586 1.1655112327355412
2.079151963811612 1.1654719896321557
2.0790146260693767 1.1654327502775217
2.0788773014411226 1.1653935146695187
2.078739989929075 1.1653542828077486
2.0786026915267732 1.1653150546935347
2.078465406232583 1.1652758303247575
2.0783281340458357 1.1652366096992974
2.078190874961037 1.1651973928184782
2.0780536289784846 1.1651581796801809
2.0779163960936495 1.1651189702840081
2.0777791763039346 1.1650797646295625
2.0776419696077078 1.1650405627164468
2.077504776001407 1.165001364544264
2.077367595483401 1.1649621701091748
2.077230428049164 1.1649229794142248
2.0770932736989947 1.1648837924555753
2.076956132426438 1.164844609234551
2.076819004235655 1.1648054297507555
2.076681889117295 1.1647662540020718
2.076544787069729 1.164727081988104
2.076407698093259 1.1646879137101769
2.0762706221833604 1.1646487491644533
2.0761335593393713 1.1646095883522583
2.0759965095558033 1.1645704312714757
2.0758594728319943 1.1645312779217105
2.0757224491653528 1.1644921283042884
2.075585438552322 1.1644529824153729
2.0754484409932066 1.1644138402545692
2.075311456481555 1.1643747018214827
2.0751744850157414 1.1643355671174396
2.0750375265941416 1.1642964361403247
2.0749005812141657 1.1642573088880237
2.0747636488751553 1.1642181853635833
2.07462672957066 1.1641790655614483
2.074489823299057 1.1641399494846658
2.074352930059689 1.164100837131122
2.074216049850933 1.1640617285004229
2.0740791826653755 1.1640226235904554
2.073942328506221 1.1639835224008264
2.0738054873650915 1.1639444249328628
2.0736686592422964 1.1639053311844516
2.0735318441381456 1.1638662411552
2.073395042047158 1.1638271548447157
2.073258252965783 1.1637880722491662
2.0731214768933666 1.1637489933715992
2.072984713825394 1.1637099182099024
2.0728479637602457 1.1636708467619643
2.072711226696304 1.1636317790291126
2.07257450263002 1.1635927150109555
2.072437791559777 1.163553654705382
2.0723010934820265 1.1635145981120005
2.072164408395152 1.1634755452287002
2.0720277362956057 1.163436496058529
2.0718910771808066 1.163397450597657
2.071754431050105 1.1633584088456934
2.0716177978989885 1.1633193708022473
2.071481177725843 1.1632803364669284
2.071344570528088 1.163241305837627
2.0712079763002484 1.1632022789156717
2.0710713950445716 1.1631632556989535
2.070934826756548 1.1631242361870824
2.0707982714316686 1.1630852203813875
2.0706617290692857 1.1630462082780413
2.070525199666822 1.1630071998783729
2.0703886832226654 1.1629681951802742
2.0702521797332736 1.162929194183356
2.0701156891951045 1.162890196887229
2.0699792116065474 1.1628512032915042
2.0698427469669576 1.162812213394074
2.0697062952698975 1.16277322719455
2.0695698565137577 1.1627342446925433
2.0694334306988593 1.1626952658876657
2.0692970178206975 1.1626562907812474
2.0691606178766984 1.1626173193694633
2.0690242308633224 1.1625783516519255
2.0688878567808926 1.1625393876282462
2.06875149562394 1.1625004272980375
2.068615147390857 1.1624614706591938
2.068478812081969 1.1624225177130458
2.0683424896908416 1.1623835684592063
2.0682061802187652 1.162344622893852
2.068069883658341 1.162305681020032
2.067933600010861 1.1622667428356415
2.0677973292727887 1.1622278083385755
2.067661071440589 1.1621888775301656
2.0675248265116926 1.1621499504083075
2.0673885944844947 1.1621110269708972
2.067252375357393 1.1620721072192661
2.0671161691249216 1.1620331911530286
2.066979975785478 1.1619942787717985
2.066843795342288 1.1619553700734726
2.06670762778506 1.1619164650559477
2.0665714731150886 1.1618775637222736
2.066435331328842 1.16183866606863
2.066299202423753 1.1617997720963489
2.0661630863982223 1.1617608818033283
2.066026983246787 1.161721995189183
2.065890892970744 1.1616831122535287
2.0657548155655974 1.1616442329942633
2.0656187510336106 1.1616053574127199
2.065482699364495 1.1615664855085137
2.0653466605595487 1.1615276172778266
2.0652106346171744 1.1614887527237088
2.065074621531912 1.1614498918423424
2.064938621304095 1.1614110346350603
2.064802633931162 1.1613721810980455
2.0646666594076537 1.1613333312326315
2.064530697731974 1.1612944850401514
2.0643947489054244 1.1612556425185057
2.0642588129225468 1.1612168036655943
2.0641228897788495 1.161177968482751
2.0639869794746692 1.1611391369678767
2.0638510820074463 1.1611003091205887
2.063715197373655 1.161061484938788
2.0635793255717023 1.1610226644238086
2.063443466597098 1.160983847573552
2.0633076204521124 1.1609450343876364
2.063171787128393 1.1609062248656796
2.063035966628211 1.1608674190073
2.062900158945146 1.160828616812116
2.062764364075675 1.1607898182780299
2.0626285820220702 1.1607510234046603
2.0624928127808095 1.160712232193342
2.0623570563483713 1.1606734446419782
2.062221312720269 1.1606346607484717
2.0620855818958783 1.160595880512442
2.061949863874576 1.160557103935224
2.061814158651876 1.1605183310130058
2.061678466224259 1.1604795617488386
2.0615427865901363 1.1604407961389105
2.0614071197498522 1.1604020341828416
2.0612714656969904 1.1603632758819675
2.06113582443093 1.1603245212341928
2.0610001959481523 1.160285770239138
2.0608645802470718 1.160247022894708
2.060728977326102 1.1602082792022386
2.060593387179795 1.160169539161351
2.060457809809462 1.1601308027699504
2.0603222452096563 1.1600920700259425
2.060186693375895 1.1600533409323792
2.0600511543114237 1.1600146154854514
2.059915628010795 1.1599758936864955
2.0597801144704944 1.1599371755317027
2.0596446136908697 1.1598984610224101
2.0595091256674416 1.1598597501599546
2.059373650397662 1.159821042940528
2.05923818788188 1.1597823393637527
2.05910273811272 1.1597436394292508
2.0589673010905316 1.1597049431383597
2.0588318768137346 1.159666250488987
2.0586964652788162 1.1596275614790408
2.058561066482265 1.1595888761098585
2.058425680425399 1.1595501943793485
2.058290307099877 1.159511516285419
2.058154946507018 1.1594728418294082
2.058019598644278 1.1594341710109395
2.057884263509112 1.1593955038296362
2.0577489410951126 1.1593568402834076
2.057613631404566 1.1593181803718773
2.0574783344358947 1.1592795240946696
2.0573430501797945 1.159240871449694
2.05720777864145 1.1592022224382892
2.057072519811558 1.159163577058365
2.056937273694338 1.1591249353112605
2.0568020402843508 1.1590862971931717
2.0566668195800215 1.1590476627071515
2.0565316115749455 1.159009031849397
2.056396416272378 1.158970404619533
2.0562612336659147 1.1589317810188988
2.0561260637539824 1.1588931610454056
2.0559909065369397 1.1588545446969651
2.0558557620093496 1.158815931974917
2.0557206301696396 1.1587773228771727
2.055585511014305 1.1587387174033585
2.055450404541774 1.1587001155531003
2.055315310751441 1.158661517326024
2.055180229636905 1.1586229227217562
2.055045161199493 1.158584331739923
2.0549101054328043 1.1585457443784375
2.0547750623352687 1.1585071606369266
2.054640031907248 1.158468580515017
2.0545050141452412 1.1584300040123356
2.0543700090438146 1.1583914311267962
2.0542350166042977 1.158352861858026
2.054100036822224 1.1583142962073658
2.053965069696991 1.1582757341710164
2.0538301152241334 1.1582371757503187
2.053695173403049 1.1581986209431874
2.0535602442302396 1.1581600697509635
2.053425327703172 1.158121522171562
2.0532904238212457 1.158082978204611
2.0531555325790305 1.158044437849739
2.053020653974961 1.1580059011065742
2.0528857880074716 1.1579673679730327
2.052750934670167 1.157928838448743
2.052616093967279 1.1578903125333337
2.0524812658924128 1.1578517902264343
2.0523464504459366 1.1578132715276737
2.0522116476224226 1.157774756436681
2.052076857421274 1.157736244951373
2.051942079838029 1.1576977370696673
2.05180731487499 1.157659232794618
2.051672562523832 1.1576207321241425
2.051537822783959 1.1575822350561584
2.0514030956547757 1.157543741590296
2.0512683811308565 1.1575052517261855
2.051133679213539 1.157466765463457
2.0509989898954655 1.1574282828000289
2.050864313178941 1.1573898037372439
2.0507296490595066 1.1573513282730208
2.050594997533671 1.1573128564087023
2.050460358601807 1.1572743881439194
2.0503257322604242 1.1572359234748795
2.0501911185060315 1.1571974624012138
2.050056517338037 1.1571590049242657
2.0499219287510186 1.1571205510436666
2.049787352744385 1.1570821007556247
2.049652789315613 1.1570436540614837
2.049518238465078 1.1570052109608753
2.0493837001854263 1.15696677145172
2.049249174476069 1.1569283355353617
2.049114661334483 1.156889903209721
2.0489801607571816 1.1568514744744307
2.048845672745508 1.1568130493291233
2.048711197293077 1.1567746277700088
2.048576734401232 1.1567362098001428
2.0484422840664873 1.1566977954174469
2.048307846286323 1.1566593846215543
2.048173421054355 1.1566209774120981
2.048039008369996 1.156582573788712
2.047904608233626 1.1565441737493185
2.0477702206407944 1.156505777295262
2.04763584558705 1.1564673844244655
2.047501483074706 1.1564289951348519
2.047367133102212 1.1563906094277663
2.047232795662219 1.156352227301132
2.047098470753177 1.156313848756294
2.0469641583745015 1.1562754737911765
2.046829858521744 1.1562371024037028
2.0466955711933554 1.1561987345952187
2.046561296387786 1.156160370365359
2.0464270341025204 1.156122009712048
2.0462927843331116 1.156083652634921
2.04615854708091 1.156045299133613
2.046024322341469 1.1560069492077596
2.0458901101122753 1.1559686028569964
2.0457559103898486 1.1559302600792487
2.0456217231726423 1.1558919208741523
2.0454875484581434 1.155853585241343
2.045353386243839 1.1558152531804569
2.045219236528184 1.15577692469113
2.045085099309633 1.155738599771289
2.0449509745876067 1.15570027842228
2.044816862355729 1.1556619606403198
2.0446827626124553 1.1556236464267549
2.0445486753543087 1.1555853357829322
2.044414600580712 1.1555470287050689
2.044280538286256 1.155508725192802
2.044146488473263 1.1554704252457688
2.0440124511382582 1.155432128863607
2.0438784262758327 1.1553938360459535
2.043744413885411 1.1553555467907368
2.0436104139644855 1.155317261099304
2.043476426510548 1.1552789789695836
2.0433424515191576 1.1552407004012135
2.0432084889945727 1.155202425393832
2.0430745389294542 1.1551641539470772
2.0429406013212956 1.1551258860588782
2.0428066761714567 1.1550876217288737
2.042672763471633 1.1550493609584116
2.0425388632231845 1.1550111037437123
2.042404975423606 1.1549728500861238
2.042271100066527 1.1549345999852851
2.042137237152342 1.1548963534391266
2.042003386682413 1.1548581104472875
2.0418695486494034 1.154819871009407
2.041735723055642 1.1547816351251252
2.0416019098947604 1.1547434027940815
2.041468109165222 1.154705174012498
2.0413343208654897 1.1546669487851413
2.0412005449901627 1.1546287271082338
2.041066781539638 1.1545905089797073
2.040933030508515 1.1545522944009106
2.0407992918981583 1.1545140833697756
2.0406655657070334 1.154475875885943
2.0405318519307065 1.1544376719490537
2.0403981505666775 1.1543994715604569
2.0402644616134133 1.1543612747180851
2.0401307850674475 1.1543230814198713
2.039997120925314 1.1542848916654567
2.0398634691893465 1.1542467054544825
2.039729829852214 1.1542085227865906
2.039596202913351 1.1541703436597142
2.039462588371226 1.1541321680752032
2.0393289862233415 1.1540939960309917
2.039195396465267 1.1540558275284298
2.0390618190945053 1.1540176625654515
2.038928254109526 1.1539795011416991
2.0387947015116996 1.153941343256815
2.0386611612946632 1.1539031889087341
2.0385276334559213 1.153865038098807
2.038394117995878 1.1538268908249683
2.0382606149120392 1.1537887470851536
2.0381271241990095 1.1537506068807135
2.0379936458562278 1.1537124702112913
2.0378601798812 1.1536743370765303
2.037726726272399 1.153636207472659
2.0375932850263645 1.1535980814010283
2.03745985614157 1.153559958861282
2.0373264396126234 1.153521839853064
2.0371930354399312 1.1534837243760183
2.037059643622935 1.1534456124280816
2.036926264155276 1.153407504008898
2.036792897034463 1.1533693991181122
2.0366595422618707 1.1533312977553685
2.0365261998330757 1.1532931999186042
2.03639286974462 1.1532551056074645
2.0362595519959474 1.1532170148215939
2.0361262465836005 1.1531789275606374
2.0359929535060566 1.1531408438242405
2.0358596727598597 1.1531027636103413
2.0357264043473546 1.153064686920292
2.0355931482602525 1.1530266137520315
2.0354599044979977 1.1529885441052052
2.03532667306197 1.152950477981166
2.035193453944848 1.1529124153761459
2.0350602471451102 1.1528743562897912
2.0349270526631704 1.1528363007234548
2.0347938704917077 1.152798248675076
2.0346607006340367 1.1527602001443016
2.0345275430847707 1.152722155130778
2.0343943978414236 1.1526841136324455
2.034261264903444 1.1526460756506571
2.0341281442683465 1.1526080411833535
2.033995035930746 1.1525700102284755
2.0338619398910582 1.1525319827873763
2.033728856145832 1.1524939588597034
2.0335957846916166 1.1524559384451043
2.0334627255278623 1.1524179215415202
2.033329678652086 1.152379908148599
2.0331966440627705 1.1523418982659883
2.033063621758401 1.1523038918916302
2.032930611732628 1.1522658890268787
2.0327976139858697 1.1522278896713818
2.032664628512743 1.1521898938230821
2.0325316553156023 1.1521519014816282
2.032398694388098 1.1521139126449627
2.032265745731617 1.1520759273144399
2.0321328093417454 1.1520379454897087
2.0319998852179366 1.1519999671687127
2.0318669733548105 1.1519619923511006
2.0317340737518212 1.1519240210365218
2.0316011864064896 1.1518860532246256
2.0314683113163365 1.1518480889133558
2.0313354484817845 1.1518101281040676
2.0312025978974546 1.1517721707929998
2.0310697595618357 1.151734216983213
2.0309369334695493 1.1516962666709465
2.030804119619085 1.1516583198575556
2.030671318012801 1.1516203765409854
2.0305385286462863 1.1515824367208862
2.0304057515151306 1.1515445003986136
2.030272986616858 1.151506567570408
2.0301402339518937 1.1514686382376251
2.0300074935167953 1.1514307123982108
2.0298747653100544 1.151392790053521
2.0297420493262956 1.151354871199797
2.029609345564978 1.1513169558400995
2.0294766540265288 1.1512790439706706
2.029343974705573 1.1512411355928662
2.029211307600604 1.151203230706338
2.029078652708182 1.1511653293073283
2.0289460100268 1.1511274313988982
2.028813379553019 1.151089536978995
2.028680761287268 1.1510516460455666
2.0285481552251405 1.151013758598265
2.028415561367066 1.1509758746384466
2.0282829797076722 1.15093799416406
2.0281504102444883 1.150900117176462
2.0280178529798785 1.1508622436718963
2.02788530790557 1.150824373650016
2.0277527750210265 1.1507865071121786
2.02762025432668 1.1507486440580366
2.027487745817159 1.1507107844838351
2.0273552494909617 1.1506729283909316
2.0272227653456194 1.1506350757789794
2.0270902933805974 1.1505972266459283
2.0269578335905263 1.1505593809914318
2.0268253859758394 1.150521538815144
2.0266929505340694 1.1504837001167185
2.026560527260814 1.1504458648958096
2.026428116156508 1.1504080331520712
2.0262957172177174 1.150370204883454
2.0261633304390743 1.1503323800896126
2.026030955821981 1.1502945587702014
2.025898593363972 1.1502567409248752
2.0257662430587127 1.1502189265515852
2.025633904909541 1.1501811156516897
2.0255015789149597 1.1501433082248438
2.025369265068635 1.150105504267296
2.025236963366168 1.150067703780405
2.0251046738089644 1.150029906763826
2.0249723963955266 1.1499921132172146
2.02484013112049 1.1499543231385232
2.0247078779842935 1.1499165365274076
2.024575636984474 1.1498787533852268
2.0244434081156677 1.149840973708231
2.0243111913773464 1.149803197497779
2.024178986768983 1.1497654247535272
2.024046794286181 1.149727655471726
2.023914613924545 1.1496898896537349
2.023782445687418 1.1496521272992106
2.023650289570404 1.1496143684095126
2.023518145570076 1.1495766129808922
2.023386013684941 1.1495388610130066
2.0232538939125395 1.1495011125072154
2.023121786249445 1.1494633674597707
2.022989690695132 1.1494256258720326
2.0228576072461752 1.1493878877436583
2.0227255359001157 1.1493501530726031
2.02259347665643 1.149312421860227
2.0224614295107255 1.1492746941044858
2.0223293944624796 1.149236969805037
2.0221973715082675 1.1491992489615392
2.022065360645632 1.1491615315719481
2.0219333618701816 1.149123817635922
2.0218013751833293 1.1490861071548215
2.021669400582619 1.1490484001266033
2.021537438065595 1.149010696550926
2.0214054876298015 1.1489729964257462
2.021273549271817 1.1489352997524251
2.021141622989185 1.1488976065289198
2.021009708781387 1.1488599167548894
2.020877806645001 1.1488222304299933
2.020745916579507 1.1487845475521892
2.0206140385824525 1.148746868122838
2.020482172647514 1.1487091921416
2.020350318774173 1.1486715196064328
2.0202184769648137 1.1486338505169966
2.0200866472092445 1.1485961848729513
2.0199548295108176 1.1485585226722557
2.0198230238670813 1.1485208639162714
2.019691230273649 1.1484832086029575
2.019559448728069 1.1484455567336758
2.0194276792298256 1.1484079083046843
2.0192959217735655 1.148370263317345
2.0191641763616754 1.1483326217713188
2.019032442988803 1.1482949836662668
2.018900721656369 1.1482573490001489
2.0187690123561177 1.148219717772626
2.018637315089471 1.1481820899833601
2.0185056298559143 1.1481444656303113
2.018373956650097 1.148106844713141
2.0182422954705377 1.1480692272332123
2.018110646314789 1.1480316131884858
2.0179790091823375 1.1479940025786237
2.0178473840688014 1.147956395403288
2.0177157709697977 1.14791879166044
2.017584169887718 1.147881191351443
2.0174525808191475 1.1478435944759593
2.017321003762608 1.1478060010302502
2.0171894387137184 1.147768411015679
2.0170578856700327 1.1477308244319084
2.0169263446300736 1.147693241276901
2.0167948155923634 1.1476556615520201
2.016663298554457 1.1476180852552285
2.0165317935119753 1.1475805123861895
2.016400300465376 1.1475429429445665
2.0162688194083453 1.147505376930023
2.0161373503442452 1.1474678143405224
2.0160058932686975 1.1474302551774287
2.015874448178291 1.1473926994387056
2.0157430150734865 1.147355147122317
2.0156115939489383 1.1473175982296269
2.0154801848041397 1.1472800527585998
2.015348787635681 1.1472425107106
2.0152174024420884 1.1472049720835917
2.015086029219953 1.1471674368789397
2.0149546679687687 1.147129905092909
2.014823318688031 1.147092376726864
2.0146919813704605 1.14705485178047
2.014560656014585 1.147017330251692
2.014429342621835 1.1469798121384955
2.014298041189772 1.1469422974422459
2.014166751712086 1.146904786162608
2.014035474193111 1.1468672783009475
2.013904208623635 1.1468297738518312
2.013772955004123 1.1467922728183237
2.0136417133321363 1.1467547751983918
2.0135104836062054 1.1467172809900017
2.013379265822925 1.1466797901945192
2.0132480599808256 1.1466423028116106
2.0131168660803733 1.1466048188392428
2.0129856841142932 1.1465673382787818
2.012854514083052 1.1465298611264954
2.012723355984214 1.1464923873837498
2.012592209817279 1.1464549170485125
2.0124610755778756 1.1464174501221498
2.0123299532635692 1.1463799866026296
2.0121988428699886 1.1463425264896192
2.0120677444014747 1.1463050697844848
2.011936657850754 1.1462676164851948
2.011805583215392 1.146230166589718
2.011674520493923 1.1461927200977222
2.0115434696858494 1.1461552770105738
2.0114124307868027 1.1461178373245433
2.011281403796285 1.1460804010409975
2.0111503887118647 1.1460429681579059
2.011019385530141 1.1460055386783337
2.01088839424965 1.1459681125985524
2.0107574148679594 1.1459306899182304
2.0106264473845745 1.145893270635338
2.0104954917951283 1.1458558547529405
2.0103645480981576 1.1458184422673101
2.010233616290264 1.1457810331798142
2.010102696370953 1.1457436274884234
2.009971788337795 1.145706225192807
2.0098408921864244 1.1456688262926342
2.0097100079163472 1.1456314307875746
2.0095791355261023 1.1455940386755996
2.0094482750132614 1.1455566499563787
2.0093174263734594 1.14551926463128
2.009186589604268 1.1454818826982751
2.009055764710036 1.1454445041570342
2.0089249516825274 1.1454071290055294
2.0087941505193148 1.145369757245129
2.0086633612199067 1.1453323888738052
2.008532583782845 1.1452950238912287
2.008401818203766 1.1452576622987678
2.0082710644821806 1.1452203040926978
2.008140322615662 1.1451829492743872
2.008009592601786 1.1451455978418092
2.0078788744410296 1.1451082497963325
2.007748168122256 1.1450709051342334
2.0076174736507846 1.1450335638568805
2.007486791024191 1.1449962259622477
2.007356120241987 1.1449588914517042
2.007225461297877 1.1449215603249212
2.0070948141904044 1.1448842325798736
2.0069641789181145 1.144846908216233
2.006833555478584 1.1448095872336712
2.0067029438693895 1.1447722696318607
2.0065723440871412 1.1447349554087765
2.0064417561303842 1.1446976445640906
2.0063111800005693 1.1446603370974757
2.0061806156914024 1.1446230330086045
2.0060500631994937 1.1445857322971493
2.005919522527263 1.1445484349627832
2.0057889936703526 1.1445111410034823
2.0056584766263423 1.1444738504189194
2.0055279713908756 1.1444365632087674
2.005397477966373 1.1443992793727
2.0052669963484786 1.1443619989103904
2.005136526533805 1.1443247218198154
2.005006068522837 1.1442874481023453
2.0048756223102515 1.144250177755957
2.004745187892661 1.1442129107803245
2.0046147652734576 1.1441756471751217
2.0044843544473174 1.1441383869400226
2.004353955411823 1.144101130073005
2.0042235681655254 1.1440638765737434
2.0040931927069754 1.1440266264419119
2.0039628290318197 1.1439893796771852
2.0038324771405462 1.1439521362792378
2.003702137027834 1.1439148962477443
2.0035718086961083 1.1438776595806837
2.0034414921381116 1.1438404262777309
2.0033111873543334 1.1438031963385609
2.0031808943413902 1.1437659697645448
2.003050613097835 1.143728746551966
2.002920343620285 1.1436915267005003
2.0027900859101995 1.1436543102115189
2.0026598399612903 1.1436170970830013
2.0025296057721116 1.1435798873146237
2.0023993833460607 1.1435426809060618
2.0022691726720088 1.1435054778552958
2.002138973751416 1.1434682781636976
2.002008786583806 1.1434310818309432
2.0018786111648303 1.1433938888533182
2.001748447494013 1.1433566992338897
2.0016182955699104 1.1433195129689435
2.0014881553910797 1.1432823300598516
2.0013580269512357 1.1432451505062908
2.001227910249904 1.1432079743045473
2.001097805284674 1.143170801457689
2.0009677120541034 1.1431336319620018
2.0008376305557816 1.1430964658188587
2.000707560788267 1.143059303027937
2.000577502748182 1.1430221435889143
2.0004474564350536 1.1429849874980775
2.000317421844536 1.142947834758495
2.0001873989771255 1.142910685368149
2.000057387827508 1.142873539325023
1.999927388395212 1.1428363966304893
1.9997974006797665 1.1427992572825316
1.9996674246748898 1.142762121280828
1.9995374603820482 1.1427249886250572
1.9994075077968974 1.1426878593132026
1.999277566917999 1.1426507333466376
1.9991476377439146 1.1426136107250409
1.999017720272238 1.1425764914480911
1.9988878145005629 1.142539375513773
1.9987579204264834 1.1425022629217652
1.9986280380466253 1.142465153671747
1.9984981673614888 1.1424280477600086
1.9983683083677004 1.142390945191313
1.9982384610618866 1.1423538459602562
1.99810862544358 1.1423167500699067
1.9979788015103765 1.14227965751825
1.9978489892589033 1.1422425683032713
1.997719188688694 1.142205482426345
1.9975893997983138 1.1421683998871512
1.9974596225834222 1.1421313206819816
1.997329857042585 1.1420942448139049
1.9972001031733995 1.1420571722792132
1.997070360974432 1.1420201030792811
1.9969406304442492 1.1419830372137891
1.9968109115794805 1.1419459746807241
1.9966812043767557 1.141908915479767
1.9965515088365795 1.1418718596105986
1.996421824952676 1.1418348070728999
1.9962921527265192 1.1417977578646585
1.99616249215474 1.1417607119872493
1.9960328432368757 1.14172366943866
1.99590320596762 1.141686630220266
1.9957735803484484 1.1416495943300549
1.995643966374055 1.1416125617677086
1.9955143640439783 1.141575532529522
1.9953847733567882 1.141538506618564
1.9952551943091175 1.141501484032823
1.995125626900505 1.1414644647719814
1.994996071125647 1.1414274488357214
1.9948665269840826 1.1413904362237255
1.9947369944734146 1.141353426933983
1.9946074735922144 1.1413164209678692
1.9944779643361474 1.1412794183233743
1.9943484667066922 1.141242419001874
1.9942189806995148 1.1412054229996649
1.9940895063141564 1.1411684303181233
1.9939600435462836 1.1411314409569324
1.9938305923944697 1.1410944549140825
1.993701152856319 1.141057472187564
1.9935717249304057 1.1410204927804461
1.9934423086143347 1.1409835166907196
1.9933129039047424 1.1409465439163755
1.9931835108021412 1.1409095744587905
1.9930541293041373 1.1408726083159555
1.992924759406399 1.1408356454875548
1.9927954011065327 1.140798685974965
1.992666054404083 1.1407617297744854
1.9925367192976258 1.1407247768874929
1.9924073957837996 1.1406878273136718
1.9922780838611807 1.1406508810510145
1.992148783526408 1.1406139380992055
1.9920194947780587 1.1405769984562375
1.9918902176147102 1.1405400621234876
1.9917609520330017 1.1405031291006407
1.9916316980315114 1.1404661993856897
1.9915024556068794 1.1404292729800123
1.991373224759622 1.1403923498799096
1.991244005484442 1.1403554300867589
1.9911147977818562 1.140318513600246
1.9909856016485057 1.1402816004200564
1.9908564170829701 1.140244690544184
1.9907272440818913 1.140207783972315
1.990598082644818 1.140170880704135
1.9904689327674236 1.1401339807393305
1.9903397944482886 1.1400970840775875
1.9902106676879319 1.1400601907169006
1.9900815524829965 1.140023300658648
1.9899524488301257 1.1399864139008244
1.9898233567269321 1.1399495304431169
1.9896942761719976 1.1399126502835202
1.9895652071629353 1.139875773423413
1.9894361496983275 1.1398388998624824
1.989307103774819 1.1398020295987241
1.9891780693919614 1.139765162631825
1.9890490465473694 1.1397282989614728
1.9889200352376881 1.1396914385873544
1.9887910354615013 1.1396545815074666
1.9886620472164238 1.139617727723188
1.9885330705020092 1.1395808772325153
1.9884041053139345 1.1395440300351363
1.9882751516507848 1.1395071861324302
1.9881462095101758 1.1394703455207027
1.9880172788906931 1.1394335082013332
1.9878883597899533 1.139396674172319
1.987759452206542 1.1393598434333483
1.987630556136138 1.13932301598411
1.9875016715792662 1.1392861918242922
1.9873727985325749 1.1392493709535843
1.9872439369936818 1.1392125533716746
1.9871150869611744 1.1391757390765616
1.986986248432671 1.1391389280679343
1.98685742140579 1.1391021203471725
1.9867286058800886 1.1390653159105841
1.9865998018512478 1.1390285147595494
1.9864710093188254 1.1389917168937576
1.9863422282794716 1.1389549223112077
1.9862134587317757 1.1389181310115895
1.9860847006723883 1.138881342994593
1.9859559541018377 1.138844558259908
1.9858272190158062 1.1388077768072247
1.9856984954119143 1.1387709986345427
1.9855697832897223 1.1387342237432425
1.985441082645882 1.1386974521313242
1.9853123934789842 1.1386606837984785
1.9851837157876207 1.1386239187427056
1.9850550495684438 1.1385871569653865
1.9849263948200457 1.1385503984662118
1.984797751540049 1.1385136432431824
1.984669119727046 1.1384768912959893
1.9845404993776907 1.1384401426243236
1.9844118904905759 1.1384033972261867
1.9842832930623557 1.1383666551046496
1.9841547070925931 1.1383299162577138
1.9840261325798818 1.1382931806816914
1.9838975695199073 1.1382564483796533
1.9837690179122334 1.1382197193479122
1.983640477754485 1.1381829935878494
1.983511949043318 1.1381462710991568
1.9833834317773271 1.138109551879837
1.9832549259541383 1.1380728359295822
1.9831264315723471 1.1380361232497742
1.9829979486305491 1.137999413838416
1.9828694771254016 1.1379627076951997
1.9827410170564703 1.1379260048181288
1.9826125684194433 1.1378893052068961
1.9824841312138868 1.1378526088611942
1.9823557054374283 1.1378159157824055
1.982227291087696 1.1377792259668444
1.9820988881623176 1.1377425394158933
1.981970496660861 1.1377058561309346
1.9818421165770759 1.1376691761065942
1.9817137479124698 1.137632499345944
1.9815853906646717 1.137595825846988
1.9814570448313107 1.1375591556094204
1.9813287104109862 1.1375224886329347
1.981200387399389 1.137485824915536
1.981072075797058 1.1374491644569182
1.980943775599684 1.1374125072584642
1.980815486806837 1.1373758533181795
1.9806872094151784 1.1373392026357583
1.980558943422339 1.1373025552092062
1.9804306888288592 1.137265911038218
1.9803024456304315 1.1372292701241766
1.980174213825657 1.1371926324667772
1.9800459934121684 1.1371559980640256
1.9799177843885674 1.1371193669139286
1.979789586751517 1.1370827390178695
1.979661400501559 1.1370461143755435
1.9795332256343872 1.1370094929849572
1.9794050621476351 1.1369728748474948
1.9792769100399061 1.1369362599594748
1.9791487693098038 1.136899648322281
1.9790206399539922 1.1368630399339212
1.9788925219701061 1.136826434795779
1.9787644153586892 1.1367898329058626
1.9786363201154369 1.1367532342655555
1.9785082362389539 1.136716638872866
1.9783801637278455 1.1366800467258025
1.978252102577808 1.136643457827437
1.9781240527884163 1.1366068721740898
1.9779960143582769 1.136570289765458
1.9778679872840559 1.1365337106012376
1.97773997156436 1.136497134681126
1.977611967196826 1.1364605620048194
1.977483974179091 1.1364239925703272
1.9773559925117021 1.1363874263790343
1.9772280221893872 1.1363508634306376
1.977100063211724 1.136314303723147
1.9769721155753806 1.136277747254572
1.9768441792789653 1.1362411940279853
1.9767162543220567 1.1362046440397093
1.9765883406993838 1.1361680972911292
1.9764604384105255 1.1361315537802554
1.9763325474540911 1.1360950135067858
1.9762046678267502 1.1360584764704182
1.9760767995280826 1.1360219426708509
1.9759489425537884 1.135985412107782
1.975821096903448 1.1359488847775352
1.975693262574702 1.1359123606831836
1.9755654395661608 1.1358758398244253
1.975437627874496 1.135839322199272
1.975309827498319 1.1358028078057354
1.975182038433331 1.1357662966435143
1.9750542606820238 1.1357297887139943
1.9749264942381597 1.1356932840151879
1.9747987391013209 1.1356567825467938
1.9746709952701198 1.1356202843101983
1.9745432627441395 1.135583789301727
1.974415541519083 1.1355472975227663
1.9742878315916237 1.1355108089713288
1.9741601329603748 1.135474323648801
1.9740324456249205 1.1354378415531958
1.9739047695829048 1.1354013626842132
1.973777104831002 1.1353648870398665
1.9736494513678264 1.1353284146215423
1.973521809191023 1.1352919454289407
1.9733941783001767 1.1352554794600755
1.973266558690993 1.135219016714647
1.9731389503640275 1.1351825571923557
1.9730113533140157 1.1351461008929022
1.9728837675405437 1.135109647814301
1.972756193042228 1.135073197957939
1.9726286298157447 1.1350367513218307
1.972501077860681 1.1350003079056774
1.9723735371737139 1.134963867710866
1.9722460077544308 1.1349274307337256
1.972118489599509 1.1348909969756436
1.9719909827056261 1.1348545664329495
1.9718634870714 1.1348181391087164
1.9717360026954491 1.1347817150009603
1.971608529576392 1.1347452941110683
1.9714810677118777 1.134708876435371
1.9713536170985846 1.1346724619752557
1.9712261777370725 1.134636050728739
1.9710987496240209 1.1345996426955227
1.9709713327561091 1.1345632378753092
1.9708439271329274 1.134526836267801
1.9707165327511558 1.1344904378727
1.9705891496094146 1.1344540426880236
1.9704617777082654 1.134417650716845
1.970334417041478 1.1343812619554963
1.9702070676086443 1.13434487640368
1.9700797294074153 1.1343084940594141
1.969952402436413 1.1342721149240866
1.9698250866923188 1.134235738997401
1.9696977821747255 1.1341993662773748
1.9695704888793446 1.1341629967653968
1.9694432068077101 1.134126630459485
1.9693159359555341 1.1340902673593432
1.96918867632144 1.1340539074646747
1.9690614279030807 1.1340175507751835
1.9689341906981102 1.1339811972888885
1.968806964704182 1.1339448470038085
1.9686797499218611 1.1339084999230173
1.9685525463468612 1.1338721560445344
1.9684253539778072 1.1338358153680637
1.9682981728123536 1.133799477891625
1.968171002849126 1.1337631436166073
1.968043844084809 1.1337268125410307
1.9679166965170578 1.1336904846645997
1.9677895601454691 1.133654159987019
1.9676624349676988 1.1336178385079931
1.967535320981403 1.133581520225543
1.9674082181852086 1.133545205141058
1.9672811265758017 1.1335088932525585
1.96715404615278 1.1334725845597502
1.9670269769138005 1.1334362790640224
1.9668999188555503 1.1333999767617122
1.9667728719776278 1.1333636776542093
1.966645836277691 1.133327381739535
1.966518811753398 1.1332910890173953
1.966391798404348 1.13325479948918
1.9662647962243174 1.1332185131512267
1.966137805214847 1.1331822300049257
1.9660108253726254 1.1331459500499832
1.9658838566953118 1.1331096732844212
1.9657568991825067 1.1330733997096303
1.9656299528308991 1.1330371293236328
1.9655030176381492 1.1330008621244514
1.965376093603858 1.1329645981151604
1.965249180726657 1.132928337292099
1.9651222790003242 1.132892079656658
1.964995388425432 1.1328558252068601
1.9648685090015832 1.132819573942413
1.964741640723527 1.1327833258630233
1.9646147835918368 1.1327470809683986
1.9644879376041746 1.1327108392565626
1.9643611027582024 1.1326746007289061
1.9642342790515825 1.1326383653834533
1.9641074664839189 1.1326021332215952
1.9639806650480207 1.1325659042396727
1.9638538747483458 1.1325296784390773
1.9637270955796453 1.1324934558195165
1.9636003275405536 1.1324572363790155
1.9634735706297048 1.1324210201189655
1.9633468248447632 1.1323848070373914
1.9632200901833927 1.1323485971340017
1.963093366642287 1.1323123904085048
1.9629666542210522 1.1322761868589264
1.9628399529183238 1.132239986486658
1.9627132627307964 1.132203789291408
1.962586583657106 1.1321675952695198
1.962459915694918 1.1321314044223851
1.9623332588418985 1.1320952167513958
1.962206613096684 1.1320590322512123
1.962079978456941 1.1320228509249097
1.9619533549213066 1.1319866727721974
1.9618267424874478 1.1319504977894193
1.9617001411530313 1.13191432597965
1.9615735509166952 1.131878157340917
1.961446971776107 1.1318419918729297
1.9613204037289342 1.1318058295737154
1.9611938467738157 1.1317696704446667
1.9610673009093906 1.131733514483811
1.9609407661313853 1.1316973616908583
1.9608142424413522 1.1316612120655192
1.960687729834047 1.1316250656075038
1.960561228309081 1.1315889223131577
1.9604347378631524 1.1315527821855562
1.9603082584958724 1.13151664522441
1.96018179020394 1.1314805114260653
1.9600553329879378 1.131444380791915
1.9599288868426235 1.1314082533216703
1.9598024517666381 1.1313721290150418
1.9596760277586234 1.131336007870059
1.9595496148172211 1.1312998898864328
1.9594232129401026 1.1312637750655565
1.959296822124939 1.1312276634037777
1.959170442370373 1.1311915549024898
1.9590440736740766 1.1311554495614045
1.9589177160337217 1.1311193473785515
1.9587913694460093 1.1310832483536426
1.958665033911525 1.1310471524863899
1.958538709428913 1.1310110597765053
1.958412395993904 1.1309749702237009
1.958286093606113 1.1309388838276888
1.9581598022612718 1.1309028005848183
1.958033521958996 1.1308667204981648
1.9579072526969592 1.1308306435657594
1.9577809944728355 1.1307945697873143
1.9576547472862416 1.1307584991625426
1.9575285111348522 1.1307224316911566
1.9574022860163418 1.1306863673711882
1.9572760719264435 1.1306503062023505
1.9571498688657456 1.1306142481860375
1.9570236768319238 1.1305781933202812
1.9568974958226537 1.1305421416031138
1.9567713258365822 1.1305060930359299
1.9566451668704146 1.1304700476167615
1.9565190189247406 1.1304340053470034
1.9563928819943233 1.1303979662230075
1.956266756079753 1.1303619302478491
1.9561406411787072 1.1303258974195614
1.9560145372878917 1.1302898677361772
1.955888444405955 1.1302538411974108
1.9557623625315463 1.130217817804657
1.9556362916623435 1.1301817975559492
1.955510231796025 1.1301457804510018
1.9553841829312402 1.1301097664895292
1.9552581450656679 1.130073755671246
1.9551321181979582 1.130037747994186
1.9550061023248189 1.1300017434580643
1.9548800974439293 1.129965742064276
1.9547541035549116 1.1299297438108553
1.9546281206554454 1.1298937486975176
1.954502148744182 1.1298577567222974
1.954376187816859 1.1298217678865905
1.9542502378750424 1.1297857821901118
1.9541242989164127 1.1297497996308967
1.953998370935737 1.1297138202086607
1.9538724539326389 1.1296778439231192
1.9537465479057712 1.1296418707723077
1.953620652851844 1.1296059007559422
1.9534947687714532 1.1295699338754186
1.9533688956613098 1.1295339701304528
1.9532430335171527 1.1294980095174008
1.9531171823386073 1.1294620520376588
1.9529913421262708 1.1294260976909432
1.9528655128768546 1.12939014647529
1.9527396945870705 1.129354198392096
1.9526138872546017 1.1293182534410775
1.9524880908790747 1.1292823116202715
1.9523623054581734 1.1292463729293947
1.9522365309905532 1.1292104373681637
1.9521107674719553 1.129174504934616
1.9519850149020073 1.1291385756284686
1.9518592732793654 1.1291026494494387
1.951733542600743 1.1290667263972436
1.951607822865768 1.12903080647328
1.9514821140701832 1.1289948896755855
1.9513564162145884 1.1289589760021985
1.9512307292966695 1.1289230654545162
1.9511050533121694 1.1288871580305766
1.9509793882616893 1.1288512537300976
1.9508537341419436 1.128815352552797
1.950728090951591 1.1287794544983931
1.9506024586892898 1.1287435595649244
1.9504768373527273 1.1287076677537886
1.9503512269366758 1.1286717790647036
1.950225627443681 1.1286358934940297
1.950100038871431 1.1286000110448435
1.9499744612166419 1.1285641317151847
1.9498488944750585 1.1285282555047718
1.9497233386492279 1.1284923824116446
1.9495977937348952 1.128456512435522
1.949472259730721 1.1284206455778016
1.9493467366334227 1.1283847818348451
1.949221224443605 1.1283489212080502
1.9490957231579853 1.1283130636971361
1.948970232773282 1.1282772093018223
1.9488447532891284 1.1282413580201494
1.9487192847032146 1.1282055098535155
1.9485938270151748 1.1281696647999617
1.948468380220756 1.1281338228575293
1.9483429443176492 1.1280979840292948
1.9482175193054887 1.1280621483116213
1.948092105181966 1.128026315704229
1.9479667019457443 1.127990486208516
1.9478413095945155 1.127954659822524
1.9477159281249998 1.1279188365459738
1.9475905575378047 1.1278830163785853
1.947465197828679 1.127847199318401
1.9473398489982308 1.1278113853668195
1.9472145110412373 1.1277755745218832
1.9470891839573352 1.127739766784991
1.9469638677461618 1.1277039621525078
1.9468385624034665 1.1276681606258323
1.946713267928887 1.1276323622046855
1.946587984320117 1.1275965668871109
1.946462711574851 1.127560774674507
1.9463374496927268 1.1275249855649179
1.9462121986694956 1.1274891995580645
1.9460869585028517 1.1274534166536685
1.9459617291934062 1.1274176368497737
1.945836510735938 1.1273818601477794
1.945711303132031 1.1273460865457299
1.9455861063793805 1.1273103160450244
1.9454609204756823 1.1272745486437075
1.9453357454166889 1.127238784341501
1.9452105812030123 1.1272030231364498
1.945085427832349 1.1271672650316311
1.9449602853014238 1.1271315100217347
1.9448351536108497 1.127095758109838
1.9447100327563798 1.127060009293986
1.9445849227366834 1.1270242635739012
1.9444598235504302 1.1269885209493065
1.9443347351953182 1.1269527814182474
1.9442096576680732 1.126917044982124
1.9440845909683375 1.126881311638982
1.9439595350947816 1.1268455813902218
1.9438344900451043 1.1268098542322122
1.9437094558170045 1.1267741301680307
1.9435844324072091 1.1267384091940467
1.9434594198153616 1.1267026913099834
1.9433344180401337 1.1266669765172412
1.943209427078253 1.126631264815544
1.9430844469293636 1.1265955562012617
1.9429594775901937 1.126559850675795
1.942834519060388 1.1265241482388677
1.9427095713357028 1.1264884488885272
1.9425846344167552 1.1264527526244974
1.9424597082993023 1.1264170594481793
1.9423347929829893 1.1263813693576206
1.9422098884674623 1.1263456823525455
1.9420849947465342 1.1263099984326785
1.9419601118198508 1.1262743175977443
1.941835239687059 1.126238639845791
1.9417103783448888 1.1262029651765435
1.9415855277920149 1.1261672935897262
1.9414606880280847 1.1261316250867408
1.9413358590488565 1.1260959596639595
1.9412110408530057 1.1260602973227838
1.941086233439208 1.1260246380612624
1.940961436805167 1.125988981880797
1.9408366509495587 1.125953328779437
1.9407118758700872 1.1259176787552314
1.9405871115644566 1.1258820318112581
1.9404623580293991 1.125846387945567
1.9403376152655363 1.1258107471562073
1.940212883270573 1.1257751094445811
1.9400881620402692 1.1257394748070626
1.93996345157622 1.1257038432450537
1.939838751876131 1.1256682147599562
1.939714062935763 1.1256325893481447
1.9395893847547665 1.1255969670110213
1.9394647173318202 1.1255613477466369
1.9393400606636582 1.1255257315563933
1.939215414748959 1.1254901184366661
1.9390907795844572 1.125454508390533
1.9389661551717494 1.1254189014160452
1.938841541504653 1.125383297511254
1.9387169385847651 1.1253476966758866
1.9385923464078485 1.1253120989113454
1.9384677649725834 1.125276504215682
1.9383431942776503 1.1252409125886238
1.9382186343207572 1.1252053240298978
1.9380940851015578 1.1251697385392316
1.937969546616788 1.1251341561146775
1.9378450188631844 1.125098576755963
1.9377205018413732 1.1250630004644908
1.9375959955480915 1.1250274272383138
1.9374714999820208 1.1249918570771598
1.9373470151408714 1.1249562899790815
1.9372225410233253 1.124920725945482
1.93709807762612 1.1248851649744147
1.936973624949884 1.1248496070672827
1.936849182990382 1.1248140522221393
1.9367247517472703 1.1247785004387127
1.9366003312172873 1.1247429517167318
1.9364759213991163 1.124707406055925
1.9363515222924144 1.1246718634543462
1.9362271338939203 1.1246363239117243
1.936102756200373 1.1246007874294626
1.935978389210457 1.1245652540039408
1.9358540329248026 1.1245297236365628
1.935729687339177 1.1244941963270576
1.9356053524532377 1.1244586720751544
1.935481028264698 1.1244231508772335
1.9353567147693251 1.1243876327363733
1.9352324119667776 1.1243521176489544
1.9351081198557418 1.1243166056180551
1.9349838384349038 1.1242810966400565
1.9348595677019778 1.1242455907163627
1.9347353076546774 1.124210087845029
1.934611058290717 1.1241745880257856
1.9344868196097567 1.1241390912583626
1.9343625916095109 1.1241035975441642
1.9342383742867217 1.1240681068812464
1.9341141676400773 1.1240326192676655
1.9339899716682654 1.1239971347048259
1.9338657863699742 1.1239616531907841
1.9337416117419468 1.1239261747252707
1.9336174477838446 1.1238906993080164
1.933493294491438 1.1238552269387518
1.933369151864389 1.123819757617208
1.9332450199023599 1.1237842913431157
1.9331208986011215 1.1237488281145322
1.9329967879593637 1.1237133679311888
1.9328726879738305 1.1236779107928165
1.932748598645158 1.1236424566991468
1.9326245199720367 1.1236070056482372
1.9325004519502382 1.123571557641493
1.9323763945784538 1.1235361126786456
1.9322523478544011 1.1235006707577533
1.9321283117777446 1.1234652318785476
1.9320042863462026 1.1234297960407607
1.931880271557494 1.1233943632441241
1.9317562674093378 1.1233589334866967
1.93163227389848 1.123323506769884
1.9315082910265315 1.1232880830917447
1.9313843187902395 1.1232526624536843
1.9312603571873233 1.123217244853762
1.9311364062174492 1.1231818302917105
1.9310124658773642 1.123146418765589
1.9308885361657617 1.1231110102768034
1.930764617079389 1.1230756048234132
1.9306407086169401 1.1230402024068242
1.930516810776136 1.1230048030234234
1.9303929235576167 1.122969406674617
1.930269046958131 1.1229340133601378
1.9301451809754002 1.1228986230797189
1.9300213256081193 1.1228632358314208
1.929897480853037 1.1228278516166497
1.9297736467098214 1.1227924704317935
1.9296498231771686 1.1227570922799313
1.929526010251828 1.1227217171574513
1.9294022079305486 1.1226863450657598
1.9292784162149466 1.1226509760045906
1.9291546351017717 1.1226156099720048
1.9290308645887473 1.1225802469677366
1.9289071046745703 1.1225448869931927
1.928783355355991 1.122509530044762
1.92865961663268 1.1224741761238515
1.9285358885023614 1.1224388252285227
1.9284121709627595 1.1224034773601828
1.9282884640125721 1.1223681325168937
1.9281647676514708 1.1223327906983902
1.9280410818752338 1.1222974519044069
1.9279174066825595 1.1222621161363506
1.9277937420711733 1.1222267833889399
1.9276700880407474 1.1221914536652537
1.9275464445880341 1.1221561269650273
1.9274228117127064 1.1221208032863237
1.9272991894124902 1.1220854826288782
1.927175577685112 1.122050164992426
1.9270519765273249 1.1220148503750305
1.9269283859378288 1.121979538778099
1.9268048059162977 1.1219442302013674
1.9266812364604584 1.1219089246412273
1.9265576775680386 1.1218736221007581
1.9264341292377392 1.1218383225780242
1.9263105914672878 1.1218030260727612
1.9261870642544123 1.1217677325830335
1.9260635475978145 1.1217324421085773
1.9259400414952226 1.1216971546508
1.925816545946312 1.1216618702094383
1.9256930609458909 1.1216265887808852
1.9255695864955822 1.1215913103665487
1.9254461225921418 1.121556034964494
1.9253226692352459 1.1215207625778003
1.9251992264206768 1.1214854932011904
1.925075794149085 1.121450226839415
1.9249523724162534 1.1214149634871973
1.9248289612208855 1.1213797031459452
1.9247055605626588 1.1213444458137247
1.9245821704383301 1.1213091914936153
1.9244587908466038 1.1212739401820118
1.9243354217842372 1.1212386918786514
1.924212063251882 1.1212034465832719
1.924088715246296 1.1211682042972815
1.9239653777661845 1.1211329650170758
1.9238420508083052 1.1210977287440635
1.923718734373311 1.1210624954779824
1.9235954284589343 1.1210272652168995
1.9234721330609597 1.1209920379605527
1.923348848179067 1.1209568137086798
1.9232255738119628 1.120921592461019
1.923102309956406 1.1208863742156376
1.9229790566130507 1.1208511589756156
1.922855813776709 1.1208159467373497
1.9227325814480358 1.1207807375005785
1.9226093596257383 1.1207455312650405
1.9224861483056028 1.1207103280304744
1.922362947487311 1.120675127796619
1.922239757168597 1.1206399305632126
1.9221165773481688 1.120604736328324
1.9219934080237613 1.1205695450916922
1.921870249193109 1.1205343568547264
1.9217471008558946 1.1204991716154955
1.921623963006932 1.1204639893720685
1.9215008356478516 1.1204288101275253
1.921377718776389 1.1203936338782645
1.92125461239028 1.120358460624026
1.9211315164872609 1.1203232903662192
1.9210084310650675 1.1202881231029138
1.9208853561233838 1.1202529588338495
1.9207622916589728 1.120217797558766
1.9206392376724928 1.1201826392757332
1.9205161941597328 1.1201474839861614
1.92039316111843 1.1201123316897903
1.9202701385492433 1.1200771823830205
1.9201471264469887 1.1200420360689318
1.9200241248123253 1.120006892743925
1.9199011336420173 1.1199717524094106
1.9197781529357505 1.1199366150651286
1.9196551826912633 1.1199014807091503
1.9195322229062943 1.1198663493412162
1.9194092735795558 1.1198312209627366
1.919286334709761 1.1197960955701132
1.9191634062936749 1.1197609731647566
1.9190404883309844 1.1197258537464079
1.9189175808184553 1.119690737314808
1.9187946837548011 1.1196556238696982
1.9186717971387355 1.119620513407481
1.9185489209679987 1.1195854059295671
1.9184260552413048 1.119550301435698
1.9183031999563944 1.119515199925615
1.918180355111008 1.11948010139906
1.9180575207038604 1.1194450058541054
1.9179346967336666 1.119409913290493
1.9178118831981679 1.1193748237079648
1.9176890800931572 1.1193397371062626
1.9175662874202726 1.1193046534851283
1.9174435051772558 1.1192695728443043
1.9173207333618487 1.1192344951818638
1.9171979719727676 1.119199420497549
1.9170752210058066 1.1191643487927714
1.9169524804616305 1.1191292800656043
1.9168297503379819 1.1190942143157905
1.9167070306316296 1.1190591515430726
1.9165843213432394 1.1190240917471932
1.91646162246958 1.1189890349262264
1.9163389340083952 1.1189539810799152
1.916216255956454 1.1189189302080025
1.9160935883153971 1.1188838823102314
1.9159709310819946 1.1188488373863452
1.9158482842539903 1.118813795436087
1.9157256478310773 1.1187787564575316
1.915603021810026 1.118743720452091
1.9154804061895554 1.11870868741784
1.9153578009683847 1.1186736573545224
1.915235206144259 1.1186386302618818
1.9151126217139494 1.1186036061379936
1.914990047678124 1.1185685849859381
1.9148674840325803 1.118533566802123
1.9147449307770126 1.118498551586292
1.9146223879111157 1.1184635393398574
1.914499855429713 1.1184285300592274
1.9143773333334737 1.118393523745814
1.9142548216201447 1.1183585203993616
1.9141323202874727 1.1183235200196147
1.9140098293332048 1.1182885226046497
1.9138873487580115 1.1182535281542114
1.9137648785567167 1.1182185366680444
1.9136424187290169 1.1181835481458933
1.9135199692736342 1.118148562587503
1.913397530190266 1.1181135799909507
1.9132751014737364 1.118078600357649
1.9131526831237429 1.1180436236856757
1.9130302751390085 1.1180086499747754
1.9129078775172819 1.1179736792263615
1.912785490256312 1.1179387114385113
1.9126631133548222 1.117903746609303
1.912540746810562 1.1178687847401492
1.9124183906232297 1.1178338258291285
1.9122960447896005 1.1177988698759864
1.912173709310348 1.117763916882136
1.9120513841793234 1.1177289668439885
1.9119290693981756 1.1176940197646243
1.9118067649627057 1.117659075640455
1.911684470873588 1.1176241344712265
1.9115621871275987 1.1175891962583524
1.9114399137224887 1.1175542609999116
1.9113176506579581 1.1175193286956506
1.9111953979327332 1.1174843993453158
1.911073155542616 1.1174494729486537
1.910950923488282 1.1174145495037437
1.9108287017665087 1.1173796290119997
1.9107064903760227 1.1173447114698345
1.9105842893145761 1.1173097968819954
1.9104620985799212 1.117274885244896
1.9103399181717602 1.117239976556616
1.910217748086871 1.1172050708185697
1.9100955883239812 1.117170168030504
1.9099734388818188 1.1171352681904996
1.909851299758137 1.1171003712983036
1.9097291709516642 1.1170654773536637
1.9096070524611288 1.1170305863563272
1.9094849442833097 1.1169956983043754
1.9093628464169359 1.1169608131992221
1.9092407588607365 1.1169259310406154
1.909118681612466 1.1168910518266364
1.9089966146708532 1.1168561755570332
1.9088745580336537 1.11682130223322
1.9087525116995967 1.1167864318516125
1.9086304756654626 1.1167515644136248
1.9085084499329066 1.116716699917339
1.9083864344967592 1.11668183836417
1.908264429356726 1.1166469797538656
1.9081424345095876 1.1166121240845086
1.9080204499560254 1.116577271354181
1.9078984756908703 1.116542421564298
1.907776511716754 1.1165075747146083
1.9076545580285078 1.1164727308048603
1.9075326146258385 1.1164378898331373
1.907410681507478 1.1164030517975223
1.9072887586702085 1.1163682167010962
1.9071668461127624 1.116333384541942
1.907044943832897 1.1162985553198095
1.906923051829345 1.1162637290327817
1.9068011701008394 1.116228905680608
1.9066792986451382 1.116194085263038
1.9065574374609746 1.1161592677814873
1.906435586545132 1.1161244532340395
1.906313745897319 1.1160896416204444
1.9061919155162694 1.1160548329404518
1.9060700953997425 1.1160200271938117
1.9059482855454972 1.1159852243786081
1.9058264859522682 1.1159504244945917
1.9057046966178148 1.1159156275415123
1.9055829175389214 1.1158808335191202
1.9054611487162731 1.1158460424255001
1.905339390146655 1.115811254262068
1.9052176418288025 1.115776469028574
1.905095903761451 1.115741686723104
1.9049741759423613 1.1157069073454082
1.9048524583712445 1.1156721308969026
1.9047307510429357 1.1156373573756728
1.9046090539571463 1.1156025867798045
1.9044873671145635 1.1155678191107137
1.9043656905109982 1.1155330543681516
1.9042440241461627 1.1154982925502042
1.904122368018794 1.1154635336549577
1.9040007221237283 1.1154287776838283
1.9038790864616535 1.1153940246382326
1.903757461030332 1.115359274514592
1.9036358458275264 1.1153245273143226
1.90351424085295 1.1152897830355117
1.9033926461043655 1.1152550416795755
1.903271061579536 1.115220303244601
1.9031494872772003 1.1151855677303402
1.903027923195122 1.1151508351348802
1.9029063693320396 1.115116105459638
1.902784825685717 1.1150813787027005
1.9026632922548936 1.115046654865485
1.902541769038309 1.115011933946079
1.902420256032752 1.1149772159442346
1.9022987532369626 1.1149425008597045
1.9021772606506564 1.1149077886922412
1.902055778269647 1.114873079441597
1.901934306092675 1.1148383731041964
1.9018128441214077 1.1148036696831203
1.9016913923497083 1.1147689691764573
1.9015699507772934 1.1147342715856248
1.9014485194038797 1.1146995769070471
1.9013270982262576 1.1146648851421415
1.9012056872431686 1.114630196288997
1.9010842864523791 1.114595510349031
1.9009628958516553 1.1145608273203327
1.9008415154416907 1.1145261472043195
1.9007201452183007 1.1144914699974169
1.900598785180228 1.1144567957027063
1.9004774353281666 1.1144221243166137
1.9003560956569567 1.1143874558388926
1.9002347661663173 1.1143527902709607
1.9001134468549914 1.114318127610908
1.8999921377197713 1.1142834678568247
1.8998708387613519 1.1142488110117923
1.8997495499755501 1.1142141570739013
1.8996282713620858 1.114179506041242
1.899507002918727 1.1141448579152324
1.8993857446442186 1.1141102126939635
1.8992644965353536 1.1140755703771894
1.8991432585918522 1.1140409309646648
1.8990220308124597 1.1140062944561442
1.8989008131939695 1.1139716608513823
1.898779605736103 1.1139370301484703
1.898658408435654 1.1139024023488266
1.8985372212903922 1.1138677774505428
1.898416044301991 1.1138331554533736
1.8982948774662693 1.1137985363587375
1.8981737207819733 1.1137639201647265
1.8980525742468735 1.1137293068694325
1.8979314378597163 1.1136946964726109
1.897810311617297 1.113660088974017
1.8976891955203143 1.1136254843750693
1.8975680895665394 1.1135908826721974
1.897446993752768 1.113556283868483
1.8973259080777478 1.1135216879620187
1.897204832541202 1.1134870949508973
1.8970837671399272 1.1134525048365376
1.896962711872671 1.1134179176170327
1.896841666737206 1.1133833332938015
1.8967206317332563 1.1133487518632745
1.896599606857619 1.1133141733268705
1.8964785921090428 1.1132795976860088
1.8963575874862766 1.11324502493712
1.8962365929861176 1.1132104550799606
1.896115608608291 1.1131758881142872
1.8959946343515468 1.1131413240398564
1.8958736702136585 1.1131067628580873
1.8957527161924 1.1130722045670742
1.8956317722874976 1.1130376491665739
1.8955108384947732 1.1130030966546807
1.8953899148139535 1.1129685470311517
1.8952690012428128 1.1129340002974064
1.8951480977801023 1.1128994564515395
1.8950272044235965 1.1128649154933081
1.894906321173023 1.1128303774224697
1.8947854480232285 1.1127958422371194
1.8946645849788215 1.1127613099370144
1.8945437320317207 1.1127267805235745
1.8944228891826302 1.1126922539948954
1.8943020564312787 1.1126577303523966
1.8941812337744657 1.112623209592512
1.8940604212099676 1.1125886917166612
1.8939396187365372 1.1125541767246023
1.8938188263529272 1.1125196646160933
1.8936980440569142 1.1124851553875683
1.8935772718472517 1.1124506490421093
1.8934565097217166 1.1124161455794745
1.8933357576790626 1.1123816449960988
1.893215015717067 1.1123471472917403
1.893094283834484 1.1123126524678193
1.8929735620300674 1.1122781605224328
1.8928528503025717 1.1122436714570008
1.8927321486478224 1.1122091852696205
1.8926114570655503 1.1121747019600507
1.8924907755545104 1.1121402215280505
1.8923701041124814 1.112105743971717
1.8922494427372418 1.1120712692924708
1.8921287914275473 1.112036797490071
1.892008150182153 1.112002328562615
1.891887518999815 1.111967862511524
1.8917668978783129 1.1119333993348957
1.891646286815426 1.1118989390308283
1.8915256858099108 1.1118644815990812
1.891405094859547 1.1118300270410753
1.8912845139640684 1.111795575354909
1.8911639431193017 1.1117611265420029
1.8910433823249806 1.111726680602117
1.890922831579862 1.1116922375316893
1.8908022908827038 1.1116577973338013
1.8906817602293335 1.1116233600048913
1.8905612396214384 1.1115889255463804
1.8904407290538705 1.1115544939563677
1.8903202285273406 1.1115200652346136
1.8901997380396307 1.1114856393808783
1.8900792575875458 1.1114512163949224
1.8899587871708212 1.1114167962765062
1.8898383267882155 1.1113823790237298
1.8897178764375113 1.1113479646380142
1.889597436116491 1.1113135531174596
1.8894770058239136 1.1112791444634875
1.8893565855595158 1.1112447386741982
1.889236175319127 1.111210335747692
1.8891157751005303 1.1111759356870508
1.8889953849054157 1.1111415384887149
1.8888750047296134 1.111107144154106
1.888754634571884 1.111072752681325
1.8886342744309876 1.1110383640701331
1.8885139243047084 1.1110039783186314
1.8883935841918074 1.1109695954282417
1.8882732540920222 1.110935215400386
1.888152934001184 1.1109008382315053
1.8880326239180543 1.1108664639230215
1.8879123238413944 1.1108320924730362
1.887792033770943 1.1107977238813114
1.8876717537035086 1.110763358147609
1.8875514836358995 1.1107289952716912
1.8874312235688318 1.11069463525332
1.8873109734991143 1.1106602780905974
1.8871907334274631 1.1106259237832858
1.8870705033497108 1.1105915723328077
1.8869502832646203 1.1105572237372652
1.8868300731719319 1.1105228779964211
1.8867098730684548 1.1104885351100378
1.8865896829539297 1.110454195077878
1.8864695028251663 1.1104198578980446
1.8863493326819059 1.1103855235703006
1.8862291725199811 1.1103511920960685
1.8861090223391335 1.110316863471792
1.8859888821381272 1.1102825376988934
1.8858687519147501 1.1102482147787958
1.8857486316687437 1.1102138947079432
1.8856285213969193 1.1101795774877583
1.8855084210980417 1.1101452631163449
1.8853883307708763 1.110110951595126
1.8852682504132117 1.1100766429222055
1.8851481800228362 1.1100423370973471
1.885028119598516 1.1100080341186551
1.8849080691390165 1.1099737339875526
1.8847880286421275 1.1099394367038031
1.8846679981075918 1.1099051422638524
1.884547977532222 1.1098708506707826
1.884427966914785 1.1098365619226986
1.8843079662530704 1.1098022760193644
1.884187975545845 1.1097679929605444
1.8840679947918764 1.1097337127443436
1.8839480239870001 1.1096994353721854
1.8838280631338924 1.1096651608421753
1.8837081122283896 1.1096308891557365
1.8835881712692597 1.1095966203109748
1.8834682402552707 1.109562354305996
1.8833483191832365 1.1095280911422236
1.8832284080529027 1.1094938308194224
1.8831085068620605 1.1094595733373573
1.8829886156085018 1.1094253186941345
1.8828687342919725 1.1093910668895188
1.8827488629092872 1.1093568179232756
1.8826290014601925 1.1093225717951698
1.8825091499415034 1.1092883285049668
1.8823893083519894 1.1092540880507733
1.8822694766913977 1.1092198504323545
1.8821496549575207 1.1091856156511346
1.8820298431471743 1.1091513837052207
1.881910041260106 1.1091171545960368
1.8817902492960636 1.1090829283200316
1.8816704672499085 1.1090487048786295
1.8815506951213887 1.109014484271596
1.8814309329082977 1.1089802664970392
1.8813111806094067 1.1089460515547247
1.881191438225442 1.1089118394444186
1.8810717057522428 1.1088776301658871
1.880951983190536 1.1088434237188967
1.8808322705351832 1.1088092201032134
1.8807125677859342 1.1087750193169454
1.8805928749415612 1.1087408213615175
1.880473191999859 1.108706626235038
1.8803535189586225 1.1086724339372735
1.880233855817602 1.1086382444679908
1.8801142025755704 1.1086040578286143
1.8799945592303235 1.1085698740155951
1.879874925779657 1.1085356930287005
1.879755302222344 1.1085015148693549
1.8796356885552032 1.1084673395356677
1.8795160847779857 1.1084331670290637
1.879396490888488 1.1083989973459947
1.8792769068854838 1.1083648304895433
1.8791573327687252 1.1083306664545038
1.879037768534054 1.108296505243959
1.8789182141812222 1.1082623468576764
1.8787986697090047 1.1082281912937662
1.8786791351151988 1.1081940385519957
1.8785596103976019 1.1081598886337902
1.878440095555967 1.1081257415356027
1.878320590587114 1.1080915972588583
1.878201095488841 1.1080574558033252
1.8780816102599238 1.1080233171671139
1.8779621349010935 1.1079891813499925
1.8778426694072157 1.107955048351729
1.8777232137799995 1.1079209181720922
1.8776037680152884 1.1078867908108498
1.8774843321128365 1.1078526662661135
1.8773649060694653 1.1078185445393085
1.8772454898849293 1.1077844256302036
1.877126083558006 1.1077503095369101
1.8770066870864945 1.107716196259197
1.8768873004681947 1.1076820857968328
1.8767679237018844 1.1076479781495865
1.8766485567863411 1.10761387331557
1.8765291997183873 1.1075797712962092
1.876409852495823 1.1075456720896164
1.8762905151193823 1.1075115756972174
1.8761711875858877 1.1074774821171245
1.876051869896074 1.1074433913474506
1.875932562045786 1.1074093033912782
1.8758132640367369 1.1073752182450634
1.8756939758628157 1.1073411359085759
1.87557469752378 1.1073070563832417
1.875455429021343 1.1072729796671739
1.8753361703503726 1.1072389057601422
1.8752169215086705 1.1072048346635728
1.8750976824959946 1.1071707663739228
1.8749784533121034 1.1071367008926185
1.8748592339518648 1.10710263821943
1.8747400244169936 1.107068578352471
1.8746208247043143 1.1070345212915116
1.8745016348126078 1.107000467036322
1.874382454740655 1.1069664155866727
1.8742632844843026 1.1069323669406779
1.8741441240442882 1.10689832110142
1.8740249734193934 1.1068642780653577
1.8739058326054656 1.1068302378322614
1.8737867016022645 1.1067962004019019
1.8736675804095502 1.1067621657740498
1.8735484690241486 1.106728133950132
1.8734293674458202 1.1066941049266075
1.8733102756713913 1.106660078704903
1.8731911936996444 1.106626055283134
1.8730721215293622 1.1065920346627272
1.872953059159328 1.1065580168417979
1.8728340065873466 1.1065240018217732
1.8727149638102447 1.106489989600769
1.8725959308277842 1.1064559801769005
1.8724769076387486 1.1064219735515952
1.8723578942419217 1.1063879697229688
1.8722388906351093 1.1063539686924488
1.8721198968161172 1.1063199704581512
1.8720009127827515 1.1062859750198477
1.8718819385337964 1.10625198237731
1.8717629740699933 1.1062179925303104
1.8716440193871922 1.1061840054786205
1.8715250744841778 1.1061500212203572
1.8714061393597352 1.1061160397552927
1.87128721401265 1.1060820610848543
1.8711682984397504 1.1060480852071592
1.8710493926408007 1.1060141121219798
1.8709304966136084 1.1059801418274329
1.8708116103569592 1.1059461743249466
1.8706927338686608 1.1059122096142933
1.870573867148478 1.1058782476935904
1.8704550101932402 1.105844288562611
1.8703361630027129 1.1058103322227826
1.8702173255737256 1.1057763786722232
1.870098497905065 1.1057424279090506
1.8699796799955186 1.105708479936348
1.8698608718428948 1.1056745347505783
1.8697420734459813 1.105640592351515
1.8696232848025869 1.1056066527389308
1.8695045059124777 1.1055727159125994
1.8693857367734634 1.1055387818722942
1.8692669773833535 1.1055048506177885
1.8691482277409361 1.105470922148856
1.8690294878449998 1.1054369964636153
1.8689107576933541 1.1054030735634948
1.8687920372847882 1.1053691534466137
1.8686733266180908 1.1053352361127458
1.8685546256900938 1.105301321561665
1.8684359345005648 1.1052674097931452
1.8683172530482932 1.1052335008069605
1.8681985813301114 1.1051995946012303
1.8680799193438302 1.105165691175729
1.8679612670911758 1.1051317905318851
1.8678426245670232 1.1050978926678188
1.8677239917711412 1.1050639975849585
1.8676053687023204 1.1050301052797702
1.8674867553573935 1.1049962157520283
1.8673681517380876 1.1049623290031618
1.867249557840257 1.1049284450329453
1.8671309736617143 1.1048945638394994
1.8670123992002716 1.1048606854225989
1.8668938344586354 1.1048268097820186
1.8667752794326609 1.1047929369158795
1.8666567341201608 1.1047590668256109
1.8665381985199268 1.1047251995109875
1.866419672630751 1.1046913349701306
1.8663011564504466 1.1046574732028156
1.866182649977806 1.1046236142104715
1.8660641532096638 1.104589757989566
1.8659456661457914 1.1045559045431825
1.8658271887849815 1.1045220538677887
1.865708721126027 1.104488205964814
1.8655902631667423 1.1044543608323802
1.8654718149059206 1.104420518471917
1.8653533763403973 1.1043866788815464
1.865234947468966 1.1043528420626978
1.8651165282904203 1.1043190080118401
1.864998118805512 1.1042851767304032
1.8648797190091195 1.1042513482181626
1.8647613289010156 1.1042175224732413
1.864642948479016 1.1041836994954157
1.8645245777409356 1.104149879284462
1.8644062166875277 1.1041160618401564
1.864287865316608 1.1040822471622755
1.8641695236240339 1.104048435250596
1.8640511916125173 1.1040146261032409
1.8639328692759578 1.103980819719987
1.8638145566160882 1.1039470161039175
1.863696253628767 1.1039132152498496
1.8635779603147478 1.1038794171608666
1.8634596766708686 1.1038456218334392
1.8633414026959254 1.1038118292689973
1.8632231383877353 1.1037780394673182
1.863104883746074 1.103744252428179
1.8629866387697378 1.1037104681480512
1.8628684034565446 1.1036766866300176
1.8627501778033326 1.10364290787055
1.8626319618098783 1.1036091318710788
1.8625137554730202 1.1035753586330341
1.8623955587935144 1.103541588152888
1.862277371769179 1.1035078204320712
1.862159194396853 1.1034740554687084
1.862041026677293 1.10344029326423
1.8619228686073386 1.1034065338151087
1.8618047201848082 1.1033727771244277
1.8616865814094798 1.1033390231870073
1.8615684522791722 1.103305272007583
1.8614503327926843 1.1032715235826283
1.861332222948815 1.1032377779119211
1.8612141227444041 1.1032040349968923
1.8610960321792303 1.1031702948356679
1.8609779512501339 1.103136557428026
1.8608598799578733 1.1031028227720932
1.8607418183002686 1.1030690908709524
1.8606237662751404 1.1030353617210777
1.8605057238812883 1.103001635322248
1.8603876911155535 1.102967911674242
1.860269667978695 1.1029341907768384
1.8601516544675545 1.1029004726298164
1.8600336505809323 1.1028667572329547
1.8599156563166495 1.1028330445860326
1.8597976716744864 1.1027993346871772
1.8596796966522646 1.1027656275378195
1.8595617312487853 1.1027319231360868
1.8594437754608908 1.1026982214817587
1.8593258292883619 1.1026645225746143
1.8592078927290205 1.1026308264144336
1.8590899657816686 1.1025971330009956
1.858972048445108 1.1025634423324284
1.8588541407181407 1.1025297544101633
1.85873624259761 1.1024960692339802
1.858618354082318 1.1024623868020071
1.858500475172047 1.1024287071140242
1.8583826058636403 1.102395030169811
1.8582647461559008 1.1023613559674965
1.8581468960476315 1.1023276845068604
1.8580290555376355 1.102294015790986
1.8579112246247163 1.102260349814699
1.8577934033057177 1.1022266865810828
1.8576755915804235 1.1021930260882664
1.8575577894446977 1.1021593683360302
1.857439996899304 1.1021257133241547
1.8573222139420669 1.1020920610491178
1.8572044405717902 1.1020584115140029
1.8570866767872787 1.1020247647169392
1.8569689225863568 1.1019911206593591
1.8568511779658698 1.101957479339392
1.856733442926582 1.101923840756819
1.856615717466319 1.101890204911421
1.8564980015838854 1.101856571801328
1.8563802952771071 1.1018229414279723
1.8562625985438095 1.101789313789484
1.8561449113837782 1.1017556888856446
1.856027233795819 1.101722066716235
1.8559095657767781 1.101688447282688
1.8557919073244815 1.101654830581483
1.8556742584387154 1.1016212166140529
1.8555566191173063 1.1015876053801787
1.8554389893590606 1.101553996877992
1.855321369162785 1.1015203911089246
1.8552037585272867 1.1014867880694574
1.8550861574494124 1.101453187761023
1.8549685659289494 1.1014195901850536
1.854850983964705 1.1013859953380305
1.8547334115535266 1.1013524032197355
1.8546158486952018 1.1013188138316015
1.8544982953865785 1.1012852271717601
1.8543807516274444 1.101251643239994
1.8542632174156277 1.1012180620360852
1.8541456927499365 1.1011844835598161
1.854028177628199 1.1011509078093191
1.853910672049224 1.1011173347876775
1.8537931760128001 1.1010837644913731
1.853675689515776 1.101050196920189
1.8535582125559804 1.1010166320739077
1.8534407451332027 1.1009830699539622
1.8533232872472325 1.1009495105568354
1.8532058388939385 1.1009159538839604
1.85308840007115 1.10088239993512
1.8529709707806177 1.1008488487084476
1.8528535510182107 1.1008153002037262
1.8527361407817586 1.1007817544223892
1.8526187400720324 1.10074821136257
1.852501348886862 1.1007146710224018
1.8523839672240778 1.1006811334049682
1.85226659508151 1.100647598506753
1.8521492324599302 1.1006140663291895
1.8520318793542279 1.1005805368704116
1.8519145357651747 1.100547010131853
1.851797201690602 1.1005134861116477
1.8516798771312815 1.1004799648079298
1.8515625620821035 1.1004464462237826
1.8514452565438404 1.100412930355691
1.8513279605143238 1.1003794172034391
1.8512106739913852 1.1003459067684607
1.8510933969738368 1.1003123990488903
1.8509761294614715 1.1002788940445123
1.8508588714501601 1.100245391755111
1.8507416229416571 1.1002118921804709
1.850624383930853 1.1001783953203765
1.850507154417541 1.1001449011746125
1.8503899344005348 1.1001114097413138
1.8502727238796277 1.100077921021915
1.8501555228516722 1.1000444350129017
1.8500383313135207 1.1000109517173577
1.8499211492669285 1.0999774711317694
1.8498039767077676 1.0999439932575708
1.849686813634852 1.0999105180928979
1.849569660049938 1.099877045640834
1.8494525159459558 1.099843575896217
1.8493353813266231 1.0998101088621306
1.8492182561858512 1.0997766445367108
1.8491011405253968 1.099743182919743
1.8489840343440749 1.0997097240110127
1.8488669376377584 1.0996762678086565
1.8487498504052624 1.0996428143141088
1.848632772646383 1.0996093635255066
1.8485157043589548 1.0995759154442843
1.8483986455417938 1.099542470068579
1.8482815961937153 1.0995090273981765
1.8481645563115743 1.0994755874312139
1.8480475258941862 1.099442150169126
1.8479305049413484 1.0994087156100503
1.8478134934499155 1.0993752837554214
1.847696491419685 1.0993418546050255
1.8475794988465306 1.0993084281553518
1.8474625157331928 1.0992750044094837
1.8473455420765268 1.0992415833639104
1.8472285778733881 1.0992081650200671
1.8471116231245557 1.099174749376092
1.8469946778259043 1.0991413364334197
1.8468777419762514 1.0991079261918373
1.8467608155753956 1.0990745186494828
1.8466438986221547 1.0990411138061433
1.8465269911143658 1.0990077116616055
1.8464100930498661 1.0989743122156563
1.8462932044274738 1.0989409154664347
1.8461763252460075 1.0989075214153758
1.8460594555042855 1.0988741300606186
1.8459425951996553 1.0988407414019505
1.8458257443319166 1.0988073554399826
1.845708902898417 1.0987739721736782
1.8455920708969946 1.0987405916020008
1.8454752483279404 1.0987072137247378
1.845358435189583 1.0986738385416768
1.8452416314787803 1.0986404660534292
1.8451248371938611 1.0986070962581351
1.8450080523346266 1.098573729155582
1.8448912768998966 1.0985403647455576
1.84477451088702 1.0985070030270263
1.844657754294326 1.0984736440014236
1.8445410071225978 1.0984402876668895
1.8444242693667314 1.0984069340223885
1.8443075410284908 1.0983735830677088
1.8441908221042442 1.0983402348034623
1.8440741125933031 1.0983068892294372
1.8439574124944889 1.0982735463437743
1.843840721805151 1.098240206147086
1.843724040525092 1.0982068686383366
1.8436073686511716 1.098173533817315
1.8434907061831922 1.098140201682986
1.8433740531189948 1.098106872235962
1.8432574094574015 1.0980735454752077
1.843140775196253 1.0980402214005125
1.8430241503343716 1.0980069000108412
1.8429075348705801 1.0979735813068066
1.842790928802229 1.0979402652873738
1.8426743321296133 1.0979069519523321
1.8425577448515558 1.0978736413014705
1.8424411669654075 1.0978403333329312
1.8423245984685197 1.0978070280481504
1.842208039359225 1.097773725446094
1.8420914896368377 1.097740425525728
1.8419749493006718 1.0977071282868416
1.8418584183495517 1.0976738337292244
1.8417418967808288 1.097640541852666
1.8416253845933273 1.0976072526561327
1.8415088817858716 1.0975739661394142
1.8413923883548322 1.0975406823023002
1.8412759043029596 1.0975074011445807
1.8411594296251528 1.097474122665222
1.8410429643202362 1.097440846863191
1.8409265083875257 1.0974075737399245
1.8408100618248648 1.0973743032927423
1.8406936246315695 1.0973410355230815
1.8405771968059745 1.0973077704299088
1.8404607783469054 1.0972745080130146
1.8403443692512247 1.097241248270543
1.8402279695187396 1.0972079912039305
1.8401115791482763 1.0971747368121447
1.8399951981366975 1.097141485094976
1.8398788264833204 1.0971082360513922
1.8397624641874621 1.0970749896820067
1.8396461112479494 1.0970417459849642
1.8395297676611546 1.0970085049600553
1.8394134334268861 1.0969752666078945
1.8392971085434802 1.096942030926626
1.8391807930092732 1.0969087979160412
1.839064486823092 1.0968755675775774
1.838948189981801 1.0968423399085563
1.8388319024866817 1.0968091149095922
1.8387156243345986 1.0967758925796536
1.8385993555243791 1.0967426729201777
1.8384830960548517 1.09670945592931
1.8383668459238622 1.096676241606019
1.8382506051287664 1.0966430299509191
1.8381343736703561 1.0966098209629793
1.8380181515464784 1.096576614641991
1.83790193875498 1.096543410987746
1.8377857352941984 1.0965102099992132
1.8376695411634538 1.0964770116761846
1.8375533563615754 1.096443816018452
1.8374371808859193 1.0964106230249846
1.8373210147358063 1.0963774326963973
1.8372048579095748 1.0963442450316594
1.8370887104060543 1.0963110600305632
1.8369725722221106 1.096277877692078
1.8368564433570649 1.0962446980168192
1.83674032381122 1.0962115210029335
1.8366242135799695 1.0961783466518589
1.8365081126636165 1.0961451749617424
1.8363920210614826 1.0961120059323766
1.8362759387704344 1.0960788395635541
1.8361598657893028 1.0960456758542452
1.8360438021154453 1.0960125148042423
1.8359277477496574 1.0959793564141613
1.835811702689297 1.0959462006829723
1.8356956669336866 1.0959130476096457
1.8355796404801845 1.0958798971939745
1.8354636233286046 1.0958467494365745
1.835347615474832 1.0958136043364162
1.8352316169206453 1.0957804618924702
1.835115627663403 1.09574732210453
1.834999647701938 1.0957141849723888
1.8348836770331174 1.09568105049584
1.8347677156562654 1.095647918673855
1.8346517635707054 1.095614789506227
1.8345358207733058 1.0955816629927497
1.8344198872643729 1.095548539133217
1.8343039630412663 1.0955154179265998
1.8341880481033104 1.0954822993726923
1.834072142448356 1.095449183471288
1.8339562460752368 1.0954160702221813
1.8338403589822951 1.0953829596243436
1.8337244811678735 1.0953498516767466
1.8336086126308058 1.0953167463808293
1.833492753369435 1.0952836437339188
1.833376903382104 1.0952505437382762
1.833261062667647 1.0952174463912292
1.8331452312244074 1.0951843516933943
1.8330294090507284 1.0951512596437438
1.8329135961454448 1.0951181702428945
1.8327977925069003 1.0950850834898185
1.8326819981334386 1.0950519993834884
1.8325662130248772 1.095018917923699
1.8324504371766128 1.0949858391102452
1.8323346705894457 1.0949527629420994
1.8322189132627025 1.094919689419879
1.8321031651937454 1.0948866185425563
1.8319874263814102 1.0948535503099268
1.8318716968235504 1.0948204847217855
1.8317559765194933 1.0947874217771054
1.831640265466601 1.0947543614765038
1.8315245636646929 1.094721303818132
1.8314088711111312 1.0946882488026075
1.8312931878047527 1.0946551964297255
1.8311775137463595 1.0946221466984596
1.8310618489298753 1.0945890996086052
1.830946193355611 1.094556055159136
1.8308305470253519 1.0945230133506696
1.8307149099340045 1.0944899741813578
1.8305992820813892 1.0944569376518185
1.8304836634658521 1.0944239037610257
1.8303680540852483 1.0943908725087752
1.830252453940381 1.094357843895685
1.830136863025666 1.094324817920729
1.830021281343381 1.0942917945828816
1.8299057088918729 1.094258773882761
1.8297901456670318 1.0942257558185196
1.8296745916691706 1.0941927403907756
1.829559046897128 1.0941597275985036
1.8294435113482683 1.0941267174415
1.8293279850214308 1.0940937099195613
1.8292124679144717 1.0940607050324842
1.8290969600267215 1.0940277027792433
1.8289814613589854 1.0939947031596355
1.828865971906663 1.0939617061734577
1.828750491669085 1.0939287118205063
1.8286350206450919 1.0938957200989352
1.82851955883254 1.093862731009363
1.8284041062307612 1.0938297445515865
1.828288662837121 1.0937967607254029
1.8281732286519345 1.0937637795297876
1.828057803672076 1.0937308009645381
1.827942387896386 1.0936978250286298
1.8278269813246886 1.0936648517218601
1.8277115839543498 1.0936318810440264
1.8275961957837195 1.0935989129957477
1.8274808168116385 1.0935659475743569
1.8273654470364566 1.093532984782116
1.82725008645849 1.0935000246171798
1.827134735073631 1.093467067079346
1.827019392881704 1.093434112167591
1.8269040598810597 1.0934011598817124
1.8267887360700483 1.0933682102206868
1.826673421447512 1.0933352631851334
1.8265581160118014 1.0933023187748505
1.8264428197612672 1.0932693769888147
1.8263275326942603 1.093236437826824
1.826212254810115 1.093203501289498
1.8260969861071825 1.0931705673741712
1.825981726583814 1.0931376360822842
1.8258664762373777 1.093104707411993
1.8257512350686833 1.0930717813639172
1.8256360030750993 1.0930388579362131
1.8255207802554692 1.0930059371303213
1.8254055666066697 1.0929730189452196
1.8252903621290195 1.0929401033798853
1.8251751668213627 1.0929071904349383
1.8250599806810681 1.0928742801093565
1.8249448037064882 1.0928413724029387
1.8248296358969587 1.0928084673146625
1.8247144772508326 1.0927755648443271
1.8245993277664625 1.0927426649917316
1.824484187443185 1.092709767755854
1.824369056277386 1.0926768731373144
1.8242539342698774 1.09264398113427
1.8241388214185208 1.0926110917481624
1.8240237177221614 1.0925782049779698
1.8239086231781694 1.0925453208234917
1.8237935377863737 1.0925124392837064
1.8236784615456196 1.0924795603575927
1.8235633944527863 1.0924466840457714
1.823448336507211 1.0924138103472207
1.8233332877082316 1.092380939261741
1.823218248052727 1.0923480707883106
1.8231032175395436 1.0923152049275506
1.8229881961685113 1.09228234167844
1.8228731839365093 1.0922494810415997
1.8227581808438598 1.092216623015188
1.8226431868894095 1.0921837675998258
1.8225282020695464 1.0921509147944926
1.8224132263841009 1.0921180645981678
1.8222982598324122 1.0920852170114725
1.8221833024108685 1.092052372034207
1.8220683541193006 1.092019529665351
1.8219534149560643 1.0919866899038844
1.821838484919024 1.0919538527504282
1.8217235640080105 1.0919210182039627
1.8216086522199049 1.0918881862651089
1.8214937495555226 1.0918553569320264
1.8213788560122361 1.0918225302053366
1.821263971588402 1.0917897060840196
1.8211490962828687 1.0917568845678765
1.8210342300935012 1.0917240656575287
1.8209193730201318 1.0916912493503157
1.820804525060134 1.091658435646859
1.8206896862118642 1.0916256245477804
1.820574856474664 1.0915928160512403
1.8204600358478746 1.09156001015786
1.8203452243298535 1.0915272068666206
1.8202304219169902 1.0914944061773237
1.8201156286091187 1.0914616080897706
1.8200008444055804 1.0914288126021217
1.8198860693047334 1.0913960197158197
1.819771303304444 1.0913632294298459
1.8196565464035621 1.0913304417431815
1.819541798598478 1.0912976566564487
1.8194270598905025 1.091264874168629
1.8193123302775016 1.091232094278704
1.8191976097583265 1.0911993169872958
1.819082898332812 1.0911665422942065
1.8189681959968569 1.0911337701984178
1.8188535027507884 1.0911010006989117
1.8187388185924738 1.0910682337954904
1.81862414351978 1.0910354694887765
1.818509477532543 1.0910027077777518
1.8183948206291223 1.0909699486622189
1.8182801728064013 1.0909371921419801
1.8181655340627396 1.0909044382151978
1.8180509043989577 1.0908716868833146
1.8179362838134154 1.0908389381436727
1.8178216723049654 1.0908061919985355
1.817707069871968 1.0907734484460652
1.8175924765103229 1.0907407074860647
1.8174778922213433 1.0907079691175168
1.8173633170028978 1.0906752333402243
1.817248750852855 1.0906425001548103
1.8171341937705603 1.090609769559438
1.817019645755851 1.0905770415547302
1.8169051068046276 1.0905443161396704
1.8167905769162356 1.0905115933148817
1.8166760560890363 1.0904788730785273
1.8165615443228678 1.0904461554312306
1.8164470416155996 1.090413440371975
1.8163325479651014 1.090380727901384
1.8162180633712113 1.0903480180168013
1.8161035878317995 1.0903153107196704
1.815989121345228 1.090282606008975
1.8158746639108432 1.0902499038845188
1.8157602155265156 1.0902172043461058
1.815645776191592 1.0901845073935397
1.815531345903943 1.0901518130258043
1.8154169246624234 1.090119121242704
1.8153025124649038 1.0900864320432226
1.8151881093102396 1.0900537454279844
1.8150737151972858 1.0900210613959733
1.8149593301258826 1.0899883799469938
1.814844954093409 1.0899557010800305
1.8147305870987207 1.0899230247957072
1.8146162291387045 1.0898903510930087
1.8145018802127084 1.0898576799717394
1.8143875403200809 1.0898250114317038
1.814273209459186 1.0897923454710672
1.8141588876288801 1.0897596820912736
1.814044574827035 1.0897270212904882
1.813930271052015 1.089694363070155
1.8138159763036616 1.0896617074276203
1.8137016905793546 1.089629054363508
1.8135874138784434 1.0895964038776236
1.8134731461992928 1.0895637559689522
1.8133588875387905 1.0895311106381185
1.813244637899733 1.0894984678832884
1.8131303972770387 1.0894658277050868
1.8130161656695656 1.0894331901033187
1.8129019430771558 1.0894005550761507
1.8127877294976826 1.0893679226242075
1.8126735249304966 1.0893352927472943
1.8125593293739635 1.0893026654452167
1.8124451428244792 1.0892700407169609
1.8123309652838568 1.0892374185623324
1.8122167967489853 1.0892047989803173
1.812102637217246 1.0891721819707214
1.8119884866889746 1.0891395675349893
1.8118743451630306 1.0891069556704687
1.8117602126358103 1.0890743463769654
1.8116460891091277 1.0890417396551049
1.8115319745788876 1.0890091355038736
1.8114178690454266 1.0889765339222583
1.8113037725076042 1.0889439349108847
1.8111896849608329 1.0889113384695588
1.8110756064074196 1.0888787445964483
1.8109615368442546 1.0888461532921787
1.810847476271183 1.0888135645565564
1.8107334246841096 1.0887809783893878
1.810619382083865 1.0887483947880219
1.8105053484673392 1.0887158137547226
1.8103913238348708 1.0886832352884774
1.8102773081838426 1.0886506593882739
1.8101633015131153 1.0886180860539187
1.8100493038205647 1.0885855152843997
1.8099353151055444 1.0885529470803426
1.8098213353669157 1.0885203814399163
1.8097073646030473 1.0884878183645657
1.8095934028118152 1.0884552578532787
1.8094794499930664 1.0884226999050435
1.8093655061456626 1.0883901445196673
1.809251571266495 1.0883575916969572
1.8091376453549182 1.0883250414367205
1.8090237284097943 1.0882924937379455
1.8089098204299854 1.0882599486004394
1.808795921412876 1.0882274060240098
1.8086820313583136 1.0881948660076453
1.8085681502641757 1.0881623285519721
1.808454278129325 1.0881297936559793
1.8083404149516384 1.0880972613194742
1.8082265607304722 1.0880647315414458
1.808112715464689 1.0880322043225206
1.8079988791521666 1.0879996796616878
1.8078850517902902 1.0879671575579364
1.8077712333798943 1.087934638011893
1.8076574239188568 1.0879021210225472
1.8075436234060411 1.0878696065905256
1.807429831839326 1.0878370947139988
1.8073160492175753 1.0878045853935938
1.8072022755396528 1.0877720786291187
1.8070885108034374 1.0877395744187446
1.8069747550087785 1.0877070727630984
1.8068610081525698 1.08767457366117
1.8067472702346612 1.0876420771127675
1.8066335412534247 1.0876095831185186
1.806519821207725 1.0875770916765943
1.806406110095934 1.087544602787622
1.8062924079164244 1.0875121164505919
1.8061787146675683 1.087479632664494
1.8060650303482308 1.0874471514307742
1.8059513549582633 1.087414672748423
1.8058376884940668 1.087382196616431
1.8057240309554927 1.0873497230346068
1.805610382341407 1.0873172520019412
1.8054967426491968 1.0872847835182433
1.8053831118787138 1.0872523175841406
1.8052694900273456 1.0872198541978058
1.8051558770939584 1.0871873933598664
1.8050422730779114 1.0871549350701315
1.8049286779775784 1.0871224793267742
1.8048150917923187 1.087090026130422
1.8047015145190275 1.0870575754808844
1.8045879461570646 1.087025127377153
1.8044743867043112 1.0869926818190372
1.804360836160127 1.0869602388063466
1.8042472945233796 1.0869277983388912
1.8041337617924431 1.0868953604156624
1.804020237966678 1.0868629250364699
1.8039067230429804 1.0868304922011238
1.8037932170207105 1.0867980619094342
1.8036797198982433 1.0867656341603928
1.8035662316744467 1.0867332089538098
1.803452752349175 1.086700786288677
1.8033392819208032 1.086668366165623
1.8032258203847489 1.0866359485844577
1.803112367742345 1.0866035335441737
1.8029989239924606 1.0865711210437632
1.8028854891314992 1.0865387110838547
1.8027720631588222 1.0865063036634406
1.802658646075271 1.0864738987823315
1.8025452378772493 1.086441496440338
1.8024318385651055 1.0864090966364526
1.8023184481352434 1.0863766993713042
1.8022050665870257 1.0863443046438856
1.8020916939198148 1.0863119124531897
1.8019783301324805 1.0862795227998452
1.801864975221427 1.0862471356828451
1.8017516291874969 1.0862147511020008
1.8016382920285734 1.086182369057123
1.801524963743034 1.086149989547205
1.8014116443297488 1.0861176125720582
1.8012983337880812 1.0860852381314936
1.8011850321144363 1.0860528662253226
1.8010717393096567 1.0860204968525389
1.8009584553721205 1.0859881300129537
1.800845180299712 1.0859557657063785
1.8007319140913025 1.0859234039326249
1.8006186567447764 1.0858910446906866
1.8005054082585117 1.0858586879811933
1.8003921686338458 1.085826333802321
1.8002789378671842 1.0857939821546994
1.8001657159573985 1.085761633037322
1.8000525029033603 1.0857292864508192
1.7999392987034482 1.0856969423933671
1.799826103356041 1.085664600866413
1.7997129168595174 1.0856322618673162
1.7995997392142293 1.0855999253967064
1.7994865704165828 1.0855675914543956
1.7993734104659436 1.0855352600401962
1.799260259361677 1.0855029311539204
1.7991471171021631 1.0854706047937455
1.7990339836847944 1.0854382809603014
1.7989208591099237 1.0854059596534005
1.7988077433754375 1.0853736408720378
1.7986946364797154 1.085341324616026
1.7985815384211374 1.0853090108859949
1.7984684491990703 1.0852766996793048
1.798355368811401 1.0852443909974037
1.7982422972579895 1.0852120848392866
1.7981292345357363 1.0851797812047665
1.798016180644995 1.0851474800936565
1.7979031355841466 1.0851151815041344
1.797790099350585 1.0850828854376482
1.7976770719446644 1.0850505918931934
1.7975640533627923 1.085018300869766
1.7974510436038433 1.084986012367179
1.797338042667185 1.084953726385246
1.7972250505521854 1.08492144292378
1.7971120672572258 1.0848891619825942
1.7969990927811814 1.084856883560685
1.7968861271209535 1.084824607657866
1.796773170274924 1.0847923342739505
1.7966602222444346 1.0847600634079348
1.7965472830249072 1.0847277950596328
1.796434352618671 1.084695529228858
1.796321431021641 1.0846632659154243
1.79620851823368 1.0846310051191455
1.796095614254157 1.0845987468390181
1.795982719079481 1.084566491074039
1.7958698327090212 1.0845342378256564
1.7957569551421475 1.0845019870920503
1.795644086377736 1.0844697388738516
1.7955312264126895 1.0844374931700576
1.7954183752453905 1.0844052499796653
1.7953055328766898 1.084373009302489
1.7951926993054643 1.084340771138343
1.7950798745266427 1.084308535487859
1.7949670585425566 1.084276302349217
1.7948542513510959 1.0842440717230486
1.7947414529496575 1.0842118436083514
1.7946286633381057 1.084179618005757
1.7945158825133436 1.0841473949134461
1.794403110476223 1.0841151743320505
1.7942903472246348 1.084082956259751
1.7941775927564694 1.0840507406971793
1.7940648470710983 1.0840185276441503
1.7939521101669058 1.083986317100479
1.7938393820422769 1.0839541090643467
1.793726662696583 1.083921903537202
1.793613952127222 1.0838897005172266
1.7935012503330723 1.083857500005052
1.7933885573144932 1.0838253019988604
1.793275873068389 1.0837931065001003
1.7931631975951197 1.0837609135077704
1.793050530892083 1.0837287230208692
1.7929378729571708 1.083696535040029
1.7928252237892623 1.0836643495634317
1.7927125833877307 1.0836321665917097
1.7925999517504676 1.0835999861246786
1.7924873288773402 1.0835678081613374
1.7923747147662406 1.0835356327006849
1.7922621094145677 1.0835034597441704
1.792149512823176 1.0834712892899765
1.7920369249894643 1.083439121337919
1.7919243459128067 1.0834069558869974
1.7918117755901082 1.0833747929378441
1.7916992140212367 1.0833426324894586
1.7915866612050726 1.0833104745424738
1.7914741171404966 1.083278319095889
1.7913615818258957 1.0832461661495207
1.791249055259163 1.0832140157023686
1.7911365374406607 1.0831818677534324
1.7910240283677887 1.0831497223041615
1.7909115280389343 1.083117579353556
1.7907990364534725 1.0830854389006157
1.7906865536083096 1.0830533009451573
1.7905740795043021 1.0830211654869975
1.790461614139838 1.0829890325259528
1.7903491575123174 1.0829569020610237
1.790236709621116 1.0829247740928432
1.790124270464622 1.0828926486195956
1.7900118400417173 1.082860525641914
1.7898994183493087 1.0828284051587989
1.78978700538776 1.0827962871700674
1.789674601157929 1.0827641716755365
1.7895622056547476 1.0827320586750235
1.789449818877098 1.0826999481675292
1.7893374408268263 1.0826678401528709
1.7892250714993583 1.0826357346308657
1.7891127108950586 1.082603631601331
1.7890003590118224 1.0825715310640842
1.7888880158490268 1.0825394330181266
1.7887756814040734 1.0825073374624594
1.7886633556768334 1.0824752443977164
1.7885510386656966 1.082443153822899
1.7884387303695466 1.0824110657378248
1.7883264307857851 1.0823789801423116
1.7882141399147782 1.0823468970361771
1.7881018577534338 1.082314816418423
1.7879895843016238 1.0822827382888676
1.7878773195567506 1.0822506626481443
1.7877650635186864 1.0822185894944394
1.7876528161848337 1.0821865188275708
1.787540577555559 1.0821544506473566
1.787428347628265 1.082122384954431
1.7873161264023307 1.0820903217469802
1.7872039138756526 1.0820582610248224
1.7870917100481039 1.082026202787776
1.7869795149165935 1.0819941470364753
1.7868673284824768 1.081962093769107
1.786755150741675 1.0819300429863052
1.7866429816945557 1.0818979946870728
1.7865308213380282 1.0818659488712283
1.7864186696714721 1.0818339055377746
1.7863065266932792 1.0818018646873462
1.7861943924033234 1.081769826318946
1.7860822667985143 1.0817377904323926
1.7859701498797147 1.081705757027505
1.7858580416443282 1.0816737261024707
1.7857459420917354 1.08164169765874
1.7856338512193404 1.0816096716953163
1.785521769026524 1.081577648211203
1.7854096955111842 1.0815456272078505
1.7852976306731965 1.0815136086826311
1.7851855745104592 1.0814815926353638
1.7850735270213653 1.0814495790666836
1.7849614882043077 1.08141756797641
1.784849458059656 1.0813855593635466
1.784737436584815 1.0813535532279133
1.7846254237791666 1.0813215495685133
1.7845134196420922 1.0812895483859823
1.7844014241700088 1.08125754968014
1.7842894373627924 1.0812255534491744
1.7841774592198254 1.0811935596937212
1.7840654897380188 1.0811615684136002
1.7839535289167547 1.081129579607
1.7838415767554159 1.0810975932753715
1.7837296332509134 1.0810656094177193
1.7836176984036185 1.081033628033048
1.7835057722114314 1.0810016491211774
1.7833938546727461 1.0809696726811122
1.783281945786946 1.0809376987134882
1.7831700455524255 1.0809057272181255
1.7830581539685681 1.0808737581940289
1.7829462710322856 1.0808417916418342
1.7828343967439502 1.0808098275589157
1.7827225311019566 1.0807778659467244
1.7826106741042058 1.080745906805081
1.7824988257495875 1.0807139501329908
1.78238698603798 1.0806819959294587
1.7822751549662954 1.0806500441951208
1.7821633325339181 1.0806180949281672
1.7820515187397383 1.0805861481300494
1.7819397135826458 1.0805542037989575
1.7818279170600477 1.0805222619355277
1.7817161291733066 1.0804903225387656
1.781604349916863 1.0804583856084924
1.7814925792920795 1.080426451144529
1.781380817297847 1.0803945191458812
1.7812690639315725 1.0803625896123703
1.781157319194125 1.0803306625446325
1.7810455830819232 1.0802987379408588
1.780933855593858 1.080266815801686
1.7808221367288208 1.0802348961261197
1.780710426484714 1.0802029789139818
1.7805987248624064 1.0801710641642783
1.7804870318593067 1.080139151877646
1.7803753474748005 1.0801072420539064
1.780263671706791 1.0800753346920662
1.7801520045536754 1.0800434297911319
1.780040346015829 1.0800115273517403
1.7799286960911551 1.0799796273728983
1.7798170547760732 1.0799477298536124
1.7797054220714537 1.0799158347953348
1.7795937979751997 1.0798839421962574
1.7794821824866984 1.0798520520562023
1.7793705756043479 1.0798201643749914
1.7792589773265461 1.0797882791524467
1.7791473876521862 1.0797563963883905
1.7790358065796663 1.0797245160826452
1.778924234108374 1.0796926382334031
1.7788126702372025 1.0796607628413013
1.7787011149630667 1.0796288899061623
1.778589568286344 1.0795970194269937
1.7784780302044436 1.079565151403618
1.7783665007177432 1.0795332858358577
1.7782549798226632 1.0795014227235353
1.7781434675190868 1.0794695620656587
1.7780319638064026 1.0794377038620506
1.7779204686815258 1.079405848112534
1.7778089821448344 1.0793739948169312
1.7776975041947283 1.0793421439742508
1.7775860348291124 1.0793102955843155
1.777474574046881 1.0792784496461334
1.7773631218469286 1.0792466061603423
1.77725167822815 1.0792147651267654
1.7771402431894399 1.0791829265435964
1.777028816729693 1.0791510904122879
1.7769173988463205 1.0791192567310337
1.7768059895382173 1.0790874255004717
1.776694588803784 1.0790555967196107
1.7765831966424102 1.0790237703874594
1.7764718130534862 1.078991946504656
1.7763604380349183 1.0789601250702092
1.7762490715856019 1.0789283060847574
1.776137713703443 1.0788964895473094
1.776026364388822 1.0788646754568745
1.7759150236386558 1.0788328638140907
1.7758036914518402 1.0788010546179674
1.775692367828756 1.0787692478683284
1.7755810527658251 1.0787374435649975
1.7754697462634286 1.0787056417069842
1.7753584483184834 1.078673842294927
1.7752471589323604 1.078642045327021
1.7751358781009874 1.0786102508039046
1.7750246058247454 1.0785784587245877
1.7749133421015417 1.0785466690897088
1.7748020869302734 1.0785148818982775
1.7746908403098374 1.078483097149304
1.7745796022386362 1.078451314843427
1.774468372715567 1.0784195349796564
1.7743571517375476 1.0783877575570024
1.774245939305455 1.0783559825769182
1.774134735418682 1.078324210038414
1.7740235400751365 1.0782924399405003
1.7739123532732213 1.0782606722821872
1.7738011750103497 1.0782289070641138
1.7736900052859146 1.0781971442861047
1.773578844098814 1.0781653839471708
1.7734676914484413 1.0781336260471366
1.7733565473336947 1.0781018705858272
1.773245411752978 1.0780701175622536
1.7731342847041995 1.0780383669770546
1.7730231661857632 1.0780066188284272
1.7729120561960727 1.0779748731170107
1.7728009547365018 1.07794312984263
1.7726898618039697 1.0779113890042966
1.7725787773978703 1.0778796506026498
1.772467701515123 1.0778479146358866
1.772356634155617 1.0778161811054605
1.7722455753187467 1.077784450008755
1.7721345250034117 1.0777527213472236
1.7720234832045514 1.0777209951190636
1.7719124499260157 1.0776892713249149
1.7718014251622491 1.0776575499637888
1.7716904089141319 1.0776258310363254
1.771579401181554 1.0775941145407222
1.7714684019609404 1.077562400477619
1.7713574112516863 1.0775306888460279
1.7712464290521972 1.0774989796465886
1.7711354553613732 1.0774672728774992
1.77102449017861 1.0774355685393997
1.7709135335018182 1.0774038666321162
1.7708025853303937 1.0773721671546608
1.770691645662247 1.077340470106046
1.7705807144952888 1.0773087754877255
1.7704697918308958 1.0772770832978982
1.770358877666484 1.0772453935363902
1.7702479719999642 1.0772137062030278
1.770137074830733 1.0771820212976377
1.7700261861576918 1.0771503388192325
1.7699153059782569 1.0771186587684525
1.76980443429232 1.0770869811443105
1.7696935710997737 1.0770553059458192
1.7695827163975388 1.0770236331728056
1.769471870183527 1.0769919628259101
1.7693610324581261 1.0769602949049595
1.7692502032187525 1.0769286294081533
1.7691393824648038 1.0768969663353183
1.7690285701956776 1.076865305687095
1.7689177664087907 1.0768336474624969
1.768806971103541 1.0768019916605374
1.768696184278336 1.0767703382818572
1.7685854059320785 1.0767386873262836
1.7684746360636714 1.0767070387920166
1.768363874672513 1.0766753926805104
1.7682531217545348 1.0766437489899654
1.768142377312107 1.0766121077202089
1.7680316413421517 1.0765804688710683
1.7679209138430774 1.076548832442371
1.7678101948142826 1.0765171984339448
1.7676994842536804 1.0764855668448035
1.76758878216067 1.0764539376755882
1.7674780885346504 1.0764223109253133
1.767367403371058 1.0763906865929929
1.7672567266727601 1.0763590646792682
1.7671460584366792 1.0763274451831537
1.7670353986602334 1.0762958281044772
1.7669247473443086 1.0762642134430667
1.7668141044868186 1.0762326011979368
1.7667034700861726 1.076200991369729
1.766592844140284 1.0761693839566446
1.766482226648058 1.076137778959325
1.7663716176098856 1.076106176376785
1.7662610170236808 1.0760745762096662
1.7661504248888442 1.0760429784569836
1.7660398412013085 1.0760113831177525
1.7659292659629515 1.0759797901926142
1.7658186991726788 1.0759481996813973
1.7657081408279092 1.0759166115823038
1.7655975909265575 1.0758850258959756
1.765487049466043 1.075853442621428
1.7653765164487398 1.0758218617601156
1.7652659918710762 1.0757902833094282
1.765155475732454 1.0757587072700074
1.7650449680327698 1.0757271336408691
1.7649344687684527 1.075695562422655
1.7648239779389043 1.075663993614381
1.764713495544022 1.075632427215876
1.7646030215817214 1.0756008632261558
1.764492556050909 1.0755693016458627
1.7643820989485093 1.075537742474013
1.7642716502759066 1.0755061857104353
1.764161210031017 1.075474631354959
1.764050778211756 1.0754430794066006
1.7639403548170312 1.075411529865189
1.7638299398457493 1.0753799827305537
1.7637195332973135 1.0753484380025242
1.7636091351701355 1.07531689568093
1.7634987454626272 1.0752853557647877
1.7633883641741919 1.0752538182531137
1.7632779913022503 1.0752222831473635
1.763167626846206 1.075190750444928
1.7630572708054624 1.075159220147263
1.7629469231759534 1.0751276922533852
1.7628365839595612 1.0750961667631243
1.7627262531532113 1.07506464367631
1.7626159307582905 1.075033122991147
1.762505616770733 1.0750016047090907
1.7623953111899429 1.0749700888291582
1.7622850140143331 1.0749385753503669
1.762174725245291 1.074907064272547
1.7620644448777598 1.0748755555955283
1.7619541729126311 1.074844049319954
1.761843909346831 1.0748125454440292
1.7617336541822428 1.0747810439683965
1.7616234074152974 1.0747495448920736
1.7615131690439123 1.074718048214891
1.7614029390679884 1.0746865539358668
1.7612927174874267 1.0746550620556437
1.7611825042996496 1.0746235725732398
1.761072299503071 1.0745920854884856
1.7609621030970963 1.074560600801212
1.7608519150801398 1.074529118510437
1.7607417354506156 1.0744976386159915
1.760631564207434 1.0744661611185184
1.7605214013500006 1.0744346860170366
1.7604112468777218 1.0744032133105643
1.7603011007880203 1.0743717429989323
1.7601909630798067 1.0743402750827842
1.760080833750504 1.0743088095603262
1.7599707127995188 1.0742773464313893
1.7598606002272492 1.074245885696617
1.7597504960306227 1.0742144273550285
1.7596404002085504 1.0741829714064546
1.7595303127619268 1.0741515178499144
1.7594202336876796 1.0741200666860515
1.7593101629847199 1.074088617913885
1.7592001006514633 1.0740571715324343
1.759090046686325 1.074025727542343
1.758980001089705 1.0739942859434426
1.7588699638585306 1.0739628467347526
1.7587599349936975 1.0739314099161046
1.758649914491142 1.0738999754865177
1.7585399023512638 1.0738685434466364
1.758429898571983 1.0738371137962923
1.7583199031522119 1.0738056865336927
1.7582099160913582 1.0737742616594819
1.7580999373888309 1.0737428391726793
1.757989967042054 1.0737114190731174
1.7578800050494443 1.073680001360628
1.7577700514118983 1.0736485860358553
1.757660106126345 1.0736171730970072
1.7575501691907047 1.073585762543916
1.757440240606867 1.0735543543764139
1.7573303203702724 1.0735229485951452
1.757220408481322 1.0734915451975062
1.7571105049384335 1.0734601441857654
1.7570006097395274 1.073428745557319
1.756890722885006 1.0733973493128117
1.7567808443703095 1.073365955451264
1.7566709741983206 1.0733345639733203
1.7565611123654725 1.0733031748788135
1.7564512588701828 1.0732717881659524
1.7563414137118616 1.0732404038353813
1.7562315768894228 1.0732090218861214
1.756121748403269 1.0731776423188173
1.7560119282498337 1.0731462651324901
1.7559021164285271 1.0731148903261607
1.75579231293876 1.073083517900474
1.7556825177774622 1.0730521478544515
1.755572730945533 1.0730207801887377
1.7554629524399021 1.0729894149007304
1.7553531822594846 1.0729580519926982
1.7552434204046836 1.0729266914628508
1.7551336668729258 1.0728953333110214
1.7550239216626298 1.0728639775370434
1.7549141847732068 1.0728326241399384
1.7548044562055576 1.0728012731203516
1.754694735954131 1.0727699244773046
1.7545850240203236 1.0727385782106311
1.7544753204020584 1.0727072343201647
1.754365625097755 1.0726758928049271
1.7542559381073217 1.0726445536647522
1.7541462594296742 1.0726132169002853
1.7540365890627359 1.072581882509737
1.7539269270049265 1.0725505504929411
1.7538172732546657 1.072519220850543
1.753707627812359 1.0724878935807534
1.7535979906739443 1.0724565686842178
1.7534883618403234 1.0724252461607704
1.753378741310413 1.0723939260094335
1.7532691290831295 1.072362608230853
1.7531595251554044 1.0723312928232398
1.7530499295281399 1.072299979786428
1.7529403421987635 1.0722686691202523
1.7528307631666888 1.0722373608253581
1.7527211924293438 1.0722060549007686
1.7526116299876309 1.0721747513455064
1.752502075838482 1.0721434501602178
1.7523925299808143 1.0721121513447371
1.7522829924145382 1.072080854897276
1.7521734631390677 1.0720495608184806
1.752063942150342 1.0720182691073739
1.7519544294477747 1.0719869797637909
1.7518449250312769 1.0719556927875662
1.7517354288997664 1.0719244081785346
1.7516259410501756 1.071893125936531
1.7515164614839045 1.0718618460605789
1.751406990197886 1.0718305685505134
1.7512975271910378 1.071799293405358
1.751188072462775 1.0717680206265705
1.7510786260120164 1.071736750211552
1.7509691878371838 1.0717054821617604
1.7508597579366996 1.0716742164754083
1.7507503363094823 1.0716429531539533
1.7506409229544508 1.071611692194797
1.750531517869531 1.071580433598586
1.7504221210541386 1.0715491773659669
1.7503127325071928 1.0715179234951528
1.7502033522266194 1.0714866719867904
1.7500939802113378 1.0714554228399038
1.7499846164617574 1.0714241760543288
1.7498752609748112 1.0713929316299011
1.749765913750412 1.0713616895656453
1.7496565747864865 1.0713304498622078
1.7495472440824509 1.0712992125186138
1.7494379216367284 1.0712679775338878
1.7493286074477425 1.0712367449078657
1.7492193015144135 1.0712055146411945
1.7491100038356613 1.0711742867337102
1.7490007144109028 1.0711430611836266
1.7488914332380652 1.0711118379915907
1.7487821603160687 1.0710806171566278
1.7486728956438342 1.0710493986785743
1.7485636392192887 1.071018182558077
1.7484543910428432 1.0709869687933502
1.7483451511119283 1.0709557573850415
1.7482359194244717 1.0709245483313652
1.748126695980884 1.0708933416329687
1.7480174807795903 1.0708621372896883
1.7479082738195113 1.0708309353005496
1.747799075100562 1.0707997356662002
1.7476898846196771 1.0707685383856658
1.747580702375281 1.070737343458783
1.7474715283662952 1.0707061508853886
1.7473623625916412 1.0706749606645083
1.7472532050517313 1.070643772795979
1.7471440557435003 1.0706125872796375
1.7470349146668636 1.0705814041153208
1.7469257818207433 1.0705502233020547
1.7468166572035648 1.0705190448396766
1.746707540812263 1.0704878687280235
1.7465984326472506 1.0704566949661214
1.7464893327064563 1.0704255235546185
1.7463802409902933 1.0703943544925412
1.7462711574961935 1.070363187780537
1.7461620822235766 1.0703320234168223
1.7460530151703715 1.070300861402045
1.7459439563364947 1.0702697017352318
1.7458349057198754 1.0702385444154094
1.745725863320431 1.0702073894432258
1.7456168291345993 1.0701762368193293
1.7455078031637885 1.0701450865411255
1.7453987854044375 1.0701139386100733
1.7452897758564632 1.0700827930251997
1.7451807745187893 1.070051649785532
1.7450717813908363 1.070020508891718
1.7449627964685461 1.0699893703427856
1.7448538197543215 1.0699582341393827
1.7447448512446013 1.069927100278916
1.7446358909383095 1.0698959687628442
1.744526938835861 1.0698648395910053
1.7444179949351861 1.0698337127616167
1.7443090592342152 1.0698025882753266
1.7442001317318723 1.0697714661327835
1.744091212427082 1.0697403463313946
1.7439823013192657 1.0697092288726187
1.743873398407348 1.0696781137546734
1.7437645036887626 1.0696470009782073
1.7436556171634283 1.0696158905422486
1.7435467388297732 1.0695847824466356
1.7434378686857277 1.0695536766912066
1.7433290067312113 1.0695225732758002
1.7432201529666402 1.069491472200255
1.7431113073874602 1.0694603734635995
1.7430024699935909 1.069429277065672
1.7428936407839575 1.069398183005501
1.7427848197579825 1.0693670912837356
1.742676006914592 1.0693360018994045
1.7425672022497283 1.0693049148523461
1.742458405766792 1.0692738301423996
1.7423496174607316 1.069242747769404
1.74224083733097 1.0692116677323877
1.742132065378422 1.0691805900320004
1.7420233015995281 1.0691495146664605
1.7419145459952032 1.0691184416364172
1.741805798562385 1.0690873709409
1.7416970592999994 1.0690563025805577
1.7415883282079678 1.0690252365544197
1.741479605283725 1.0689941728615153
1.7413708905266947 1.0689631115016838
1.7412621839353069 1.0689320524755745
1.7411534855079907 1.068900995782217
1.7410447952456622 1.0688699414214509
1.740936113145757 1.0688388893931153
1.7408274392062075 1.0688078396954301
1.740718773426438 1.0687767923298548
1.740610115805376 1.0687457472954192
1.7405014663414515 1.068714704591153
1.7403928250345868 1.0686836642177058
1.74028419188172 1.0686526261741078
1.7401755668832708 1.0686215904593888
1.7400669500386645 1.0685905570741985
1.739958341344342 1.0685595260183771
1.7398497407997289 1.0685284972909546
1.7397411484037528 1.068497470891771
1.7396325641563368 1.0684664468206664
1.739523988054917 1.068435425077481
1.7394154200984215 1.0684044056612452
1.7393068602857789 1.068373388572609
1.739198308616415 1.0683423738097932
1.7390897650887607 1.0683113613734478
1.7389812297022424 1.0682803512626036
1.738872702454794 1.0682493434771008
1.738764183344847 1.06821833801678
1.73865567237133 1.0681873348814817
1.738547169534167 1.0681563340710463
1.738438674830795 1.0681253355845048
1.7383301882606403 1.0680943394216982
1.7382217098226322 1.068063345581657
1.7381132395157004 1.068032354065032
1.738004777336784 1.0680013648708544
1.7378963232873001 1.0679703779997745
1.737787877364686 1.0679393934500139
1.7376794395683688 1.0679084112222232
1.7375710098957857 1.0678774313162434
1.7374625883468617 1.0678464537311059
1.7373541749210244 1.0678154784666518
1.737245769615711 1.0677845055227224
1.7371373724303494 1.0677535348983493
1.7370289833628747 1.0677225665933736
1.7369206024132122 1.0676916006076365
1.7368122295807902 1.0676606369409793
1.736703864862051 1.0676296755932437
1.7365955082579156 1.0675987165634613
1.7364871597658222 1.067567759852283
1.7363788193856966 1.0675368054571222
1.7362704871154744 1.0675058533794393
1.7361621629540864 1.0674749036190756
1.7360538469009614 1.0674439561750635
1.7359455389535376 1.0674130110472448
1.7358372391122392 1.0673820682354611
1.7357289473750022 1.0673511277387449
1.7356206637402602 1.0673201895569377
1.7355123882074426 1.0672892536906913
1.7354041207739874 1.0672583201390378
1.7352958614408174 1.06722738890101
1.7351876102058688 1.0671964599764499
1.735079367069069 1.0671655333660088
1.7349711320268613 1.0671346090687197
1.7348629050786752 1.0671036870836152
1.7347546862249361 1.067072767411347
1.7346464754625852 1.0670418500509478
1.7345382727910525 1.06701093500226
1.734430078210266 1.066980022264317
1.7343218917166692 1.066949111836961
1.73421371331019 1.0669182037200342
1.734105542990259 1.0668872979141886
1.7339973807538176 1.0668563944184573
1.7338892266022874 1.066825493231874
1.7337810805336058 1.06679459435509
1.7336729425457102 1.0667636977871393
1.7335648126375336 1.0667328035278643
1.7334566908095026 1.0667019115762986
1.733348577058559 1.0666710219330942
1.7332404713836362 1.066640134597285
1.7331323737841653 1.0666092495687136
1.7330242842575863 1.066578366847223
1.7329162028063176 1.0665474864318474
1.7328081294253102 1.0665166083232385
1.732700064114991 1.0664857325196215
1.7325920068747922 1.0664548590216487
1.732483957701158 1.066423987829163
1.7323759165950137 1.0663931189411988
1.7322678835542977 1.066362252357599
1.7321598585779443 1.0663313880790162
1.7320518416653856 1.0663005261044847
1.7319438328140622 1.06626966643223
1.731835832024402 1.0662388090637134
1.73172783929534 1.0662079539979694
1.7316198546238184 1.0661771012348418
1.7315118780097682 1.066146250773365
1.731403909451128 1.0661154026133828
1.7312959489493227 1.0660845567555475
1.7311879965002992 1.0660537131980854
1.7310800521034904 1.066022871941649
1.7309721157578315 1.0659920329860817
1.7308641874627557 1.065961196330419
1.7307562672167 1.0659303619745046
1.730648355018102 1.065899529917374
1.730540450865399 1.0658687001596794
1.7304325547585224 1.0658378727004565
1.73032466669591 1.0658070475395494
1.7302167866769955 1.0657762246768019
1.7301089147002167 1.0657454041112495
1.7300010507630148 1.0657145858435453
1.7298931948668166 1.0656837698727248
1.7297853470070714 1.0656529561986323
1.7296775071842094 1.065622144821112
1.7295696753961707 1.0655913357392
1.72946185164488 1.0655605289535488
1.7293540359267836 1.0655297244623863
1.729246228239821 1.0654989222671736
1.7291384285849218 1.0654681223661384
1.729030636959528 1.0654373247591256
1.7289228533630745 1.0654065294459794
1.7288150777939997 1.0653757364265446
1.728707310251739 1.0653449456998576
1.7285995507342327 1.0653141572665716
1.7284917992414144 1.065283371125723
1.7283840557727195 1.0652525872771565
1.7282763203245939 1.0652218057199088
1.7281685928959751 1.0651910264554416
1.7280608734862986 1.0651602494811747
1.7279531620954982 1.06512947479857
1.7278454587210168 1.0650987024058558
1.7277377633622903 1.065067932302877
1.7276300760182564 1.0650371644902876
1.7275223966873545 1.0650063989679326
1.7274147253685226 1.0649756357340405
1.7273070620606987 1.0649448747892651
1.727199406762821 1.0649141161326436
1.727091759473827 1.0648833597640213
1.726984120191659 1.0648526056832435
1.7268764889162516 1.0648218538901557
1.726768865646045 1.0647911043846037
1.726661250377984 1.0647603571656246
1.7265536431139972 1.0647296122330643
1.7264460438505318 1.06469886958596
1.7263384525870247 1.0646681292249658
1.7262308693239097 1.0646373911499274
1.7261232940581324 1.0646066553598825
1.7260157267891298 1.064575921854677
1.7259081675158412 1.0645451906341568
1.7258006162377042 1.0645144616973596
1.7256930729521627 1.0644837350449396
1.7255855376586542 1.0644530106751267
1.7254780103576137 1.0644222885893828
1.725370491043993 1.0643915687851302
1.7252629797187253 1.0643608512638312
1.7251554763812489 1.0643301360245239
1.7250479810310018 1.0642994230678624
1.7249404936654285 1.064268712391269
1.7248330142834687 1.0642380039962063
1.7247255428845611 1.0642072978817125
1.72461807946615 1.0641765940476342
1.7245106240286714 1.0641458924946257
1.7244031765690708 1.0641151932209176
1.7242957370887817 1.0640844962263567
1.72418830558475 1.0640538015107894
1.7240808820559161 1.0640231090740624
1.7239734665032151 1.0639924189160224
1.723866058921599 1.0639617310357083
1.7237586593125012 1.063931045433775
1.7236512676743638 1.063900362108453
1.723543884004632 1.0638696810603978
1.7234365083047398 1.063839002288648
1.723329140572631 1.0638083257938584
1.7232217808052521 1.0637776515750685
1.7231144290040377 1.063746979632125
1.7230070851664328 1.0637163099640676
1.7228997492918776 1.0636856425707433
1.7227924213783163 1.0636549774528068
1.7226851014251892 1.06362431460849
1.7225777894309389 1.0635936540392559
1.722470485394507 1.0635629957433361
1.7223631893148355 1.063532339720578
1.7222559011918637 1.0635016859708293
1.7221486210225385 1.0634710344947447
1.7220413488063009 1.0634403852905567
1.7219340845420927 1.0634097383581127
1.721826828229355 1.0633790936972605
1.7217195798665312 1.0633484513078475
1.721612339452065 1.0633178111889139
1.7215051069848988 1.0632871733411149
1.7213978824639748 1.0632565377642982
1.7212906658882359 1.063225904457504
1.7211834572571234 1.0631952734197732
1.721076256567585 1.063164644650953
1.7209690638200597 1.0631340181508917
1.720861879011994 1.0631033939210521
1.7207547021438274 1.06307277195886
1.7206475332130065 1.0630421522649707
1.7205403722199708 1.063011534838425
1.7204332191621672 1.0629809196790712
1.7203260740390376 1.0629503067867572
1.720218936848528 1.0629196961605238
1.720111807591577 1.062889087801027
1.7200046862671283 1.062858481708115
1.7198975728696357 1.0628278778800213
1.7197904674025328 1.0627972763174018
1.719683369861271 1.0627666770209123
1.7195762802482866 1.0627360799887866
1.7194691985600288 1.0627054852200661
1.7193621247954418 1.0626748927154066
1.7192550589534696 1.0626443024746566
1.7191480010340545 1.0626137144976648
1.7190409510361406 1.0625831287834728
1.7189339089561775 1.0625525453327367
1.7188268747951054 1.0625219641444978
1.7187198485513702 1.062491385217798
1.71861283022192 1.0624608085532932
1.7185058198076955 1.0624302341500251
1.7183988173076417 1.0623996620070357
1.7182918227212023 1.0623690921249813
1.7181848360458254 1.0623385245029036
1.718077857280955 1.0623079591406517
1.7179708864245378 1.0622773960396892
1.717863923475519 1.0622468351966365
1.7177569684338423 1.0622162766129575
1.7176500212974546 1.0621857202885012
1.717543082064802 1.0621551662223099
1.7174361507368268 1.062124614413426
1.7173292273104779 1.0620940648633128
1.7172223117842018 1.062063517570206
1.7171154041574435 1.0620329725339548
1.7170085044296475 1.062002429755216
1.7169016125992609 1.0619718892322252
1.7167947286652294 1.0619413509656388
1.716687852626 1.0619108149544996
1.7165809844805189 1.0618802811994643
1.716474124228231 1.0618497496987689
1.7163672718680831 1.06181922045307
1.716260427397524 1.0617886934614107
1.7161535908159988 1.0617581687244475
1.7160467621234528 1.0617276462404168
1.7159399413183332 1.0616971260099755
1.7158331283985881 1.0616666080329733
1.7157263233631646 1.0616360923084538
1.7156195262120078 1.0616055788362668
1.715512736943066 1.0615750676162627
1.7154059555537886 1.0615445586482917
1.7152991820466172 1.061514051931397
1.7151924164170043 1.0614835474654292
1.7150856586653949 1.0614530452510451
1.7149789087907361 1.0614225452872885
1.7148721667919755 1.061392047573203
1.714765432666063 1.061361552108639
1.714658706414443 1.061331058894254
1.714551988034565 1.0613005679282848
1.7144452775253767 1.0612700792121954
1.7143385748858258 1.0612395927434166
1.7142318801153593 1.0612091085226056
1.7141251932119268 1.0611786265504197
1.714018514175475 1.0611481468250965
1.7139118430024547 1.0611176693472935
1.7138051796938119 1.0610871941168611
1.7136985242484946 1.0610567211320374
1.7135918766649516 1.06102625039348
1.7134852369421316 1.0609957819010396
1.7133786050779842 1.0609653156537608
1.7132719810724566 1.0609348516523012
1.7131653649244976 1.0609043898948987
1.7130587566325564 1.060873930382211
1.7129521561950822 1.0608434731140894
1.712845563612023 1.0608130180895785
1.7127389788798302 1.0607825653085297
1.7126324019994505 1.0607521147707941
1.7125258329693338 1.0607216664762233
1.7124192717874303 1.0606912204246688
1.7123127184541873 1.0606607766151752
1.712206172968055 1.0606303350475943
1.7120996353259847 1.0605998957217775
1.7119931055289237 1.06056945863677
1.7118865835758217 1.0605390237932297
1.7117800694646292 1.0605085911902021
1.711673563194296 1.0604781608267324
1.7115670647642713 1.0604477327034787
1.7114605741720064 1.060417306820293
1.7113540914179497 1.0603868831762202
1.7112476165015509 1.0603564617711128
1.7111411494187627 1.0603260426040162
1.7110346901710332 1.060295625676395
1.7109282387563132 1.0602652109864883
1.7108217951735532 1.0602347985341485
1.710715359421204 1.0602043883192276
1.7106089314987154 1.0601739803407715
1.710502511404039 1.0601435746002448
1.7103960991371245 1.0601131710958873
1.7102896946954238 1.060082769826745
1.7101832980803857 1.0600523707942826
1.710076909288463 1.06002197399674
1.7099705283186064 1.0599915794347758
1.7098641551702667 1.0599611871066303
1.7097577898428944 1.0599307970137681
1.7096514323359406 1.0599004091544295
1.7095450826463578 1.0598700235284668
1.7094387407740967 1.0598396401357328
1.7093324067171092 1.0598092589768864
1.7092260804743464 1.0597788800509738
1.7091197620462595 1.059748503357042
1.7090134514298008 1.0597181288957496
1.708907148623922 1.0596877566661433
1.7088008536305737 1.0596573866672703
1.7086945664447093 1.0596270188997892
1.7085882870662803 1.059596653363553
1.708482015496238 1.0595662900568028
1.708375751731535 1.0595359289818094
1.7082694957706237 1.0595055701360079
1.7081632476124564 1.0594752135200576
1.7080570072574848 1.0594448591330055
1.7079507747036615 1.0594145069747047
1.7078445499499393 1.0593841570450089
1.7077383329947706 1.0593538093437709
1.7076321238366081 1.0593234638700382
1.707525922475904 1.05929312062447
1.7074197289111115 1.0592627796053082
1.7073135431406832 1.059232440814018
1.7072073651630721 1.0592021042496464
1.7071011949782313 1.0591717699112417
1.706995032583114 1.0591414377986574
1.706888877979173 1.059111107911747
1.7067827311623618 1.0590807802503641
1.7066765921336333 1.0590504548135566
1.7065704608914412 1.0590201316011785
1.7064643374327386 1.0589898106130833
1.7063582217604791 1.0589594918499305
1.7062521138701165 1.0589291753099628
1.7061460137606042 1.0588988609930339
1.7060399214318958 1.0588685488998033
1.7059338368849453 1.0588382390293194
1.7058277601152065 1.0588079313814363
1.7057216911221333 1.0587776259552024
1.70561562990668 1.0587473227504718
1.7055095764668005 1.0587170217670987
1.7054035307994488 1.0586867230049373
1.7052974929050793 1.0586564264638416
1.705191462781646 1.0586261321428605
1.7050854404291036 1.0585958400426538
1.7049794258464064 1.0585655501614648
1.704873419032509 1.0585352624999533
1.704767419985366 1.058504977057974
1.7046614287054322 1.0584746938345757
1.704555445189162 1.0584444128296129
1.7044494694360102 1.0584141340437456
1.7043435014459318 1.0583838574752176
1.704237541217882 1.0583535831246889
1.7041315887513162 1.0583233109912087
1.7040256440426884 1.0582930410746318
1.7039197070924545 1.0582627733740078
1.7038137778990696 1.0582325078899963
1.703707856461489 1.0582022446224528
1.7036019427776674 1.0581719835704264
1.703496036847561 1.058141724733772
1.7033901386711257 1.0581114681115396
1.7032842482463169 1.0580812137043891
1.7031783655705894 1.058050961512176
1.7030724906454004 1.0580207115331446
1.702966623468205 1.0579904637679551
1.7028607640374587 1.057960218216463
1.7027549123531183 1.057929974877718
1.702649068413139 1.0578997337515756
1.7025432322164773 1.057869494837891
1.7024374037625896 1.0578392581373248
1.702331583049932 1.057809023648122
1.70222577007646 1.0577787913701377
1.7021199648426313 1.0577485613032278
1.7020141673484028 1.0577183334480527
1.7019083775907302 1.0576881078028577
1.701802595567569 1.0576578843674984
1.7016968212793775 1.0576276631418304
1.7015910547231106 1.0575974441265146
1.7014852959007274 1.0575672273206016
1.7013795448086833 1.057537012723142
1.7012738014474362 1.0575068003339916
1.701168065815443 1.0574765901530063
1.7010623379116612 1.0574463821808469
1.7009566177330457 1.0574161764157592
1.7008509052810565 1.0573859728584045
1.7007452005536499 1.0573557715078334
1.7006395035497834 1.0573255723639023
1.7005338142674138 1.0572953754264671
1.7004281327069999 1.0572651806937738
1.7003224588664985 1.0572349881680938
1.7002167927448675 1.0572047978468682
1.7001111343400634 1.0571746097307584
1.700005483652546 1.0571444238196204
1.6998998406797714 1.0571142401133107
1.699794205421699 1.0570840586108807
1.6996885778777873 1.057053879312187
1.6995829580454929 1.057023702217086
1.6994773459242745 1.056993527325434
1.6993717415135912 1.0569633546362829
1.6992661448114001 1.056933184150294
1.6991605558171605 1.0569030158665191
1.699054974529831 1.0568728497848148
1.6989494009473687 1.056842685904233
1.6988438350702344 1.0568125242246307
1.6987382768963857 1.0567823647458643
1.6986327264247814 1.0567522074677909
1.6985271836538796 1.0567220523902672
1.6984216485826393 1.0566918995131502
1.698316121212523 1.0566617488354921
1.698210601537984 1.0566316003571499
1.6981050895609855 1.0566014540779805
1.697999585278484 1.0565713099970362
1.6978940886914413 1.056541168114979
1.697788599797816 1.0565110284308614
1.6976831185960664 1.0564808909445405
1.6975776450851523 1.0564507556558735
1.6974721792640333 1.0564206225647177
1.6973667211321697 1.0563904916701259
1.6972612706880208 1.0563603629719551
1.6971558279305463 1.056330236470063
1.6970503928587062 1.0563001121635025
1.6969449654714603 1.0562699900521308
1.6968395457682697 1.0562398701366102
1.6967341337465922 1.0562097524159937
1.6966287294058886 1.0561796368901388
1.6965233327456202 1.0561495235580987
1.6964179437632447 1.0561194124205353
1.6963125624607276 1.0560893034765022
1.6962071888345254 1.056059196725857
1.6961018228820959 1.0560290921684574
1.6959964646054049 1.055998989803357
1.6958911140019104 1.055968889631218
1.6957857710700726 1.0559387916502894
1.6956804358103545 1.055908695862038
1.695575108219714 1.055878602264713
1.6954697882976126 1.0558485108581726
1.6953644760455162 1.055818421643079
1.6952591714588794 1.0557883346184862
1.695153874538166 1.0557582497842521
1.6950485852813357 1.055728167139431
1.6949433036873496 1.055698086684685
1.6948380297561711 1.0556680084190682
1.6947327634872627 1.0556379323416347
1.694627504877081 1.0556078584538513
1.6945222539265914 1.0555777867531637
1.694417010635257 1.0555477172410388
1.6943117749990333 1.0555176499165309
1.6942065470193872 1.0554875847794984
1.6941013266932767 1.0554575218289959
1.6939961140206656 1.055427461065686
1.6938909090015182 1.055397402488623
1.69378571163179 1.0553673460976658
1.6936805219124478 1.0553372918918689
1.6935753398434557 1.0553072398718952
1.693470165423776 1.0552771900376035
1.6933649986503672 1.0552471423880485
1.6932598395216905 1.055217096922285
1.6931546880382116 1.055187053640976
1.693049544197891 1.0551570125439804
1.6929444080001923 1.0551269736303532
1.6928392794435774 1.0550969368999537
1.6927341585265077 1.0550669023518364
1.6926290452504518 1.0550368699874688
1.6925239396123681 1.055006839804298
1.6924188416107186 1.0549768118029872
1.6923137512449675 1.0549467859841994
1.692208668514078 1.0549167623469902
1.6921035934180158 1.0548867408904148
1.691998525953238 1.0548567216143325
1.6918934661202116 1.0548267045194069
1.6917884139158954 1.0547966896038892
1.6916833693417586 1.0547666768684432
1.6915783323962637 1.054736666312928
1.6914733030783744 1.0547066579363997
1.6913682813865534 1.0546766517387176
1.6912632673197643 1.0546466477197414
1.6911582608754672 1.0546166458785269
1.6910532620546308 1.0545866462157376
1.6909482708562193 1.0545566487304296
1.690843287277693 1.0545266534224627
1.69073831131952 1.0544966602908927
1.6906333429791605 1.0544666693363833
1.69052838225608 1.0544366805587946
1.6904234291492428 1.0544066939571828
1.6903184836576135 1.0543767095314076
1.6902135457791536 1.0543467272805256
1.690108615514332 1.0543167472052004
1.6900036928611102 1.0542867693044886
1.6898987778189547 1.05425679357825
1.68979387038683 1.0542268200263454
1.689688970562197 1.0541968486486344
1.6895840783460256 1.0541668794441739
1.6894791937357772 1.0541369124128241
1.689374316732422 1.0541069475544456
1.68926944733292 1.0540769848680949
1.6891645855347315 1.054047024354436
1.6890597313393292 1.0540170660133295
1.6889548847446754 1.0539871098438323
1.688850045749234 1.053957155845805
1.6887452143534745 1.0539272040183045
1.6886403905558613 1.053897254361995
1.688535574354357 1.0538673068759339
1.6884307657479274 1.0538373615599816
1.6883259647355378 1.0538074184131954
1.6882211713161541 1.0537774774362394
1.6881163854887422 1.0537475386289747
1.6880116072542741 1.0537176019904586
1.6879068366087064 1.053687667520552
1.68780207355251 1.0536577352183123
1.6876973180836479 1.0536278050836008
1.6875925702015877 1.0535978771170815
1.6874878299052956 1.0535679513178124
1.6873830971932364 1.0535380276864579
1.687278372064878 1.0535081062212721
1.687173654519187 1.05347818692292
1.68706894455513 1.0534482697912624
1.6869642421716733 1.0534183548245541
1.6868595473667805 1.0533884420234596
1.6867548601399198 1.053358531387037
1.6866501804885532 1.053328622915951
1.6865455084141556 1.0532987166092598
1.6864408439151923 1.0532688124668246
1.6863361869901288 1.053238910488507
1.6862315376374304 1.0532090106733651
1.6861268958570674 1.053179113022064
1.686022261647004 1.0531492175336619
1.685917635004702 1.0531193242072172
1.6858130159331426 1.0530894330433949
1.685708404427781 1.0530595440420567
1.6856038004880867 1.0530296572022613
1.6854992041140302 1.0529997725238702
1.6853946153025725 1.0529698900067455
1.6852900340551897 1.0529400096499457
1.685185460370348 1.052910131454136
1.6850808942455098 1.0528802554183754
1.6849763356806466 1.0528503815433288
1.6848717846742245 1.0528205098272518
1.6847672412252115 1.05279064027081
1.6846627053325756 1.0527607728730624
1.6845581769957867 1.052730907633871
1.6844536562123074 1.0527010445530978
1.6843491429831134 1.0526711836306053
1.6842446373056676 1.0526413248662556
1.6841401391794402 1.0526114682583052
1.684035648602396 1.0525816138082222
1.6839311655760127 1.0525517615150661
1.683826690095746 1.0525219113778965
1.6837222221630734 1.0524920633973787
1.6836177617754586 1.0524622175725722
1.68351330893187 1.0524323739025365
1.6834088636322802 1.0524025323887403
1.6833044258761602 1.0523726930294401
1.6831999956604715 1.052342855824499
1.6830955729846848 1.0523130207737792
1.682991157848773 1.0522831878779466
1.6828867502496976 1.052253357136061
1.6827823501894397 1.0522235285471826
1.6826779576649606 1.0521937021111738
1.68257357267523 1.0521638778287006
1.682469195218213 1.0521340556980203
1.682364825294887 1.0521042357197987
1.68226046290372 1.0520744178930959
1.6821561080431795 1.052044602217775
1.6820517607122352 1.0520147886945017
1.6819474209093546 1.0519849773223366
1.6818430886340099 1.05195516810034
1.6817387638851709 1.0519253610299806
1.6816344466608033 1.0518955561087133
1.6815301369618856 1.0518657533372042
1.6814258347848774 1.051835952714514
1.681321540129753 1.0518061542421113
1.6812172529944782 1.0517763579182544
1.681112973380032 1.0517465637428065
1.6810087012848827 1.051716771715631
1.6809044367080006 1.0516869818365915
1.680800179647352 1.0516571941055515
1.6806959301014053 1.0516274085207695
1.6805916880716418 1.0515976250837142
1.6804874535545216 1.0515678437934468
1.6803832265495173 1.0515380646490282
1.6802790070550977 1.0515082876503223
1.6801747950717403 1.0514785127971928
1.6800705905979136 1.051448740090306
1.6799663936315845 1.0514189695287235
1.6798622041732307 1.0513892011115065
1.6797580222203166 1.0513594348393214
1.6796538477718133 1.051329670712032
1.6795496808271944 1.0512999087278978
1.6794455213849289 1.0512701488875849
1.679341369443988 1.0512403911909574
1.6792372250043481 1.0512106356370772
1.6791330880634736 1.051180882225006
1.6790289586223452 1.0511511309562127
1.6789248366789304 1.0511213818297591
1.6788207222316984 1.0510916348447072
1.678716615279621 1.0510618900017237
1.6786125158216698 1.0510321472998705
1.6785084238568169 1.051002406739012
1.678404339383532 1.0509726683182103
1.6783002624007868 1.05094293203733
1.6781961929090607 1.0509131978970376
1.6780921309063215 1.0508834658963957
1.677988076391541 1.0508537360352685
1.6778840293631891 1.0508240083127187
1.6777799898212433 1.050794282729413
1.677675957762666 1.0507645592836115
1.6775719331884398 1.0507348379759813
1.6774679160960295 1.0507051188071894
1.6773639064864176 1.0506754017762985
1.6772599043570697 1.0506456868815688
1.677155909706456 1.0506159741236676
1.6770519225340514 1.0505862635024596
1.6769479428408394 1.050556555018612
1.6768439706217726 1.0505268486703856
1.6767400058783364 1.0504971444576452
1.676636048608499 1.050467442380256
1.6765320988112336 1.0504377424380833
1.6764281564865182 1.050408044630992
1.6763242216328236 1.0503783489588474
1.6762202942491233 1.0503486554207124
1.6761163743333853 1.0503189640164525
1.6760124618855885 1.050289274745131
1.6759085569057115 1.050259587608217
1.6758046593897122 1.050229902603972
1.6757007693385746 1.0502002197314595
1.6755968867517752 1.0501705389921487
1.6754930116262772 1.0501408603851035
1.675389143962562 1.050111183910189
1.6752852837591015 1.050081509566469
1.6751814310148692 1.050051837353809
1.6750775857283364 1.0500221672720749
1.6749737478984774 1.049992499321132
1.6748699175252715 1.0499628335000444
1.6747660946066876 1.0499331698094794
1.6746622791427055 1.049903508248501
1.6745584711322996 1.0498738488161736
1.6744546705734387 1.0498441915131644
1.6743508774640918 1.0498145363393394
1.6742470918052446 1.0497848832937628
1.6741433135948658 1.0497552323763006
1.6740395428319301 1.0497255835868187
1.6739357795154124 1.0496959369251833
1.673832023645293 1.0496662923904585
1.6737282752185356 1.0496366499833123
1.6736245342346179 1.0496070097020074
1.673520800694023 1.0495773715472116
1.6734170745942176 1.0495477355187912
1.6733133559336741 1.0495181016158108
1.6732096447143845 1.0494884698381366
1.6731059409323072 1.0494588401864366
1.6730022445879258 1.049429212658974
1.67289855567921 1.0493995872564168
1.6727948742046324 1.0493699639778298
1.672691200164174 1.0493403428238812
1.6725875335573135 1.049310723792834
1.6724838743810146 1.049281106885357
1.6723802226357618 1.049251492101316
1.6722765783210336 1.0492218794397767
1.6721729414348 1.0491922689006055
1.6720693119745282 1.049162660483669
1.6719656899417086 1.0491330541888342
1.6718620753348141 1.0491034500159677
1.671758468151815 1.0490738479633335
1.6716548683921901 1.0490442480324014
1.6715512760554188 1.0490146502222366
1.6714476911394711 1.0489850545319048
1.6713441136438265 1.0489554609620744
1.6712405435669582 1.0489258695118109
1.6711369809088485 1.0488962801801798
1.671033425667971 1.0488666929686512
1.6709298778438053 1.0488371078754894
1.6708263374333157 1.048807524901363
1.6707228044374909 1.0487779440453378
1.6706192788532954 1.0487483653072809
1.6705157606817185 1.0487187886870597
1.6704122499197243 1.04868921418374
1.6703087465672959 1.0486596417979905
1.6702052506254228 1.0486300715288774
1.6701017620920757 1.0486005033754668
1.6699982809637164 1.0485709373384273
1.669894807240328 1.0485413734176265
1.6697913409218936 1.0485118116121308
1.669687882007391 1.0484822519226087
1.6695844304952943 1.0484526943473256
1.6694809863850837 1.04842313888695
1.6693775496752337 1.04839358554135
1.6692741203642187 1.048364034309592
1.6691706984510162 1.0483344851915435
1.66906728393561 1.0483049381870726
1.6689638768164747 1.0482753932952458
1.6688604770915816 1.0482458505167322
1.6687570847614182 1.0482163098513997
1.668653699824459 1.0481867712975137
1.6685503222791789 1.0481572348565449
1.6684469521245555 1.0481277005275598
1.668343589359567 1.0480981683096255
1.668240233985205 1.04806863820261
1.668136885998434 1.0480391102063815
1.6680335453977293 1.048009584320007
1.6679302121830755 1.0479800605441558
1.6678268863524444 1.0479505388786963
1.6677235679053177 1.0479210193226953
1.6676202568411773 1.0478915018760215
1.6675169531574916 1.047861986537742
1.6674136568557558 1.0478324733077253
1.6673103679334387 1.047802962186641
1.6672070863890156 1.0477734531743572
1.6671038122219686 1.0477439462699416
1.6670005454312764 1.0477144414724617
1.6668972860149112 1.0476849387817861
1.6667940339743688 1.0476554381985843
1.6666907893066147 1.047625939721924
1.6665875520106281 1.047596443351674
1.6664843220874017 1.0475669490877029
1.666381099532894 1.0475374569298794
1.6662778843475947 1.0475079668764706
1.666174676530483 1.047478478928947
1.6660714760805382 1.047448993085576
1.66596828299674 1.0474195093470269
1.665865097277564 1.047390027713169
1.665761918922997 1.0473605481830703
1.6656587479305083 1.047331070755799
1.6655555843005876 1.0473015954328257
1.6654524280307044 1.0472721222132189
1.6653492791208453 1.0472426510968476
1.6652461375694867 1.04721318208278
1.6651430033746015 1.0471837151700845
1.6650398765376873 1.0471542503594313
1.6649367570562135 1.0471247876506897
1.6648336449296637 1.0470953270429282
1.6647305401575216 1.0470658685360161
1.664627442737257 1.0470364121306235
1.664524352668857 1.0470069578250183
1.6644212699502945 1.0469775056198707
1.6643181945800465 1.0469480555142496
1.6642151265601153 1.0469186075080243
1.6641120658874669 1.0468891616018654
1.664009012560578 1.0468597177940409
1.6639059665789329 1.046830276085221
1.6638029279415123 1.046800836474475
1.663699896647297 1.0467713989616725
1.6635968726952675 1.046741963546683
1.6634938560844048 1.0467125302293767
1.66339084681369 1.0466830990088225
1.6632878448816002 1.0466536698848903
1.66318485028762 1.0466242428574501
1.6630818630307307 1.0465948179271725
1.6629788831099133 1.0465653950931264
1.662875910524149 1.0465359743543818
1.6627729452739306 1.0465065557108084
1.6626699873547128 1.046477139163077
1.6625670367679959 1.046447724710257
1.6624640935127615 1.0464183123514184
1.6623611575854718 1.046388902086431
1.6622582289876275 1.046359493915165
1.662155307719218 1.046330087837491
1.6620523937767056 1.0463006838540794
1.661949487159072 1.0462712819631999
1.6618465878663071 1.046241882165523
1.6617436958968885 1.046212484460119
1.661640811250302 1.0461830888468582
1.6615379339260337 1.046153695325611
1.6614350639220574 1.0461243038954475
1.6613322012378595 1.0460949145570386
1.6612293458709102 1.0460655273094546
1.6611264978227112 1.0460361421525661
1.661023657090733 1.046006759087044
1.6609208236729502 1.0459773781103583
1.6608179975703607 1.04594799922398
1.6607151787809393 1.0459186224269796
1.6606123673046762 1.045889247719228
1.660509563139042 1.045859875100596
1.6604067662845314 1.0458305045709546
1.6603039767391192 1.0458011361293742
1.6602011945012838 1.0457717697757258
1.6600984195715203 1.0457424055098805
1.659995651946795 1.0457130433317092
1.6598928916286115 1.045683683240283
1.6597901386149445 1.0456543252354726
1.6596873929022564 1.0456249693179493
1.659584654492555 1.0455956154867843
1.6594819233853273 1.0455662637418486
1.6593791995780445 1.0455369140822135
1.6592764830691855 1.0455075665077502
1.6591737738577337 1.04547822101913
1.6590710719441846 1.045448877615424
1.6589683773260093 1.0454195362957037
1.6588656900021914 1.0453901970606405
1.6587630099727224 1.0453608599093058
1.6586603372365862 1.045331524841571
1.6585576717927664 1.0453021918573078
1.6584550136407508 1.0452728609563875
1.6583523627775065 1.0452435321386817
1.6582497192020174 1.0452142054032623
1.6581470829152838 1.0451848807500006
1.6580444539152814 1.0451555581787684
1.6579418322009942 1.0451262376894375
1.6578392177714063 1.0450969192810795
1.657736610624493 1.0450676029543664
1.6576340107622645 1.04503828870757
1.6575314181811833 1.045008976541362
1.6574288328802338 1.0449796664556144
1.6573262548594088 1.044950358449399
1.6572236841171883 1.0449210525233883
1.6571211206535656 1.0448917486766538
1.6570185644655078 1.0448624469090677
1.6569160155535125 1.0448331472205021
1.6568134739155556 1.0448038496092296
1.6567109395516304 1.0447745540767217
1.6566084124602172 1.0447452606228507
1.656505892640301 1.0447159692450896
1.6564033800893532 1.0446866799457097
1.656300874809385 1.044657392722984
1.6561983767978685 1.0446281075767847
1.6560958860537884 1.0445988245069842
1.6559934025756256 1.0445695435134548
1.6558909263638781 1.0445402645960689
1.6557884574160182 1.0445109877530996
1.6556859957325443 1.0444817129860189
1.6555835413109283 1.044452440294699
1.65548109415066 1.0444231696774136
1.6553786542502202 1.0443939011348347
1.6552762216096035 1.0443646346660354
1.6551737962267863 1.0443353702708882
1.6550713781027722 1.0443061079500655
1.6549689672340244 1.0442768477010411
1.654866563621042 1.0442475895252872
1.6547641672633153 1.0442183334226764
1.6546617781573076 1.0441890793922823
1.6545593963040228 1.0441598274339774
1.6544570217014376 1.0441305775476348
1.6543546543500516 1.044101329732328
1.6542522942473372 1.0440720839887294
1.6541499413932896 1.0440428403159125
1.6540475957863903 1.0440135987137504
1.6539452574241116 1.0439843591813167
1.653842926307458 1.043955121719284
1.653740602435921 1.0439258863275254
1.6536382858074772 1.0438966530051146
1.6535359764201039 1.0438674217511255
1.653433674274806 1.0438381925670301
1.6533313793695608 1.0438089654511031
1.6532290917048689 1.0437797404032176
1.6531268112771935 1.043750517423247
1.6530245380870354 1.0437212965110652
1.652922272132372 1.043692077666545
1.6528200134126947 1.0436628608887608
1.6527177619269904 1.0436336461783853
1.6526155176742459 1.043604433535292
1.6525132806539529 1.0435752229585555
1.6524110508640888 1.04354601444725
1.6523088283056597 1.0435168080020483
1.6522066129761388 1.0434876036220249
1.6521044048750178 1.0434584013070536
1.6520022040002744 1.043429201057008
1.6519000103524104 1.043400002871762
1.651797823927384 1.0433708067511893
1.6516956447267068 1.0433416126943647
1.6515934727503758 1.043312420701162
1.6514913079953595 1.0432832307706559
1.65138915046115 1.0432540429035195
1.6512870001472397 1.043224857099627
1.6511848570516068 1.0431956733580532
1.6510827211747534 1.0431664916794712
1.6509805925146577 1.043137312062157
1.6508784710708122 1.0431081345059845
1.6507763568411953 1.0430789590116272
1.6506742498258045 1.0430497855789593
1.650572150023628 1.043020614207056
1.6504700574336535 1.0429914448949922
1.6503679720543645 1.0429622776442407
1.650265893884749 1.0429331124522785
1.6501638229243003 1.042903949320578
1.6500617591720066 1.042874788249014
1.6499597026268562 1.0428456292366612
1.6498576532888476 1.0428164722825957
1.6497556111544442 1.0427873173874909
1.6496535762251596 1.0427581645504223
1.6495515484979622 1.0427290137712644
1.6494495279723456 1.042699865049892
1.6493475146483083 1.0426707183853807
1.6492455085238293 1.0426415737792032
1.649143509596887 1.0426124312288372
1.6490415178689954 1.0425832907349566
1.6489395333381336 1.042554152298235
1.6488375560043005 1.0425250159161503
1.6487355858649697 1.0424958815901757
1.6486336229196354 1.0424667493201858
1.6485316671662766 1.0424376191052567
1.648429718606408 1.0424084909444644
1.6483277772364933 1.042379364838483
1.6482258430560264 1.0423502407871872
1.6481239160650072 1.0423211187896535
1.6480219962614147 1.0422919988457569
1.6479200836457537 1.0422628809553725
1.6478181782154981 1.0422337651183757
1.647716279970648 1.0422046513338428
1.6476143889091823 1.0421755396024477
1.647512505030596 1.0421464299224683
1.6474106283343841 1.0421173222953775
1.647308758819031 1.042088216719453
1.6472068964850421 1.042059113195369
1.647105041328376 1.042030011722202
1.6470031933500435 1.042000912299828
1.6469013525490344 1.0419718149273234
1.6467995189238334 1.041942719606161
1.6466976924744414 1.0419136263346191
1.6465958731998485 1.0418845351125734
1.6464940610970233 1.0418554459398994
1.646392256165967 1.041826358816473
1.646290458406175 1.0417972737429682
1.6461886678161324 1.0417681907176637
1.6460868843953347 1.0417391097404352
1.6459851081412562 1.0417100308111584
1.645883339054909 1.041680953928911
1.6457815771357889 1.041651879094367
1.645679822380865 1.0416228063074022
1.6455780747896334 1.0415937355670943
1.6454763343620953 1.0415646668741176
1.645374601096231 1.0415356002267513
1.6452728749920418 1.0415065356256699
1.645171156047508 1.0414774730707492
1.645069444262631 1.041448412561067
1.6449677396353912 1.041419354095701
1.6448660421657904 1.041390297675326
1.6447643518518087 1.0413612432998178
1.6446626686934482 1.0413321909682545
1.6445609926891946 1.0413031406813105
1.644459323838039 1.041274092438064
1.6443576621379616 1.041245046238391
1.6442560075889647 1.0412160020821684
1.6441543601910509 1.0411869599684738
1.6440527199432116 1.0411579198979821
1.6439510868429217 1.0411288818689732
1.6438494608891725 1.0410998458821221
1.643747842081967 1.041070811937305
1.6436462304202966 1.0410417800336005
1.6435446259021418 1.041012750171683
1.6434430285285169 1.0409837223506313
1.6433414382953797 1.040954696570322
1.6432398552052618 1.0409256728306318
1.6431382792551323 1.040896651130639
1.6430367104439834 1.0408676314702205
1.642935148771818 1.0408386138492534
1.6428335942381342 1.0408095982676142
1.6427320468393958 1.0407805847251799
1.6426305065756062 1.0407515732218273
1.6425289734467687 1.0407225637566353
1.6424274474513703 1.0406935563286828
1.6423259285884029 1.040664550939443
1.6422244168568592 1.0406355475871967
1.6421229122552257 1.040606546272619
1.642021414781989 1.040577546994789
1.6419199244386704 1.040548549753584
1.6418184412222394 1.040519554548881
1.6417169651332062 1.0404905613805573
1.641615496169046 1.040461570247692
1.641514034329763 1.0404325811509605
1.6414125796138441 1.040403594089442
1.6413111320202824 1.040374609063014
1.6412096915485765 1.0403456260707555
1.6411082581977192 1.0403166451133425
1.6410068319656919 1.0402876661898541
1.640905412853511 1.040258689300168
1.6408040008586522 1.0402297144441615
1.6407025959801083 1.040200741621712
1.6406011982178845 1.0401717708326974
1.6404998075704682 1.0401428020761974
1.6403984240368525 1.0401138353520896
1.640297047615525 1.0400848706602515
1.640195678305479 1.040055908000561
1.6400943161057078 1.0400269473728958
1.6399929610167228 1.039997988776336
1.6398916130359995 1.0399690322099613
1.6397902721635438 1.0399400776752454
1.639688938398349 1.0399111251704705
1.6395876117383972 1.0398821746963123
1.639486292183694 1.039853226251851
1.639384979731209 1.0398242798369643
1.6392836743829722 1.0397953354523284
1.6391823761369655 1.0397663930970233
1.639081084992689 1.0397374527701295
1.6389798009476182 1.0397085144715252
1.6388785240012536 1.0396795782018862
1.6387772541536012 1.039650643959495
1.6386759914026432 1.039621711745028
1.6385747357483857 1.0395927815575652
1.6384734871888111 1.0395638533977831
1.6383722457239258 1.0395349272655598
1.638271011351712 1.0395060031591783
1.6381697840721763 1.0394770810793146
1.6380685638833008 1.0394481610258473
1.6379673507850923 1.0394192429970592
1.6378661447755332 1.0393903269944245
1.6377649458546302 1.039361413017024
1.637663754020872 1.0393325010639383
1.6375625692732532 1.039303591135844
1.6374613916107685 1.0392746832326194
1.637360221032919 1.039245777353346
1.6372590575386996 1.0392168734971043
1.6371579011271051 1.039187971664571
1.6370567517976369 1.0391590718564225
1.6369556095462523 1.0391301740709424
1.6368544743759965 1.0391012783080096
1.6367533462843458 1.0390723845675027
1.636652225269789 1.0390434928493009
1.6365511113313216 1.0390146031524852
1.6364500044694574 1.0389857154777324
1.636348904681673 1.0389568298241239
1.6362478119674702 1.0389279461915386
1.6361467263263503 1.038899064579856
1.636045647757309 1.0388701849881572
1.6359445762583293 1.0388413074171192
1.6358435118294194 1.0388124318658234
1.635742454469575 1.0387835583341491
1.6356414041767786 1.0387546868219757
1.6355403609510388 1.0387258173291822
1.6354393247908452 1.0386969498548506
1.6353382956972191 1.0386680843996576
1.6352372736676373 1.0386392209626854
1.6351362586995761 1.0386103595430156
1.6350352507925383 1.0385815001413254
1.6349342499480517 1.0385526427566967
1.6348332561635932 1.038523787389009
1.6347322694376525 1.0384949340381417
1.634631289769732 1.038466082704772
1.6345303171583214 1.0384372333871847
1.6344293516039368 1.0384083860860567
1.6343283931050676 1.0383795408004703
1.6342274416602038 1.0383506975311025
1.6341264972688485 1.0383218562754415
1.6340255599305047 1.0382930170357585
1.6339246296431555 1.038264179810339
1.6338237064052914 1.0382353445990626
1.6337227902174283 1.0382065114018093
1.6336218810775496 1.0381776802192562
1.6335209789851588 1.0381488510496888
1.6334200839397592 1.0381200238937842
1.633319195939841 1.0380911987514223
1.6332183149838944 1.038062375620889
1.6331174410719294 1.0380335545028616
1.6330165742029432 1.03800473539722
1.632915714375426 1.0379759183038442
1.6328148615873617 1.0379471032218173
1.6327140158402804 1.0379182901518167
1.6326131771316594 1.0378894790921285
1.632512345460496 1.0378606700434299
1.6324115208273071 1.037831863004804
1.6323107032290638 1.0378030579777253
1.6322098926672965 1.0377742549604803
1.6321090891379626 1.037745453952152
1.6320082926410728 1.037716654953418
1.631907503176638 1.037687857963362
1.6318067207431488 1.037659062982661
1.6317059453396032 1.0376302700103988
1.631605176966012 1.0376014790464556
1.6315044156198528 1.0375726900899154
1.631403661301137 1.0375439031414557
1.6313029140093687 1.037515118200957
1.6312021737425326 1.037486335267503
1.6311014405001332 1.0374575543409745
1.6310007142806615 1.0374287754212523
1.630899995085143 1.0373999985082172
1.6307992829095346 1.037371223600953
1.6306985777538479 1.0373424506993405
1.6305978796180947 1.0373136798040574
1.6304971885007664 1.037284910913391
1.6303965044013682 1.0372561440280192
1.630295827318898 1.0372273791470261
1.6301951572528617 1.0371986162710893
1.6300944942002293 1.0371698553992932
1.6299938381615204 1.037141096530722
1.6298931891342123 1.0371123396660535
1.6297925471203454 1.037083584805169
1.6296919121173972 1.0370548319471526
1.6295912841243665 1.0370260810918859
1.6294906631397448 1.0369973322392498
1.6293900491635447 1.0369685853891257
1.6292894421952722 1.036939840540598
1.629188842231391 1.0369110976935483
1.6290882492734347 1.0368823568478578
1.6289876633193883 1.0368536180042045
1.6288870843682508 1.0368248811608767
1.6287865124195282 1.0367961463185522
1.6286859474717124 1.036767413476316
1.6285853895243094 1.0367386826348464
1.6284848385778397 1.0367099537924314
1.62838429462826 1.0366812269497494
1.6282837576765978 1.036652502106682
1.6281832277213453 1.036623779262314
1.628082704762009 1.036595058417324
1.6279821887965737 1.0365663395700004
1.6278816798260678 1.0365376227210215
1.6277811778474618 1.036508907870269
1.6276806828602626 1.0364801950168283
1.6275801948629622 1.0364514841605812
1.6274797138565893 1.0364227753014095
1.6273792398386218 1.0363940684391952
1.6272787728090736 1.0363653635738201
1.6271783127664374 1.0363366607051663
1.627077859709713 1.0363079598315228
1.6269774136368857 1.0362792609543645
1.6268769745489844 1.0362505640719808
1.6267765424439944 1.03622186918505
1.6266761173209157 1.036193176292658
1.6265756991797626 1.036164485395483
1.6264752880190283 1.0361357964926112
1.6263748838377128 1.0361071095831282
1.6262744866343088 1.036078424668509
1.6261740964073095 1.036049741746247
1.626073713157744 1.036021060817817
1.6259733368835982 1.0359923818831014
1.6258729675838723 1.0359637049403898
1.625772605257567 1.0359350299903611
1.6256722499036822 1.0359063570321014
1.6255719015222334 1.0358776860662895
1.6254715601112064 1.0358490170920116
1.6253712256701092 1.0358203501091503
1.62527089819642 1.0357916851175881
1.6251705776921839 1.0357630221164114
1.6250702641553871 1.0357343611055028
1.624969957584523 1.0357057020847449
1.6248696579780846 1.0356770450540205
1.6247693653355804 1.0356483900132123
1.6246690796565186 1.035619736962203
1.6245688009399002 1.0355910859000794
1.6244685291832037 1.0355624368267242
1.6243682643874602 1.0355337897420203
1.6242680065511632 1.0355051446458505
1.6241677556738214 1.0354765015380978
1.6240675117539285 1.035447860417849
1.6239672747899783 1.035419221284987
1.623867044783002 1.035390584139395
1.6237668217299708 1.035361948981752
1.6236666056303937 1.035333315811145
1.6235663964837794 1.0353046846266611
1.6234661942886222 1.0352760554281835
1.6233659990439233 1.0352474282155952
1.6232658107486844 1.0352188029879836
1.6231656294024144 1.035190179746028
1.6230654550046226 1.0351615584888152
1.622965287554311 1.0351329392178208
1.6228651270494658 1.0351043219305402
1.6227649734906118 1.0350757066276528
1.6226648268752277 1.0350470933090419
1.6225646872028232 1.035018481974591
1.622464554474431 1.0349898726233873
1.6223644286860068 1.0349612652545188
1.6222643098380758 1.0349326598694606
1.6221641979296397 1.0349040564673004
1.622064092959701 1.034875455047126
1.621963994926754 1.0348468556088208
1.6218639038303082 1.0348182581530647
1.6217638196703819 1.0347896626789452
1.6216637424449614 1.0347610691855502
1.6215636721530493 1.0347324776735594
1.6214636087946634 1.0347038881428563
1.621363552367283 1.0346753005917335
1.6212635028719413 1.034646715021666
1.6211634603066256 1.0346181314317422
1.6210634246703384 1.0345895498218458
1.6209633959630978 1.0345609701910652
1.620863374182383 1.0345323925400798
1.6207633593277047 1.0345038168663867
1.6206633513980653 1.0344752431714612
1.6205633503934833 1.034446671455983
1.6204633563119462 1.0344181017190406
1.6203633691519483 1.0343895339589266
1.6202633889155404 1.0343609681771169
1.620163415599186 1.034332404371904
1.6200634492023958 1.0343038425439677
1.6199634897236648 1.0342752826931925
1.619863537161996 1.0342467248186669
1.6197635915184245 1.0342181689202752
1.6196636527904298 1.0341896149986973
1.6195637209775227 1.0341610630522264
1.6194637960797227 1.0341325130815426
1.6193638780940012 1.0341039650857347
1.6192639670208853 1.034075419064687
1.6191640628578545 1.0340468750182843
1.6190641656069604 1.034018332946411
1.6189642752636504 1.033989792848156
1.6188643918299759 1.0339612547241996
1.6187645153039247 1.0339327185744263
1.6186646456839924 1.033904184397925
1.6185647829691825 1.0338756521937855
1.6184649271595148 1.0338471219626875
1.618365078252469 1.0338185937037205
1.618265236249589 1.0337900674175646
1.6181654011478466 1.0337615431025138
1.6180655729472617 1.0337330207592483
1.6179657516478547 1.033704500387653
1.617865937246597 1.033675981987613
1.617766129743509 1.0336474655582173
1.6176663291381028 1.0336189510993514
1.6175665354283661 1.0335904386109
1.617466748612795 1.0335619280927484
1.6173669686934427 1.033533419543986
1.6172671956667724 1.033504912964498
1.6171674295333132 1.0334764083549648
1.6170676702925777 1.0334479057144763
1.6169679179415375 1.0334194050429177
1.6168681724802132 1.0333909063401743
1.6167684339071011 1.0333624096053358
1.6166687022222224 1.0333339148382876
1.616568977424073 1.033305422038915
1.6164692595116579 1.0332769312071033
1.6163695484839813 1.0332484423419426
1.6162698443410648 1.0332199554441135
1.6161701470814047 1.0331914705135017
1.6160704567045143 1.0331629875484019
1.6159707732083815 1.033134506549495
1.6158710965925196 1.0331060275166664
1.615771426855425 1.0330775504498015
1.615671763997628 1.033049075347196
1.6155721080171166 1.0330206022095303
1.6154724589134044 1.0329921310366903
1.6153728166854964 1.0329636618293565
1.615273181332906 1.0329351945850296
1.6151735528541302 1.0329067293051852
1.615073931248174 1.0328782659889142
1.6149743165135346 1.0328498046361023
1.6148747086502337 1.0328213452466353
1.614775107657277 1.0327928878203991
1.614675513534178 1.0327644323564846
1.614575926278417 1.0327359788547776
1.6144763458910332 1.0327075273159592
1.6143767723689981 1.0326790777383252
1.6142772057123345 1.0326506301225569
1.6141776459215733 1.032622184467745
1.614078092994195 1.0325937407737757
1.6139785469297134 1.0325652990405352
1.6138790077256087 1.0325368592679096
1.6137794753829209 1.032508421455785
1.6136799499006558 1.0324799856040474
1.6135804312778192 1.0324515517109936
1.6134809195124 1.0324231197773046
1.6133814146039127 1.0323946898036616
1.6132819165523804 1.0323662617891558
1.6131824253568092 1.032337835732879
1.6130829410146792 1.0323094116355123
1.6129834635255051 1.0322809894953524
1.6128839928893106 1.0322525693138753
1.6127845291040843 1.0322241510893782
1.61268507216985 1.032195734822542
1.61258562208714 1.0321673205132533
1.6124861788519085 1.032138908160604
1.6123867424641791 1.0321104977644808
1.6122873129234672 1.03208208932477
1.6121878902292877 1.0320536828405638
1.6120884743801385 1.0320252783125434
1.6119890653755349 1.0319968757398008
1.6118896632139745 1.031968475122223
1.6117902678949731 1.0319400764596964
1.6116908794170284 1.031911679752108
1.6115914977801646 1.03188328499855
1.611492122982371 1.0318548921997037
1.6113927550231633 1.031826501353867
1.6112933939020566 1.031798112462516
1.6111940396185673 1.0317697255239482
1.6110946921696667 1.0317413405388454
1.6109953515558881 1.0317129575063
1.6108960177762388 1.031684576426199
1.6107966908297255 1.0316561972984295
1.6106973707153556 1.0316278201228786
1.610598057432645 1.0315994448994334
1.610498750980601 1.0315710716271866
1.6103994513582307 1.0315427003068198
1.6103001585635237 1.0315143309366313
1.6102008725970138 1.0314859635180973
1.6101015934571998 1.0314575980495162
1.6100023211430887 1.0314292345307752
1.6099030556531793 1.0314008729625561
1.6098037969880057 1.031372513343952
1.6097045451455576 1.03134415567485
1.6096053001258606 1.0313157999543432
1.6095060619269042 1.0312874461831136
1.609406830547187 1.0312590943602544
1.6093076059877525 1.0312307444864472
1.6092083882470998 1.031202396559991
1.6091091773237276 1.0311740505823621
1.6090099732171526 1.0311457065518594
1.6089107759258736 1.0311173644683707
1.6088115854499168 1.0310890243317832
1.6087124017872718 1.031060686141985
1.6086132249374558 1.0310323498996583
1.608514054899986 1.0310040156031017
1.6084148916743792 1.0309756832529977
1.6083157352581166 1.0309473528484399
1.6082165856512243 1.0309190243893158
1.6081174428522014 1.0308906978755137
1.6080183068605651 1.030862373306921
1.6079191776753239 1.030834050682632
1.6078200552959951 1.0308057300025342
1.6077209397210779 1.0307774112665158
1.60762183095009 1.030749094475259
1.6075227289810212 1.0307207796270637
1.6074236338154262 1.030692466722612
1.6073245454502767 1.030664155760998
1.6072254638855996 1.0306358467429038
1.6071263891198944 1.0306075396666292
1.6070273211526787 1.0305792345328568
1.6069282599829615 1.0305509313406807
1.6068292056092421 1.030522630090783
1.6067301580310385 1.0304943307822583
1.606631117247869 1.0304660334149947
1.606532083257214 1.0304377379896748
1.606433056059611 1.0304094445045988
1.606334035655087 1.0303811529604492
1.6062350220411235 1.0303528633563204
1.606136015216729 1.0303245756921007
1.6060370151829504 1.0302962899676789
1.6059380219362498 1.0302680061829435
1.6058390354771643 1.0302397243369887
1.6057400558036845 1.0302114444304977
1.6056410829163477 1.0301831664625647
1.6055421168136537 1.0301548904338726
1.605443157493593 1.030126616343516
1.605344204957722 1.0300983441905898
1.6052452592030124 1.0300700739749824
1.605146320228983 1.030041805697377
1.6050473880346434 1.0300135393560743
1.604948462619003 1.029985274951757
1.604849543983109 1.0299570124843143
1.6047506321239333 1.0299287519528406
1.604651727040995 1.0299004933580194
1.6045528287327941 1.0298722366989455
1.604453937199869 1.0298439819755076
1.6043550524412293 1.0298157291868013
1.604256174454866 1.0297874783335095
1.604157303241827 1.0297592294155211
1.6040584387980648 1.0297309824319314
1.6039595811241176 1.0297027373826295
1.603860730220015 1.029674494267505
1.6037618860837475 1.0296462530856527
1.6036630487153445 1.029618013837756
1.6035642181133065 1.0295897765229103
1.6034653942776629 1.0295615411410048
1.6033665772064045 1.0295333076919289
1.6032677668975222 1.0295050761747782
1.603168963350026 1.0294768465910296
1.6030701665659841 1.0294486189381913
1.602971376542878 1.0294203932177401
1.6028725932802277 1.0293921694279782
1.6027738167770436 1.0293639475695888
1.6026750470313167 1.0293357276424613
1.6025762840430768 1.0293075096456916
1.6024775278108248 1.0292792935791695
1.6023787783351002 1.0292510794427845
1.6022800356128748 1.029222867236426
1.6021812996451983 1.029194656960778
1.602082570429042 1.0291664486141423
1.6019838479674953 1.0291382421964088
1.6018851322554903 1.0291100377074673
1.6017864232930574 1.0290818351472077
1.601687721080737 1.029053634514726
1.60158902561754 1.029025435810706
1.6014903369004378 1.028997239034244
1.6013916549294611 1.0289690441852295
1.6012929797041306 1.0289408512643463
1.6011943112229474 1.0289126602698973
1.6010956494859425 1.0288844712025658
1.6009969944926368 1.0288562840614486
1.6008983462410216 1.0288280988464356
1.600799704731638 1.028799915557417
1.6007010699609474 1.0287717341934894
1.600602441930001 1.02874355475613
1.6005038206367899 1.0287153772444355
1.6004052060803253 1.0286872016575026
1.6003065982616589 1.028659027994428
1.600207997178272 1.0286308562558957
1.6001094028296858 1.0286026864417956
1.6000108152154222 1.0285745185520183
1.5999122343339824 1.028546352586454
1.5998136601838682 1.0285181885441999
1.5997150927646009 1.0284900264243528
1.599616532075702 1.0284618662275968
1.599517978117204 1.0284337079538222
1.5994194308876082 1.0284055516021262
1.599320890384906 1.0283773971731927
1.59922235660913 1.0283492446661189
1.599123829558271 1.028321094080002
1.5990253092323616 1.028292945415526
1.5989267956309239 1.0282647986725817
1.5988282887514391 1.0282366538502663
1.59872978859547 1.0282085109484707
1.5986312951604984 1.0281803699670855
1.5985328084460464 1.0281522309060014
1.598434328450616 1.0281240937651093
1.5983358551737292 1.0280959585427136
1.5982373886143986 1.0280678252402917
1.598138928771636 1.0280396938569412
1.5980404756454747 1.0280115643925527
1.5979420292333957 1.0279834368470175
1.5978435895364527 1.0279553112186401
1.5977451565526373 1.0279271875096911
1.5976467302814725 1.027899065717682
1.5975483107214603 1.027870945843297
1.5974498978721234 1.0278428278864273
1.5973514917319642 1.0278147118461707
1.5972530923005055 1.0277865977232115
1.5971546995762496 1.027758485516648
1.5970563135592297 1.0277303752263711
1.5969579342484586 1.0277022668522722
1.5968595616424386 1.0276741603934494
1.5967611957406929 1.0276460558505873
1.5966628365427444 1.027617953222784
1.5965644840470958 1.027589852509931
1.59646613825276 1.0275617537111263
1.5963677991597707 1.0275336568270546
1.59626946676612 1.0275055618576072
1.596171141072352 1.0274774688026758
1.5960728220759488 1.0274493776613587
1.5959745097764337 1.0274212884327545
1.5958762041733303 1.0273932011175477
1.5957779052646306 1.02736511571563
1.59567961305139 1.0273370322261
1.5955813275316004 1.0273089506488493
1.595483048704786 1.0272808709837695
1.5953847765689386 1.0272527932307525
1.5952865111246035 1.02722471738969
1.5951882523697727 1.0271966434596809
1.5950900003044808 1.0271685714406167
1.59499175492672 1.0271405013331822
1.5948935162349935 1.0271124331356838
1.5947952842308675 1.0270843668488059
1.5946970589123344 1.0270563024724406
1.5945988402789184 1.027028240005687
1.5945006283275907 1.027000179448437
1.5944024230604286 1.0269721208013753
1.5943042244764458 1.0269440640628085
1.5942060325726137 1.0269160092334213
1.5941078473484567 1.026887956312313
1.5940096688034993 1.0268599053001686
1.5939114969372659 1.0268318561952945
1.5938133317482597 1.0268038089983758
1.5937151732360053 1.0267757637093047
1.5936170213995167 1.0267477203271806
1.5935188762378079 1.0267196788526887
1.593420737749893 1.0266916392849281
1.593322605934786 1.0266636016229989
1.5932244807925227 1.0266355658675856
1.5931263623216063 1.026607532018581
1.5930282505210511 1.0265795000758775
1.5929301453903821 1.0265514700385747
1.592832046928103 1.026523441906565
1.5927339551337385 1.026495415679741
1.5926358700057923 1.0264673913572024
1.5925377915437897 1.026439368938842
1.5924397197472557 1.026411348425345
1.5923416546131617 1.0263833298158112
1.592243596143076 1.026355313110133
1.5921455443349917 1.0263272983082035
1.592047499188434 1.0262992854091226
1.5919494607034395 1.0262712744135756
1.5918514288785117 1.0262432653206628
1.5917534037116439 1.0262152581302768
1.5916553852038942 1.0261872528423104
1.5915573733522337 1.026159249455864
1.5914593681566989 1.026131247971623
1.5913613696173265 1.02610324838948
1.59126337773211 1.0260752507085358
1.5911653925000635 1.0260472549278905
1.5910674139212244 1.0260192610482297
1.5909694419940967 1.0259912690686541
1.5908714767176952 1.025963278989849
1.590773518091035 1.025935290810915
1.590675566113642 1.0259073045317453
1.5905776207850426 1.025879320152233
1.5904796821052742 1.0258513376714786
1.5903817500692634 1.0258233570901678
1.5902838246806248 1.0257953784074014
1.5901859059363295 1.0257674016230727
1.590087993835393 1.025739426737075
1.5899900883778524 1.0257114537493015
1.58989218956119 1.025683482658853
1.5897942973869768 1.0256555134664154
1.5896964118542283 1.0256275461710898
1.5895985329604265 1.0255995807727694
1.5895006607040758 1.0255716172713476
1.5894027950852139 1.0255436556659256
1.5893049361038787 1.0255156959571894
1.5892070837575525 1.0254877381442398
1.5891092380472955 1.0254597822269707
1.5890113989711012 1.0254318282052755
1.588913566529008 1.0254038760790478
1.5888157407190087 1.0253759258481812
1.588717921541142 1.025347977510985
1.5886201089923786 1.0253200310689372
1.5885223030737792 1.0252920865203472
1.5884245037853826 1.025264143865901
1.588326711123648 1.025236203105492
1.5882289250901482 1.025208264238222
1.5881311456823652 1.0251803272639852
1.5880333728998264 1.025152392183467
1.5879356067410362 1.0251244589957695
1.5878378472060337 1.0250965276999944
1.5877400942943463 1.0250685982960357
1.5876423480044788 1.0250406707853714
1.587544608335959 1.0250127451655193
1.5874468752878033 1.0249848214371655
1.5873491488590277 1.0249568996009961
1.5872514290476258 1.024928979655321
1.5871537158541482 1.0249010616000342
1.587056009276077 1.0248731454350302
1.5869583093144743 1.0248452311602028
1.5868606159688683 1.0248173187762384
1.5867629292367411 1.024789408281447
1.5866652491171092 1.024761499675723
1.5865675756105235 1.0247335929597527
1.5864699087149778 1.0247056881326384
1.5863722484300002 1.0246777851942743
1.5862745947551191 1.0246498841445548
1.586176947688328 1.0246219849825824
1.5860793072291552 1.0245940877090434
1.5859816733761058 1.0245661923222482
1.5858840461307546 1.0245382988236753
1.5857864254900722 1.0245104072116356
1.585688811453587 1.024482517486815
1.585591204020316 1.0244546296491086
1.585493603190811 1.0244267436976187
1.5853960089620422 1.02439885963224
1.5852984213350738 1.024370977452867
1.5852008403078992 1.0243430971593948
1.585103265879024 1.0243152187509257
1.585005698049512 1.0242873422281467
1.584908136817357 1.0242594675901604
1.584810582182088 1.0242315948376535
1.584713034141187 1.0242037239689372
1.5846154926967417 1.0241758549846982
1.584517957844699 1.0241479878840396
1.5844204295861233 1.024120122667648
1.5843229079205434 1.0240922593338346
1.5842253928439067 1.024064397884078
1.5841278843593243 1.0240365383174814
1.5840303824642785 1.024008680633148
1.5839328871572753 1.0239808248317648
1.5838353984383555 1.0239529709116433
1.5837379163070489 1.0239251188734702
1.583640440761861 1.0238972687171406
1.5835429718012979 1.0238694204425498
1.583445509424889 1.0238415740495928
1.5833480536326756 1.0238137295373733
1.5832506044216283 1.0237858869057863
1.5831531617928123 1.0237580461547273
1.5830557257452453 1.0237302072840913
1.5829582962779454 1.0237023702937738
1.5828608733883947 1.0236745351828784
1.5827634570771467 1.0236467019513005
1.5826660473442433 1.0236188705997271
1.5825686441866549 1.0235910411264706
1.5824712476059593 1.0235632135322177
1.5823738575996384 1.023535387816864
1.5822764741677346 1.0235075639795135
1.5821790973092662 1.0234797420200616
1.5820817270227392 1.0234519219384042
1.5819843633076838 1.023424103733645
1.5818870061641424 1.023396287406471
1.581789655588573 1.0233684729559869
1.5816923115815305 1.0233406603828794
1.5815949741430566 1.0233128496854613
1.581497643271146 1.0232850408652112
1.5814003189658414 1.0232572339204422
1.581303001225649 1.0232294288518413
1.5812056900495872 1.0232016256585128
1.5811083854366748 1.0231738243403528
1.581011087386442 1.0231460248972568
1.5809137958984198 1.023118227329121
1.5808165109721393 1.0230904316358413
1.5807192326055943 1.0230626378165222
1.580621960797804 1.0230348458710594
1.580524695548299 1.0230070558001405
1.580427436855586 1.0229792676028702
1.5803301847202202 1.0229514812783531
1.5802329391407084 1.0229236968272766
1.5801357001155572 1.0228959142487455
1.5800384676448098 1.022868133542656
1.5799412417269731 1.0228403547089042
1.5798440223620906 1.0228125777473864
1.5797468095481568 1.0227848026579986
1.5796496032847027 1.022757029439846
1.5795524035717723 1.022729258093616
1.5794552104073598 1.0227014886176224
1.5793580237899723 1.022673721012553
1.579260843720678 1.0226459552775125
1.5791636701974718 1.0226181914139798
1.579066503219885 1.022590429420269
1.5789693427874492 1.0225626692962766
1.5788721888976467 1.022534911041899
1.5787750415505217 1.0225071546570328
1.5786779007450933 1.022479400140783
1.5785807664808933 1.0224516474938377
1.5784836387569414 1.0224238967160932
1.5783865175727692 1.022396147805864
1.578289402926884 1.0223684007646288
1.5781922948188176 1.022340655590702
1.5780951932475897 1.0223129122847716
1.5779980982117074 1.022285170845943
1.5779010097112152 1.0222574312741133
1.5778039277451328 1.02222969356997
1.5777068523129925 1.0222019577326187
1.5776097834122764 1.0221742237611655
1.5775127210440545 1.0221464916562981
1.577415665205809 1.0221187614171223
1.5773186158991221 1.022091033043535
1.577221573120964 1.0220633065354334
1.5771245368703541 1.0220355818927143
1.5770275071468252 1.0220078591144834
1.5769304839504223 1.021980138201429
1.5768334672786277 1.0219524191526572
1.576736457131999 1.0219247019680648
1.5766394535100692 1.0218969866475491
1.5765424564113457 1.021869273191007
1.5764454658343359 1.021841561597545
1.5763484817790854 1.0218138518670599
1.576251504243589 1.0217861439994491
1.5761545332278921 1.0217584379946099
1.576057568731528 1.0217307338524395
1.575960610752491 1.021703031572835
1.5758636592913402 1.0216753311549032
1.5757667143455576 1.021647632598541
1.5756697759151888 1.0216199359044371
1.5755728439992545 1.0215922410716975
1.5754759185967748 1.0215645480994293
1.575378999707796 1.0215368569883203
1.575282087330826 1.0215091677374775
1.575185181464885 1.021481480347589
1.5750882821089938 1.0214537948177613
1.5749913892626857 1.0214261111471017
1.5748945029244688 1.0213984293362983
1.574797623094902 1.0213707493852486
1.5747007497704417 1.0213430712922689
1.574603882953186 1.0213153950588383
1.5745070226406173 1.0212877206840636
1.5744101688317558 1.0212600481678427
1.5743133215266485 1.0212323775092824
1.574216480724829 1.0212047087082807
1.5741196464242924 1.0211770417647354
1.5740228186255987 1.021149376679335
1.573925997325204 1.0211217134503956
1.573829182524694 1.0210940520793967
1.5737323742225768 1.0210663925638643
1.5736355724178734 1.0210387349052776
1.573538777109605 1.0210110791027438
1.5734419882967927 1.0209834251569516
1.5733452059799966 1.0209557730654273
1.573248430157212 1.0209281228304403
1.5731516608274603 1.0209004744503078
1.5730548979892494 1.020872827924928
1.5729581416431397 1.0208451832541987
1.5728613917871266 1.0208175404380182
1.5727646484212574 1.0207898994762847
1.5726679115450666 1.020762260368106
1.5725711811555234 1.0207346231141703
1.5724744572531886 1.0207069877135857
1.5723777398381096 1.020679354167041
1.5722810289082818 1.0206517224728535
1.5721843244632399 1.020624092631712
1.5720876265020054 1.0205964646427244
1.5719909350236 1.0205688385065794
1.571894250028072 1.020541214222385
1.571797571512903 1.0205135917892494
1.5717008994801938 1.0204859712086516
1.5716042339253742 1.0204583524789095
1.5715075748495186 1.0204307355999216
1.5714109222516488 1.0204031205723767
1.5713142761302734 1.0203755073945926
1.5712176364854407 1.0203478960672583
1.5711210033166858 1.0203202865902725
1.5710243766214909 1.0202926789635338
1.5709277564014443 1.0202650731853602
1.5708311426524884 1.020237469257231
1.570734535375698 1.0202098671782545
1.5706379345711223 1.0201822669483296
1.5705413402357298 1.0201546685665648
1.5704447523711091 1.0201270720336493
1.570348170975256 1.0200994773486913
1.570251596046166 1.0200718845123804
1.5701550275844012 1.0200442935238248
1.5700584655884706 1.0200167043821333
1.5699619100573963 1.0199891170879951
1.5698653609912274 1.019961531640519
1.5697688183889864 1.019933948039604
1.5696722822491822 1.0199063662851489
1.5695757525703236 1.0198787863770529
1.56947922935246 1.0198512083152151
1.5693827125956405 1.0198236320987444
1.569286202297861 1.01979605772833
1.5691896984586575 1.019768485203081
1.5690932010765388 1.0197409145221064
1.5689967101515545 1.0197133456868857
1.568900225682214 1.0196857786957376
1.5688037476685666 1.019658213549352
1.5687072761080945 1.0196306502468375
1.568610811001361 1.0196030887880938
1.5685143523468754 1.0195755291722302
1.568417900145201 1.0195479713999358
1.56832145439382 1.0195204154711102
1.5682250150938093 1.0194928613848626
1.568128582243165 1.0194653091410926
1.568032155839369 1.0194377587404897
1.567935735881958 1.0194102101821634
1.5678393223735496 1.019382663465223
1.5677429153100857 1.0193551185895682
1.5676465146916163 1.0193275755558886
1.5675501205181919 1.0193000343625038
1.5674537327872944 1.0192724950108933
1.567357351497947 1.0192449575001667
1.567260976652255 1.0192174218294339
1.5671646082461592 1.0191898879993844
1.5670682462802241 1.019162356009128
1.566971890752959 1.0191348258585649
1.566875541664415 1.0191072975475943
1.566779199013101 1.0190797710761164
1.5666828627985547 1.0190522464440308
1.566586533019799 1.0190247236496577
1.566490209674316 1.0189972026944767
1.5663938927647258 1.0189696835768078
1.566297582286969 1.0189421662973412
1.5662012782441792 1.0189146508559765
1.5661049806322975 1.0188871372526138
1.5660086894503473 1.0188596254863633
1.5659124046983797 1.0188321155571252
1.5658161263743906 1.0188046074647994
1.5657198544804867 1.018777101209286
1.5656235890131225 1.0187495967896956
1.5655273299718353 1.0187220942067177
1.5654310773561628 1.0186945934602527
1.5653348311661566 1.0186670945486214
1.5652385914003264 1.0186395974725135
1.5651423580571822 1.0186121022318295
1.5650461311362618 1.0185846088256798
1.5649499106371028 1.0185571172547545
1.5648536965587292 1.0185296275181641
1.564757488900165 1.0185021396158092
1.56466128765992 1.0184746535468003
1.5645650928385602 1.0184471693118275
1.5644689044345956 1.0184196869107913
1.5643727224470503 1.0183922063428026
1.5642765468754625 1.0183647276085512
1.564180377718856 1.0183372507063588
1.5640842149762553 1.0183097756369153
1.5639880586477124 1.0182823023993317
1.5638919087307095 1.0182548309942983
1.5637957652252987 1.0182273614209258
1.5636996281310185 1.0181998936791152
1.5636034974453508 1.0181724277695565
1.5635073731693763 1.0181449636905715
1.563411255301091 1.0181175014428503
1.563315143841062 1.018090041025504
1.5632190387862568 1.0180625824384337
1.5631229401377564 1.0180351256815399
1.563026847893043 1.018007670753934
1.5629307620531974 1.017980217657096
1.5628346826167303 1.0179527663893477
1.562738609582666 1.0179253169513796
1.562642542949001 1.0178978693423029
1.5625464827173303 1.0178704235620186
1.5624504288846222 1.0178429796096384
1.5623543814524723 1.0178155374858526
1.5622583404173342 1.0177880971905624
1.5621623057802896 1.01776065872209
1.5620662775393348 1.017733222081915
1.5619702556934945 1.0177057872691495
1.5618742402443648 1.017678354282905
1.561778231187885 1.0176509231246615
1.5616822285256513 1.0176234937927415
1.56158623225566 1.0175960662862569
1.5614902423769361 1.0175686406066875
1.5613942588890188 1.0175412167523559
1.5612982817904189 1.0175137947239528
1.56120231108119 1.0174863745205902
1.5611063467598425 1.0174589561429588
1.5610103888259161 1.0174315395901705
1.5609144372784358 1.017404124862916
1.5608184921169412 1.0173767119603074
1.5607225533404574 1.0173493008814571
1.560626620947495 1.0173218916270557
1.5605306949381084 1.0172944841954261
1.5604347753113226 1.0172670785880487
1.560338862067192 1.0172396748032462
1.5602429552031984 1.0172122728424986
1.560147054719396 1.0171848727041293
1.5600511606137815 1.017157474388829
1.5599552728879524 1.017130077894921
1.5598593915388763 1.0171026832230963
1.5597635165655785 1.0170752903740454
1.5596676479681135 1.017047899346092
1.5595717857465359 1.017020510139927
1.5594759298993568 1.016993122754663
1.559380080425087 1.0169657371902017
1.5592842373227522 1.0169383534464451
1.559188400592407 1.016910971523295
1.5590925702330773 1.016883591420653
1.5589967462432741 1.0168562131376326
1.5589009286225375 1.0168288366749243
1.5588051173714372 1.016801462031641
1.5587093124874554 1.0167740892076849
1.5586135139711614 1.0167467182029577
1.5585177218200374 1.0167193490173616
1.5584219360336236 1.0166919816492208
1.5583261566114606 1.016664616099226
1.5582303835536038 1.0166372523688578
1.558134616857535 1.01660989045644
1.5580388565238241 1.0165825303602969
1.557943102550468 1.0165551720819086
1.5578473549370069 1.0165278156203883
1.5577516136834968 1.0165004609764274
1.5576558787884487 1.0164731081491392
1.5575601502514038 1.0164457571384258
1.5574644280708732 1.0164184079434007
1.557368712246398 1.016391060564755
1.557273002777004 1.0163637150023912
1.5571772996622328 1.0163363712554228
1.5570816029000805 1.0163090293237522
1.5569859124911178 1.016281689207282
1.5568902284343713 1.0162543509051254
1.5567945507283523 1.0162270144179741
1.556698879372602 1.0161996797449417
1.5566032143671769 1.0161723468859307
1.5565075557090433 1.0161450158408438
1.5564119033998025 1.0161176866095833
1.556316257437451 1.0160903591912633
1.55622061782153 1.0160630335865752
1.5561249845505516 1.0160357097946329
1.556029357624057 1.016008387815339
1.5559337370410726 1.015981067649385
1.5558381228011402 1.015953749295096
1.5557425149032862 1.0159264327523752
1.5556469133455073 1.015899118021125
1.5555513181299203 1.015871805102037
1.5554557292534918 1.0158444939942255
1.5553601467157638 1.015817184698382
1.5552645705147325 1.0157898772128318
1.55516900065097 1.0157625715382668
1.5550734371250483 1.0157352676738012
1.5549778799344494 1.015707965619338
1.554882329079745 1.01568066537478
1.5547867845584171 1.015653366939242
1.5546912463694924 1.0156260703134152
1.5545957145140583 1.015598775497203
1.5545001889890815 1.0155714824897197
1.554404669794619 1.0155441912916572
1.5543091569296978 1.0155169019013413
1.554213650393345 1.0154896143202523
1.5541181501861334 1.015462328547505
1.5540226563055444 1.0154350445822142
1.553927168752666 1.0154077624234943
1.553831687523949 1.0153804820728258
1.5537362126220278 1.0153532035285349
1.553640744043353 1.0153259267913135
1.5535452817879825 1.015298651861065
1.5534498258559741 1.0152713787376926
1.5533543762448092 1.0152441074203111
1.5532589329535151 1.0152168379088242
1.553163495982665 1.0151895702023468
1.5530680653307711 1.015162304301571
1.552972640997376 1.0151350402064
1.5528772229815073 1.0151077779167377
1.5527818112827076 1.0150805174309103
1.5526864059015508 1.0150532587503986
1.5525910068339719 1.0150260018743178
1.5524956140800292 1.0149987468025712
1.5524002276402966 1.014971493533486
1.5523048475127708 1.0149442420685424
1.5522094736969947 1.014916992406856
1.552114106193027 1.0148897445491185
1.5520187449988645 1.0148624984936574
1.5519233901140503 1.0148352542411645
1.5518280415376122 1.0148080117907554
1.5517326992690932 1.014780771142334
1.5516373633085523 1.014753532295804
1.551542033652955 1.0147262952510692
1.5514467103044227 1.0146990600080337
1.5513513932594054 1.0146718265666013
1.5512560825174464 1.014644594926676
1.551160778079636 1.0146173650873735
1.5510654799429395 1.014590137048598
1.5509701881084477 1.0145629108102532
1.550874902574157 1.0145356863722435
1.550779623340127 1.0145084637336843
1.5506843504043544 1.01448124289448
1.5505890837653513 1.014454023855323
1.5504938234247243 1.0144268066153292
1.5503985693799545 1.0143995911736146
1.5503033216311013 1.0143723775308715
1.5502080801782243 1.0143451656870042
1.5501128450188046 1.0143179556419168
1.5500176161523862 1.0142907473939373
1.549922393578513 1.0142635409437584
1.549827177296729 1.014236336291284
1.5497319673060626 1.014209133436419
1.5496367636034791 1.0141819323790673
1.5495415661916172 1.0141547331183454
1.549446375067442 1.0141275356541577
1.549351190230498 1.0141003399864086
1.5492560116808447 1.0140731461142145
1.5491608394164793 1.014045954038268
1.549065673437462 1.0140187637584739
1.548970513742305 1.0139915752747364
1.5488753603305534 1.013964388586172
1.548780213201751 1.0139372036926855
1.5486850723544108 1.0139100205941813
1.548589937788593 1.0138828392889885
1.5484948095028104 1.0138556597785873
1.5483996874960917 1.0138284820620946
1.5483045717690131 1.0138013061402031
1.548209462319572 1.0137741320120295
1.5481143591478286 1.0137469596774786
1.5480192622517799 1.0137197891356673
1.5479241716309706 1.0136926203865004
1.5478290872849456 1.0136654534306708
1.5477340092122178 1.0136382882672952
1.5476389374118158 1.0136111248962787
1.5475438718838006 1.013583963317526
1.547448812628233 1.0135568035301545
1.5473537596431104 1.0135296455348568
1.5472587129279773 1.01350248933075
1.5471636724797988 1.0134753349169514
1.547068638302248 1.0134481822949417
1.5469736103912581 1.0134210314630503
1.546878588746374 1.01339388242197
1.546783573367657 1.013366735171606
1.5466885642546522 1.013339589710288
1.5465935614053568 1.0133124460394964
1.546498564819316 1.0132853041575611
1.5464035744960751 1.0132581640643872
1.5463085904346634 1.0132310257614554
1.5462136126341102 1.0132038892470956
1.5461186410934447 1.0131767545212131
1.546023675811696 1.0131496215837132
1.54592871678841 1.013122490434501
1.5458337640231317 1.0130953610726945
1.545738817514891 1.0130682334989867
1.5456438772632333 1.0130411077124952
1.5455489432656393 1.0130139837131256
1.5454540155237197 1.012986861500783
1.5453590940359878 1.0129597410745856
1.5452641788004406 1.012932622436014
1.545169269816624 1.0129055055833984
1.5450743670851161 1.0128783905166445
1.544979470603398 1.0128512772364455
1.5448845803715314 1.0128241657419195
1.54478969638803 1.012797056032972
1.544694818652956 1.012769948108721
1.5445999471653393 1.012742841969072
1.5445050819247257 1.012715737614719
1.5444102229311778 1.0126886350439916
1.5443153701806271 1.012661534257584
1.5442205236746853 1.0126344352554015
1.5441256834118657 1.01260733803735
1.5440308493922312 1.0125802426033352
1.5439360216137787 1.0125531489524757
1.5438412000765709 1.0125260570846772
1.5437463847801542 1.0124989669998457
1.5436515757220093 1.012471878697887
1.5435567729016821 1.0124447921779196
1.543461976319236 1.0124177074406369
1.5433671859737008 1.0123906244843701
1.5432724018651396 1.0123635433106
1.5431776239910329 1.0123364639184453
1.5430828523519604 1.0123093863070247
1.542988086946952 1.0122823104770315
1.5428933277745218 1.0122552364275845
1.5427985748336994 1.01222816415859
1.5427038281245482 1.012201093669954
1.5426090876460987 1.0121740249615825
1.5425143533978976 1.012146958033382
1.5424196253779416 1.0121198928852586
1.5423249035852613 1.0120928295163314
1.5422301880209535 1.0120657679265066
1.5421354786835317 1.0120387081156905
1.5420407755720267 1.0120116500837895
1.5419460786834018 1.0119845938307097
1.5418513880203042 1.0119575393555704
1.5417567035802142 1.011930486658278
1.5416620253631956 1.011903435739526
1.5415673533677623 1.0118763865976466
1.5414726875939784 1.0118493392333334
1.5413780280388072 1.0118222936457058
1.5412833747048966 1.0117952498354572
1.5411887275892102 1.0117682078024945
1.541094086691812 1.011741167545937
1.540999452010699 1.011714129065691
1.5409048235459357 1.0116870923616637
1.5408102012965526 1.011660057432974
1.540715585262097 1.0116330242795288
1.5406209754416 1.0116059929028092
1.5405263718335753 1.0115789633003602
1.5404317744365368 1.0115519354728761
1.5403371832526163 1.0115249094202634
1.540242598279294 1.0114978851416419
1.540148019515601 1.0114708626377051
1.540053446961085 1.0114438419075733
1.5399588806147766 1.0114168229519402
1.5398643204767408 1.0113898057699255
1.5397697665460086 1.0113627903606492
1.5396752188200602 1.0113357767248052
1.5395806772994771 1.0113087648615136
1.5394861419827734 1.011281754771468
1.5393916128700142 1.011254746453002
1.5392970899597136 1.0112277399075962
1.5392025732514196 1.0112007351335837
1.5391080627441631 1.0111737321316585
1.5390135584369755 1.011146730900941
1.5389190603288876 1.011119731442125
1.5388245684199648 1.0110927337535438
1.5387300827082042 1.0110657378358916
1.5386356031947053 1.0110387436890755
1.538541129877982 1.0110117513130028
1.5384466627581004 1.0109847607075808
1.5383522018315057 1.0109577718711429
1.5382577470987806 1.0109307848043831
1.5381632985594738 1.010903799507209
1.5380688562120992 1.0108768159795278
1.5379744200567227 1.0108498342212469
1.5378799900928928 1.0108228542314868
1.537785566320158 1.0107958760101547
1.5376911487354812 1.0107688995579454
1.5375967373394455 1.0107419248731921
1.5375023321310821 1.0107149519565894
1.53740793310994 1.010687980808045
1.5373135402745333 1.0106610114266792
1.5372191536238935 1.0106340438123997
1.5371247731575697 1.0106070779651144
1.5370303988761451 1.0105801138839436
1.5369360307776168 1.010553151569582
1.536841668860499 1.0105261910219372
1.5367473131248583 1.0104992322401303
1.5366529635707609 1.0104722752240687
1.5365586201956865 1.010445319974447
1.5364642830002189 1.0104183664895994
1.5363699519813203 1.0103914147710071
1.5362756271416442 1.0103644648170047
1.5361813084786702 1.0103375166274997
1.5360869959903953 1.0103105702024002
1.5359926896784386 1.0102836255416139
1.5358983895397622 1.0102566826458355
1.535804095575985 1.0102297415133994
1.535709807784587 1.0102028021450005
1.5356155261635647 1.0101758645397598
1.535521250715055 1.0101489286967988
1.5354269814360202 1.0101219946175988
1.5353327183280796 1.0100950623004943
1.5352384613892303 1.0100681317461802
1.535144210617987 1.010041202953778
1.535049966013899 1.0100142759239823
1.5349557275759986 1.0099873506567012
1.5348614953043531 1.0099604271502698
1.534767269197477 1.0099335054053828
1.53467304925492 1.0099065854219484
1.5345788354757144 1.0098796671998749
1.53448462785941 1.0098527507382837
1.5343904264045214 1.0098258360370835
1.5342962311111161 1.0097989230953959
1.5342020419771911 1.0097720119139155
1.534107859002814 1.0097451024917643
1.5340136821870172 1.0097181948304237
1.5339195115288329 1.0096912889282292
1.533825347028329 1.009664384785089
1.5337311886845377 1.0096374824016983
1.5336370364954561 1.0096105817763923
1.5335428904606345 1.009583682909866
1.5334487505806582 1.0095567858020282
1.5333546168535246 1.0095298904512142
1.533260489280337 1.0095029968589055
1.5331663678570215 1.009476105023438
1.5330722525851994 1.0094492149455063
1.5329781434639034 1.0094223266250195
1.5328840404911304 1.0093954400610996
1.5327899436664307 1.0093685552544418
1.5326958529898727 1.0093416722041681
1.5326017684604891 1.0093147909101876
1.5325076900767947 1.009287911372409
1.5324136178388579 1.0092610335907408
1.5323195517446757 1.0092341575643056
1.5322254917953524 1.0092072832930121
1.532131437988885 1.0091804107767695
1.5320373903248243 1.0091535400154863
1.531943348800649 1.0091266710090714
1.5318493134184998 1.009099803757434
1.5317552841774096 1.0090729382596964
1.5316612610733036 1.0090460745157677
1.5315672441098762 1.0090192125255568
1.5314732332825347 1.008992352289759
1.5313792285934198 1.008965493806711
1.5312852300394926 1.0089386370771078
1.531191237620304 1.0089117821000724
1.531097251334887 1.0088849288755137
1.531003271185383 1.008858077403341
1.5309092971677165 1.0088312276834637
1.530815329281439 1.0088043797157904
1.5307213675266196 1.0087775335002307
1.5306274119028094 1.0087506890366935
1.5305334624085234 1.0087238463243022
1.5304395190433129 1.0086970053629658
1.530345581806211 1.0086701661525936
1.5302516506967694 1.0086433286923089
1.530157725714021 1.0086164929835932
1.5300638068575174 1.0085896590239976
1.5299698941262918 1.0085628268150035
1.5298759875183412 1.0085359963557343
1.5297820870342533 1.0085091676460995
1.5296881926735797 1.0084823406860084
1.5295943044348357 1.0084555154753705
1.5295004223175728 1.0084286920133092
1.5294065463203061 1.0084018702997342
1.5293126764431058 1.0083750503345548
1.5292188126855233 1.0083482321176807
1.529124955046074 1.0083214156490212
1.5290311035232729 1.0082946009284863
1.5289372581177085 1.0082677879559856
1.5288434188263413 1.0082409767298566
1.5287495856502777 1.008214167250795
1.5286557585895881 1.0081873595194963
1.5285619376422697 1.0081605535350844
1.528468122807874 1.008133749296683
1.5283743140859534 1.008106946804202
1.5282805114745046 1.0080801460583373
1.5281867149725614 1.0080533470582125
1.5280929245817494 1.0080265498029515
1.5279991402995472 1.007999754294036
1.527905362125507 1.00797296053059
1.5278115900596994 1.0079461685117377
1.5277178240996028 1.0079193782373888
1.5276240642447694 1.0078925897074533
1.5275303104947515 1.0078658029218412
1.5274365628491016 1.0078390178804626
1.5273428213068532 1.0078122345824416
1.5272490858670404 1.007785453028474
1.5271553565312899 1.0077586732176842
1.527061633294487 1.007731895149982
1.526967916159296 1.007705118825278
1.5268742051237132 1.0076783442434818
1.526780500186773 1.007651571403718
1.5266868013469905 1.0076248003066826
1.5265931086054743 1.0075980309522858
1.5264994219602213 1.0075712633388663
1.5264057414113026 1.0075444974679058
1.5263120669561967 1.0075177333377432
1.526218398596012 1.0074909709490745
1.5261247363297827 1.0074642103018099
1.5260310801549872 1.007437451395074
1.5259374300732527 1.0074106942287773
1.525843786083095 1.00738393880283
1.5257501481830296 1.0073571851171428
1.5256565163726095 1.0073304331708404
1.52556289065035 1.0073036829646187
1.525469271016323 1.0072769344976027
1.5253756574695627 1.0072501877697029
1.5252820500091036 1.0072234427816154
1.5251884486344987 1.0071966995316795
1.525094853345301 1.0071699580205913
1.5250012641405453 1.007143218247476
1.5249076810192657 1.007116480212244
1.5248141039799779 1.007089743915592
1.5247205330232727 1.0070630093566444
1.524626968147147 1.0070362765353122
1.524533409351673 1.0070095454507206
1.524439856635366 1.0069828161035659
1.5243463099982988 1.0069560884929731
1.5242527694395056 1.0069293626196387
1.5241592349575024 1.0069026384819024
1.5240657065518424 1.0068759160804606
1.523972184223117 1.006849195415224
1.5238786679688043 1.0068224764853182
1.5237851577889765 1.0067957592906538
1.5236916536826686 1.0067690438319274
1.523598155648915 1.0067423301082645
1.5235046636877887 1.0067156181195758
1.5234111777983241 1.0066889078642016
1.5233176979779992 1.0066621993444091
1.5232242242279246 1.0066354925585386
1.5231307565476544 1.006608787506501
1.5230372949346662 1.006582084188993
1.5229438393890329 1.0065553826043547
1.5228503899092702 1.0065286827524973
1.5227569464954511 1.0065019846341172
1.522663509148168 1.0064752882483403
1.5225700778643791 1.0064485935958631
1.5224766526441578 1.0064219006758115
1.5223832334860197 1.0063952094880968
1.5222898203905573 1.0063685200326302
1.5221964133557673 1.0063418323077522
1.522103012381723 1.006315146314945
1.5220096174674596 1.0062884620541195
1.521916228612531 1.0062617795236168
1.5218228458164917 1.0062350987241335
1.5217294690768193 1.006208419655581
1.5216360983941062 1.0061817423178705
1.521542733767388 1.0061550667101284
1.5214493751962186 1.0061283928314808
1.5213560226780758 1.006101720684195
1.52126267621511 1.0060750502658267
1.5211693358042797 1.0060483815770727
1.5210760014456584 1.0060217146170594
1.520982673137762 1.0059950493872685
1.5208893508822225 1.0059683858852564
1.5207960346749594 1.0059417241117197
1.5207027245170852 1.00591506406657
1.520609420407635 1.0058884057497188
1.5205161223456445 1.005861749160293
1.5204228303301488 1.0058350942989893
1.5203295443607028 1.005808441164149
1.5202362644363419 1.0057817897572543
1.5201429905571402 1.0057551400774318
1.5200497227226528 1.0057284921245933
1.5199564609298373 1.0057018458978655
1.5198632051798069 1.0056752013979453
1.5197699554695194 1.0056485586247448
1.5196767118016465 1.0056219175766055
1.5195834741726264 1.0055952782534392
1.5194902425835726 1.0055686406567281
1.5193970170324815 1.005542004784814
1.519303797519428 1.0055153706383941
1.5192105840429277 1.0054887382165951
1.5191173766035755 1.0054621075193293
1.5190241752004068 1.0054354785472934
1.5189309798298596 1.0054088512988297
1.518837790492528 1.0053822257738503
1.5187446071895263 1.0053556019730523
1.5186514299193705 1.0053289798963476
1.5185582586805768 1.0053023595420787
1.5184650934721808 1.0052757409117277
1.5183719342947775 1.0052491240044215
1.5182787811458436 1.0052225088192877
1.5181856340259738 1.0051958953562385
1.518092492934724 1.0051692836151862
1.5179993578700903 1.005142673596043
1.5179062288316287 1.005116065299506
1.5178131058188946 1.0050894587239179
1.517719988830404 1.005062853869976
1.5176268778662325 1.0050362507375925
1.5175337729243765 1.005009649325895
1.5174406740049113 1.004983049634796
1.5173475811073929 1.004956451664208
1.5172544942313768 1.0049298554140433
1.5171614133748597 1.0049032608834296
1.5170683385389567 1.0048766680730643
1.5169752697211447 1.004850076982075
1.5168822069220191 1.004823487611159
1.5167891501395765 1.0047968999586596
1.5166960993744123 1.004770314025274
1.516603054624523 1.0047437298109148
1.516510015889985 1.0047171473147098
1.516416983169314 1.0046905665373567
1.5163239564610262 1.0046639874779832
1.5162309357667578 1.004637410137287
1.5161379210834651 1.004610834513611
1.5160449124112243 1.0045842606068685
1.5159519097495915 1.0045576884177565
1.5158589130965632 1.004531117946188
1.5157659224537754 1.004504549191291
1.5156729378197447 1.0044779821529783
1.5155799591924672 1.0044514168311631
1.5154869865730596 1.004424853225758
1.5153940199589981 1.0043982913358913
1.5153010593513994 1.0043717311622606
1.5152081047477395 1.0043451727039945
1.515115156146535 1.0043186159610056
1.5150222135473423 1.0042920609332069
1.514929276951278 1.0042655076205116
1.5148363463568588 1.0042389560220482
1.5147434217636413 1.004212406138514
1.5146505031701418 1.004185857969038
1.514557590575397 1.004159311513533
1.5144646839805238 1.0041327667711277
1.514371783381438 1.0041062237425198
1.5142788887797771 1.0040796824276224
1.5141860001740575 1.0040531428255641
1.5140931175643562 1.0040266049370428
1.5140002409486695 1.004000068761187
1.5139073703275945 1.0039735342979101
1.5138145056991277 1.0039470015471257
1.513721647063346 1.003920470507962
1.5136287944192865 1.0038939411811174
1.5135359477670263 1.0038674135657204
1.5134431071045618 1.0038408876616844
1.513350272430409 1.0038143634689232
1.5132574437451662 1.0037878409873497
1.5131646210483902 1.0037613202168776
1.5130718043375568 1.0037348011574203
1.5129789936143045 1.0037082838073226
1.512886188875589 1.0036817681680665
1.5127933901240895 1.0036552542387815
1.512700597355721 1.0036287420185965
1.5126078105695202 1.003602231508994
1.5125150297666055 1.0035757227083189
1.5124222549465343 1.0035492156172687
1.512329486107303 1.0035227102341888
1.5122367232479483 1.0034962065605615
1.5121439663690688 1.003469704595516
1.5120512154686605 1.003443204338182
1.5119584705468014 1.0034167057884729
1.5118657316014878 1.0033902089470867
1.511772998633318 1.0033637138131533
1.5116802716418496 1.003337220386586
1.5115875506250789 1.0033107286672989
1.511494835584125 1.0032842386552057
1.5114021265143813 1.003257750349436
1.511309423418529 1.003231263749904
1.5112167262956049 1.0032047788573073
1.5111240351430848 1.003178295670776
1.511031349962088 1.0031518141902238
1.5109386707506107 1.0031253344155648
1.510845997508211 1.0030988563467131
1.510753330233405 1.0030723799827983
1.510660668927313 1.0030459053237346
1.510568013588972 1.0030194323702202
1.5104753642163784 1.0029929611206005
1.5103827208096106 1.0029664915755743
1.510290083366144 1.0029400237342712
1.5101974518876191 1.0029135575973895
1.5101048263741152 1.0028870931648437
1.5100122068220663 1.0028606304357635
1.50991959323103 1.002834169409279
1.5098269856000441 1.0028077100860888
1.5097343839307498 1.002781252466891
1.5096417882221844 1.0027547965500319
1.5095491984718235 1.0027283423354256
1.509456614678704 1.0027018898229865
1.5093640368439472 1.002675439012629
1.5092714649650278 1.0026489899042672
1.5091788990415045 1.002622542497816
1.5090863390739773 1.0025960967931893
1.508993785059921 1.0025696527895176
1.5089012369999364 1.0025432104867156
1.5088086948930606 1.0025167698846975
1.5087161587378106 1.002490330983378
1.5086236285337449 1.0024638937826713
1.508531104280943 1.0024374582817082
1.5084385859768799 1.0024110244811872
1.5083460736231977 1.002384592380239
1.5082535672178927 1.0023581619795618
1.5081610667594814 1.0023317332775028
1.5080685722485645 1.0023053062739764
1.5079760836836589 1.002278880970465
1.5078836010643235 1.0022524573645317
1.507791124389075 1.002226035456875
1.507698653657993 1.0021996152481936
1.507606188870637 1.0021731967376184
1.5075137300265653 1.0021467799242803
1.5074212771232531 1.0021203648088777
1.5073288301623435 1.0020939513913256
1.5072363891423535 1.002067539671539
1.5071439540602365 1.0020411296486487
1.5070515249165939 1.0020147213217858
1.5069591017115058 1.001988314691649
1.5068666844440102 1.0019619097581534
1.506774273113145 1.0019355065212137
1.5066818677174272 1.0019091049791773
1.5065894682574583 1.0018827051335268
1.506497074731234 1.0018563069826099
1.5064046871383137 1.0018299105279087
1.5063123054803413 1.0018035157685548
1.5062199297527066 1.0017771227036794
1.5061275599570536 1.0017507313331977
1.506035196091378 1.0017243416570247
1.5059428381573245 1.0016979536750756
1.5058504861502822 1.0016715673872656
1.5057581400734594 1.0016451827935098
1.5056657999238094 1.0016187998937234
1.5055734657024558 1.001592418687038
1.5054811374053085 1.0015660391741523
1.505388815033491 1.0015396613534147
1.505296498587606 1.0015132852255237
1.5052041880651275 1.0014869107903948
1.5051118834671793 1.001460538047943
1.5050195847896715 1.0014341669973006
1.5049272920352919 1.0014077976391662
1.5048350052009933 1.0013814299726718
1.5047427242879001 1.0013550639977327
1.504650449293486 1.0013286997134805
1.5045581802193968 1.001302337119831
1.5044659170631065 1.0012759762182668
1.504373659825218 1.001249617007136
1.5042814085037268 1.001223259487138
1.5041891630976714 1.001196903656621
1.5040969236066115 1.0011705495162844
1.5040046900301074 1.0011441970660435
1.5039124623671976 1.0011178463050305
1.503820240618485 1.0010914972339444
1.5037280247809224 1.0010651498519174
1.503635814854591 1.0010388041588654
1.503543610839051 1.0010124601547037
1.5034514127338627 1.0009861178393484
1.5033592205385864 1.0009597772119316
1.5032670342522605 1.0009334382731525
1.5031748538728806 1.0009071010221433
1.5030826794005285 1.00088076545882
1.5029905108352861 1.0008544315823151
1.5028983481756706 1.0008280993933276
1.5028061914212423 1.0008017688917734
1.50271404057104 1.000775440076785
1.5026218956241022 1.0007491129482782
1.5025297565799896 1.0007227875069524
1.5024376234377408 1.0006964637519402
1.5023454961969165 1.0006701416831576
1.5022533748560336 1.0006438212997373
1.502161259416218 1.0006175026023785
1.5020691498744212 1.0005911855909972
1.5019770462312476 1.000564870263943
1.5018849484857362 1.0005385566219152
1.501792856635882 1.000512244665613
1.5017007706828112 1.000485934393386
1.5016086906250408 1.0004596258051506
1.5015166164636973 1.0004333189016061
1.5014245481957322 1.0004070136818854
1.5013324858201844 1.0003807101459046
1.5012404293371366 1.00035440829358
1.5011483787461497 1.0003281081248279
1.5010563340467844 1.000301809638781
1.5009642952375581 1.0002755128361391
1.5008722623164659 1.0002492177160354
1.5007802352846342 1.000222924278386
1.5006882141426683 1.0001966325238905
1.5005961988880414 1.000170342450899
1.5005041895192708 1.0001440540593276
1.5004121860359172 1.0001177673498762
1.5003201884391077 1.0000914823224611
1.5002281967268378 1.0000651989762157
1.5001362108976244 1.000038917310273
1.5000442309510287 1.000012637325333
1.499952256887134 0.9999863590213122
1.4998602887044574 0.999960082397899
1.4997683264030823 0.9999338074549639
1.4996763699799593 0.9999075341915598
1.4995844194372605 0.999881262608306
1.4994924747724587 0.9998549927050387
1.4994005359872038 0.9998287244800284
1.4993086030784466 0.999802457934677
1.4992166760462706 0.9997761930680381
1.4991247548902373 0.9997499298807309
1.4990328396093862 0.9997236683718087
1.4989409302011898 0.9996974085411081
1.4988490266672987 0.9996711503884655
1.4987571290072743 0.9996448939137175
1.4986652372191118 0.9996186391167005
1.4985733513018504 0.9995923859980337
1.498481471255574 0.9995661345559883
1.498389597080367 0.9995398847911837
1.4982977287726569 0.9995136367034565
1.4982058663340947 0.9994873902926433
1.4981140097626755 0.9994611455577983
1.4980221590590055 0.9994349024995408
1.497930314221602 0.9994086611169251
1.4978384752495046 0.9993824214105703
1.4977466421417527 0.999356183379531
1.497654814897908 0.9993299470244265
1.4975629935191 0.999303712344311
1.4974711780022785 0.9992774793398042
1.4973793683470054 0.9992512480091781
1.4972875645533652 0.9992250183538345
1.4971957666198752 0.9991987903728281
1.4971039745471424 0.999172564065996
1.497012188332639 0.9991463394331753
1.496920407975927 0.9991201164742032
1.4968286334776137 0.9990938951889167
1.4967368648356938 0.999067675577153
1.4966451020502518 0.9990414576387495
1.4965533451208501 0.9990152413727613
1.4964615940465287 0.9989890267798078
1.4963698488247594 0.9989628138589444
1.4962781094577173 0.9989366026115722
1.4961863759423522 0.9989103930351829
1.4960946482787485 0.9988841851311778
1.496002926466469 0.9988579788986125
1.4959112105045533 0.9988317743381062
1.4958195003920416 0.9988055714487147
1.4957277961279734 0.9987793702302756
1.4956360977119112 0.9987531706826265
1.4955444051455082 0.9987269728063867
1.4954527184246686 0.9987007766006121
1.4953610375494775 0.9986745820651405
1.4952693625205427 0.9986483891998096
1.4951776933358587 0.9986221980044571
1.4950860299949884 0.9985960084781392
1.4949943724980173 0.9985698206214754
1.4949027208424168 0.9985436344335219
1.4948110750293182 0.9985174499156798
1.4947194350577615 0.9984912670662239
1.4946278009252183 0.9984650858857737
1.494536172632297 0.9984389063733856
1.4944445501785604 0.9984127285288978
1.4943529335625256 0.9983865523529297
1.4942613227837558 0.9983603778445381
1.4941697178418136 0.9983342050043423
1.4940781187362624 0.9983080338313992
1.493986525466142 0.998281864325547
1.4938949380294468 0.9982556964866239
1.4938033564273085 0.9982295303144683
1.4937117806587674 0.9982033658096994
1.4936202107218177 0.9981772029705933
1.4935286466160225 0.9981510417977696
1.493437088340945 0.9981248822910667
1.493345535897717 0.9980987244495417
1.4932539892838101 0.9980725682738144
1.4931624484987875 0.9980464137637232
1.4930709135411666 0.9980202609191065
1.4929793844115564 0.9979941097390218
1.4928878611079515 0.9979679602233079
1.492796343631484 0.9979418123725843
1.4927048319796252 0.9979156661859087
1.4926133261514154 0.9978895216639005
1.492521826146941 0.9978633788056179
1.4924303319657655 0.9978372376108995
1.4923388436074523 0.997811098079584
1.4922473610705187 0.9977849602122909
1.4921558843534821 0.9977588240072978
1.4920644134574752 0.9977326894652241
1.4919729483804922 0.9977065565859088
1.4918814891220966 0.9976804253691909
1.491790035681852 0.9976542958149093
1.4916985880577527 0.9976281679229029
1.4916071462514549 0.9976020416930108
1.491515710261476 0.9975759171242916
1.4914242800868565 0.9975497942173648
1.4913328557261136 0.9975236729712892
1.4912414371793346 0.9974975533866842
1.491150024446083 0.9974714354626089
1.4910586175248761 0.9974453191989023
1.490967216415278 0.9974192045961842
1.4908758211163293 0.9973930916535133
1.4907844316270702 0.9973669803715094
1.4906930479475882 0.9973408707492315
1.4906016700769238 0.997314762786519
1.4905102980141176 0.9972886564832113
1.4904189317587337 0.9972625518391479
1.4903275713092894 0.9972364488541684
1.4902362166663954 0.9972103475273321
1.490144867828569 0.9971842478592586
1.490053524796421 0.9971581498497877
1.4899621875663756 0.9971320534979788
1.4898708561395666 0.9971059588044517
1.489779530513988 0.997079865769046
1.4896882106912979 0.9970537743908213
1.48959689666949 0.9970276846703975
1.4895055884476052 0.9970015966068344
1.4894142860257313 0.9969755102007517
1.4893229894023856 0.9969494254512093
1.4892316985771323 0.9969233423580474
1.4891404135490125 0.9968972609211055
1.4890491343181138 0.9968711811410035
1.4889578608829537 0.9968451030168016
1.488866593242573 0.9968190265483399
1.4887753313965364 0.9967929517346786
1.4886840753459787 0.9967668785772172
1.4885928250873233 0.9967408070750161
1.4885015806211817 0.9967147372271359
1.488410341946071 0.9966886690341963
1.4883191090631271 0.9966626024960374
1.4882278819698198 0.9966365376117202
1.48813666066519 0.9966104743826436
1.4880454451503735 0.9965844128070892
1.4879542354244113 0.9965583528848972
1.4878630314847734 0.9965322946166875
1.4877718333310244 0.9965062380015209
1.4876806409632528 0.9964801830392381
1.4875894543804995 0.9964541297296795
1.4874982735833768 0.9964280780734648
1.487407098568831 0.9964020280696552
1.4873159293369504 0.9963759797180913
1.4872247658888713 0.9963499330186137
1.487133608221016 0.9963238879710631
1.4870424563355684 0.99629784457528
1.486951310229998 0.9962718028311052
1.4868601699033461 0.9962457627376003
1.4867690353551777 0.9962197242953852
1.4866779065855815 0.9961936875043005
1.4865867835935989 0.9961676523641869
1.4864956663793187 0.9961416188741066
1.4864045549402107 0.9961155870339004
1.486313449276888 0.996089556844188
1.4862223493883913 0.9960635283048103
1.4861312552732382 0.9960375014148295
1.4860401669320418 0.9960114761740866
1.4859490843633194 0.9959854525824227
1.4858580075661125 0.9959594306404574
1.485766936538938 0.9959334103472534
1.4856758712829337 0.9959073917026515
1.4855848117966164 0.9958813747064931
1.4854937580785035 0.9958553593586191
1.4854027101297327 0.995829345658871
1.485311667947773 0.99580333360709
1.4852206315316658 0.9957773232031172
1.485129600883597 0.9957513144467941
1.4850385760005116 0.9957253073371836
1.4849475568824995 0.9956993018749053
1.4848565435280776 0.9956732980590225
1.4847655359368117 0.9956472958901548
1.4846745341087915 0.9956212953673654
1.48458353804201 0.9955952964912742
1.4844925477365571 0.9955692992617226
1.4844015631925227 0.9955433036777739
1.4843105844073756 0.9955173097392698
1.4842196113822543 0.9954913174460519
1.4841286441146275 0.995465326797962
1.484037682604061 0.9954393377956197
1.4839467268501205 0.9954133504373106
1.483855776854469 0.9953873647244327
1.4837648326130022 0.9953613806552716
1.483673894126859 0.9953353982304471
1.4835829613945566 0.9953094174498013
1.483492034417234 0.9952834383131758
1.4834011131907867 0.9952574608196347
1.4833101977163536 0.995231484969798
1.4832192879940251 0.9952055107635074
1.4831283840233673 0.9951795381998273
1.4830374858013244 0.9951535672793774
1.4829465933279866 0.9951275980012221
1.482855706603969 0.9951016303659812
1.4827648256277886 0.9950756643727191
1.4826739503984874 0.995049700021278
1.4825830809156313 0.9950237373115002
1.4824922171787867 0.9949977762440054
1.4824013591875196 0.9949718168178583
1.482310506940872 0.9949458590329012
1.4822196604368365 0.9949199028889765
1.4821288196749793 0.9948939483859265
1.4820379846553913 0.9948679955235935
1.4819471553776387 0.9948420443010426
1.4818563318407634 0.9948160947188938
1.4817655140432826 0.9947901467769893
1.4816747019858119 0.9947642004743945
1.481583895667393 0.9947382558117291
1.4814930950865435 0.9947123127888359
1.4814023002417802 0.99468637140478
1.4813115111352928 0.9946604316594042
1.4812207277640248 0.9946344935533283
1.4811299501291166 0.9946085570863951
1.4810391782285608 0.9945826222568929
1.480948412061924 0.9945566890662187
1.480857651627199 0.9945307575134383
1.4807668969250014 0.9945048275983945
1.480676147954898 0.9944788993217072
1.4805854047159308 0.9944529726824423
1.480494667206617 0.9944270476796656
1.4804039354275729 0.9944011243139972
1.4803132093773157 0.99437520258528
1.4802224890548874 0.9943492824933571
1.4801317744603795 0.9943233640380714
1.4800410655928342 0.9942974472184892
1.479950362449719 0.9942715320352306
1.4798596650332247 0.9942456184873617
1.479768973340819 0.9942197065755026
1.4796782873741683 0.9941937962987197
1.4795876071286407 0.994167887657633
1.4794969326064273 0.9941419806520856
1.4794062638070953 0.9941160752803677
1.479315600728637 0.9940901715438758
1.4792249433711442 0.9940642694409002
1.4791342917326094 0.9940383689728373
1.4790436458141742 0.9940124701387539
1.4789530056138314 0.9939865729384937
1.4788623711311477 0.9939606773719
1.4787717423651654 0.9939347834388164
1.4786811193154517 0.9939088911390863
1.4785905019820986 0.9938830004725534
1.4784998903625735 0.993857111438285
1.4784092844585437 0.993831224036901
1.4783186842669513 0.9938053382682451
1.4782280897884137 0.9937794541313848
1.478137501022498 0.99375357162694
1.4780469179666713 0.9937276907539783
1.4779563406231266 0.9937018115131195
1.477865768989856 0.9936759339034316
1.4777752030659017 0.9936500579247582
1.4776846428513564 0.9936241835769434
1.4775940883436869 0.993598310860607
1.4775035395440361 0.993572439774817
1.4774129964503964 0.9935465703194174
1.47732245906286 0.9935207024942522
1.4772319273804695 0.9934948362991654
1.4771414014012167 0.9934689717340011
1.4770508811283458 0.9934431087978276
1.4769603665572226 0.9934172474920407
1.4768698576889907 0.993391387814933
1.4767793545226924 0.9933655297671243
1.47668885705737 0.9933396733484591
1.4765983652915406 0.9933138185580057
1.4765078792268733 0.9932879653963842
1.4764173988603093 0.9932621138634389
1.476326924192467 0.9932362639582385
1.4762364552218636 0.9932104156806274
1.4761459919475415 0.99318456903045
1.4760555343695938 0.9931587240083264
1.475965082488114 0.9931328806133255
1.4758746363005686 0.9931070388452917
1.475784195807576 0.9930811987048451
1.4756937610066023 0.9930553601902795
1.4756033318993176 0.9930295233022148
1.4755129084842389 0.9930036880404957
1.4754224907604085 0.9929778544049668
1.4753320787279203 0.9929520223954728
1.475241672384766 0.9929261920118584
1.4751512717310387 0.9929003632539684
1.4750608767657813 0.9928745361208723
1.4749704874880365 0.9928487106131902
1.4748801038978978 0.9928228867299919
1.4747897259949336 0.9927970644718972
1.474699353777661 0.992771243837976
1.474608987245648 0.9927454248288483
1.474518626397412 0.992719607443584
1.4744282712335721 0.9926937916820281
1.4743379217526458 0.9926679775448007
1.4742475779536754 0.9926421650309719
1.4741572398367553 0.9926163541403867
1.4740669074004022 0.9925905448728903
1.4739765806441847 0.9925647372283278
1.473886259567671 0.9925389312065445
1.4737959441704296 0.9925131268073855
1.4737056344509778 0.9924873240299212
1.4736153304083581 0.9924615228755467
1.4735250320426647 0.9924357233425576
1.4734347393545175 0.992409925431574
1.4733444523413823 0.9923841291416666
1.4732541710033535 0.9923583344734556
1.473163895338948 0.9923325414267862
1.4730736253477346 0.9923067500007293
1.4729833610298075 0.9922809601951306
1.472893102383684 0.99225517201061
1.4728028494089325 0.9922293854462385
1.4727126021051218 0.9922036005018618
1.472622360471295 0.9921778171781
1.4725321245064946 0.9921520354740243
1.4724418942108155 0.9921262553894803
1.472351669581723 0.9921004769243137
1.4722614506208893 0.9920747000783703
1.4721712373268316 0.9920489248514959
1.472081029698593 0.9920231512435362
1.471990827735216 0.9919973792543372
1.471900631436796 0.9919716088829703
1.4718104408013235 0.9919458401300558
1.4717202558304716 0.9919200729946654
1.4716300765217056 0.9918943074774192
1.4715399028724903 0.9918685435781632
1.4714497348860764 0.9918427812967434
1.4713595725599293 0.9918170206314577
1.471269415893092 0.9917912615837002
1.4711792648846072 0.9917655041533171
1.4710891195356226 0.9917397483386066
1.4709989798436027 0.9917139941409627
1.4709088458091693 0.9916882415594578
1.4708187174303127 0.9916624905947118
1.4707285947076547 0.9916367412457971
1.4706384776397121 0.9916109935117864
1.4705483662255283 0.9915852473940734
1.4704582604651983 0.9915595028909571
1.4703681603582917 0.9915337600030575
1.4702780659038515 0.991508018730221
1.4701879770998685 0.9914822790715204
1.4700978939469644 0.991456541027576
1.4700078164436563 0.9914308045974604
1.4699177445895135 0.9914050697825675
1.4698276783851578 0.9913793365811966
1.4697376178291064 0.9913536049931944
1.469647562919876 0.991327875019181
1.4695575136575625 0.9913021466582296
1.4694674700401564 0.9912764199101868
1.4693774320677535 0.9912506947756728
1.4692873997415024 0.9912249712537611
1.4691973730588672 0.9911992493442983
1.4691073520199442 0.9911735290479045
1.4690173366232502 0.9911478103636532
1.4689273268683547 0.9911220932913913
1.4688373227548273 0.9910963778301926
1.4687473242817115 0.9910706639806771
1.468657331448577 0.9910449517419186
1.468567344253414 0.9910192411153106
1.4684773626973715 0.9909935320999267
1.4683873867789667 0.9909678246948409
1.4682974164988223 0.9909421189006735
1.4682074518538755 0.9909164147164985
1.4681174928452756 0.990890712142936
1.4680275394710132 0.9908650111790602
1.4679375917322375 0.9908393118247183
1.467847649626939 0.9908136140797575
1.4677577131552142 0.9907879179447981
1.4676677823140003 0.9907622234189145
1.4675778571049731 0.9907365305027268
1.4674879375266499 0.9907108391945367
1.4673980235796535 0.9906851494957373
1.4673081152625012 0.990659461405403
1.4672182125737094 0.9906337749226085
1.4671283155139017 0.9906080900479742
1.467038424081068 0.9905824067813476
1.4669485382758323 0.9905567251225761
1.4668586580961842 0.9905310450715074
1.4667687835422207 0.9905053666279889
1.4666789146129853 0.9904796897910958
1.4665890513080482 0.9904540145614482
1.4664991936269796 0.9904283409381213
1.4664093415693498 0.9904026689217353
1.4663194951320953 0.9903769985113655
1.4662296543168933 0.9903513297068597
1.4661398191233144 0.990325662508838
1.4660499895488217 0.990299996916376
1.4659601655950927 0.9902743329293215
1.4658703472590637 0.9902486705482948
1.4657805345413588 0.990223009771599
1.4656907274415483 0.9901973505998546
1.465600925958149 0.9901716930336816
1.4655111300902046 0.9901460370713837
1.4654213398372855 0.9901203827135812
1.4653315552015966 0.9900947299601219
1.4652417761784935 0.9900690788100821
1.4651520027686002 0.990043429264854
1.4650622349720146 0.9900177813227415
1.4649724727867262 0.9899921349843651
1.4648827162133595 0.9899664902488008
1.4647929652509584 0.9899408471166689
1.4647032198975125 0.9899152055878176
1.4646134801536463 0.9898895656613235
1.4645237460184037 0.9898639273370347
1.4644340174897743 0.9898382906147996
1.464344294571018 0.9898126554944667
1.464254577257489 0.9897870219758845
1.4641648655503399 0.9897613900596732
1.4640751594480867 0.9897357597441377
1.4639854589503007 0.9897101310306701
1.4638957640565524 0.9896845039183471
1.4638060747653587 0.9896588784070174
1.4637163910778717 0.9896332544957579
1.4636267129920808 0.9896076321851889
1.46353704050703 0.989582011475159
1.4634473736222904 0.9895563923655171
1.4633577123384869 0.9895307748553401
1.463268056653082 0.9895051589452485
1.4631784065651194 0.9894795446343195
1.4630887620768063 0.9894539319231734
1.4629991231845503 0.9894283208116591
1.4629094898895043 0.989402711298854
1.4628198621891304 0.989377103384607
1.462730240083527 0.9893514970687671
1.462640623574374 0.9893258923511833
1.462551012657552 0.9893002892324758
1.462461407334214 0.9892746877109512
1.4623718076028762 0.9892490877872298
1.4622822134620554 0.9892234894619318
1.462192624914487 0.9891978927341353
1.462103041956578 0.9891722976036892
1.4620134645889544 0.9891467040696716
1.4619238928096054 0.989121112132703
1.4618343266186298 0.9890955217926326
1.4617447660161262 0.9890699330493095
1.461655211000084 0.989044345901812
1.461565661569547 0.9890187603507605
1.4614761177251412 0.9889931763952334
1.4613865794664382 0.9889675940358511
1.4612970467924822 0.988942013271692
1.4612075197017895 0.9889164341026054
1.4611179981928768 0.9888908565284411
1.461028482267953 0.9888652805498193
1.4609389719239518 0.9888397061665893
1.4608494671609726 0.9888141333770595
1.4607599679791146 0.98878856218185
1.4606704743763665 0.9887629925808105
1.4605809863528276 0.9887374245737907
1.4604915039085973 0.9887118581606401
1.460402027040609 0.9886862933412086
1.4603125557510725 0.9886607301153458
1.460223090036394 0.9886351684829017
1.4601336298966723 0.9886096084429553
1.46004417533359 0.9885840499968975
1.4599547263446084 0.9885584931422668
1.459865282929299 0.9885329378804539
1.4597758450861786 0.9885073842105384
1.4596864128153464 0.9884818321339109
1.4595969861153186 0.9884562816488808
1.4595075649872506 0.9884307327552979
1.4594181494301866 0.9884051854530125
1.4593287394426426 0.9883796397418745
1.4592393350236632 0.9883540956225042
1.459149936173348 0.9883285530939816
1.4590605428902133 0.9883030121553866
1.458971155173831 0.9882774728081098
1.458881773023773 0.9882519350512313
1.4587923964401397 0.9882263988846012
1.4587030254193356 0.9882008643072997
1.4586136599641 0.9881753313207173
1.4585243000724213 0.9881497999231642
1.4584349457428158 0.9881242701144909
1.4583455969764394 0.9880987418953177
1.4582562537723365 0.9880732152654949
1.4581669161274393 0.9880476902248729
1.45807758404396 0.9880221667725325
1.4579882575204146 0.9879966449083242
1.4578989365553199 0.9879711246328682
1.4578096211493037 0.9879456059452453
1.4577203112998265 0.9879200888453061
1.4576310070075165 0.9878945733329014
1.457541708273002 0.9878690594086514
1.4574524150932153 0.9878435470708674
1.4573631274677286 0.9878180363209396
1.4572738453971705 0.9877925271579489
1.4571845688800573 0.9877670195817461
1.4570952979159613 0.987741513592182
1.4570060325039267 0.9877160091891074
1.456916772642998 0.9876905063716037
1.4568275183327475 0.9876650051402913
1.456738269573276 0.9876395054942517
1.4566490263641558 0.9876140074348746
1.4565597887049597 0.9875885109604722
1.4564705565926195 0.9875630160716649
1.456381330028292 0.9875375227675343
1.4562921090104934 0.9875120310479315
1.456202893539853 0.987486540913477
1.4561136836138304 0.9874610523632525
1.4560244792330546 0.9874355653971093
1.45593528039657 0.9874100800156677
1.4558460871034211 0.9873845962172404
1.4557568993526524 0.9873591140032172
1.4556677171448928 0.9873336333719109
1.4555785404781305 0.9873081543247112
1.4554893693529949 0.9872826768599311
1.4554002037685303 0.9872572009789602
1.4553110437243097 0.9872317266808807
1.4552218892177924 0.987206253964775
1.455132740249608 0.9871807828312638
1.4550435968198574 0.9871553132801982
1.454954458925472 0.9871298453114299
1.4548653265686664 0.9871043789232726
1.454776199747957 0.9870789141171157
1.454687078462388 0.9870534508928106
1.4545979627099472 0.9870279892494402
1.4545088524917928 0.9870025291868562
1.4544197478059124 0.9869770707056789
1.4543306486524077 0.9869516138049913
1.4542415550313799 0.9869261584846453
1.4541524669418737 0.9869007047444924
1.4540633843829338 0.9868752525843846
1.4539743073536049 0.9868498020049422
1.4538852358534597 0.98682435300448
1.4537961698810147 0.9867989055836184
1.453707109437957 0.9867734597422092
1.453618054521217 0.9867480154801044
1.4535290051303678 0.9867225727963875
1.4534399612660398 0.986697131691679
1.4533509229256918 0.9866716921665993
1.4532618901115404 0.9866462542194636
1.4531728628184006 0.986620817850124
1.4530838410495466 0.9865953830592009
1.4529948248034943 0.9865699498457783
1.4529058140792883 0.9865445182104764
1.4528168088770308 0.9865190881523793
1.4527278091936515 0.9864936596713392
1.452638815029781 0.9864682327679765
1.4525498263855219 0.9864428074406072
1.452460843260447 0.9864173836906199
1.452371865652544 0.9863919615170988
1.4522828935624437 0.9863665409198963
1.4521939269891908 0.9863411218988647
1.4521049659313012 0.9863157044538565
1.4520160103883484 0.9862902885847242
1.4519270603609638 0.9862648742905522
1.4518381158460765 0.9862394615719611
1.4517491768448465 0.9862140504288033
1.4516602433568477 0.9861886408609314
1.451571315380067 0.9861632328674301
1.4514823929146068 0.9861378264481522
1.451393475959512 0.986112421603718
1.451304564515414 0.9860870183339803
1.4512156585787126 0.9860616166387917
1.4511267581526845 0.9860362165172372
1.4510378632342589 0.9860108179691696
1.450948973821951 0.9859854209944418
1.4508600899169217 0.9859600255929064
1.450771211518745 0.9859346317651841
1.4506823386254075 0.9859092395095926
1.4505934712364832 0.9858838488267523
1.4505046093520748 0.9858584597172836
1.4504157529706982 0.985833072180272
1.450326902091398 0.9858076862148032
1.4502380567158646 0.9857823018214975
1.4501492168415555 0.985756919000208
1.4500603824675156 0.9857315377500204
1.4499715535922604 0.9857061580715551
1.4498827302174804 0.9856807799646654
1.44979391234275 0.9856554034292043
1.449705099965526 0.9856300284642578
1.449616293085383 0.9856046550704465
1.4495274917013656 0.9855792832468562
1.4494386958130479 0.9855539129933403
1.4493499054215913 0.9855285443097521
1.449261120523924 0.985503177195945
1.4491723411201496 0.9854778116525396
1.449083567210371 0.985452447678622
1.4489947987936334 0.9854270852740455
1.4489060358705697 0.9854017244386639
1.4488172784381073 0.9853763651723305
1.4487285264963499 0.985351007474132
1.4486397800448718 0.9853256513454556
1.4485510390827179 0.985300296785388
1.4484623036094622 0.9852749437930161
1.4483735736246792 0.9852495923689601
1.4482848491279432 0.985224242513074
1.4481961301172404 0.9851988942244444
1.4481074165926742 0.9851735475036919
1.4480187085543488 0.9851482023499035
1.44793000600025 0.985122858762933
1.44784130893207 0.985097516743401
1.4477526173467363 0.9850721762903943
1.447663931244882 0.9850468374045338
1.4475752506255521 0.9850215000849065
1.4474865754877917 0.9849961643313664
1.4473979058317046 0.9849708301445339
1.4473092416558064 0.9849454975234966
1.4472205829602014 0.9849201664681083
1.4471319297439345 0.9848948369774567
1.4470432820060504 0.9848695090521623
1.4469546397450648 0.9848441826928456
1.446866002962141 0.9848188578978279
1.4467773716552648 0.9847935346677297
1.4466887458245405 0.9847682130016389
1.4466001254695429 0.9847428929001759
1.4465115105898465 0.984717574363195
1.4464229011834373 0.9846922573897842
1.4463342972498896 0.9846669419805639
1.4462456987887784 0.9846416281346224
1.446157105800208 0.98461631585258
1.4460685182832238 0.984591005132759
1.4459799362363408 0.9845656959765459
1.445891359660723 0.9845403883837951
1.445802788552237 0.9845150823535951
1.4457142229136364 0.9844897778858003
1.4456256627434363 0.9844644749802651
1.445537108040682 0.9844391736368442
1.4454485588054782 0.9844138738546262
1.4453600150347505 0.9843885756349975
1.4452714767301935 0.984363278976281
1.445182943891382 0.9843379838798629
1.4450944165157713 0.9843126903440664
1.4450058946045263 0.9842873983687462
1.4449173781561622 0.9842621079552886
1.444828867169724 0.9842368191020167
1.444740361644787 0.9842115318095511
1.4446518615814559 0.9841862460769809
1.4445633669771862 0.984160961904161
1.4444748778326129 0.984135679291712
1.4443863941478408 0.984110398238723
1.4442979159213853 0.9840851187450491
1.4442094431528216 0.9840598408113107
1.444120975841195 0.9840345644365973
1.4440325139860806 0.984009289620764
1.4439440575865232 0.9839840163636656
1.4438556066436887 0.9839587446651574
1.4437671611534417 0.9839334745250945
1.4436787211174777 0.9839082059433318
1.443590286534842 0.9838829389197248
1.4435018574045797 0.9838576734541283
1.443413433726266 0.9838324095456326
1.4433250154989463 0.9838071471948578
1.4432366027227261 0.9837818864016595
1.4431481953955902 0.9837566271651277
1.4430597935187046 0.9837313694858829
1.4429713970911144 0.9837061133630153
1.442883006111335 0.9836808587979105
1.4427946205789413 0.9836556057888936
1.442706240492979 0.9836303543358201
1.442617865852493 0.9836051044385457
1.4425294966581197 0.9835798560969256
1.4424411329083737 0.9835546093115803
1.4423527746023004 0.9835293640808357
1.4422644217405358 0.983504120406077
1.442176074321595 0.983478878286395
1.4420877323445231 0.9834536377216453
1.441999395808896 0.9834283987109187
1.4419110647158802 0.9834031612556007
1.4418227390608083 0.983377925354782
1.441734418845908 0.9833526910075536
1.4416461040712854 0.9833274582145362
1.4415577947343945 0.9833022269748206
1.4414694908353416 0.9832769972897922
1.4413811923726414 0.9832517691577775
1.4412928993469305 0.9832265425786323
1.4412046117556627 0.9832013175529772
1.4411163296010663 0.9831760940799036
1.4410280528800647 0.9831508721592674
1.4409397815932947 0.9831256517916892
1.4408515157398016 0.9831004329770249
1.4407632553191612 0.9830752157136016
1.440675000330419 0.9830500000020399
1.4405867507710284 0.9830247858429604
1.4404985066442793 0.9829995732354547
1.440410267947095 0.9829743621793791
1.440322034679051 0.9829491526745896
1.440233806839193 0.9829239447209425
1.4401455844276276 0.9828987383175297
1.4400573674444612 0.982873533464972
1.439969155887678 0.9828483301631254
1.4398809497573846 0.9828231284110822
1.4397927490520959 0.9827979282094629
1.4397045537719184 0.9827727295581239
1.4396163639148363 0.9827475324561574
1.4395281794820176 0.9827223369041841
1.4394400004719772 0.9826971429012962
1.4393518268848218 0.9826719504481143
1.439263658719066 0.9826467595437309
1.439175495973755 0.9826215701887666
1.4390873386500578 0.98259638238155
1.4389991867459582 0.9825711961227017
1.4389110402610321 0.9825460114120784
1.4388228991943253 0.9825208282503005
1.4387347635454137 0.9824956466356971
1.4386466333133427 0.9824704665696525
1.4385585084982198 0.9824452880512596
1.43847038909909 0.9824201110796116
1.4383822751144681 0.9823949356553288
1.4382941665449922 0.9823697617782682
1.4382060633886458 0.9823445894482865
1.4381179656460672 0.982319418664477
1.43802987331524 0.9822942494274604
1.437941786396802 0.9822690817370934
1.4378537048897992 0.9822439155924695
1.4377656287938079 0.9822187509934457
1.4376775581089356 0.9821935879406425
1.4375894928326347 0.9821684264331535
1.4375014329650126 0.9821432664708357
1.4374133785061771 0.9821181080543098
1.4373253294546424 0.9820929511826694
1.437237285809985 0.9820677958557716
1.4371492475712506 0.9820426420727104
1.4370612147390778 0.9820174898348696
1.4369731873109186 0.9819923391413431
1.4368851652879433 0.9819671899912249
1.436797148668666 0.9819420423858989
1.4367091374531946 0.9819168963244591
1.4366211316395123 0.9818917518059996
1.436533131227727 0.9818666088311412
1.4364451362163528 0.9818414673989779
1.4363571466070915 0.9818163275108935
1.4362691623968635 0.9817911891652192
1.436181183585777 0.9817660523618126
1.4360932101734085 0.9817409171012941
1.4360052421588039 0.9817157833827583
1.435917279542071 0.9816906512060629
1.4358293223222551 0.9816655205718284
1.435741370496808 0.9816403914791495
1.4356534240684946 0.9816152639286466
1.4355654830347664 0.9815901379186518
1.4354775473957315 0.9815650134497856
1.4353896171488414 0.9815398905219058
1.435301692295267 0.9815147691356328
1.435213772834054 0.9814896492900619
1.4351258587647793 0.9814645309842879
1.4350379500864883 0.9814394142189314
1.4349500467982268 0.9814142989938505
1.4348621488995716 0.9813891853081402
1.4347742563906314 0.9813640731631839
1.4346863692704515 0.9813389625573141
1.4345984875380775 0.9813138534911515
1.4345106111925552 0.9812887459637916
1.43442274023293 0.9812636399750924
1.4343348746593103 0.9812385355256744
1.4342470144712736 0.9812134326153958
1.4341591596678651 0.9811883312425899
1.4340713102486622 0.9811632314086394
1.4339834662116473 0.9811381331126403
1.4338956275590553 0.9811130363544508
1.4338077942878056 0.981087941133929
1.4337199663990703 0.9810628474509334
1.4336321438913633 0.9810377553053221
1.4335443267626669 0.9810126646969535
1.4334565150141534 0.9809875756256858
1.4333687086448683 0.9809624880913776
1.4332809076533255 0.9809374020938871
1.4331931120391024 0.9809123176323107
1.433105321802308 0.980887234708031
1.4330175369419877 0.9808621533193822
1.432929757458251 0.980837073466985
1.4328419833490798 0.9808119951499359
1.4327542146140515 0.9807869183688553
1.4326664512527434 0.9807618431228401
1.4325786932652647 0.9807367694125106
1.4324909406490658 0.9807116972369636
1.4324031934058512 0.9806866265960578
1.4323154515330712 0.9806615574904137
1.4322277150324305 0.9806364899191282
1.432139983901911 0.9806114238820601
1.4320522581410906 0.9805863593790681
1.4319645377484829 0.980561296410011
1.431876822725261 0.980536234973986
1.431789113068875 0.9805111750723753
1.4317014087778384 0.9804861167035145
1.4316137098543886 0.980461059868024
1.4315260162965073 0.980436004565763
1.4314383281032403 0.9804109507965901
1.4313506452746971 0.9803858985596031
1.4312629678099233 0.9803608478554223
1.4311752957084967 0.9803357986839069
1.431087628969995 0.9803107510441543
1.430999967593996 0.9802857049367852
1.430912311578481 0.9802606603608973
1.430824660923028 0.9802356173171112
1.4307370156277466 0.9802105758037631
1.4306493756911505 0.9801855358222352
1.4305617411144138 0.9801604973716253
1.4304741118949857 0.9801354604517926
1.4303864880335087 0.9801104250625964
1.4302988695295602 0.9800853912038962
1.430211256381654 0.9800603588763123
1.4301236485877713 0.9800353280781818
1.430036046150683 0.9800102988108865
1.4299484490667738 0.9799852710727635
1.4298608573372185 0.9799602448644332
1.4297732709605304 0.9799352201857553
1.4296856899362875 0.9799101970358282
1.429598114264068 0.9798851754152723
1.429510543944514 0.9798601553239473
1.4294229789745423 0.9798351367609518
1.4293354193542633 0.9798101197261454
1.429247865083255 0.9797851042201488
1.4291603161610953 0.9797600902420606
1.42907277258683 0.9797350777917405
1.4289852343605696 0.9797100668698092
1.4288977014802948 0.9796850574761263
1.428810173945584 0.9796600496097908
1.42872265175708 0.9796350432706625
1.4286351349138284 0.9796100384578406
1.4285476234154075 0.9795850351727062
1.4284601172603306 0.979560033413598
1.4283726164476436 0.979535033181897
1.4282851209774567 0.9795100344759422
1.4281976308493485 0.9794850372963539
1.428110146061832 0.9794600416429923
1.428022666615018 0.9794350475157172
1.4279351925084849 0.9794100549143887
1.4278477237396807 0.9793850638381064
1.4277602603108464 0.9793600742867304
1.42767280221943 0.9793350862608814
1.4275853494660753 0.979310099759659
1.427497902049295 0.9792851147836837
1.427410459969733 0.9792601313320555
1.42732302322537 0.9792351494053948
1.4272355918163167 0.9792101690028017
1.4271481657410865 0.9791851901241364
1.4270607449997903 0.9791602127692592
1.4269733295904086 0.9791352369380306
1.426885919513052 0.9791102626303108
1.4267985147688977 0.9790852898459602
1.4267111153559258 0.9790603185848393
1.426623721273182 0.9790353488468085
1.4265363325202451 0.9790103806317283
1.4264489490956278 0.9789854139394591
1.426361571000507 0.9789604487698615
1.4262741982333957 0.9789354851220361
1.426186830792807 0.9789105229966033
1.4260994686799175 0.9788855623926639
1.4260121118937736 0.9788606033108384
1.425924760432888 0.9788356457502275
1.425837414297905 0.9788106897114519
1.4257500734873374 0.9787857351936124
1.4256627379991655 0.9787607821973296
1.4255754078340337 0.9787358307217044
1.4254880829915206 0.9787108807665976
1.425400763470672 0.9786859323326298
1.4253134492710666 0.9786609854181423
1.425226140392283 0.9786360400237558
1.4251388368328344 0.9786110961493312
1.425051538593365 0.9785861537947294
1.4249642456718552 0.9785612129605709
1.4248769580684162 0.9785362736459571
1.4247896757831602 0.9785113358499895
1.4247023988135339 0.9784863995732886
1.424615127160182 0.9784614648157155
1.4245278608232164 0.9784365315763718
1.42444059980115 0.9784115998558781
1.424353344094095 0.9783866696533361
1.424266093701097 0.9783617409693663
1.4241788486201354 0.97833681380383
1.424091608852389 0.9783118881558289
1.42400437439637 0.9782869640252244
1.4239171452511246 0.9782620414126371
1.4238299214167647 0.9782371203171688
1.4237427028928693 0.9782122007386811
1.423655489677951 0.9781872826777943
1.423568281771589 0.9781623661328516
1.4234810791733619 0.9781374511044735
1.423393881882849 0.9781125375932805
1.423306689900163 0.978087625597616
1.423219503221683 0.9780627151181004
1.423132321850188 0.9780378061545953
1.4230451457836568 0.9780128987062033
1.4229579750227355 0.9779879927743038
1.4228708095643368 0.9779630883579995
1.4227836494085728 0.977938185456393
1.4226964945560896 0.9779132840701049
1.4226093450048662 0.977888384198238
1.4225222007544818 0.9778634858414127
1.4224350618045154 0.9778385889987321
1.42234792815668 0.9778136936708166
1.422260799806821 0.9777887998567693
1.422173676756118 0.9777639075564519
1.4220865590036167 0.9777390167697264
1.42199944654943 0.9777141274964546
1.421912339391003 0.977689239737257
1.4218252375295157 0.9776643534912367
1.4217381409645475 0.9776394687582558
1.4216510496940773 0.9776145855381763
1.4215639637176842 0.9775897038308601
1.421476883034414 0.9775648236354108
1.4213898076454468 0.9775399449532072
1.4213027375498284 0.9775150677833531
1.4212156727460714 0.9774901921257104
1.4211286132348222 0.977465317979383
1.4210415590129923 0.9774404453442328
1.4209545100812284 0.9774155742208805
1.4208674664401773 0.9773907046091884
1.42078042808675 0.9773658365082603
1.4206933950215934 0.9773409699179584
1.420606367244287 0.9773161048389032
1.4205193447549442 0.9772912412701988
1.4204323275510096 0.9772663792117077
1.42034531563313 0.9772415186640502
1.420258308999818 0.9772166596263306
1.4201713076517202 0.9771918020984114
1.4200843115884163 0.9771669460801549
1.4199973208078849 0.9771420915714236
1.419910335310773 0.97711723857208
1.4198233550950587 0.9770923870819866
1.4197363801619236 0.977067537101006
1.4196494105088115 0.9770426886290007
1.4195624461358363 0.9770178416650752
1.419475487044713 0.9769929962098503
1.4193885332318184 0.9769681522631883
1.4193015846972659 0.9769433098241944
1.4192146414406352 0.9769184688942467
1.4191277034609722 0.9768936294716923
1.4190407707578567 0.9768687915563941
1.4189538433308684 0.9768439551489724
1.4188669211795872 0.9768191202485325
1.418780004301991 0.9767942868549371
1.4186930926997954 0.9767694549688067
1.4186061863704444 0.9767446245892466
1.418519285314052 0.9767197957161197
1.4184323895296638 0.9766949683492888
1.4183454990179278 0.976670142488617
1.418258613776288 0.9766453181339673
1.4181717338064603 0.9766204952852026
1.4180848591058883 0.9765956739421859
1.4179979896746862 0.976570854104023
1.417911125512434 0.9765460357720916
1.417824266616575 0.9765212189447402
1.4177374129893598 0.9764964036225893
1.4176505646287663 0.9764715898055019
1.4175637215343742 0.9764467774925839
1.4174768837057636 0.9764219666844559
1.4173900511430488 0.9763971573809811
1.4173032238442074 0.9763723495812655
1.4172164018093536 0.9763475432851725
1.4171295850359305 0.9763227384933224
1.4170427735245865 0.9762979352048216
1.4169559672775733 0.9762731334202903
1.4168691662928683 0.9762483331388351
1.41678237056738 0.9762235343595622
1.4166955801022918 0.9761987370838492
1.4166087948971835 0.9761739413108025
1.4165220149500324 0.9761491470395286
1.4164352402620217 0.9761243542714051
1.4163484708305945 0.9760995630055385
1.4162617066563994 0.9760747732410354
1.4161749477390166 0.9760499849785164
1.4160881940769579 0.9760251982178451
1.4160014456703376 0.9760004129588851
1.4159147025187362 0.9759756292007433
1.4158279646206653 0.9759508469440402
1.4157412319762395 0.9759260661886395
1.41565450458397 0.9759012869336483
1.4155677824439716 0.975876509179687
1.415481065555825 0.9758517329258628
1.4153943539185758 0.9758269581720395
1.415307647532339 0.9758021849180809
1.415220946395626 0.9757774131646076
1.4151342505074826 0.9757526429107269
1.4150475598674892 0.9757278741563028
1.4149608744757607 0.9757031069011991
1.4148741943308085 0.9756783411460364
1.4147875194332822 0.9756535768891657
1.4147008497827622 0.975628814131964
1.4146141853750869 0.9756040528727825
1.4145275262135788 0.9755792931129981
1.4144408722962147 0.9755545348509621
1.4143542236225752 0.9755297780865387
1.4142675801922409 0.9755050228203486
1.4141809420037228 0.9754802690522557
1.4140943090566014 0.9754555167813681
1.414007681350992 0.9754307660083062
1.4139210588864755 0.9754060167321782
1.4138344416620974 0.9753812689536044
1.413747829676904 0.9753565226724493
1.413661222928871 0.975331777887821
1.4135746214202534 0.9753070345995839
1.413488025149562 0.9752822928083584
1.4134014341153083 0.9752575525132531
1.4133148483176075 0.9752328137133762
1.4132282677560402 0.9752080764101043
1.4131416924291176 0.975183340602546
1.4130551223364203 0.9751586062905656
1.4129685574785988 0.975133873473272
1.4128819978530944 0.9751091421520414
1.4127954434605576 0.9750844123259825
1.4127088942994994 0.97505968399496
1.4126223503711053 0.9750349571580827
1.4125358116744213 0.9750102318152155
1.4124492782063534 0.9749855079677344
1.4123627499680873 0.9749607856139928
1.4122762269592037 0.974936064754611
1.4121897091798188 0.9749113453894539
1.4121031966273732 0.974886627516875
1.412016689303053 0.9748619111382505
1.4119301872042989 0.9748371962526895
1.4118436903317617 0.9748124828608125
1.4117571986844875 0.9747877709617289
1.411670712262057 0.9747630605553036
1.4115842310640514 0.9747383516414017
1.4114977550900516 0.9747136442198879
1.411411284337498 0.9746889382913829
1.411324818808112 0.9746642338549962
1.4112383584998693 0.9746395309098377
1.4111519034150268 0.9746148294565277
1.4110654535494194 0.9745901294949312
1.4109790089031629 0.9745654310241583
1.410892569476909 0.9745407340455845
1.4108061352686332 0.9745160385575646
1.4107197062784516 0.9744913445607191
1.4106332825059453 0.974466652054158
1.4105468639512309 0.9744419610385017
1.4104604506122835 0.9744172715128604
1.4103740424902904 0.9743925834778545
1.410287639582156 0.9743678969325943
1.410201241888532 0.9743432118777001
1.4101148494095348 0.9743185283122825
1.4100284621436752 0.9742938462362067
1.4099420800905342 0.9742691656500932
1.4098557032486225 0.9742444865522977
1.4097693316191273 0.9742198089441954
1.4096829652010945 0.9741951328248969
1.40959660399357 0.9741704581942678
1.409510247996135 0.9741457850521738
1.409423897206229 0.9741211133984803
1.4093375516250395 0.9740964432322983
1.409251211252148 0.9740717745550028
1.4091648760860649 0.9740471073641955
1.4090785461274422 0.9740224416620061
1.408992221374255 0.9739977774467911
1.4089059018282266 0.9739731147191707
1.408819587486261 0.9739484534782561
1.408733278348475 0.9739237937246678
1.4086469744144496 0.9738991354582716
1.408560675683231 0.9738744786774242
1.4084743821544004 0.9738498233835006
1.4083880938275393 0.9738251695756122
1.4083018107022292 0.9738005172536248
1.4082155327780517 0.973775866418159
1.4081292600519095 0.9737512170683263
1.4080429925255271 0.9737265692039927
1.4079567301990217 0.9737019228250242
1.4078704730714389 0.9736772779312869
1.407784221141289 0.9736526345226468
1.4076979744081535 0.9736279925989701
1.4076117328710782 0.973603352160123
1.4075254965301802 0.9735787132059713
1.4074392653855772 0.9735540757356274
1.4073530394347076 0.9735294397497114
1.4072668186782245 0.9735048052480897
1.4071806031146377 0.9734801722306284
1.4070943927440647 0.9734555406956859
1.4070081875660874 0.9734309106446363
1.4069219875802872 0.9734062820773461
1.4068357927851742 0.9733816549929277
1.40674960318033 0.9733570293920014
1.406663418765336 0.9733324052736796
1.4065772395397742 0.9733077826378288
1.4064910655032263 0.9732831614850693
1.4064048966542022 0.9732585418137599
1.4063187329938913 0.973233923624521
1.4062325745191957 0.9732093069179729
1.4061464212313048 0.9731846916932284
1.4060602731287286 0.973160077950154
1.405974130211049 0.9731354656886163
1.4058879924783834 0.9731108549077283
1.405801859929778 0.9730862456081103
1.4057157325642782 0.9730616377896291
1.405629610381466 0.9730370314513976
1.4055434933814597 0.9730124265940364
1.4054573815627684 0.9729878232174121
1.4053712749249745 0.9729632213206378
1.4052851734665872 0.9729386209043341
1.4051990771882608 0.9729140219676142
1.405112986089041 0.9728894245110985
1.4050269001690459 0.9728648285339003
1.4049408194273214 0.9728402340358867
1.404854743862913 0.9728156410169245
1.4047686734748668 0.9727910494776342
1.4046826082622283 0.9727664594171292
1.404596548225652 0.9727418708352767
1.4045104933636472 0.9727172837319437
1.4044244436763325 0.9726926981069972
1.4043383991632896 0.9726681139603044
1.4042523598235646 0.9726435312917323
1.4041663256556667 0.9726189501003949
1.4040802966602506 0.9725943703876656
1.4039942728358257 0.9725697921526586
1.4039082541814376 0.9725452153944879
1.4038222406982777 0.9725206401137738
1.4037362323843188 0.9724960663096306
1.4036502292396795 0.9724714939819256
1.403564231263942 0.972446923131279
1.4034782384545428 0.9724223537575583
1.403392250813746 0.9723977858598777
1.4033062683384516 0.9723732194388577
1.4032202910293148 0.9723486544936126
1.403134318886454 0.9723240910240101
1.4030483519083787 0.9722995290299175
1.4029623900941346 0.9722749685119552
1.4028764334443768 0.972250409468485
1.4027904819565415 0.9722258519001272
1.4027045356318206 0.9722012958075024
1.4026185944692597 0.9721767411897251
1.402532658467368 0.9721521880459104
1.4024467276257278 0.9721276363766786
1.4023608019444578 0.9721030861826501
1.4022748814231405 0.9720785374621871
1.4021889660608216 0.97205399021591
1.4021030558565466 0.972029444442934
1.4020171508104347 0.972004900144632
1.4019312509215314 0.9719803573193666
1.401845356188346 0.9719558159670058
1.4017594666115338 0.9719312760881696
1.4016735821906776 0.9719067376819738
1.4015877029237496 0.9718822007490384
1.4015018288097951 0.9718576652884791
1.4014159598505438 0.9718331313001637
1.4013300960445045 0.9718085987839603
1.4012442373896494 0.9717840677397369
1.4011583838887818 0.9717595381681137
1.4010725355377263 0.9717350100674542
1.400986692337676 0.9717104834383788
1.4009008542882133 0.9716859582815077
1.4008150213873103 0.9716614345959569
1.400729193636697 0.9716369123815944
1.4006433710348825 0.9716123916375363
1.4005575535803751 0.9715878723644029
1.4004717412716836 0.9715633545620624
1.4003859341094644 0.971538838229631
1.400300132093837 0.971514323367729
1.4002143352227732 0.9714898099762247
1.4001285434969293 0.9714652980542343
1.4000427569148142 0.9714407876023782
1.3999569754760104 0.9714162786197728
1.3998711991806376 0.9713917711062864
1.3997854280266673 0.9713672650617876
1.3996996620147562 0.9713427604868966
1.399613901144487 0.9713182573814818
1.3995281454154427 0.9712937557446598
1.3994423948250572 0.9712692555762993
1.3993566493739875 0.9712447568762687
1.3992709090612792 0.9712202596436847
1.3991851738886636 0.9711957638799196
1.3990994438519635 0.9711712695840901
1.3990137189534475 0.9711467767560649
1.3989279991905494 0.9711222853957125
1.398842284564464 0.9710977955021503
1.3987565750726247 0.9710733070759983
1.3986708707167637 0.9710488201171253
1.3985851714948518 0.9710243346254002
1.3984994774059347 0.97099985059994
1.3984137884501324 0.9709753680413651
1.398328104627028 0.970950886948793
1.398242425934592 0.9709264073220923
1.3981567523734821 0.9709019291618836
1.3980710839432813 0.9708774524680355
1.397985420643035 0.9708529772396657
1.3978997624723264 0.9708285034766431
1.3978141094291259 0.9708040311788367
1.3977284615151662 0.9707795603461156
1.3976428187289553 0.9707550909783487
1.3975571810695389 0.9707306230754051
1.3974715485354248 0.970706156637905
1.397385921128346 0.9706816916642154
1.397300298846273 0.9706572281549563
1.397214681688789 0.9706327661099968
1.3971290696560141 0.9706083055292063
1.3970434627464567 0.9705838464124538
1.3969578609596998 0.9705593887588575
1.3968722642953262 0.9705349325690378
1.3967866727513063 0.9705104778421129
1.3967010863304488 0.970486024578703
1.3966155050291111 0.9704615727786775
1.3965299288484891 0.9704371224419056
1.3964443577865533 0.9704126735675059
1.3963587918439617 0.9703882261553478
1.39627323101976 0.9703637802053007
1.3961876753129938 0.9703393357179847
1.3961021247221705 0.9703148926925186
1.3960165792484867 0.9702904511287719
1.3959310388909874 0.9702660110266141
1.395845503649256 0.9702415723859148
1.3957599735218007 0.9702171352065434
1.395674448508742 0.9701926994883696
1.3955889286091254 0.9701682652312631
1.3955034138219964 0.9701438324350934
1.3954179041464003 0.97011940109973
1.3953323995840716 0.9700949712250428
1.3952469001329801 0.970070542810151
1.3951614057927093 0.9700461158556748
1.3950759165623043 0.9700216903607335
1.394990432440811 0.9699972663266976
1.39490495342835 0.9699728437519362
1.3948194795228912 0.9699484226363191
1.3947340107272452 0.9699240029804665
1.3946485470377683 0.969899584783498
1.3945630884545812 0.9698751680460338
1.3944776349783434 0.9698507527671935
1.3943921866070246 0.969826338946847
1.3943067433396699 0.9698019265848644
1.3942213051764005 0.9697775156811157
1.3941358721173382 0.9697531062354708
1.3940504441620662 0.96972869824855
1.393965021308554 0.9697042917187231
1.3938796035569228 0.9696798866466102
1.3937941909072944 0.9696554830320816
1.3937087833576378 0.9696310808750073
1.3936233809080747 0.9696066801752574
1.3935379835576505 0.9695822809319523
1.3934525913070248 0.9695578831457121
1.3933672041536285 0.969533486816407
1.3932818220991978 0.9695090919431575
1.3931964451417018 0.9694846985265836
1.3931110732796474 0.9694603065665556
1.3930257065142329 0.969435916062194
1.3929403448445035 0.9694115270141191
1.392854988270043 0.9693871394214515
1.3927696367893583 0.9693627532840614
1.3926842904025714 0.9693383686025692
1.392598949109804 0.9693139853753457
1.392513612908487 0.9692896036030114
1.39242828179928 0.9692652232861863
1.3923429557817668 0.9692408444239912
1.3922576348544546 0.9692164670162967
1.3921723190180035 0.9691920910629734
1.392087008269844 0.969167716563892
1.3920017026111744 0.9691433435181736
1.3919164020415786 0.9691189719271875
1.3918311065601021 0.9690946017893058
1.3917458161663285 0.9690702331051486
1.391660530859303 0.9690458658738371
1.391575250639148 0.9690215000967409
1.3914899755032935 0.968997135772232
1.391404705451861 0.9689727729009305
1.3913194404860503 0.968948411481958
1.391234180603291 0.9689240515159345
1.391148925804244 0.9688996930019816
1.3910636760874158 0.9688753359407196
1.390978431454006 0.9688509803305209
1.3908931919009055 0.9688266261727547
1.3908079574287755 0.9688022734665429
1.390722728036661 0.9687779222117565
1.390637503725223 0.9687535724082665
1.3905522844924296 0.968729224055944
1.3904670703384034 0.9687048771546599
1.3903818612621894 0.9686805317042855
1.3902966572639102 0.9686561877046918
1.3902114583431497 0.9686318451550009
1.3901262644973373 0.9686075040558331
1.3900410757282113 0.9685831644070594
1.3899558920332011 0.968558826208551
1.389870713412429 0.9685344894601793
1.3897855398665566 0.9685101541610664
1.3897003713946292 0.9684858203118327
1.3896152079956918 0.9684614879116006
1.389530049668251 0.9684371569609901
1.389444896413507 0.9684128274591238
1.3893597482294278 0.9683884994066219
1.3892746051155969 0.968364172802607
1.3891894670710594 0.9683398476476992
1.3891043340959384 0.9683155239402728
1.389019206189818 0.9682912016809477
1.3889340833506651 0.9682668808703441
1.3888489655796807 0.9682425615075848
1.388763852876988 0.9682182435925415
1.3886787452400151 0.9681939271250857
1.388593642669963 0.968169612105089
1.388508545164799 0.9681452985324229
1.388423452725185 0.9681209864062108
1.3883383653485495 0.968096675727821
1.3882532830344763 0.9680723664956284
1.3881682057841664 0.9680480587102532
1.3880831335977435 0.9680237523708188
1.3879980664726352 0.9679994474779452
1.387913004408965 0.9679751440315041
1.3878279474063167 0.9679508420298709
1.3877428954642748 0.9679265414744139
1.3876578485808062 0.967902242365005
1.387572806756034 0.9678779447007677
1.3874877699884642 0.9678536484823221
1.3874027382803766 0.9678293537087921
1.38731771162866 0.9678050603793015
1.3872326900339764 0.9677807684944703
1.3871476734953714 0.9677564780549186
1.387062662012429 0.9677321890597703
1.3869776555841942 0.9677079015088975
1.3868926542107907 0.9676836154021723
1.3868076578907242 0.9676593307394667
1.3867226666230397 0.9676350475206529
1.3866376804100178 0.9676107657456029
1.3865526992474682 0.967586485413441
1.3864677231365925 0.9675622065255353
1.386382752077515 0.967537929080262
1.3862977860682015 0.9675136530774937
1.3862128251093155 0.9674893785178502
1.3861278691993624 0.9674651054012038
1.386042918336848 0.9674408337266791
1.3859579725235138 0.9674165634941485
1.3858730317578658 0.9673922947034843
1.3857880960400277 0.9673680273553065
1.385703165366887 0.9673437614487398
1.385618239740725 0.9673194969836567
1.385533319159508 0.9672952339599298
1.3854484036233599 0.9672709723781788
1.3853634931313257 0.9672467122375289
1.3852785876824503 0.9672224535378524
1.385193687276318 0.967198196279022
1.3851087919125136 0.9671739404609103
1.3850239015900816 0.9671496860833897
1.3849390163086068 0.9671254331455855
1.384854136068753 0.9671011816488652
1.3847692608684856 0.9670769315916066
1.384684390707929 0.9670526829744297
1.3845995255866677 0.96702843579646
1.3845146655026672 0.9670041900583175
1.3844298104576709 0.9669799457598748
1.384344960449644 0.9669557029002576
1.384260115477632 0.9669314614800858
1.3841752755417585 0.9669072214992323
1.3840904406416086 0.9668829829568226
1.384005610775687 0.9668587458527298
1.383920785945198 0.9668345101868266
1.3838359661481068 0.9668102759589862
1.383751151383998 0.9667860431690812
1.3836663416524562 0.9667618118169848
1.383581536953606 0.96673758190257
1.3834967372854126 0.9667133534264566
1.3834119426490799 0.9666891263870239
1.3833271530431133 0.9666649007848919
1.3832423684665573 0.9666406766199336
1.3831575889189969 0.966616453892022
1.3830728143989368 0.9665922326010303
1.3829880449086613 0.966568012746085
1.3829032804445156 0.9665437943278058
1.3828185210087842 0.9665195773460661
1.382733766598892 0.966495361800739
1.3826490172149637 0.9664711476916977
1.382564272856044 0.9664469350173223
1.3824795335222582 0.9664227237789792
1.3823947992121104 0.9663985139765418
1.3823100699262658 0.9663743056091367
1.3822253456626892 0.9663500986766375
1.382140626420425 0.9663258931789174
1.3820559122022986 0.9663016891158499
1.3819712030046547 0.9662774864880549
1.3818864988270778 0.966253285293913
1.381801799670233 0.9662290855347905
1.3817171055315447 0.9662048872098143
1.3816324164132983 0.9661806903188582
1.3815477323123782 0.9661564948617957
1.3814630532289092 0.9661323008385001
1.3813783791640968 0.966108108248099
1.381293710115365 0.9660839170912122
1.381209046082299 0.9660597273677133
1.381124387065564 0.966035539077476
1.3810397330636646 0.9660113522196278
1.3809550840761857 0.9659871667940423
1.3808704401032525 0.9659629828020856
1.3807858011422889 0.9659388002413931
1.38070116719342 0.9659146191133309
1.3806165382578517 0.9658904394170266
1.3805319143335482 0.9658662611531
1.380447295421175 0.9658420843214252
1.3803626815186962 0.9658179089211297
1.3802780726267776 0.9657937349520876
1.380193468743383 0.9657695624141729
1.380108869868638 0.9657453913072594
1.3800242760026677 0.9657212216312212
1.379939687144517 0.9656970533859321
1.379855103291609 0.9656728865712664
1.3797705244473122 0.9656487211870979
1.3796859506085093 0.9656245572325549
1.3796013817742447 0.965600394709003
1.3795168179446442 0.965576233614825
1.3794322591187522 0.9655520739506406
1.379347705297235 0.9655279157163239
1.3792631564785962 0.9655037589110035
1.3791786126629622 0.9654796035352993
1.379094073849377 0.9654554495883397
1.3790095400358044 0.9654312970707447
1.3789250112239917 0.965407145981643
1.3788404874140647 0.9653829963216544
1.3787559686023652 0.9653588480899077
1.3786714547900998 0.9653347012862772
1.378586945976854 0.9653105559113828
1.3785024421611318 0.965286411963608
1.3784179433435995 0.9652622694443179
1.378333449522761 0.9652381283518964
1.3782489606976611 0.9652139886877085
1.3781644768684254 0.9651898504508833
1.3780799980346392 0.9651657136412956
1.3779955241953472 0.9651415782580742
1.3779110553501344 0.9651174443018393
1.3778265914980454 0.9650933117724653
1.3777421326386654 0.9650691806698267
1.377657678771039 0.9650450509930532
1.377573229895833 0.9650209227435095
1.37748878601101 0.96499679591958
1.3774043471177784 0.9649726705211396
1.3773199132162641 0.9649485465495529
1.3772354843022665 0.9649244240024596
1.3771510603786161 0.9649003028812245
1.3770666414432755 0.9648761831857224
1.3769822274952892 0.9648520649143382
1.3768978185358656 0.9648279480684365
1.376813414562426 0.9648038326471473
1.376729015574556 0.9647797186503455
1.3766446215723818 0.964755606077906
1.3765602325560298 0.9647314949304485
1.3764758485234625 0.9647073852071031
1.3763914694742652 0.9646832769077447
1.376307095408564 0.9646591700322483
1.376222726325945 0.9646350645797444
1.3761383622254522 0.9646109605508525
1.3760540031072122 0.9645868579461924
1.3759696489708106 0.9645627567641498
1.3758852998142095 0.9645386570053446
1.3758009556375355 0.9645145586689071
1.3757166164392916 0.9644904617554573
1.3756322822212281 0.9644663662641255
1.375547952980766 0.9644422721955317
1.375463628716949 0.964418179549551
1.3753793094309867 0.9643940883245696
1.3752949951230058 0.9643699985219518
1.3752106857898856 0.9643459101415729
1.375126381432294 0.9643218231818192
1.3750420820492755 0.964297737644055
1.3749577876420396 0.9642736535274112
1.3748734982080064 0.9642495708317632
1.374789213745679 0.9642254895569864
1.374704934257891 0.9642014097037005
1.374620659742604 0.9641773312702924
1.374536390198321 0.9641532542573817
1.3744521256246274 0.9641291786655883
1.3743678660205674 0.9641051044932992
1.3742836113878922 0.9640810317411342
1.3741993617245634 0.9640569604089688
1.374115117029625 0.9640328904966785
1.374030877302663 0.9640088220033949
1.3739466425443458 0.9639847549289936
1.3738624127526347 0.9639606892740944
1.3737781879271151 0.9639366250385729
1.3736939680673732 0.9639125622215607
1.3736097531729943 0.9638885008236777
1.3735255432441056 0.9638644408433116
1.3734413382781268 0.963840382281826
1.3733571382768097 0.9638163251383529
1.3732729432391986 0.9637922694135119
1.3731887531643376 0.9637682151064351
1.3731045680518128 0.9637441622169981
1.3730203878995846 0.963720110745077
1.3729362127094056 0.9636960606905477
1.3728520424786947 0.963672012053286
1.3727678772075795 0.9636479648324243
1.3726837168956458 0.9636239190293259
1.3725995615419375 0.9635998746431229
1.3725154111487492 0.9635758316736915
1.3724312657124162 0.9635517901201642
1.3723471252319828 0.9635277499831606
1.3722629897086598 0.9635037112625566
1.3721788591420334 0.963479673957485
1.3720947335311475 0.9634556380685654
1.3720106128734209 0.9634316035949304
1.3719264971706062 0.9634075705364562
1.3718423864222897 0.9633835388937625
1.371758280626432 0.9633595086667254
1.3716741797831602 0.9633354798544778
1.3715900838915187 0.963311452456896
1.3715059929521771 0.9632874264745995
1.3714219069636375 0.9632634019059781
1.3713378259254858 0.9632393787523947
1.371253749836766 0.9632153570129824
1.3711696786976062 0.9631913366876176
1.371085612508134 0.9631673177754334
1.3710015512657678 0.9631433002777927
1.3709174949711773 0.9631192841938288
1.3708334436228644 0.9630952695226749
1.3707493972225833 0.9630712562649507
1.3706653557677517 0.9630472444205327
1.3705813192574137 0.9630232339892973
1.3704972876927812 0.9629992249711213
1.3704132610723563 0.9629752173651381
1.3703292393946407 0.9629512111719674
1.3702452226597626 0.9629272063907427
1.370161210868392 0.9629032030220838
1.370077204019031 0.9628792010651243
1.3699932021112655 0.9628552005204838
1.3699092051435973 0.9628312013872962
1.3698252131161543 0.9628072036654383
1.3697412260285229 0.9627832073547867
1.3696572438808312 0.9627592124559612
1.369573266671581 0.9627352189680957
1.3694892944009005 0.9627112268903243
1.3694053270672915 0.9626872362240093
1.3693213646708822 0.9626632469675422
1.3692374072123432 0.9626392591222852
1.3691534546885493 0.9626152726873726
1.3690695070990866 0.9625912876626813
1.3689855644462527 0.9625673040473458
1.3689016267269223 0.9625433218419855
1.3688176939417662 0.9625193410464775
1.3687337660903707 0.9624953616599564
1.3686498431712368 0.9624713836830416
1.368565925183951 0.9624474071148679
1.3684820121286418 0.9624234319560546
1.3683981040032682 0.962399458206479
1.368314200808501 0.9623754858652758
1.3682303025428415 0.9623515149330645
1.3681464092064184 0.9623275454082376
1.3680625207993604 0.9623035772921571
1.3679786373207115 0.9622796105839578
1.3678947587700576 0.962255645283517
1.3678108851469852 0.962231681390712
1.367727016449453 0.9622077189054201
1.3676431526786748 0.9621837578282608
1.3675592938331516 0.9621597981576272
1.3674754399113844 0.9621358398941388
1.3673915909140448 0.9621118830376728
1.3673077468412618 0.9620879275888489
1.3672239076915362 0.9620639735460603
1.3671400734639119 0.9620400209099266
1.3670562441585177 0.9620160696803252
1.36697241977494 0.9619921198571335
1.366888600312765 0.9619681714394873
1.3668047857715793 0.9619442244272641
1.3667209761498835 0.9619202788210833
1.3666371714472643 0.9618963346200807
1.3665533716638505 0.9618723918248757
1.3664695767986856 0.9618484504346042
1.3663857868518992 0.9618245104498856
1.366302001821449 0.9618005718698557
1.3662182217069212 0.9617766346943923
1.3661344465100738 0.9617526989233732
1.3660506762277789 0.9617287645566762
1.3659669108607086 0.9617048315949206
1.3658831504079065 0.9616809000372425
1.365799394868416 0.9616569698827783
1.3657156442429093 0.9616330411321473
1.3656318985304299 0.9616091137852274
1.3655481577300215 0.961585187842638
1.3654644218407275 0.961561263302774
1.3653806908632202 0.9615373401662549
1.3652969647960003 0.9615134184329586
1.365213243639197 0.9614894981020214
1.365129527391311 0.9614655791740631
1.3650458160519288 0.9614416616482201
1.3649621096211795 0.9614177455251118
1.3648784080970207 0.9613938308046164
1.3647947114828405 0.9613699174858705
1.3647110197733374 0.9613460055687524
1.3646273329708136 0.9613220950538813
1.3645436510743127 0.9612981859403943
1.364459974082878 0.9612742782289105
1.364376301996639 0.9612503719185672
1.3642926348130098 0.9612264670092424
1.3642089725332063 0.9612025635000734
1.364125315156272 0.9611786613924206
1.3640416626817935 0.9611547606854212
1.3639580151093573 0.9611308613789534
1.3638743724374633 0.9611069634728958
1.3637907346662417 0.9610830669671265
1.3637071017952789 0.961059171860783
1.3636234738247048 0.9610352781544848
1.3635398507530194 0.96101138584811
1.3634562325798094 0.9609874949415372
1.3633726193046616 0.9609636054346449
1.3632890109260756 0.9609397173265706
1.363205407443638 0.9609158306179337
1.363121808859109 0.960891945307872
1.3630382151704454 0.9608680613970048
1.3629546263766903 0.9608441788844698
1.3628710424779737 0.9608202977701458
1.3627874634738826 0.960796418054652
1.3627038893618295 0.9607725397371263
1.3626203201435751 0.9607486628174474
1.3625367558176191 0.9607247872954942
1.3624531963835482 0.9607009131711451
1.3623696418414926 0.9606770404450197
1.3622860921904956 0.9606531691162559
1.3622025474290567 0.9606292991847326
1.3621190075589371 0.9606054306503286
1.3620354725759183 0.9605815635129226
1.361951942482305 0.9605576977716531
1.361868417276597 0.9605338334271395
1.3617848969589241 0.9605099704792605
1.3617013815288737 0.960486108927895
1.3616178709838576 0.9604622487721817
1.3615343653250935 0.9604383900127398
1.3614508645527121 0.960414532648708
1.3613673686635817 0.9603906766807057
1.3612838776594638 0.9603668221078714
1.3612003915388577 0.9603429689308245
1.3611169103018943 0.9603191171487039
1.3610334339470724 0.9602952667621287
1.360949962474523 0.9602714177702381
1.3608664958838328 0.960247570172911
1.360783034173501 0.9602237239700265
1.360699577344202 0.960199879161464
1.3606161253938913 0.9601760357478426
1.3605326783237872 0.9601521937283015
1.3604492361334766 0.96012835310198
1.3603657988209148 0.9601045138702372
1.3602823663862325 0.9600806760314726
1.3601989388290168 0.9600568395870454
1.3601155161483105 0.9600330045353549
1.3600320983437004 0.9600091708762806
1.3599486854153175 0.9599853386111815
1.3598652773605728 0.9599615077384573
1.3597818741812293 0.9599376782587274
1.3596984758752417 0.9599138501711313
1.359615082443285 0.9598900234762883
1.3595316938838582 0.959866198173338
1.359448310196548 0.95984237426216
1.3593649313814857 0.9598185517441132
1.359281557437714 0.9597947306175979
1.359198188365908 0.9597709108824934
1.359114824164023 0.9597470925386795
1.359031464830557 0.9597232755867754
1.3589481103661856 0.959699460025921
1.3588647607710398 0.9596756458559961
1.3587814160436182 0.9596518330768803
1.3586980761829637 0.9596280216884533
1.3586147411902958 0.9596042116905948
1.3585314110635691 0.9595804030831846
1.3584480858029149 0.9595565958661024
1.3583647654073756 0.9595327900392281
1.3582814498770828 0.959508985601702
1.3581981392110793 0.9594851825541433
1.3581148334084079 0.9594613808964318
1.3580315324686554 0.9594375806277083
1.357948236393042 0.9594137817485918
1.3578649451773444 0.959389984258223
1.3577816588238714 0.959366188157221
1.3576983773305769 0.9593423934447266
1.3576151006981367 0.959318600121359
1.3575318289261382 0.9592948081862591
1.357448562012535 0.9592710176393068
1.3573652999574586 0.9592472284811213
1.3572820427610406 0.9592234407108435
1.3571987904234126 0.9591996543283536
1.3571155429430728 0.9591758693342708
1.3570323003190639 0.959152085727736
1.3569490625515175 0.9591283035086294
1.3568658296394764 0.9591045226768313
1.356782601581983 0.9590807432322218
1.3566993783791692 0.9590569651746812
1.3566161600306221 0.9590331885033507
1.3565329465353841 0.9590094132188497
1.356449737892498 0.9589856393210583
1.3563665341020954 0.9589618668098567
1.3562833351648529 0.9589380956843867
1.3562001410770899 0.9589143259452673
1.3561169518394827 0.9588905575923787
1.3560337674532525 0.9588667906248629
1.3559505879163527 0.9588430250433387
1.3558674132283703 0.9588192608469481
1.3557842433888927 0.9587954980355715
1.3557010783980517 0.9587717366090893
1.3556179182548898 0.9587479765681207
1.35553476295736 0.9587242179125461
1.3554516125072287 0.9587004606407691
1.3553684669024488 0.9586767047541471
1.355285326143697 0.958652950251084
1.355202190229471 0.9586291971321986
1.355119059160993 0.9586054453981102
1.3550359329345807 0.9585816950479609
1.354952811552001 0.958557946080893
1.3548696950112067 0.9585341984982639
1.3547865833128745 0.958510452299216
1.354703476456047 0.9584867074828918
1.3546203744408565 0.9584629640499102
1.3545372772663453 0.9584392219994138
1.354454184931011 0.9584154813320217
1.3543710974349856 0.9583917420476147
1.3542880147778564 0.9583680041453354
1.354204936959756 0.9583442676258029
1.3541218639791817 0.95832053248816
1.3540387958357207 0.9582967987330255
1.3539557325295055 0.9582730663595425
1.3538726740584883 0.9582493353683298
1.3537896204238915 0.9582256057585304
1.3537065716236674 0.9582018775300254
1.3536235276584934 0.9581781506834337
1.353540488527957 0.9581544252178984
1.353457454229465 0.9581307011325626
1.3533744247653308 0.9581069784280454
1.353291400133506 0.9580832571042278
1.3532083803319424 0.9580595371617289
1.3531253653645892 0.9580358185996919
1.3530423552272175 0.9580121014172602
1.3529593499199597 0.9579883856150528
1.352876349441858 0.9579646711929509
1.3527933537930452 0.9579409581508357
1.3527103629725634 0.9579172464878508
1.3526273769810906 0.9578935362046151
1.3525443958165784 0.95786982730101
1.3524614194797049 0.9578461197761791
1.3523784479700576 0.9578224136300036
1.3522954812861332 0.9577987088631028
1.3522125194269738 0.9577750054746202
1.3521295623932577 0.9577513034644375
1.352046610184027 0.9577276028331734
1.3519636627988691 0.9577039035799719
1.3518807202362808 0.9576802057047146
1.351797782496395 0.9576565092072828
1.3517148495793445 0.9576328140882957
1.3516319214841714 0.9576091203468972
1.351548998211009 0.9575854279829689
1.351466079757808 0.9575617369963924
1.3513831661247018 0.957538047386312
1.3513002573118231 0.9575143591540839
1.3512173533165774 0.9574906722988524
1.3511344541407346 0.9574669868204992
1.351051559782791 0.9574433027181688
1.3509686702428798 0.95741961999248
1.350885785520043 0.9573959386433147
1.3508029056133224 0.9573722586698175
1.3507200305223057 0.957348580072607
1.3506371602465805 0.9573249028515652
1.3505542947851885 0.9573012270050999
1.3504714341393547 0.9572775525345668
1.3503885783064835 0.9572538794398479
1.3503057272872543 0.9572302077200879
1.350222881080163 0.9572065373751689
1.3501400396847976 0.9571828684049728
1.3500572031018367 0.9571592008101183
1.349974371329231 0.9571355345897505
1.3498915443682051 0.9571118697430147
1.3498087222167097 0.9570882062705296
1.349725904874878 0.9570645441729141
1.3496430923417517 0.9570408834493135
1.3495602846169188 0.9570172240996098
1.3494774816994206 0.956993566123685
1.349394683588845 0.9569699095206846
1.3493118902864174 0.9569462542912274
1.3492291017906337 0.9569226004351955
1.3491463181005356 0.9568989479524712
1.349063539215165 0.9568752968422
1.3489807651341095 0.9568516471050007
1.3488979958585945 0.956827998740019
1.34881523138657 0.9568043517478737
1.3487324717170777 0.956780706128447
1.3486497168502514 0.9567570618808848
1.3485669667856786 0.9567334190050694
1.3484842215213089 0.9567097775016195
1.3484014810589142 0.9566861373696811
1.3483187453964443 0.9566624986091367
1.3482360145345786 0.9566388612198685
1.3481532884723593 0.9566152252017591
1.3480705672088278 0.9565915905546909
1.347987850744118 0.9565679572792827
1.3479051390761794 0.9565443253746806
1.347822432206238 0.9565206948407672
1.3477397301333354 0.9564970656766888
1.3476570328565134 0.9564734378830642
1.347574340374267 0.9564498114597759
1.3474916526883691 0.9564261864059704
1.347408969797315 0.9564025627230026
1.3473262917006927 0.9563789404092828
1.34724361839809 0.95635531946543
1.3471609498869093 0.9563316998905905
1.3470782861694701 0.9563080816853833
1.346995627243175 0.9562844648489549
1.3469129731092504 0.9562608493819242
1.3468303237650991 0.956237235283438
1.3467476792114015 0.9562136225541149
1.3466650394466526 0.9561900111931019
1.346582404472626 0.9561664012002817
1.3464997742878166 0.9561427925762732
1.346417148891266 0.9561191853202233
1.3463345282825618 0.956095579432015
1.3462519124596528 0.9560719749115311
1.346169301422673 0.9560483717586545
1.3460866951728496 0.9560247699732684
1.3460040937103175 0.9560011695552555
1.3459214970319318 0.9559775705044989
1.34583890513728 0.9559539728208817
1.3457563180275902 0.9559303765042868
1.3456737357013568 0.9559067815538617
1.3455911581581679 0.9558831879702251
1.3455085853976114 0.9558595957532601
1.3454260174176353 0.9558360049021142
1.345343454220014 0.9558124154174061
1.3452608958037888 0.9557888272990192
1.3451783421674544 0.9557652405461009
1.3450957933122385 0.95574165515927
1.3450132492355427 0.9557180711376743
1.3449307099391414 0.955694488481197
1.3448481754198893 0.9556709071897214
1.3447656456784678 0.9556473272638661
1.344683120713371 0.9556237487020439
1.3446006005252804 0.9556001715056087
1.344518085114331 0.9555765956737085
1.3444355744773768 0.9555530212062266
1.3443530686167398 0.9555294481030466
1.3442705675298203 0.9555058763640519
1.3441880712167535 0.9554823059891259
1.3441055796787678 0.9554587369774168
1.3440230929127168 0.9554351693295433
1.3439406109198295 0.955411603046124
1.3438581336980528 0.9553880381255724
1.3437756612480687 0.9553644745685068
1.3436931935694651 0.955340912374811
1.3436107306612834 0.9553173515436335
1.3435282725225643 0.955293792075593
1.3434458191539902 0.9552702339698379
1.3433633705535077 0.9552466772269871
1.343280926721252 0.955223121846924
1.3431984876573582 0.9551995678280627
1.3431160533608673 0.9551760151717565
1.3430336238302734 0.9551524638771545
1.3429511990651641 0.955128913944875
1.342868779066222 0.9551053653733323
1.3427863638335822 0.9550818181638799
1.342703953364097 0.9550582723156668
1.3426215476595431 0.9550347278285766
1.3425391467184145 0.9550111847024934
1.3424567505402991 0.9549876429373009
1.3423743591264266 0.9549641025328831
1.342291972473649 0.954940563489124
1.3422095905810074 0.9549170258059074
1.3421272134497313 0.9548934894831174
1.342044841079409 0.9548699545206378
1.341962473468534 0.9548464209176182
1.3418801106172418 0.954822888674677
1.3417977525251203 0.9547993577916984
1.3417153991912105 0.954775828267832
1.3416330506151006 0.9547523001029619
1.3415507067963786 0.954728773296972
1.3414683677346326 0.9547052478504812
1.341386033429451 0.9546817237633732
1.3413037038793267 0.9546582010347981
1.3412213790843956 0.9546346796646401
1.341139059044246 0.9546111596535176
1.3410567437573708 0.9545876410005807
1.3409744332255482 0.9545641237049792
1.3408921274467238 0.954540607768066
1.340809826420486 0.9545170931889913
1.3407275301464228 0.9544935799683733
1.3406452386241225 0.9544700681046281
1.3405629518509832 0.9544465575983743
1.3404806698304257 0.9544230484494961
1.340398392560396 0.954399540657144
1.3403161200388392 0.9543760342219365
1.340233852265891 0.9543525291437579
1.3401515892416875 0.9543290254224928
1.3400693309658167 0.9543055230580255
1.3399870774373193 0.9542820220495066
1.3399048286546882 0.9542585223975547
1.3398225846197023 0.9542350241020542
1.3397403453292114 0.9542115271621557
1.339658110783899 0.954188031577744
1.3395758809839011 0.9541645373494374
1.3394936559277106 0.9541410444763867
1.3394114356149156 0.9541175529584767
1.3393292200456521 0.954094062795592
1.3392470092200561 0.9540705739883508
1.3391648031377161 0.9540470865359044
1.3390826017943858 0.9540236004381374
1.33900040519294 0.9540001156949346
1.3389182133324193 0.9539766323061807
1.3388360262118641 0.953953150271027
1.3387538438308628 0.9539296695908254
1.3386716661884557 0.9539061902647271
1.3385894932858748 0.9538827122926171
1.3385073251210649 0.9538592356736467
1.338425161693066 0.9538357604084343
1.3383430030025625 0.9538122864968648
1.3382608490480465 0.953788813938823
1.3381786998291065 0.9537653427334606
1.338096555346975 0.9537418728806626
1.3380144155985 0.9537184043810473
1.337932280585462 0.9536949372337663
1.3378501503052573 0.9536714714394381
1.3377680247585702 0.9536480069972144
1.337685903945537 0.9536245439077136
1.3376037878630058 0.9536010821700874
1.337521676512757 0.9535776217849543
1.3374395698938313 0.9535541627514662
1.3373574680063647 0.9535307050695082
1.3372753708493978 0.9535072487389655
1.337193278422519 0.9534837937597234
1.3371111907236717 0.9534603401316669
1.3370291077546375 0.9534368878539484
1.33694702951336 0.9534134369279192
1.3368649559994277 0.9533899873519985
1.3367828872118803 0.9533665391275377
1.3367008231524995 0.953343092252956
1.3366187638181324 0.9533196467288718
1.3365367092100122 0.9532962025551704
1.3364546593271789 0.9532727597310044
1.3363726141681245 0.9532493182569921
1.3362905737335338 0.953225878132286
1.3362085380218984 0.9532024393582371
1.336126507033904 0.9531790019332654
1.3360444807680416 0.9531555658572564
1.3359624592233514 0.9531321311308282
1.3358804424005188 0.9531086977531337
1.3357984302996806 0.9530852657240585
1.33571642291878 0.9530618350434882
1.3356344202574053 0.9530384057113083
1.335552422315145 0.953014977728137
1.3354704290921358 0.9529915510931275
1.3353884405879666 0.9529681258061653
1.3353064568000312 0.9529447018671361
1.3352244777312097 0.9529212792759255
1.335142503377799 0.9528978580324194
1.3350605337410335 0.9528744381365034
1.334978568819953 0.9528510195880633
1.334896608615243 0.9528276023862524
1.3348146531242977 0.952804186531689
1.3347327023478028 0.9527807720242588
1.3346507562842493 0.9527573588638477
1.3345688149343233 0.9527339470496092
1.3344868782970645 0.9527105365814292
1.33440494637261 0.952687127459926
1.3343230191594508 0.9526637196842531
1.3342410966571756 0.9526403132550287
1.3341591788653728 0.9526169081721388
1.3340772657830822 0.952593504434005
1.3339953574109895 0.9525701020419776
1.3339134537492325 0.9525467009959425
1.3338315547946555 0.9525233012943217
1.3337496605490424 0.9524999029384653
1.3336677710097862 0.9524765059275274
1.333585886178122 0.952453110261394
1.3335040060530896 0.9524297159399513
1.3334221306348264 0.9524063229630855
1.3333402599212743 0.9523829313306826
1.3332583939120217 0.952359541041897
1.333176532607206 0.9523361520973468
1.3330946760058668 0.95231276449765
1.3330128241081418 0.952289378241961
1.3329309769141684 0.9522659933287024
1.3328491344218882 0.9522426097592241
1.3327672966314388 0.9522192275334125
1.3326854635429577 0.9521958466511539
1.3326036351549355 0.9521724671116027
1.3325218114675097 0.9521490889153772
1.33243999247972 0.952125712061632
1.3323581781911547 0.9521023365509852
1.3322763686014025 0.9520789623825915
1.332194563709503 0.9520555895563374
1.3321127635155938 0.9520322180721094
1.3320309680198128 0.9520088479305255
1.3319491772195517 0.9519854791307407
1.3318673911160468 0.9519621116726416
1.3317856097083374 0.9519387455561145
1.3317038329965614 0.9519153807810461
1.331622060979209 0.9518920173473231
1.3315402936553198 0.951868655254832
1.3314585310255804 0.9518452945034594
1.3313767730901291 0.951821935093092
1.331295019845808 0.9517985770236164
1.331213271294403 0.9517752202949192
1.3311315274344038 0.951751864906156
1.3310497882659487 0.9517285108579447
1.3309680537869781 0.9517051581501721
1.3308863239981794 0.9516818067819937
1.3308045988985917 0.9516584567532962
1.330722878489452 0.9516351080646978
1.3306411627665031 0.9516117607160851
1.33055945173263 0.9515884147066139
1.330477745387971 0.9515650700361712
1.3303960437293676 0.9515417267053748
1.3303143467580567 0.9515183847133806
1.3302326544708796 0.9514950440600755
1.3301509668701723 0.9514717047453465
1.3300692839544246 0.9514483667690805
1.3299876057226756 0.9514250301318955
1.3299059321767124 0.9514016948322166
1.329824263312826 0.9513783608713927
1.329742599131155 0.95135502824858
1.329660939631837 0.9513316969629345
1.329579284815011 0.9513083670150744
1.3294976346813645 0.9512850384048865
1.329415989226639 0.9512617111322582
1.329334348452072 0.9512383851970766
1.329252712357802 0.951215060598498
1.329171080944517 0.9511917373371404
1.329089454207408 0.9511684154128909
1.329007832149912 0.9511450948249062
1.3289262147694183 0.9511217755738041
1.3288446020677152 0.9510984576587412
1.328762994041642 0.9510751410803355
1.3286813906913377 0.9510518258377437
1.3285997920174903 0.9510285119308531
1.3285181980180392 0.9510051993602816
1.3284366086936727 0.950981888125186
1.3283550240445294 0.9509585782254538
1.3282734440685486 0.9509352696609723
1.328191868765869 0.9509119624323594
1.3281102981377289 0.9508886565380418
1.3280287321798676 0.9508653519786372
1.3279471708940735 0.9508420487547636
1.3278656142799357 0.9508187468648478
1.3277840623359427 0.9507954463095075
1.3277025150627835 0.9507721470886304
1.3276209724583965 0.9507488492013738
1.327539434525121 0.9507255526483555
1.3274579012603456 0.950702257429463
1.3273763726625587 0.9506789635445841
1.3272948487329994 0.9506556709928763
1.3272133294701565 0.9506323797749572
1.3271318148730682 0.9506090898907146
1.327050304943524 0.9505858013393061
1.3269687996794626 0.9505625141206195
1.3268872990788219 0.9505392282352726
1.326805803145592 0.950515943682423
1.3267243118749608 0.9504926604619585
1.3266428252681672 0.950469378574497
1.3265613433253505 0.9504460980191963
1.3264798660438983 0.9504228187959443
1.3263983934239498 0.9503995409046287
1.3263169254667446 0.9503762643451377
1.3262354621702208 0.9503529891173589
1.326154003533967 0.9503297152219102
1.326072549557572 0.9503064426572199
1.3259911002417255 0.9502831714239057
1.3259096555849155 0.9502599015211259
1.3258282155850798 0.9502366329502281
1.325746780244559 0.9502133657103704
1.3256653495618413 0.9501900998007111
1.3255839235354148 0.9501668352218682
1.3255025021670699 0.9501435719737296
1.325421085453093 0.9501203100554537
1.3253396733941736 0.9500970494676584
1.3252582659910015 0.9500737902102318
1.325176863242615 0.9500505322816029
1.3250954651480529 0.950027275683119
1.3250140717069037 0.9500040204146682
1.3249326829187562 0.9499807664746799
1.32485129878375 0.9499575138645012
1.3247699192998221 0.949934262583291
1.3246885444682135 0.9499110126309374
1.3246071742874115 0.9498877640080583
1.3245258087553533 0.9498645167130831
1.3244444478743806 0.949841270747359
1.3243630916429814 0.949818026110045
1.324281740059643 0.9497947828010294
1.324200393124505 0.9497715408202005
1.3241190508382576 0.9497483001667177
1.32403771320049 0.9497250608419279
1.3239563802091388 0.949701822844261
1.3238750518643436 0.9496785861743346
1.3237937281656933 0.9496553508320374
1.323712409112777 0.9496321168165287
1.323631094703531 0.9496088841284261
1.323549784938095 0.9495856527668892
1.3234684798166088 0.9495624227325355
1.3233871793386611 0.9495391940245247
1.3233058835043918 0.9495159666434744
1.3232245923111863 0.9494927405885442
1.323143305761388 0.9494695158596227
1.3230620238529331 0.9494462924573277
1.3229807465865127 0.9494230703808189
1.3228994739589608 0.9493998496299848
1.322818205971519 0.9493766302054433
1.3227369426232256 0.9493534121056253
1.3226556839136692 0.9493301953311485
1.322574429843541 0.9493069798826305
1.3224931804096747 0.9492837657592312
1.3224119356138633 0.9492605529601108
1.3223306954545937 0.9492373414858868
1.322249459931455 0.9492141313364482
1.322168229044036 0.9491909225116838
1.3220870027924767 0.9491677150114826
1.3220057811747128 0.9491445088357333
1.3219245641925377 0.9491213039835965
1.3218433518438868 0.9490981004556897
1.3217621441289005 0.9490748982519017
1.3216809410466164 0.9490516973713932
1.3215997425955213 0.9490284978140531
1.32151854877796 0.9490052995804991
1.3214373595907654 0.9489821026698916
1.32135617503518 0.9489589070828482
1.3212749951091396 0.9489357128185297
1.321193819813335 0.9489125198768251
1.3211126491473557 0.9488893282576236
1.3210314831107905 0.9488661379608144
1.320950321702126 0.948842948987015
1.320869164921502 0.9488197613346581
1.3207880127679568 0.948796575004361
1.3207068652405276 0.9487733899967413
1.320625722341009 0.9487502063109601
1.3205445840656815 0.9487270239469066
1.3204634504168915 0.9487038429044701
1.320382321392022 0.9486806631828117
1.3203011969912135 0.9486574847825491
1.3202200772146064 0.9486343077035714
1.3201389620617898 0.9486111319457681
1.3200578515312495 0.9485879575083005
1.3199767456231264 0.9485647843917862
1.3198956443370091 0.9485416125953865
1.319814547672487 0.9485184421197189
1.3197334556274942 0.9484952729639449
1.3196523682043777 0.948472105127954
1.3195712853994168 0.9484489386130917
1.319490207214407 0.9484257734177914
1.3194091336478342 0.948402609541943
1.3193280647009422 0.9483794469854359
1.3192470003705619 0.9483562857488874
1.319165940657937 0.9483331258314596
1.3190848855621053 0.9483099672323141
1.3190038350832074 0.9482868099520685
1.3189227892208322 0.9482636539913402
1.3188417479729138 0.9482404993492911
1.3187607113395927 0.948217346025811
1.3186796793221136 0.9481941940207894
1.3185986519167547 0.9481710433333886
1.3185176291247602 0.9481478939649537
1.3184366109462713 0.9481247459139192
1.318355597380325 0.9481015991809023
1.3182745884259586 0.9480784537657931
1.3181935840827612 0.9480553096677539
1.3181125843503219 0.9480321668866744
1.3180315892287813 0.9480090254231721
1.317950598717177 0.9479858852771369
1.317869612813994 0.9479627464477313
1.3177886315193732 0.9479396089355726
1.3177076548340076 0.9479164727398234
1.3176266827563825 0.9478933378603737
1.3175457152860868 0.9478702042971134
1.3174647524227097 0.9478470720506601
1.3173837941663922 0.9478239411201763
1.3173028405150675 0.9478008115055522
1.3172218914683245 0.9477776832066778
1.317140947025752 0.9477545562234433
1.3170600071885956 0.9477314305564659
1.316979071954788 0.9477083062041814
1.3168981413261267 0.9476851831672073
1.3168172152999924 0.9476620614454335
1.3167362938754221 0.9476389410387505
1.316655377053109 0.9476158219463211
1.3165744648331947 0.9475927041694899
1.3164935572125072 0.9475695877066931
1.316412654194501 0.9475464725578209
1.3163317557748995 0.9475233587234905
1.3162508619560533 0.9475002462028653
1.3161699727353424 0.9474771349965627
1.316089088112356 0.9474540251044731
1.316008208087235 0.9474309165257597
1.315927332659569 0.9474078092603131
1.3158464618294992 0.9473847033087505
1.3157655955955099 0.9473615986702355
1.315684733958295 0.9473384953453854
1.3156038769163394 0.9473153933333638
1.3155230244686793 0.9472922926340611
1.3154421766160087 0.947269193247368
1.315361333356812 0.9472460951739017
1.3152804946912307 0.947222998412826
1.3151996606183014 0.9471999029633047
1.3151188311381656 0.9471768088266819
1.3150380062498601 0.9471537160021214
1.3149571859540792 0.9471306244887873
1.3148763702482016 0.9471075342872968
1.3147955591329217 0.9470844453975406
1.314714752608381 0.9470613578194093
1.3146339506725113 0.9470382715520671
1.3145531533260066 0.9470151865954048
1.3144723605667983 0.9469921029507661
1.314391572396686 0.9469690206165887
1.314310788814706 0.9469459395927635
1.3142300098193427 0.9469228598799078
1.3141492354101847 0.9468997814771858
1.3140684655879267 0.9468767043844886
1.3139877003516054 0.9468536286024332
1.3139069396991516 0.9468305541301841
1.31382618363126 0.9468074809683587
1.3137454321475193 0.9467844091161215
1.3136646852475191 0.9467613385733634
1.3135839429308485 0.9467382693399755
1.3135032051970965 0.9467152014158486
1.3134224720452996 0.9466921348008739
1.3133417434744943 0.9466690694956683
1.313261019485928 0.9466460054986707
1.3131803000775315 0.9466229428104983
1.3130995852494467 0.9465998814310421
1.31301887500071 0.9465768213601932
1.3129381693309101 0.9465537625971167
1.3128574682407426 0.9465307051424297
1.3127767717281376 0.9465076489960232
1.3126960797926843 0.9464845941570627
1.312615392433419 0.946461540626165
1.3125347096521425 0.9464384884032216
1.312454031447338 0.9464154374873976
1.3123733578174892 0.9463923878785844
1.3122926887632906 0.946369339577399
1.3122120242832258 0.9463462925837327
1.31213136437799 0.946323246896751
1.3120507090477251 0.9463002025163451
1.3119700582881493 0.9462771594431322
1.311889412102723 0.9462541176755521
1.3118087704893762 0.9462310772149477
1.311728133447698 0.9462080380604847
1.3116475009767246 0.9461850002120544
1.3115668730771513 0.9461619636695484
1.311486249748014 0.946138928432858
1.3114056309889022 0.9461158945018746
1.311325016798852 0.9460928618757644
1.3112444071774523 0.9460698305551442
1.3111638021242922 0.9460468005399056
1.3110832016395144 0.9460237718299402
1.3110026057221549 0.9460007444251395
1.3109220143712494 0.945977718325395
1.3108414275869404 0.945954693529873
1.3107608453693707 0.9459316700384651
1.3106802677170226 0.9459086478517883
1.310599694628932 0.9458856269697342
1.310519126105795 0.9458626073914692
1.3104385621455403 0.9458395891176102
1.3103580027483106 0.9458165721473238
1.310277447914802 0.9457935564805017
1.3101968976440503 0.9457705421177607
1.3101163519356447 0.9457475290575423
1.3100358107880674 0.9457245173011887
1.3099552742025682 0.9457015068478665
1.309874742177076 0.9456784976974675
1.309794214710626 0.9456554898498835
1.309713691803915 0.9456324833050064
1.3096331734570852 0.9456094780627281
1.309552659667512 0.9455864741229406
1.3094721504369988 0.9455634714855357
1.3093916457640276 0.9455404701504053
1.309311145647634 0.9455174701167165
1.309230650087961 0.9454944713850861
1.3091501590840438 0.9454714739554063
1.3090696726354718 0.9454484778275689
1.3089891907412805 0.9454254830007411
1.3089087134027204 0.94540248947554
1.3088282406182732 0.9453794972518573
1.3087477723880818 0.9453565063288606
1.308667308710628 0.9453335167071667
1.3085868495860546 0.9453105283859429
1.3085063950128437 0.9452875413650814
1.3084259449916917 0.9452645556451991
1.3083454995210804 0.9452415712254634
1.3082650586022604 0.9452185881057666
1.3081846222331595 0.945195606286001
1.3081041904144746 0.9451726257667833
1.3080237631446874 0.9451496465472812
1.3079433404244947 0.9451266686273869
1.307862922251824 0.9451036920062683
1.3077825086268189 0.9450807166845423
1.307702099549622 0.9450577426621011
1.307621695019269 0.9450347699395615
1.3075412950353489 0.945011798515367
1.307460899596897 0.9449888283901345
1.3073805087029486 0.9449658595637563
1.307300122354201 0.9449428920354006
1.307219740550243 0.9449199258056841
1.3071393632901105 0.9448969608744993
1.3070589905733923 0.9448739972410143
1.3069786223996778 0.9448510349051217
1.306898258768002 0.9448280738681625
1.3068178996779543 0.9448051141285807
1.3067375451296779 0.9447821556862689
1.3066571951227621 0.9447591985411198
1.3065768496562422 0.94473624269375
1.3064965087297071 0.9447132881433281
1.306416172342192 0.9446903348897466
1.3063358404932863 0.9446673829336224
1.306255513184242 0.9446444322733999
1.306175190412431 0.9446214829104199
1.3060948721791057 0.9445985348431272
1.306014558481638 0.9445755880728623
1.305934249322943 0.9445526425987942
1.30585394469873 0.9445296984208156
1.305773644610251 0.9445067555388191
1.3056933490570954 0.9444838139519739
1.3056130580377436 0.9444608736608965
1.3055327715545568 0.9444379346654798
1.3054524896043525 0.9444149969648928
1.3053722121861653 0.9443920605597523
1.305291939301802 0.9443691254499511
1.3052116709486346 0.9443461916346584
1.3051314071273608 0.9443232591144908
1.3050511478381244 0.9443003278886175
1.304970893079406 0.9442773979576553
1.3048906428513491 0.9442544693214971
1.304810397152434 0.9442315419793124
1.3047301559839137 0.9442086159309939
1.304649919343159 0.9441856911764349
1.3045696872308687 0.9441627677155285
1.3044894596460772 0.9441398455488913
1.3044092365889282 0.9441169246756927
1.3043290180590112 0.9440940050958261
1.3042488040542515 0.9440710868091844
1.304168594576457 0.9440481698156609
1.3040883896241076 0.9440252541151486
1.3040081891973472 0.9440023397075409
1.3039279932952106 0.9439794265920075
1.303847801916732 0.9439565147698885
1.3037676150615012 0.9439336042396304
1.3036874327285524 0.9439106950018497
1.3036072549185842 0.9438877870564397
1.3035270816311861 0.9438648804025705
1.3034469128648378 0.9438419750408588
1.3033667486196834 0.9438190709704745
1.303286588895312 0.9437961681920343
1.303206433691868 0.9437732667054315
1.3031262830089407 0.9437503665098363
1.30304613684279 0.9437274676058655
1.3029659951963342 0.943704569991966
1.3028858580680531 0.9436816736694775
1.302805725457536 0.9436587786382936
1.3027255973643723 0.9436358848968617
1.302645473788706 0.9436129924465213
1.3025653547284617 0.9435901012864429
1.3024852401837834 0.9435672114165201
1.3024051301537054 0.9435443228366465
1.302325024638372 0.9435214355467155
1.3022449236390374 0.9434985495466209
1.3021648271536261 0.9434756648362563
1.3020847351811724 0.9434527814155153
1.3020046477218203 0.9434298992835687
1.3019245647751594 0.9434070184417558
1.3018444863391134 0.9433841388892475
1.3017644124138268 0.9433612606252149
1.3016843430011094 0.9433383836502742
1.3016042780983297 0.9433155079635966
1.3015242177061876 0.9432926335657986
1.301444161823162 0.9432697604567739
1.301364110448842 0.9432468886356936
1.3012840635844827 0.9432240181024517
1.3012040212274525 0.943201148856942
1.3011239833773405 0.9431782809005034
1.3010439500354019 0.9431554142308622
1.3009639211990047 0.9431325488493575
1.3008838968694043 0.9431096847551604
1.3008038770461898 0.9430868219481651
1.3007238617272847 0.9430639604282655
1.3006438509139442 0.9430411001960779
1.3005638446052021 0.9430182412507739
1.3004838427995373 0.9429953835915252
1.3004038454970943 0.9429725272189482
1.3003238526963512 0.9429496721329369
1.3002438643985639 0.9429268183341077
1.300163880601655 0.9429039658209101
1.3000839013091028 0.9428811145939604
1.3000039265154966 0.9428582646531528
1.2999239562209812 0.9428354159976592
1.2998439904279235 0.9428125686280959
1.2997640291342465 0.9427897225443572
1.299684072339539 0.9427668777463372
1.2996041200433908 0.9427440342332079
1.299524172245391 0.9427211920055857
1.2994442289445731 0.9426983510626428
1.2993642901405267 0.9426755114049955
1.2992843558339522 0.942652673031094
1.2992044260222162 0.9426298359422768
1.2991245007076864 0.942607000137716
1.2990445798871737 0.942584165618028
1.2989646635619345 0.9425613323823853
1.2988847517310023 0.9425385004306821
1.2988048443934106 0.9425156697628129
1.298724941548749 0.9424928403786721
1.298645043197718 0.9424700122781542
1.2985651493376837 0.9424471854611535
1.298485259969903 0.9424243599275646
1.2984053750934093 0.9424015356772819
1.2983254947077918 0.9423787127102
1.2982456188115281 0.9423558910262133
1.298165747406431 0.9423330706252164
1.298085880490978 0.9423102515063821
1.2980060180642028 0.9422874336696052
1.2979261601262502 0.9422646171162234
1.2978463066755979 0.9422418018446881
1.2977664577129469 0.9422189878548939
1.2976866132373306 0.9421961751474571
1.2976067732483383 0.9421733637222723
1.2975269377455594 0.9421505535785127
1.297447106728583 0.9421277447160731
1.2973672801964427 0.9421049371355695
1.2972874581487273 0.9420821308361754
1.2972076405844701 0.9420593258185068
1.2971278275038167 0.9420365220810157
1.2970480189080247 0.9420137196250398
1.2969682147927903 0.9419909184497524
1.2968884151604836 0.9419681185550484
1.2968086200106939 0.9419453199408226
1.2967288293430104 0.9419225226069701
1.2966490431542415 0.9418997265533855
1.2965692614467574 0.9418769317799638
1.2964894842190353 0.9418541382865999
1.2964097114706643 0.9418313460731889
1.296329943200121 0.9418085551389043
1.2962501794086636 0.9417857654843624
1.2961704200958815 0.9417629771094583
1.2960906652608075 0.9417401900133658
1.2960109149019183 0.941717404196701
1.295931169019916 0.941694619658638
1.295851427613277 0.9416718363997928
1.2957716906838164 0.9416490544193394
1.295691958228341 0.9416262737178941
1.2956122302475532 0.9416034942946309
1.2955325067399295 0.9415807161501659
1.2954527877067283 0.9415579392829525
1.295373073147539 0.9415351636943277
1.2952933630608379 0.9415123893834657
1.2952136574456579 0.9414896163502618
1.2951339563021447 0.9414668445946113
1.295054259630444 0.9414440741171302
1.2949745674295887 0.9414213049169928
1.294894879699168 0.9413985369940947
1.2948151964393277 0.941375770348331
1.2947355176491009 0.941353004979597
1.2946558433264066 0.9413302408870674
1.2945761734713908 0.9413074780713583
1.2944965080858692 0.941284716532365
1.2944168471677615 0.941261956269983
1.2943371907166568 0.9412391972841077
1.2942575387321442 0.9412164395739138
1.29417789121437 0.9411936831400174
1.2940982481612533 0.9411709279823139
1.2940186095729398 0.941148174100699
1.2939389754495756 0.9411254214943474
1.2938593457907501 0.9411026701631549
1.2937797205943822 0.9410799201077372
1.2937000998617314 0.9410571713272696
1.293620483592387 0.9410344238216478
1.2935408717853816 0.9410116775907672
1.2934612644408614 0.9409889326352439
1.293381661557302 0.9409661889542531
1.2933020631342922 0.9409434465476906
1.2932224691719787 0.9409207054154519
1.2931428796682796 0.9408979655574328
1.293063294625012 0.9408752269735289
1.2929837140400944 0.940852489663636
1.292904137914787 0.9408297536276499
1.2928245662470081 0.9408070188654662
1.292744999036904 0.9407842853769808
1.292665436284064 0.9407615531613693
1.292585877986406 0.9407388222192477
1.2925063241463044 0.9407160925505117
1.292426774762792 0.9406933641550572
1.2923472298321153 0.9406706370327802
1.292267689357763 0.9406479111835764
1.292188153337096 0.9406251866066216
1.292108621770261 0.9406024633025319
1.2920290946568471 0.9405797412704833
1.2919495719970007 0.9405570205103716
1.2918700537891967 0.9405343010228129
1.2917905400330245 0.9405115828069831
1.291711030728073 0.9404888658627784
1.2916315258739317 0.9404661501900946
1.2915520254713044 0.9404434357895477
1.291472529519223 0.9404207226595942
1.2913930380161625 0.94039801080085
1.2913135509611544 0.9403753002139308
1.2912340683560175 0.9403525908972934
1.2911545901992265 0.9403298828522734
1.2910751164892558 0.940307176078047
1.2909956472268092 0.9402844705745106
1.2909161824120337 0.9402617663415602
1.2908367220428463 0.9402390633790922
1.290757266118836 0.9402163616862832
1.290677814639592 0.9401936612637489
1.2905983676052613 0.9401709621113856
1.2905189250159903 0.9401482642290896
1.2904394868702536 0.9401255676160377
1.2903600531681976 0.9401028722721263
1.2902806239099693 0.9400801781979711
1.2902011990934854 0.9400574853927489
1.29012177871945 0.9400347938570757
1.2900423627863378 0.9400121035908477
1.2899629512948525 0.9399894145932421
1.2898835442434684 0.9399667268641553
1.2898041416323325 0.9399440404034836
1.2897247434604762 0.9399213552111235
1.289645349728604 0.9398986712869717
1.2895659604346323 0.9398759886316437
1.2894865755798235 0.9398533072443168
1.289407195163209 0.9398306271248876
1.289327819182705 0.9398079482732528
1.2892484476406891 0.9397852706893086
1.28916908053452 0.9397625943729518
1.2890897178637866 0.9397399193240791
1.2890103596275204 0.9397172455418679
1.2889310058258683 0.9396945730276529
1.2888516564589774 0.9396719017806118
1.288772311526437 0.9396492317999222
1.288692971027836 0.9396265630861999
1.28861363496388 0.9396038956386223
1.2885343033302525 0.9395812294578055
1.2884549761293325 0.9395585645436461
1.2883756533601511 0.9395359008953218
1.2882963350211818 0.9395132385134484
1.2882170211136876 0.9394905773972038
1.2881377116361417 0.9394679175464848
1.2880584065886913 0.9394452589619072
1.2879791059714838 0.9394226016426489
1.2878998097824343 0.9393999455886067
1.2878205180233644 0.9393772908003964
1.2877412306910727 0.9393546372771961
1.2876619477862647 0.9393319850189027
1.2875826693079717 0.9393093340254132
1.2875033952568988 0.9392866842966244
1.2874241256320773 0.9392640358324335
1.2873448604330964 0.9392413886327373
1.2872655996578708 0.9392187426974329
1.2871863433082222 0.9391960980256988
1.287107091383182 0.9391734546181506
1.2870278438812226 0.9391508124746852
1.2869486008024917 0.9391281715951999
1.2868693621465785 0.9391055319788731
1.2867901279130722 0.9390828936263206
1.2867108981015618 0.9390602565374394
1.286631672712195 0.9390376207114083
1.286552451742886 0.9390149861488427
1.2864732351937822 0.93899235284964
1.2863940230650313 0.9389697208129789
1.286314815355664 0.9389470900387566
1.286235612065828 0.9389244605268706
1.2861564131939958 0.9389018322779362
1.286077218740873 0.9388792052911324
1.2859980287066077 0.9388565795670749
1.2859188430879969 0.9388339551049426
1.2858396618857464 0.938811331904633
1.285760485100004 0.9387887099660432
1.2856813127303586 0.9387660892890709
1.2856021447769581 0.9387434698736132
1.2855229812388334 0.9387208517195677
1.2854438221144564 0.9386982348268316
1.2853646674028578 0.9386756191953025
1.2852855171047437 0.9386530048248778
1.2852063712208206 0.9386303917154549
1.2851272297484433 0.9386077798669314
1.2850480926888768 0.9385851692784869
1.2849689600411516 0.9385625599500187
1.2848898318037396 0.9385399518821425
1.2848107079779059 0.9385173450747556
1.2847315885615638 0.9384947395277558
1.2846524735570959 0.9384721352403227
1.284573362960739 0.9384495322130718
1.2844942567737587 0.9384269304451829
1.2844151549951854 0.9384043299365536
1.2843360576229317 0.9383817306870817
1.284256964658822 0.9383591326973826
1.2841778761018867 0.9383365359666361
1.2840987919522737 0.9383139404947402
1.284019712207337 0.9382913462815924
1.2839406368689008 0.9382687533278082
1.283861565934878 0.9382461616325678
1.2837824994070932 0.9382235711950513
1.2837034372829 0.9382009820165915
1.2836243795624465 0.9381783940963689
1.2835453262447627 0.9381558074342813
1.283466277329997 0.9381332220302264
1.2833872328177383 0.9381106378841022
1.2833081927075758 0.9380880549958065
1.2832291569985397 0.9380654733645198
1.283150125690219 0.9380428929908576
1.2830710987827618 0.9380203138740003
1.2829920762746394 0.9379977360145633
1.282913058166559 0.9379751594124445
1.2828340444575508 0.9379525840675419
1.2827550351466444 0.937930009978319
1.2826760302345472 0.9379074371468256
1.282597029721408 0.9378848655708079
1.2825180336040198 0.9378622952515985
1.2824390418836493 0.9378397261890955
1.2823600545598857 0.9378171583824798
1.282281071632318 0.9377945918316496
1.2822020930999762 0.9377720265365029
1.2821231189624496 0.9377494624969379
1.2820441492187677 0.9377268997128528
1.2819651838701975 0.9377043381848629
1.2818862229146504 0.9376817779114321
1.2818072663522748 0.9376592188931759
1.281728314181541 0.9376366611307095
1.281649366404835 0.9376141046232142
1.281570423018949 0.9375915493698711
1.2814914840240317 0.9375689953712956
1.281412549419672 0.9375464426273858
1.2813336192071372 0.9375238911373235
1.2812546933832194 0.9375013409017237
1.2811757719497454 0.9374787919204848
1.2810968549046262 0.9374562441927883
1.2810179422474506 0.9374336977192494
1.2809390339794862 0.9374111524997667
1.2808601300986437 0.9373886085335216
1.2807812306050717 0.9373660658204127
1.2807023354966804 0.9373435243610552
1.280623444775857 0.9373209841546308
1.2805445584399522 0.9372984452017548
1.2804656764891145 0.9372759075016088
1.280386798922933 0.9372533710540917
1.2803079257409968 0.9372308358591018
1.2802290569440145 0.9372083019172543
1.280150192529896 0.9371857692270148
1.2800713324999093 0.9371632377897148
1.2799924768502857 0.9371407076045364
1.2799136255839723 0.9371181786706618
1.2798347786983193 0.9370956509894227
1.279755936194595 0.9370731245592848
1.2796770980729482 0.9370505993808633
1.279598264330169 0.9370280754547732
1.2795194349669665 0.9370055527794804
1.2794406099834892 0.9369830313556001
1.2793617893782063 0.9369605111830311
1.279282973151827 0.9369379922609559
1.2792041613022604 0.9369154745899894
1.2791253538302154 0.9368929581693142
1.2790465507369608 0.9368704429995455
1.2789677520192864 0.936847929080582
1.2788889576773408 0.9368254164116064
1.278810167710153 0.9368029049932338
1.2787313821189923 0.9367803948239308
1.2786526009028873 0.9367578859050286
1.2785738240614275 0.93673537823571
1.2784950515925217 0.9367128718165899
1.278416283496319 0.9366903666468513
1.2783375197735285 0.9366678627263934
1.2782587604237392 0.9366453600551149
1.2781800054471002 0.936622858632915
1.2781012548409605 0.9366003584596926
1.2780225086054688 0.9365778595353468
1.2779437667396543 0.9365553618597767
1.2778650292453464 0.9365328654328815
1.2777862961210138 0.9365103702538443
1.277707567364005 0.9364878763232801
1.2776288429761495 0.936465383641088
1.2775501229570365 0.9364428922071673
1.277471407306255 0.9364204020207012
1.2773926960222735 0.9363979130830206
1.2773139891063618 0.936375425392593
1.277235286555868 0.9363529389493178
1.2771565883726221 0.93633045375381
1.2770778945534118 0.936307969805253
1.2769992050995067 0.9362854871042618
1.276920520010496 0.9362630056507357
1.276841839284848 0.9362405254438584
1.276763162924393 0.9362180464828137
1.2766844909275994 0.9361955687696476
1.2766058232923752 0.9361730923021128
1.2765271600199903 0.9361506170808243
1.2764485011083526 0.9361281431063968
1.2763698465581717 0.9361056703772991
1.276291196369597 0.9360831988948612
1.2762125505416575 0.9360607286582674
1.2761339090739419 0.9360382596674169
1.2760552719654785 0.9360157919222094
1.2759766392158565 0.9359933254225442
1.2758980108252251 0.9359708601676057
1.2758193867931737 0.9359483961580086
1.27574076711817 0.9359259333936525
1.2756621518003632 0.9359034718744369
1.2755835408393428 0.9358810116002615
1.275504934235258 0.9358585525703106
1.2754263319871373 0.935836094785199
1.2753477340945696 0.9358136382441113
1.275269140556583 0.9357911829469472
1.2751905513727666 0.9357687288950364
1.2751119665438309 0.9357462760868485
1.2750333860676824 0.9357238245222831
1.2749548099455925 0.9357013742012401
1.2748762381771501 0.9356789251243341
1.274797670760262 0.9356564772907501
1.274719107693956 0.9356340307003875
1.2746405489800643 0.9356115853538614
1.274561994618176 0.9355891412503564
1.274483444605076 0.9355666983897725
1.2744048989425962 0.9355442567720095
1.274326357629204 0.9355218163962523
1.2742478206650492 0.9354993772638307
1.2741692880497206 0.9354769393732147
1.2740907597839293 0.9354545027250193
1.2740122358638983 0.9354320673191442
1.2739337162920215 0.9354096331562041
1.2738552010667656 0.9353872002346695
1.2737766901888419 0.9353647685551552
1.2736981836544727 0.9353423381168463
1.2736196814677354 0.9353199089203578
1.2735411836254138 0.9352974809655894
1.2734626901276578 0.9352750542517267
1.2733842009740561 0.9352526287793844
1.2733057161630756 0.935230204547748
1.2732272356965495 0.935207781557432
1.2731487595729447 0.9351853598076221
1.2730702877907276 0.9351629392982184
1.2729918203506094 0.9351405200298355
1.2729133572527402 0.9351181020016591
1.272834898496709 0.9350956852135895
1.2727564440798598 0.9350732696655268
1.2726779940040265 0.9350508553573713
1.2725995482665526 0.9350284422897376
1.27252110686815 0.9350060304618114
1.272442669808407 0.9349836198734932
1.2723642370869128 0.9349612105246832
1.2722858087032562 0.9349388024145674
1.272207384657026 0.9349163955444747
1.2721289649478114 0.9348939899135911
1.2720505495746395 0.9348715855211027
1.2719721385376606 0.9348491823676243
1.2718937318359023 0.934826780453056
1.2718153294695147 0.9348043797765843
1.2717369314375253 0.9347819803388235
1.2716585377389613 0.9347595821389603
1.2715801483745346 0.934737185177609
1.2715017633449572 0.9347147894539559
1.271423382647572 0.9346923949686158
1.2713450062819676 0.934670001720775
1.2712666342488559 0.934647609711048
1.2711882665461411 0.9346252189386215
1.271109903175097 0.9346028294041099
1.271031544133627 0.9345804411066999
1.2709531894224437 0.9345580540462921
1.270874839040574 0.934535668222787
1.270796492987045 0.9345132836360853
1.2707181512631307 0.9344909002868016
1.270639813867858 0.9344685181741225
1.270561480800816 0.9344461372979488
1.27048315206047 0.9344237576581811
1.2704048276464086 0.9344013792547202
1.2703265075593442 0.9343790020867531
1.2702481917971802 0.9343566261548942
1.2701698803623145 0.9343342514590444
1.2700915732520888 0.9343118779991043
1.2700132704677771 0.9342895057749747
1.2699349720067212 0.9342671347865565
1.2698566778696334 0.9342447650330369
1.2697783880555404 0.9342223965150303
1.2697001025640313 0.934200029231724
1.2696218213946946 0.9341776631830189
1.269543544547681 0.9341552983695294
1.2694652720220174 0.9341329347911563
1.2693870038178547 0.9341105724470873
1.2693087399342196 0.9340882113372231
1.2692304803707006 0.9340658514614648
1.2691522251268867 0.9340434928204269
1.2690739742023667 0.9340211354132968
1.2689957275961672 0.9339987792399755
1.268917485308439 0.9339764243003642
1.268839247338771 0.9339540705943639
1.2687610136867518 0.9339317181218756
1.2686827843519701 0.9339093668828004
1.268604559334015 0.9338870168777526
1.2685263386324748 0.9338646681052069
1.268448122245252 0.9338423205657777
1.268369910171935 0.933819974259366
1.2682917024149238 0.9337976291858732
1.2682134989726825 0.9337752853452002
1.2681352998453626 0.9337529427365352
1.2680571050303033 0.9337306013612056
1.2679789145276557 0.9337082612176865
1.2679007283386954 0.9336859223058791
1.267822546460762 0.9336635846271107
1.2677443688945687 0.9336412481791437
1.2676661956397042 0.9336189129640182
1.267588026695757 0.9335965789802096
1.2675098620623164 0.9335742462276193
1.2674317017378458 0.9335519147068615
1.2673535457224963 0.9335295844171246
1.2672753940164192 0.9335072553583101
1.2671972466192032 0.9334849275310323
1.267119103529312 0.9334626009337669
1.267040964747459 0.9334402755678408
1.2669628302726708 0.9334179514324429
1.2668847001050982 0.9333956285274745
1.2668065742437677 0.933373306852837
1.2667284526882678 0.9333509864077194
1.2666503354376248 0.9333286671934485
1.2665722224919898 0.9333063492092132
1.2664941138520767 0.9332840324542023
1.2664160095152237 0.9332617169290301
1.2663379094821448 0.9332394026335983
1.2662598137501777 0.9332170895678082
1.2661817223217244 0.9331947777308491
1.266103635196374 0.9331724671240476
1.2660255523731518 0.9331501577458802
1.2659474738505216 0.9331278495962487
1.265869399627509 0.9331055426757673
1.2657913297065164 0.9330832369843375
1.2657132640854443 0.9330609325211487
1.265635202763881 0.9330386292861027
1.2655571457408528 0.9330163272798135
1.2654790930170736 0.9329940265014707
1.2654010445915693 0.9329717269509759
1.26532300046224 0.9329494286282309
1.2652449606303626 0.93292713153385
1.2651669250966517 0.9329048356670225
1.2650888938595704 0.9328825410276504
1.265010866918144 0.9328602476156356
1.264932844272524 0.932837955431592
1.2648548259217365 0.9328156644739972
1.2647768118659328 0.9327933747434654
1.2646988021041385 0.9327710862398984
1.2646207966353793 0.9327487989631981
1.2645427954598065 0.9327265129132666
1.264464798578135 0.9327042280892938
1.2643868059882641 0.9326819444918937
1.2643088176903454 0.9326596621209683
1.2642308336845307 0.9326373809764196
1.264152853967593 0.9326151010581496
1.2640748785424993 0.9325928223653486
1.2639969074082755 0.9325705448986304
1.2639189405633835 0.9325482686571853
1.2638409780079751 0.9325259936416272
1.2637630197416392 0.9325037198511466
1.2636850657628376 0.9324814472863572
1.263607116073975 0.9324591759464494
1.2635291706706973 0.9324369058313255
1.2634512295548461 0.9324146369408877
1.26337329272601 0.9323923692750381
1.263295360183214 0.932370102833679
1.2632174319254834 0.9323478376174243
1.2631395079540968 0.9323255736254646
1.2630615882663894 0.9323033108569906
1.2629836728636394 0.9322810493133278
1.262905761744309 0.9322587889936669
1.2628278549096765 0.9322365298979102
1.2627499523582042 0.9322142720252484
1.2626720540872263 0.9321920153770071
1.2625941600997121 0.9321697599516656
1.2625162703929964 0.9321475057498377
1.262438384967231 0.9321252527714259
1.2623605038231314 0.932103001015621
1.2622826269608496 0.9320807504830372
1.2622047543777202 0.9320585011735767
1.262126886073895 0.9320362530864306
1.262049022048399 0.9320140062215014
1.2619711623019478 0.9319917605801145
1.2618933068330027 0.9319695161607494
1.261815455642843 0.9319472729633089
1.2617376087299297 0.9319250309884068
1.261659766093288 0.9319027902352345
1.2615819277330698 0.9318805507036944
1.2615040936494273 0.9318583123944003
1.2614262638396938 0.9318360753058326
1.261348438305713 0.9318138394393162
1.2612706170459456 0.9317916047940427
1.2611928000616714 0.9317693713699146
1.2611149873513516 0.9317471391668347
1.2610371789140107 0.9317249081847058
1.2609593747498007 0.9317026784234304
1.2608815748566187 0.9316804498829113
1.2608037792363085 0.9316582225630513
1.2607259878890225 0.9316359964630422
1.2606482008104019 0.9316137715842087
1.2605704180039823 0.9315915479250316
1.2604926394665326 0.9315693254861249
1.2604148651993328 0.9315471042673912
1.2603370952014075 0.9315248842680225
1.260259329471217 0.9315026654886326
1.2601815680106059 0.9314804479284136
1.2601038108197267 0.931458231587979
1.2600260578953475 0.9314360164665212
1.2599483092370567 0.9314138025646537
1.2598705648455706 0.9313915898815687
1.259792824721042 0.9313693784171693
1.2597150888624948 0.9313471681713584
1.2596373572683894 0.9313249591447498
1.2595596299394425 0.9313027513365356
1.2594819068746779 0.931280544746619
1.2594041880742484 0.9312583393756138
1.2593264735377423 0.9312361352220015
1.259248763264184 0.9312139322871067
1.2591710572537258 0.9311917305701217
1.259093355505392 0.9311695300709497
1.2590156580182066 0.9311473307887833
1.258937964792322 0.9311251327242362
1.2588602758284553 0.9311029358772116
1.2587825911245019 0.9310807402476126
1.25870491068005 0.9310585458346319
1.2586272344952525 0.9310363526388832
1.2585495625696974 0.9310141606602698
1.2584718949046663 0.9309919698986947
1.2583942314963612 0.9309697803533511
1.258316572347757 0.9309475920248524
1.2582389174544908 0.9309254049123917
1.2581612668189732 0.9309032190165826
1.2580836204402281 0.9308810343366181
1.2580059783161504 0.9308588508731117
1.257928340448586 0.9308366686252567
1.257850706836559 0.9308144875936666
1.257773077479093 0.9307923077775345
1.2576954523763408 0.930770129176764
1.257617831527891 0.9307479517912585
1.2575402149322024 0.9307257756209213
1.2574626025882987 0.930703600665656
1.2573849944968973 0.9306814269253662
1.2573073906575865 0.930659254399955
1.257229791070519 0.9306370830900362
1.2571521957352834 0.9306149129940933
1.257074604650903 0.9305927441127397
1.2569970178180956 0.930570576445879
1.2569194352341908 0.9305484099934148
1.2568418568993414 0.9305262447545408
1.2567642828153944 0.9305040807298706
1.2566867129785497 0.9304819179193076
1.2566091473895251 0.9304597563227555
1.2565315860490383 0.9304375959401179
1.2564540289555477 0.9304154367705887
1.2563764761086418 0.9303932788140716
1.2562989275090384 0.9303711220711801
1.2562213831546312 0.9303489665418179
1.256143843046138 0.9303268122244692
1.256066307183147 0.9303046591204573
1.2559887755635517 0.9302825072289762
1.255911248188635 0.9302603565506393
1.2558337250579852 0.9302382070846409
1.2557562061694953 0.9302160588308847
1.2556786915255786 0.9301939117892745
1.2556011811224332 0.9301717659597142
1.2555236749624725 0.9301496213428172
1.2554461730441546 0.9301274779377778
1.2553686753676325 0.9301053357437905
1.2552911819313646 0.9300831947614686
1.2552136927355038 0.9300610549907161
1.2551362077796384 0.930038916431437
1.2550587270627913 0.9300167790842445
1.2549812505868114 0.9299946429476239
1.2549037783478958 0.9299725080221884
1.254826310346763 0.9299503743078422
1.2547488465835661 0.9299282418044892
1.2546713870573283 0.9299061105113241
1.254593931768768 0.9298839804289604
1.2545164807157776 0.9298618515573019
1.2544390338990756 0.9298397238955437
1.2543615913182504 0.9298175974435898
1.2542841529723248 0.9297954722020535
1.254206718861452 0.9297733481701298
1.2541292889840896 0.9297512253477229
1.254051863340391 0.9297291037347369
1.2539744419299441 0.9297069833317851
1.2538970247529024 0.9296848641380627
1.2538196118077234 0.9296627461534739
1.2537422030945604 0.9296406293779228
1.253664798613567 0.9296185138120228
1.2535873983637655 0.929596399454969
1.253510002344179 0.9295742863066657
1.2534326105549607 0.9295521743670174
1.2533552229951332 0.9295300636359283
1.2532778396654156 0.9295079541133026
1.2532004605642648 0.9294858457983358
1.2531230856924003 0.9294637386916413
1.2530457150471475 0.9294416327938322
1.2529683486309224 0.9294195281033952
1.2528909864399194 0.9293974246209437
1.2528136284776858 0.9293753223456731
1.2527362747415474 0.9293532212781968
1.2526589252316576 0.929331121418419
1.2525815799470388 0.9293090227655356
1.252504238887279 0.9292869253194512
1.2524269020530976 0.9292648290807789
1.2523495694418199 0.9292427340487146
1.252272241054165 0.9292206402238714
1.2521949168897208 0.9291985476054452
1.2521175969492073 0.9291764561933407
1.2520402812299491 0.9291543659874624
1.2519629697321 0.9291322769884235
1.2518856624569452 0.92911018919542
1.2518083594029412 0.9290881026083566
1.2517310605685443 0.929066017227138
1.25165376595504 0.9290439330523772
1.2515764755620162 0.9290218500832704
1.251499189388495 0.9289997683190141
1.2514219074346304 0.9289776877602213
1.2513446296983124 0.9289556084075049
1.251267356179695 0.9289335302593532
1.2511900868783659 0.9289114533163793
1.2511128217956111 0.9288893775784877
1.2510355609293207 0.9288673030455834
1.2509583042790822 0.9288452297168629
1.250881051845616 0.9288231575929393
1.2508038036273776 0.9288010866737174
1.2507265596245214 0.9287790169583939
1.2506493198349367 0.9287569484475818
1.2505720842604757 0.9287348811404779
1.2504948528995943 0.928712815036987
1.2504176257530126 0.9286907501377222
1.2503404028186202 0.9286686864418804
1.250263184096571 0.9286466239500745
1.2501859695864528 0.9286245626615014
1.2501087592878533 0.9286025025760662
1.2500315532009267 0.9285804436943819
1.2499543513258276 0.9285583860156453
1.2498771536593118 0.9285363295390539
1.2497999602032328 0.9285142742659283
1.2497227709554792 0.9284922201954656
1.249645585917338 0.9284701673275711
1.2495684050878306 0.9284481156621498
1.2494912284671114 0.9284260651991068
1.2494140560525022 0.9284040159383471
1.2493368878464233 0.928381967879776
1.249259723847896 0.9283599210232987
1.249182564055375 0.9283378753681124
1.2491054084673157 0.9283158309148303
1.2490282570850046 0.9282937876626497
1.2489511099097297 0.9282717456121836
1.2488739669388125 0.9282497047633372
1.2487968281718407 0.9282276651153081
1.2487196936084022 0.9282056266687092
1.2486425632486513 0.9281835894234457
1.248565437091609 0.9281615533787154
1.24848831513743 0.9281395185344237
1.248411197385702 0.9281174848911833
1.2483340838343127 0.9280954524481921
1.2482569744851166 0.9280734212053555
1.2481798693360013 0.9280513911632863
1.2481027683871213 0.9280293623204751
1.2480256716380642 0.928007334678242
1.2479485790895515 0.9279853082357852
1.2478714907394706 0.92796328299301
1.2477944065891096 0.9279412589498219
1.2477173266363557 0.9279192361068337
1.2476402508819304 0.9278972144625363
1.2475631793242876 0.9278751940175424
1.247486111963582 0.9278531747717575
1.2474090487994014 0.9278311567250873
1.2473319898319002 0.9278091398767301
1.2472549350589655 0.9277871242272986
1.2471778844813186 0.9277651097766983
1.2471008381002482 0.927743096524835
1.2470237959119403 0.9277210844709071
1.2469467579182505 0.9276990736155273
1.2468697241181994 0.9276770639586012
1.2467926945096737 0.9276550554993275
1.2467156690956631 0.9276330482376118
1.2466386478734872 0.9276110421740669
1.2465616308421665 0.9275890373078914
1.24648461800299 0.9275670336389912
1.2464076093544112 0.9275450311679788
1.2463306048960174 0.9275230298940532
1.2462536046285309 0.9275010298178269
1.2461766085498376 0.9274790309384989
1.2460996166606597 0.927457033255975
1.2460226289600174 0.9274350367701609
1.245945645446931 0.9274130414809626
1.2458686661226903 0.9273910473882859
1.245791690985748 0.9273690544927434
1.2457147200368264 0.9273470627928275
1.2456377532738112 0.9273250722891508
1.245560790697992 0.9273030829816193
1.245483832306687 0.9272810948694322
1.245406878101186 0.9272591079539088
1.2453299280799417 0.9272371222342483
1.2452529822442437 0.92721513770965
1.245176040592545 0.9271931543800201
1.2450991031238656 0.9271711722459711
1.2450221698394954 0.927149191307409
1.2449452407384547 0.9271272115642399
1.2448683158186287 0.9271052330156633
1.2447913950801721 0.9270832556622918
1.2447144785238076 0.9270612795033248
1.2446375661479876 0.9270393045386687
1.2445606579522996 0.9270173307689359
1.244483753938034 0.9269953581933261
1.2444068541042106 0.9269733868117456
1.2443299584487142 0.9269514166241004
1.2442530669722676 0.926929447631003
1.2441761796738906 0.9269074798316534
1.2440992965537383 0.9268855132259578
1.2440224176119659 0.9268635478138223
1.2439455428470256 0.9268415835951532
1.2438686722590726 0.9268196205698569
1.243791805846559 0.9267976587378395
1.243714943610775 0.9267756980990073
1.2436380855513087 0.9267537386532667
1.243561231666044 0.926731780400524
1.2434843819551362 0.9267098233406854
1.2434075364187405 0.9266878674729513
1.243330695057012 0.926665912797934
1.2432538578672672 0.92664395931554
1.2431770248507967 0.9266220070256757
1.2431001960071881 0.9266000559275414
1.243023371335461 0.9265781060210435
1.2429465508357707 0.9265561573067946
1.2428697345065687 0.9265342097847011
1.2427929223485783 0.9265122634539634
1.2427161143613872 0.9264903183144881
1.2426393105445825 0.9264683743668877
1.2425625108971838 0.9264464316103627
1.2424857154176423 0.9264244900448196
1.2424089241066816 0.926402549670871
1.2423321369644569 0.9263806104870116
1.2422553539905556 0.9263586724945597
1.2421785751834291 0.9263367356927161
1.242101800543801 0.9263148000813874
1.2420250300712583 0.9262928656604803
1.241948263765389 0.9262709324299014
1.2418715016252118 0.9262490003895574
1.241794743649178 0.9262270695393549
1.241717989837443 0.926205139878495
1.2416412401901624 0.92618321140759
1.241564494708628 0.9261612841265466
1.241487753389586 0.9261393580352717
1.241411016232624 0.9261174331336719
1.2413342832407386 0.9260955094209485
1.2412575544095392 0.9260735868984193
1.2411808297408864 0.9260516655645801
1.2411041092326625 0.9260297454200431
1.2410273928872964 0.9260078264633044
1.2409506807021022 0.9259859086956815
1.2408739726772355 0.9259639921163761
1.2407972688111468 0.9259420767267057
1.240720569105697 0.9259201625251665
1.2406438735581997 0.9258982495116653
1.2405671821688105 0.9258763376861092
1.2404904949382536 0.9258544270484051
1.2404138118644108 0.92583251759846
1.2403371329480062 0.925810609336886
1.2402604581886272 0.9257887022628848
1.240183787585861 0.9257667963763636
1.2401071211381578 0.9257448916772293
1.2400304588468105 0.9257229881653889
1.2399538007108377 0.9257010858407495
1.2398771467292582 0.9256791847032182
1.239800496901659 0.9256572847519969
1.2397238512276274 0.925635385988403
1.2396472097073192 0.9256134884109334
1.2395705723403216 0.9255915920202002
1.2394939391256532 0.9255696968161107
1.2394173100634698 0.9255478027978669
1.2393406851522213 0.925525909966081
1.239264064393201 0.9255040183206602
1.2391874477837208 0.9254821278608067
1.2391108353256433 0.9254602385871328
1.2390342270174177 0.9254383504988407
1.2389576228592003 0.9254164635965425
1.2388810228505782 0.9253945778794407
1.238804426990001 0.9253726933481473
1.2387278352776243 0.9253508100018649
1.2386512477136045 0.9253289278412056
1.2385746642969597 0.925307046864667
1.238498085027277 0.9252851670735662
1.2384215099035747 0.9252632884671057
1.2383449389254395 0.9252414110451929
1.2382683720941656 0.9252195348077351
1.2381918094082023 0.9251976597546399
1.2381152508671365 0.9251757858858145
1.2380386964705552 0.9251539132011665
1.2379621462174766 0.9251320417006031
1.237885600109195 0.9251101713833275
1.2378090581441592 0.9250883022506562
1.2377325203219565 0.9250664343010875
1.2376559866416048 0.9250445675352336
1.2375794571038292 0.9250227019530018
1.2375029317087862 0.9250008375542998
1.2374264104537862 0.9249789743383308
1.2373498933378466 0.9249571123057065
1.2372733803634008 0.9249352514556304
1.2371968715300359 0.9249133917887143
1.2371203668350617 0.9248915333041615
1.2370438662797731 0.924869676002584
1.236967369863188 0.9248478198831851
1.2368908775831853 0.9248259649465768
1.236814389441629 0.9248041111919624
1.236737905438676 0.9247822586192497
1.2366614255716355 0.9247604072290505
1.236584949840664 0.9247385570205685
1.236508478247626 0.9247167079937113
1.2364320107886921 0.9246948601483868
1.2363555474651575 0.9246730134845026
1.2362790882771786 0.9246511680019666
1.236202633222634 0.9246293237013905
1.2361261823033882 0.9246074805812742
1.2360497355167508 0.9245856386422295
1.2359732928634473 0.9245637978848683
1.2358968543424953 0.9245419583076904
1.2358204199546208 0.9245201199106037
1.2357439896988411 0.9244982826942201
1.2356675635741736 0.9244764466591514
1.2355911415807748 0.9244546118038977
1.235514723717662 0.9244327781283669
1.235438309984422 0.9244109456331708
1.2353619003812113 0.9243891143175137
1.2352854949081866 0.9243672841827111
1.2352090935637956 0.9243454552272633
1.235132696349334 0.9243236274510784
1.2350563032615405 0.9243018008547683
1.2349799143028501 0.9242799754375371
1.234903529470571 0.9242581511999968
1.2348271487637201 0.9242363281413515
1.234750772185303 0.9242145062615095
1.2346743997314877 0.9241926855603788
1.2345980314041405 0.9241708660378677
1.2345216672017083 0.9241490476945877
1.234445307123778 0.9241272305290399
1.2343689511705065 0.924105414541836
1.2342925993414804 0.9240835997335879
1.2342162516351467 0.9240617861035
1.234139908051662 0.9240399736514806
1.2340635685917531 0.9240181623767345
1.233987233253867 0.9239963522798734
1.2339109020375905 0.9239745433608055
1.2338345749430801 0.9239527356201426
1.2337582519682126 0.923930929056386
1.233681933114855 0.9239091236694441
1.2336056183814537 0.9238873194599286
1.2335293077681657 0.9238655164277478
1.2334530012740077 0.9238437145721068
1.2333766988991366 0.9238219138936171
1.2333004006437094 0.9238001143921872
1.2332241065056022 0.9237783160670222
1.2331478164849718 0.9237565189187338
1.2330715305825457 0.9237347229458239
1.2329952487956295 0.9237129281496074
1.2329189711255204 0.9236911345292895
1.2328426975706648 0.9236693420847788
1.2327664281317898 0.9236475508166868
1.2326901628090527 0.923625760724219
1.232613901600329 0.9236039718072838
1.2325376445057759 0.9235821840664928
1.2324613915249798 0.9235603975003486
1.2323851426580978 0.9235386121094626
1.2323088979041463 0.9235168278944466
1.2322326572632822 0.9234950448538028
1.2321564207339515 0.9234732629881433
1.2320801883168817 0.9234514822980793
1.2320039600110888 0.9234297027821137
1.23192773581673 0.923407924440858
1.23185151573111 0.9233861472742209
1.2317752997566678 0.923364371282111
1.2316990878912784 0.9233425964637343
1.23162288013624 0.9233208228197022
1.2315466764905691 0.9232990503492208
1.231470476952711 0.9232772790529015
1.2313942815233931 0.9232555089299502
1.2313180902016319 0.9232337399809786
1.2312419029875843 0.9232119722051927
1.2311657198802664 0.923190205603204
1.2310895408798352 0.9231684401742185
1.2310133659841653 0.9231466759181453
1.2309371951939847 0.9231249128355956
1.2308610285094506 0.9231031509257759
1.2307848659301495 0.9230813901885949
1.2307087074550973 0.9230596306246641
1.2306325530833098 0.9230378722324873
1.230556402815515 0.9230161150133785
1.2304802566507285 0.9229943589665441
1.230404114588537 0.9229726040918931
1.2303279766290978 0.9229508503893344
1.2302518427708558 0.9229290978580746
1.2301757130133972 0.9229073464987252
1.2300995873580214 0.922885596311195
1.230023465803173 0.9228638472953933
1.2299473483495804 0.9228420994512289
1.2298712349956882 0.9228203527779085
1.2297951257405118 0.922798607276746
1.2297190205836377 0.9227768629462457
1.2296429195257943 0.9227551197870191
1.2295668225648548 0.922733377798273
1.2294907297021191 0.9227116369806189
1.2294146409371733 0.9226898973332636
1.229338556268462 0.9226681588568184
1.2292624756961423 0.9226464215504904
1.229186399220372 0.9226246854141887
1.229110326839595 0.9226029504478228
1.229034258553969 0.9225812166520038
1.2289581943636518 0.9225594840259388
1.2288821342676584 0.9225377525702392
1.228806078265575 0.9225160222841121
1.228730026356988 0.9224942931667649
1.2286539785420554 0.9224725652195108
1.228577934818078 0.9224508384415573
1.2285018951869275 0.9224291128328136
1.2284258596481903 0.922407388393189
1.2283498282014527 0.9223856651225929
1.2282738008445868 0.9223639430209347
1.2281977775788933 0.9223422220881238
1.228121758403387 0.9223205023233676
1.2280457433176544 0.9222987837272775
1.2279697323207102 0.9222770663004646
1.2278937254138549 0.9222553500414349
1.227817722595532 0.9222336349507996
1.2277417238647566 0.9222119210277664
1.2276657292222577 0.9221902082729465
1.2275897386676216 0.9221684966862493
1.2275137521998631 0.9221467862668828
1.2274377698185686 0.9221250770154582
1.2273617915233241 0.9221033689311833
1.2272858173131447 0.9220816620146693
1.2272098471887594 0.9220599562651243
1.2271338811480397 0.9220382516824577
1.227057919191715 0.9220165482665793
1.2269819613193715 0.9219948460181001
1.2269060075317388 0.9219731449362283
1.2268300578278317 0.9219514450208736
1.226754112205521 0.9219297462719456
1.2266781706655365 0.9219080486893539
1.2266022332068924 0.9218863522730084
1.226526299831462 0.9218646570228187
1.2264503705376884 0.9218429629386946
1.226374445323442 0.9218212700205458
1.2262985241900244 0.921799578268282
1.226222607137022 0.9217778876818129
1.226146694163449 0.9217561982610485
1.2260707852683195 0.9217345100051972
1.2259948804517917 0.9217128229148701
1.2259189797134518 0.9216911369899771
1.2258430830540297 0.9216694522304278
1.2257671904719676 0.9216477686354311
1.2256913019668518 0.9216260862055979
1.2256154175371243 0.9216044049401371
1.2255395371846591 0.9215827248389585
1.2254636609078986 0.9215610459026732
1.2253877887064286 0.921539368131191
1.2253119205804073 0.9215176915237209
1.2252360565288487 0.9214960160801728
1.2251601965507668 0.9214743418004568
1.2250843406468919 0.9214526686851838
1.22500848881681 0.9214309967335628
1.2249326410595354 0.9214093259455038
1.2248567973746536 0.9213876563216179
1.2247809577623232 0.9213659878604132
1.224705122221558 0.9213443205632016
1.2246292907513716 0.9213226544284915
1.2245534633530668 0.9213009894575945
1.224477640024513 0.9212793256497201
1.2244018207664407 0.9212576630047783
1.224326005577291 0.9212360015226793
1.2242501944572226 0.9212143412026323
1.2241743874063937 0.9211926820452485
1.2240985844243901 0.9211710240504379
1.2240227855102257 0.9211493672174103
1.223946990662914 0.9211277115474769
1.223871199883758 0.9211060570391467
1.2237954131706263 0.92108440369233
1.2237196305236777 0.9210627515076377
1.2236438519436428 0.9210411004842795
1.223568077429535 0.9210194506228662
1.2234923069797954 0.920997801923308
1.2234165405945825 0.9209761543841144
1.2233407782740546 0.9209545080072971
1.223265020017225 0.9209328627913653
1.2231892658236798 0.9209112187362297
1.2231135156935773 0.920889575842501
1.2230377696247856 0.9208679341086886
1.2229620276197535 0.9208462935361038
1.222886289676922 0.9208246541232564
1.2228105557947313 0.9208030158714574
1.2227348259744855 0.920781378779917
1.2226591002140523 0.9207597428478452
1.2225833785130178 0.9207381080765532
1.2225076608726855 0.920716474464551
1.2224319472926415 0.9206948420131494
1.222356237771899 0.9206732107208587
1.2222805323094712 0.9206515805889897
1.222204830904371 0.9206299516167527
1.2221291335567566 0.9206083238033582
1.2220534402667869 0.920586697149417
1.2219777510340477 0.9205650716548395
1.2219020658586979 0.9205434473188363
1.2218263847380313 0.9205218241420182
1.2217507076722067 0.9205002021235957
1.2216750346636747 0.9204785812641795
1.221599365708583 0.9204569615629802
1.2215237008088096 0.9204353430206085
1.221448039963367 0.9204137256362751
1.221372383171841 0.9203921094105908
1.2212967304320983 0.9203704943420664
1.2212210817465898 0.9203488804320125
1.221145437113182 0.9203272676796398
1.2210697965314607 0.9203056560848593
1.220994160002731 0.9202840456475816
1.220918527524859 0.9202624363677177
1.2208428990991502 0.9202408282451782
1.2207672747223244 0.920219221279874
1.2206916543962598 0.9201976154724157
1.2206160381193958 0.9201760108213148
1.220540425891318 0.9201544073278816
1.220464817711612 0.9201328049906273
1.2203892135804366 0.9201112038108624
1.2203136134973775 0.9200896037877981
1.2202380174625937 0.9200680049206458
1.220162425475671 0.9200464072100158
1.2200868375350484 0.9200248106558193
1.2200112536403114 0.9200032152572676
1.2199356737910454 0.9199816210149713
1.2198600979879828 0.9199600279281418
1.2197845262312828 0.9199384359973897
1.2197089585182372 0.919916845222626
1.2196333948484317 0.9198952556030622
1.219557835223172 0.9198736671386094
1.2194822796403233 0.9198520798298783
1.2194067281023386 0.9198304936760803
1.219331180607083 0.9198089086771267
1.2192556371535685 0.9197873248336279
1.2191800977425278 0.9197657421447957
1.2191045623729728 0.9197441606105412
1.2190290310444891 0.9197225802307757
1.2189535037560888 0.9197010010054103
1.2188779805067833 0.9196794229343562
1.2188024612996 0.9196578460175246
1.2187269461301091 0.9196362702548269
1.218651434999617 0.9196146956468731
1.21857592790943 0.9195931221921765
1.218500424856839 0.9195715498913474
1.218424925842577 0.919549978744297
1.2183494308639344 0.9195284087509367
1.218273939923939 0.9195068399111777
1.2181984530204553 0.9194852722242323
1.2181229701530685 0.9194637056907109
1.218047491321364 0.9194421403098259
1.2179720165266488 0.9194205760821875
1.217896545766213 0.9193990130070083
1.2178210790390682 0.9193774510848985
1.2177456163470952 0.9193558903157697
1.2176701576887317 0.9193343306988342
1.2175947030635628 0.9193127722347024
1.2175192524717482 0.9192912149225869
1.2174438059122992 0.919269658763098
1.217368363384801 0.9192481037554483
1.217292924888839 0.9192265498995493
1.2172174904257205 0.9192049971953126
1.2171420599927352 0.9191834456426496
1.2170666335911902 0.9191618952421708
1.2169912112178005 0.9191403459930889
1.2169157928744478 0.9191187978953154
1.2168403785612916 0.9190972509487619
1.2167649682779171 0.9190757051533401
1.2166895620221874 0.9190541605089615
1.216614159794836 0.9190326170155377
1.2165387615948737 0.9190110746729805
1.2164633674224605 0.9189895334805028
1.2163879772754587 0.9189679934394136
1.2163125911568988 0.9189464545482273
1.2162372090640694 0.9189249168075543
1.21616183099713 0.9189033802166077
1.2160864569545171 0.9188818447759977
1.216011086935816 0.918860310485636
1.2159357209429091 0.918838777344736
1.215860358974233 0.9188172453539079
1.2157850010299474 0.918795714512365
1.2157096471084887 0.9187741848200192
1.215634297210591 0.9187526562774806
1.215558951335265 0.9187311288839628
1.2154836094815213 0.9187096026400758
1.2154082716495198 0.9186880775450333
1.2153329378388456 0.9186665535987472
1.2152576080485094 0.9186450308011292
1.2151822822786706 0.9186235091527897
1.215106960529489 0.9186019886529421
1.215031642799401 0.9185804693014984
1.214956329089715 0.9185589510983707
1.214881019398867 0.9185374340434709
1.2148057137247188 0.9185159181367109
1.214730412069728 0.9184944033780027
1.2146551144323308 0.9184728897672583
1.2145798208126868 0.9184513773043897
1.2145045312092317 0.918429865989309
1.2144292456227002 0.9184083558212301
1.2143539640515275 0.9183868468007633
1.214278686495299 0.9183653389278205
1.2142034129547492 0.9183438322023136
1.2141281434288882 0.9183223266234571
1.2140528779184507 0.9183008221918609
1.2139776164224472 0.9182793189067392
1.2139023589381632 0.918257816768702
1.2138271054686327 0.9182363157769637
1.2137518560117164 0.9182148159321343
1.2136766105669992 0.9181933172334281
1.213601369133491 0.9181718196814551
1.2135261317119268 0.9181503232754298
1.2134508983024663 0.9181288280159621
1.21337566890412 0.9181073339015687
1.2133004435158976 0.9180858409335575
1.2132252221379591 0.918064349111143
1.2131500047698895 0.9180428584342374
1.213074791410699 0.9180213689027531
1.2129995820611221 0.9179998805166024
1.212924376719019 0.9179783932763952
1.2128491753845494 0.9179569071806487
1.2127739780584486 0.9179354222299728
1.212698784739151 0.9179139384242799
1.2126235954262419 0.9178924557634824
1.2125484101204562 0.9178709742474926
1.2124732288208038 0.9178494938755256
1.212398051525719 0.9178280146488886
1.2123228782365123 0.9178065365660992
1.2122477089516182 0.9177850596277674
1.2121725436711968 0.9177635838338054
1.2120973823959833 0.9177421091841259
1.2120222251244124 0.9177206356779439
1.2119470718549181 0.9176991633151721
1.2118719225888113 0.9176776920964201
1.2117967773256766 0.9176562220209035
1.2117216360645235 0.9176347530892317
1.2116464988049371 0.9176132853006204
1.2115713655459266 0.917591818654982
1.2114962362882276 0.9175703531529262
1.2114211110308495 0.9175488887936687
1.2113459897739525 0.9175274255771219
1.211270872516546 0.9175059635031985
1.2111957592582145 0.9174845025725084
1.2111206499979676 0.9174630427835699
1.2110455447353898 0.917441584136993
1.2109704434717923 0.9174201266333871
1.2108953462050334 0.9173986702719682
1.2108202529358487 0.9173772150526488
1.2107451636638231 0.9173557609746448
1.2106700783891169 0.9173343080385659
1.2105949971090124 0.9173128562450217
1.2105199198259724 0.9172914055925312
1.2104448465384303 0.9172699560817041
1.2103697772436681 0.9172485077124533
1.210294711943573 0.9172270604839946
1.210219650639457 0.9172056143969378
1.210144593328602 0.917184169450499
1.2100695400111683 0.9171627256452877
1.2099944906867406 0.9171412829805201
1.2099194453537518 0.9171198414568058
1.2098444040129381 0.917098401073361
1.2097693666638842 0.9170769618307955
1.2096943333061747 0.9170555237283252
1.20961930393997 0.9170340867665601
1.209544278565431 0.9170126509447162
1.2094692571798382 0.9169912162627066
1.2093942397833526 0.9169697827211409
1.209319226376134 0.9169483503192356
1.2092442169589195 0.9169269190569036
1.2091692115289896 0.916905488934058
1.2090942100876567 0.9168840599506118
1.2090192126333532 0.9168626321064781
1.2089442191668158 0.91684120540157
1.2088692296870531 0.9168197798358005
1.2087942441930732 0.9167983554090829
1.2087192626856131 0.9167769321213302
1.2086442851642571 0.916755509971759
1.208569311629166 0.9167340889616755
1.2084943420770435 0.9167126690895999
1.2084193765103548 0.9166912503561419
1.2083444149269558 0.9166698327612145
1.208269457326431 0.9166484163040348
1.2081945037112458 0.9166270009852122
1.2081195540792562 0.91660558680466
1.2080446084277416 0.9165841737615951
1.2079696667585913 0.916562761856627
1.207894729071966 0.9165413510889728
1.2078197953662975 0.916519941459242
1.207744865642323 0.9164985329666516
1.2076699398984745 0.9164771256118113
1.2075950181349122 0.9164557193939381
1.2075201003506444 0.9164343143129454
1.2074451865464082 0.9164129103687466
1.2073702767206351 0.9163915075612552
1.207295370873486 0.9163701058903844
1.207220469005698 0.9163487053567436
1.2071455711151262 0.9163273059588545
1.2070706772013549 0.9163059076980222
1.2069957872645447 0.9162845105734643
1.2069209013048567 0.9162631145850941
1.206846019319569 0.9162417197321294
1.2067711413123017 0.9162203260158754
1.2066962672797563 0.9161989334348538
1.2066213972215172 0.9161775419903698
1.206546531137745 0.9161561516802496
1.2064716690291775 0.916134762506494
1.2063968108936687 0.916113374467625
1.2063219567313797 0.916091987564252
1.206247106543048 0.9160706017962886
1.2061722603259513 0.9160492171629526
1.2060974180825572 0.9160278336648534
1.206022579810143 0.9160064513012088
1.205947745511177 0.9159850700726283
1.205872915182936 0.9159636899790254
1.2057980888255813 0.9159423110196182
1.2057232664369664 0.9159209331943203
1.205648448017829 0.9158995565030456
1.2055736335683305 0.9158781809464032
1.2054988230886314 0.9158568065236112
1.2054240165777395 0.915835433235279
1.2053492140346618 0.9158140610799295
1.2052744154595594 0.9157926900581717
1.2051996208520164 0.9157713201706149
1.205124830212771 0.9157499514164775
1.2050500435390994 0.9157285837949779
1.2049752608305855 0.9157072173067252
1.2049004820891214 0.9156858519523288
1.2048257073137143 0.9156644877303116
1.204750936501063 0.9156431246412831
1.204676169654791 0.9156217626851569
1.204601406772751 0.9156004018618471
1.2045266478545273 0.9155790421712675
1.2044518929008583 0.9155576836126368
1.2043771419101736 0.9155363261865641
1.2043023948814802 0.9155149698929634
1.2042276518149388 0.9154936147310535
1.2041529127101338 0.9154722607014435
1.2040781775672265 0.9154509078033523
1.2040034463852234 0.9154295560373888
1.2039287191637085 0.9154082054027722
1.203853995904575 0.9153868559001116
1.2037792766045208 0.9153655075286258
1.2037045612637067 0.915344160288229
1.2036298498817166 0.9153228141795302
1.2035551424592894 0.9153014692010536
1.2034804389954317 0.9152801253541032
1.2034057394891498 0.9152587826385931
1.2033310439411826 0.9152374410530475
1.2032563523493818 0.9152161005987705
1.203181664715641 0.9151947612749811
1.2031069810383894 0.9151734230808989
1.2030323013160558 0.9151520860178277
1.2029576255505339 0.9151307500849868
1.2028829537390975 0.9151094152822904
1.2028082858830633 0.915088081608958
1.2027336219814375 0.9150667490655987
1.2026589620343815 0.9150454176521265
1.2025843060414791 0.9150240873684559
1.2025096540000038 0.9150027582145009
1.2024350059124274 0.9149814301894814
1.2023603617771785 0.9149601032940063
1.2022857215944187 0.9149387775272952
1.202211085364887 0.9149174528899572
1.2021364530858567 0.9148961293812119
1.2020618247574892 0.9148748070016683
1.2019872003793681 0.9148534857505463
1.2019125799510773 0.9148321656284546
1.2018379634733558 0.9148108466346133
1.201763350945788 0.9147895287696313
1.2016887423668015 0.9147682120327284
1.2016141377365581 0.9147468964238192
1.2015395370540636 0.9147255819435126
1.2014649403200575 0.9147042685903342
1.2013903475341234 0.9146829563655872
1.2013157586946894 0.9146616452684917
1.201241173801339 0.9146403352989624
1.2011665928525002 0.9146190264569136
1.201092015850646 0.91459771874226
1.2010174427947824 0.9145764121549163
1.2009428736844932 0.9145551066947967
1.2008683085187837 0.9145338023611218
1.2007937472972379 0.9145124991545004
1.2007191900200174 0.9144911970755413
1.2006446366849715 0.9144698961234649
1.200570087293996 0.9144485962974915
1.2004955418449403 0.9144272975982302
1.2004210003391227 0.9144060000249014
1.2003464627755482 0.914384703578808
1.2002719291532227 0.9143634082577824
1.2001973994723076 0.9143421140631275
1.2001228737323866 0.914320820994758
1.200048351932465 0.9142995290518946
1.1999738340727046 0.9142782382344521
1.1998993201515324 0.9142569485430392
1.199824810170845 0.9142356599768767
1.1997503041290696 0.9142143725365734
1.1996758020257894 0.9141930862213502
1.1996013038611664 0.9141718010311218
1.1995268096324705 0.9141505169658031
1.199452319341599 0.9141292340253089
1.1993778329887135 0.9141079522095541
1.1993033505716624 0.9140866715191475
1.1992288720906075 0.9140653919526162
1.1991543975451322 0.9140441135112627
1.199079926935977 0.9140228361943081
1.1990054602604114 0.9140015600016675
1.1989309975209113 0.9139802849332558
1.1988565387153247 0.9139590109882941
1.1987820838438135 0.9139377381680849
1.1987076329053825 0.9139164664711557
1.198633185899615 0.9138951958981152
1.198558742827252 0.9138739264488784
1.1984843036861403 0.9138526581233605
1.1984098684776 0.9138313909207827
1.1983354372012138 0.9138101248417537
1.1982610098548294 0.9137888598861885
1.1981865864386088 0.9137675960533088
1.1981121669527137 0.9137463333430296
1.1980377513978853 0.913725071755266
1.1979633397719704 0.9137038112906266
1.1978889320751314 0.9136825519490266
1.1978145283069512 0.9136612937296876
1.197740128468171 0.9136400366325249
1.1976657325572164 0.913618780658147
1.197591340571934 0.9135975258057756
1.1975169525153804 0.913576272075326
1.197442568385981 0.9135550194667135
1.1973681881827405 0.9135337679798532
1.1972938119040837 0.9135125176146603
1.1972194395519098 0.9134912683710503
1.1971450711252232 0.9134700202496315
1.197070706623028 0.9134487732489328
1.1969963460460653 0.9134275273695627
1.1969219893927605 0.9134062826114364
1.1968476366632759 0.9133850389744693
1.1967732878583528 0.9133637964585768
1.1966989429746788 0.9133425550629811
1.1966246020147326 0.9133213147882907
1.1965502649757809 0.9133000756344208
1.1964759318591442 0.913278837600594
1.1964016026638264 0.9132576006874186
1.19632727738999 0.91323636489481
1.1962529560360597 0.9132151302226836
1.196178638602777 0.913193896670262
1.1961043250891459 0.9131726642381535
1.1960300154953285 0.9131514329255805
1.1959557098203286 0.9131302027324588
1.1958814080637294 0.9131089736593966
1.1958071102245347 0.9130877457056166
1.195732816305224 0.9130665188717271
1.195658526302484 0.913045293156258
1.1955842402176355 0.9130240685598179
1.195509958049103 0.9130028450830149
1.1954356797976282 0.9129816227250719
1.195361405461056 0.9129604014859044
1.1952871350395484 0.9129391813661208
1.1952128685332681 0.9129179623642514
1.1951386059423776 0.912896744481597
1.19506434726646 0.9128755277173807
1.1949900925045185 0.9128543120708255
1.1949158416549772 0.9128330975425397
1.194841594718578 0.9128118841324391
1.1947673516960629 0.9127906718404393
1.1946931125858558 0.9127694606664559
1.1946188773875397 0.9127482506097123
1.1945446461006974 0.9127270416701242
1.1944704187254915 0.9127058338482997
1.1943961952620845 0.9126846271441548
1.1943219757083203 0.9126634215576052
1.194247760065521 0.9126422170885665
1.1941735483326896 0.9126210137362624
1.1940993405088294 0.9125998115006084
1.1940251365941028 0.9125786103815207
1.1939509365869332 0.9125574103796072
1.1938767404886426 0.9125362114940917
1.1938025482982342 0.9125150137255822
1.1937283600158706 0.9124938170733023
1.193654175639975 0.912472621537168
1.19357999517071 0.9124514271170951
1.1935058186076584 0.9124302338129997
1.1934316459504029 0.9124090416247976
1.1933574771991062 0.912387850553097
1.1932833123516111 0.9123666605971217
1.1932091514098204 0.9123454717567877
1.1931349943727367 0.9123242840313188
1.193060841239943 0.9123030974220153
1.192986692010442 0.9122819119274092
1.1929125466843962 0.9122607275488004
1.1928384052613885 0.912239544285413
1.1927642677410015 0.912218362136471
1.192690134122238 0.9121971811025825
1.1926160044052607 0.9121760011836637
1.192541878589072 0.9121548223789386
1.1924677566732544 0.9121336446890154
1.1923936386591314 0.9121124681131182
1.1923195245457054 0.9120912926518552
1.1922454143302381 0.9120701183051424
1.1921713080157934 0.9120489450722041
1.1920972056002135 0.9120277729529567
1.192023107083081 0.912006601948008
1.1919490124651388 0.9119854320572742
1.1918749217442288 0.9119642632799799
1.1918008349210942 0.9119430956160413
1.1917267519947372 0.9119219290653746
1.1916526729641599 0.9119007636285879
1.1915785978301054 0.9118795993049056
1.191504526592737 0.9118584360942441
1.1914304592522178 0.9118372739965197
1.1913563958058082 0.9118161130116487
1.191282336254252 0.9117949531395474
1.1912082805971314 0.9117737943801323
1.191134228834029 0.9117526367333196
1.1910601809651078 0.9117314801990258
1.1909861369887893 0.9117103247771673
1.1909120969058171 0.9116891704676603
1.1908380607146125 0.9116680172704213
1.1907640284164995 0.9116468651853669
1.1906900000087384 0.9116257142117218
1.1906159754926533 0.9116045643500941
1.1905419548672458 0.9115834155997088
1.1904679381338408 0.9115622679618651
1.190393925288536 0.9115411214344056
1.1903199163343985 0.9115199760193207
1.1902459112698491 0.9114988317151441
1.1901719100944703 0.9114776885217926
1.1900979128084253 0.9114565464398738
1.1900239194095539 0.9114354054686133
1.1899499298997618 0.9114142656086187
1.1898759442763078 0.9113931268591154
1.189801962539936 0.9113719892207113
1.189727984690229 0.9113508526926316
1.1896540107261877 0.911329717274102
1.1895800406497186 0.9113085829664213
1.1895060744592418 0.911287449768815
1.189432112153178 0.9112663176811999
1.18935815373169 0.9112451867034926
1.1892841991931982 0.911224056836301
1.1892102485396088 0.9112029280781596
1.1891363017705043 0.9111818004296761
1.1890623588848859 0.9111606738914583
1.1889884198823357 0.9111395484620409
1.188914484762436 0.9111184241420317
1.1888405535253501 0.9110973009313474
1.1887666261694982 0.911076178829905
1.1886927026944623 0.911055057837621
1.188618783101568 0.9110339379537215
1.188544867388654 0.9110128191788142
1.1884709555558837 0.9109917015121249
1.188397047602839 0.9109705849542616
1.1883231435296835 0.9109494695044502
1.1882492433359992 0.9109283551632984
1.1881753470213685 0.9109072419300323
1.1881014545842108 0.9108861298045687
1.1880275660241082 0.9108650187882062
1.1879536813429679 0.9108439088794803
1.1878798005392095 0.9108228000783077
1.1878059236118337 0.9108016923846056
1.187732050561004 0.9107805857989816
1.1876581813863025 0.9107594803206619
1.1875843160878925 0.9107383759495635
1.1875104546641932 0.9107172726856037
1.1874365971153682 0.9106961705286992
1.187362743440418 0.9106750694787672
1.1872888936412505 0.9106539695357247
1.1872150477157033 0.9106328706994888
1.1871412056627768 0.9106117729699766
1.1870673674832162 0.9105906763471052
1.1869935331748585 0.9105695808307916
1.1869197027396121 0.9105484864209531
1.1868458761764773 0.9105273931175066
1.1867720534856179 0.9105063009196791
1.1866982346654524 0.910485209828078
1.1866244197167262 0.9104641198419302
1.1865506086378577 0.9104430309625334
1.1864768014290106 0.9104219431884243
1.1864029980903485 0.9104008565202103
1.1863291986208717 0.9103797709571184
1.186255403020162 0.9103586864997562
1.1861816112872194 0.9103376031473506
1.1861078234227895 0.9103165209005091
1.1860340394258722 0.9102954397584587
1.1859602592960492 0.9102743597211169
1.1858864830334843 0.9102532807890911
1.1858127106365957 0.9102322029616083
1.1857389421067106 0.9102111262392761
1.185665177444575 0.9101900506213217
1.185591416646279 0.9101689761076625
1.1855176597137325 0.9101479026982158
1.1854439066447706 0.910126830392899
1.1853701574407216 0.9101057591916295
1.1852964121017493 0.9100846890943247
1.185222670624525 0.9100636201009021
1.1851489330109588 0.9100425522112792
1.1850751992600503 0.9100214854253732
1.1850014693719633 0.9100004197431018
1.1849277433468617 0.9099793551643822
1.1848540211825809 0.9099582916891322
1.1847803028798667 0.9099372293165793
1.1847065884377186 0.9099161680473308
1.1846328778563004 0.9098951078806146
1.184559171134612 0.9098740488170378
1.184485468273399 0.9098529908572079
1.1844117692710787 0.9098319339989732
1.184338074127815 0.9098108782436307
1.1842643828426074 0.909789823591098
1.184190695416784 0.9097687700412925
1.1841170118487623 0.9097477175934424
1.1840433321375412 0.9097266662474653
1.183969656283867 0.9097056160032788
1.183895984287904 0.9096845668614902
1.1838223161474861 0.9096635188220171
1.1837486518616127 0.9096424718833982
1.1836749914345248 0.9096214260469301
1.1836013348611445 0.9096003813118411
1.183527682143383 0.9095793376780489
1.183454033279657 0.9095582951447818
1.1833803882695477 0.9095372537133365
1.1833067471132193 0.9095162133829412
1.1832331098102533 0.9094951741535138
1.183159476360231 0.909474136024972
1.1830858467638994 0.9094530989972336
1.1830122210190919 0.9094320630702164
1.1829385991259727 0.9094110282438383
1.1828649810835403 0.9093899945180172
1.1827913668931243 0.9093689618919815
1.182717756551975 0.9093479303663384
1.1826441500637535 0.9093268999410059
1.1825705474245445 0.9093058706152125
1.182496948635095 0.9092848423895654
1.182423353694986 0.9092638152632934
1.1823497626037993 0.9092427892376925
1.1822761753611162 0.9092217643106135
1.1822025919671006 0.9092007404833525
1.1821290124201687 0.9091797177558275
1.1820554367193183 0.9091586961272673
1.1819818648658795 0.9091376755982791
1.1819082968594339 0.9091166561674027
1.1818347326983965 0.9090956378359342
1.1817611723846806 0.9090746206031026
1.1816876159155358 0.9090536044695151
1.1816140632911263 0.9090325894337117
1.181540514511616 0.9090115754969884
1.1814669695765865 0.9089905626585744
1.181393428486202 0.9089695509183877
1.1813198912382945 0.9089485402763465
1.1812463578341945 0.9089275307323689
1.181172828272317 0.908906522286373
1.1810993025545757 0.9088855149382771
1.1810257806782194 0.9088645086879992
1.1809522626439954 0.9088435035354575
1.1808787484497354 0.9088224994798815
1.1808052380985197 0.9088014965218781
1.1807317315870136 0.9087804946613656
1.1806582289159646 0.9087594938982622
1.1805847300843704 0.908738494232486
1.1805112350923956 0.9087174956632668
1.1804377439390379 0.9086964981905227
1.180364256625045 0.9086755018148607
1.1802907731494148 0.9086545065361992
1.180217293511145 0.9086335123537678
1.1801438177104 0.9086125192681733
1.1800703457461772 0.9085915272786457
1.1799968776198082 0.9085705363857917
1.1799234133302905 0.9085495465888411
1.1798499528760382 0.9085285578877125
1.179776496258383 0.9085075702823242
1.1797030434757385 0.9084865837732831
1.1796295945271025 0.908465598359819
1.1795561494138065 0.9084446140418505
1.179482708136015 0.9084236308199843
1.1794092706903914 0.9084026486934506
1.1793358370788505 0.9083816676614793
1.17926240730039 0.9083606877246775
1.1791889813528396 0.9083397088829636
1.1791155592392824 0.908318731136256
1.1790421409575482 0.9082977544844734
1.1789687265083855 0.9082767789275341
1.178895315889624 0.9082558044653568
1.1788219091008445 0.9082348310978601
1.1787485061427954 0.9082138588242742
1.1786751070144736 0.908192887645206
1.1786017117177954 0.908171917560574
1.1785283202494226 0.9081509485702969
1.1784549326106875 0.9081299806736051
1.1783815488000031 0.9081090138704172
1.1783081688192858 0.9080880481613401
1.1782347926646133 0.9080670835462924
1.1781614203379016 0.9080461200245047
1.17808805183698 0.9080251575965836
1.1780146871643489 0.908004196261072
1.177941326318421 0.9079832360192645
1.1778679692981935 0.9079622768703918
1.1777946161038308 0.9079413188143727
1.17772126673433 0.907920361851126
1.1776479211904396 0.9078994059812583
1.1775745794699881 0.9078784512040006
1.1775012415743085 0.9078574975192715
1.177427907501229 0.9078365449269898
1.177354577252083 0.9078155934270745
1.177281250826451 0.9077946430201321
1.1772079282227452 0.907773693704706
1.1771346094417148 0.9077527454814026
1.1770612944829404 0.9077317983508287
1.1769879833460029 0.9077108523115277
1.1769146760304825 0.9076899073641062
1.176841372535376 0.9076689635084829
1.1767680728602636 0.9076480207438893
1.1766947770058949 0.9076270790716194
1.1766214849706815 0.9076061384902171
1.1765481967547886 0.9075851990002889
1.1764749123577964 0.9075642606010661
1.1764016317792858 0.9075433232931553
1.176328355018837 0.907522387075788
1.1762550820760307 0.9075014519495707
1.1761818129516162 0.9074805179137349
1.1761085476440054 0.9074595849681996
1.1760352861516097 0.9074386531135714
1.1759620284769319 0.9074177223490819
1.1758887746183835 0.9073967926746501
1.175815524575545 0.9073758640908826
1.1757422783474125 0.9073549365970109
1.1756690359341508 0.9073340101936418
1.1755957973370943 0.9073130848793195
1.1755225625529004 0.9072921606546505
1.1754493315823187 0.9072712375202412
1.1753761044249296 0.9072503154753235
1.1753028810814827 0.9072293945198167
1.175229661550974 0.9072084746536397
1.1751564458312298 0.9071875558767121
1.1750832339235844 0.9071666381889527
1.1750100258282028 0.9071457215902811
1.174936821543496 0.9071248060799291
1.1748636210690444 0.9071038916585031
1.174790424404428 0.9070829783259226
1.174717231550982 0.9070620660821066
1.1746440425071165 0.9070411549269746
1.1745708572729971 0.9070202448597586
1.1744976758470342 0.9069993358810652
1.174424498229978 0.9069784279901266
1.1743513244208237 0.9069575211875492
1.1742781544209064 0.9069366154732523
1.1742049882280516 0.9069157108457814
1.1741318258412545 0.9068948073071165
1.1740586672606803 0.9068739048558033
1.1739855124876641 0.9068530034917612
1.1739123615200313 0.9068321032149097
1.173839214359117 0.9068112040258549
1.1737660710027462 0.9067903059238295
1.1736929314504994 0.9067694089087529
1.1736197957042966 0.9067485129812315
1.1735466637602077 0.9067276181404978
1.173473535620153 0.9067067243864715
1.173400411283713 0.9066858317190719
1.1733272907498824 0.9066649401382186
1.1732541740188265 0.9066440496438313
1.1731810610912958 0.9066231602358292
1.173107951965115 0.9066022719141321
1.173034846639864 0.9065813846786596
1.1729617451162933 0.9065604985286444
1.172888647393983 0.9065396134646929
1.1728155534713427 0.9065187294867247
1.172742463349123 0.9064978465946595
1.1726693770269039 0.9064769647884168
1.17259629450368 0.9064560840679161
1.1725232157784462 0.9064352044323908
1.1724501408513675 0.9064143258817605
1.1723770697243656 0.9063934484166314
1.172304002394679 0.906372572036923
1.1722309388618872 0.9063516967425551
1.172157879127327 0.9063308225327611
1.172084823188822 0.9063099494074607
1.1720117710477083 0.9062890773665736
1.1719387227023952 0.9062682064100196
1.1718656781524623 0.9062473365384047
1.1717926373974896 0.9062264677516488
1.171719600437057 0.9062056000489854
1.1716465672701584 0.9061847334303342
1.1715735378987164 0.9061638678956152
1.1715005123211397 0.9061430034454343
1.1714274905358366 0.9061221400783389
1.171354472544144 0.9061012777956213
1.171281458345642 0.9060804165965153
1.1712084479393243 0.9060595564802545
1.171135441325357 0.906038697447445
1.1710624385027337 0.9060178394980067
1.1709894394710343 0.9059969826318596
1.1709164442298385 0.9059761268489235
1.1708434527798979 0.9059552721484323
1.1707704651202062 0.9059344185309921
1.1706974812497575 0.9059135659972088
1.1706245011687173 0.9058927145456305
1.1705515248772513 0.9058718641768629
1.1704785523737673 0.9058510148901404
1.1704055836590168 0.9058301666860687
1.1703326187331657 0.9058093195638821
1.1702596575928637 0.9057884735241865
1.1701867002412063 0.905767628566216
1.1701137466760152 0.9057467846905766
1.17004079689687 0.9057259418965026
1.1699678509027642 0.905705100183914
1.1698949086962078 0.905684259552731
1.1698219702750223 0.9056634200035595
1.169749035637615 0.9056425815356338
1.16967610478591 0.9056217441495598
1.169603177718315 0.9056009078438862
1.1695302544338226 0.9055800726199047
1.1694573349331854 0.9055592384768497
1.1693844192159826 0.9055384054146414
1.169311507281794 0.9055175734338856
1.16923859912844 0.9054967425331314
1.1691656947584317 0.9054759127129846
1.1690927941695897 0.9054550839733654
1.1690198973638388 0.905434256314194
1.1689470043384134 0.905413429735391
1.1688741150923063 0.9053926042368763
1.1688012296268562 0.9053717798185703
1.168728347941056 0.9053509564803934
1.1686554700350715 0.9053301342215805
1.1685825959084826 0.9053093130427372
1.1685097255596952 0.9052884929430985
1.1684368589900487 0.9052676739232703
1.1683639961985355 0.9052468559831729
1.168291137185322 0.9052260391220412
1.1682182819488143 0.9052052233397958
1.1681454304885917 0.905184408636357
1.16807258280482 0.9051635950123306
1.1679997388976653 0.9051427824676369
1.1679268987661202 0.9051219710015113
1.1678540624115241 0.905101160613874
1.1677812298299364 0.9050803513053309
1.1677084010238694 0.9050595430751172
1.167635575992316 0.9050387359231533
1.1675627547342688 0.905017929850045
1.1674899372504806 0.9049971248543426
1.16741712353877 0.9049763209366517
1.1673443136010635 0.9049555180975779
1.167271507435767 0.9049347163356717
1.1671987050430461 0.9049139156515387
1.16712590642072 0.9048931160457844
1.167053111570715 0.9048723175176445
1.1669803204908495 0.9048515200663546
1.1669075331824637 0.9048307236925203
1.1668347496439628 0.9048099283960622
1.1667619698760998 0.9047891341762161
1.166689193878454 0.9047683410335875
1.1666164216506045 0.9047475489680972
1.1665436531897826 0.9047267579796657
1.1664708884996764 0.9047059680682138
1.1663981275763426 0.9046851792329773
1.1663253704211218 0.904664391473877
1.1662526170324186 0.9046436047915185
1.1661798674115733 0.9046228191858224
1.1661071215575782 0.9046020346560248
1.166034379470012 0.9045812512027311
1.1659616411490414 0.9045604688251775
1.1658889065930707 0.9045396875232847
1.165816175802266 0.9045189072969736
1.1657434487773812 0.904498128146165
1.165670725515646 0.9044773500714643
1.1655980060189886 0.9044565730721079
1.1655252902858133 0.904435797148701
1.1654525783162863 0.9044150222997955
1.1653798701093994 0.9043942485266814
1.1653071656647314 0.904373475828595
1.1652344649830357 0.9043527042054571
1.1651617680633042 0.9043319336571888
1.1650890749051157 0.9043111641837109
1.1650163855086366 0.9042903957842601
1.1649436998728582 0.9042696284594416
1.164871017997947 0.9042488622091764
1.164798339881719 0.9042280970333857
1.1647256655255158 0.9042073329319903
1.1646529949300914 0.9041865699042269
1.1645803280926745 0.9041658079507008
1.164507665014019 0.904145047071333
1.1644350056948785 0.9041242872660447
1.164362350133657 0.9041035285340725
1.1642896983293458 0.9040827708753376
1.1642170502826985 0.9040620142904453
1.1641444059927064 0.9040412587793167
1.1640717654601238 0.9040205043411887
1.163999128682766 0.9039997509766666
1.1639264956613873 0.9039789986843032
1.1638538663949787 0.903958247466072
1.1637812408842945 0.9039374973198419
1.1637086191277377 0.903916748246218
1.1636360011272382 0.9038960002458059
1.1635633868800235 0.9038752533178425
1.1634907763850844 0.9038545074622489
1.1634181696449386 0.9038337626796307
1.1633455666574015 0.9038130189692247
1.1632729674214635 0.9037922763302685
1.1632003719396429 0.9037715347633671
1.1631277802085787 0.9037507942691259
1.1630551922290253 0.9037300548460981
1.1629826079999734 0.9037093164948892
1.1629100275215896 0.9036885792154202
1.1628374507934522 0.9036678430082965
1.162764877816316 0.9036471078720716
1.1626923085885834 0.9036263738073508
1.162619743110421 0.9036056408133715
1.1625471813814074 0.903584908890739
1.162474623400533 0.9035641780386907
1.1624020691691406 0.9035434482578321
1.1623295186850442 0.9035227195474005
1.1622569719472342 0.903501991908685
1.1621844289576417 0.9034812653402394
1.1621118897152571 0.9034605398419854
1.1620393542178942 0.9034398154138443
1.1619668224680724 0.9034190920564213
1.1618942944624289 0.9033983697696378
1.1618217702028952 0.9033776485527317
1.1617492496884614 0.9033569284056245
1.1616767329192943 0.9033362093289213
1.1616042198932073 0.9033154913211766
1.1615317106109553 0.9032947743829953
1.1614592050721166 0.9032740585149827
1.1613867032768581 0.9032533437163766
1.161314205224758 0.9032326299870986
1.1612417109159832 0.9032119173270705
1.1611692203483466 0.9031912057362138
1.1610967335226032 0.9031704952144501
1.1610242504371546 0.9031497857617011
1.1609517710933444 0.9031290773778884
1.1608792954895737 0.9031083700622502
1.1608068236254208 0.9030876638153916
1.1607343555039955 0.9030669586372343
1.160661891120756 0.9030462545276999
1.1605894304776347 0.9030255514860269
1.1605169735730327 0.9030048495135035
1.1604445204065283 0.902984148609368
1.160372070978877 0.9029634487728592
1.1602996252878905 0.9029427500038987
1.1602271833349136 0.9029220523030914
1.1601547451195242 0.9029013556696761
1.1600823106413005 0.9028806601042576
1.1600098798986431 0.9028599656067576
1.1599374528917188 0.9028392721757319
1.1598650296206945 0.9028185798124684
1.1597926100839706 0.9027978885162058
1.1597201942823028 0.9027771982875491
1.1596477822146802 0.9027565091250541
1.1595753738836259 0.9027358210306916
1.159502969285184 0.9027151340030176
1.1594305684212884 0.902694448041271
1.1593581712897503 0.9026737631467395
1.1592857778901475 0.9026530793186622
1.1592133882226472 0.9026323965562781
1.1591410022874162 0.902611714860875
1.1590686200846216 0.9025910342310091
1.1589962416132524 0.9025703546672851
1.1589238668722974 0.902549676169625
1.1588514958619236 0.9025289987379509
1.158779128582298 0.9025083223721848
1.1587067650324092 0.9024876470722486
1.1586344052112463 0.9024669728373816
1.1585620491195654 0.9024462996681888
1.1584896967569442 0.902425627564592
1.1584173481223716 0.9024049565265133
1.158345003216604 0.9023842865531921
1.1582726620380406 0.9023636176452332
1.1582003245856698 0.902342949801876
1.158127990862016 0.9023222830237253
1.1580556608648889 0.9023016173100207
1.1579833345938666 0.9022809526613668
1.1579110120491163 0.9022602890770032
1.1578386932284475 0.9022396265568521
1.1577663781355636 0.9022189651015181
1.1576940667670956 0.902198304710241
1.1576217591220317 0.902177645382943
1.1575494552028969 0.9021569871195463
1.1574771550063214 0.9021363299199731
1.157404858533062 0.9021156737848279
1.1573325657838756 0.9020950187133508
1.157260276756571 0.902074364705464
1.1571879914519052 0.9020537117610896
1.1571157098688662 0.9020330598801501
1.1570434320076213 0.9020124090625677
1.156971157867748 0.9019917593082648
1.1568988874482342 0.9019711106171635
1.156826620749837 0.9019504629885041
1.156754357772134 0.9019298164228912
1.1566820985129336 0.9019091709202469
1.1566098429735823 0.9018885264804938
1.156537591153658 0.9018678831035541
1.156465343052738 0.9018472407886683
1.1563930986698105 0.9018265995364407
1.1563208580044526 0.9018059593467939
1.1562486210580114 0.9017853202196501
1.1561763878300646 0.9017646821542498
1.1561041583178302 0.9017440451505153
1.1560319325214754 0.9017234092090514
1.1559597104417574 0.9017027743290983
1.1558874920782538 0.9016821405112606
1.1558152774299522 0.9016615077547788
1.1557430664976098 0.9016408760595754
1.155670859280214 0.9016202454255731
1.1555986557761624 0.9015996158533761
1.1555264559873923 0.9015789873422252
1.1554542599117112 0.9015583598920429
1.1553820675498765 0.9015377335027518
1.1553098789014655 0.9015171081749563
1.1552376939648754 0.9014964839072155
1.1551655127426341 0.9014758607008153
1.1550933352313684 0.9014552385549968
1.1550211614312456 0.9014346174696825
1.1549489913430235 0.9014139974447951
1.154876824965689 0.9013933784795756
1.1548046622982295 0.9013727605746282
1.154732503340812 0.9013521437298758
1.1546603480941946 0.901331527945241
1.1545881965573643 0.9013109132199648
1.1545160487298984 0.9012902995546517
1.1544439046107837 0.9012696869492243
1.1543717642019589 0.9012490754029238
1.154299627499459 0.9012284649163544
1.1542274945034514 0.9012078554894392
1.154155365215875 0.9011872471221005
1.1540832396357164 0.9011666398135799
1.1540111177619623 0.9011460335638002
1.1539389995947804 0.9011254283733655
1.1538668851331575 0.9011048242415174
1.1537947743778516 0.9010842211681785
1.1537226673260776 0.9010636191539533
1.1536505639803654 0.9010430181980831
1.1535784643385203 0.9010224183004909
1.1535063684024818 0.9010018194617808
1.1534342761700551 0.9009812216805132
1.1533621876408173 0.9009606249572922
1.1532901028149363 0.9009400292927221
1.1532180216931702 0.9009194346860445
1.153145944273915 0.9008988411371824
1.153073870555566 0.9008782486467399
1.1530018005382912 0.9008576572132776
1.1529297342228486 0.9008370668373996
1.1528576716070429 0.900816477519029
1.152785612693405 0.9007958892574077
1.1527135574809213 0.9007753020531397
1.152641505968578 0.9007547159068292
1.15256945815477 0.9007341308170371
1.1524974140402562 0.9007135467843675
1.1524253736246133 0.9006929638080624
1.1523533369068273 0.9006723818887259
1.1522813038882478 0.9006518010262811
1.1522092745666788 0.9006312212199701
1.152137248942288 0.900610642470397
1.1520652270158345 0.900590064776804
1.151993208785122 0.9005694881397952
1.1519211942509089 0.9005489125586127
1.1518491834139546 0.9005283380331798
1.1517771762726539 0.9005077645647813
1.1517051728265832 0.9004871921512979
1.1516331730753195 0.9004666207940145
1.1515611770190306 0.9004460504921734
1.1514891846572932 0.9004254812463787
1.1514171959902755 0.9004049130558727
1.1513452110157802 0.9003843459205787
1.1512732297345667 0.90036377984042
1.1512012521462116 0.90034321481532
1.1511292782502915 0.9003226508452017
1.1510573080463833 0.9003020879299886
1.1509853415346547 0.9002815260689233
1.1509133787146824 0.9002609652632905
1.1508414195854517 0.9002404055123326
1.150769464147722 0.9002198468159732
1.1506975124010699 0.900199289173455
1.1506255643427064 0.9001787325860626
1.1505536199739823 0.9001581770523581
1.150481679295657 0.900137622572265
1.150409742304941 0.9001170691470677
1.1503378090037772 0.9000965167753285
1.150265879390559 0.9000759654576516
1.1501939534660457 0.90005541519396
1.1501220312286309 0.9000348659834971
1.1500501126772995 0.9000143178261862
1.1499781978139942 0.8999937707219509
1.1499062866377001 0.8999732246713948
1.1498343791468102 0.8999526796744416
1.1497624753414928 0.8999321357303344
1.1496905752219158 0.8999115928389967
1.149618678788839 0.8998910510010324
1.1495467860394721 0.8998705102156848
1.1494748969757584 0.8998499704828773
1.1494030115949074 0.8998294318025335
1.1493311298988627 0.8998088941745771
1.1492592518860167 0.8997883575996118
1.1491873775547623 0.8997678220762009
1.1491155069076349 0.899747287604948
1.1490436399430273 0.8997267541864572
1.1489717766611076 0.8997062218199717
1.1488999170590846 0.8996856905054152
1.148828061139494 0.8996651602427115
1.1487562089001366 0.899644631031784
1.1486843603411803 0.8996241028718767
1.1486125154616094 0.8996035757635931
1.14854067426396 0.8995830497068569
1.1484688367448483 0.8995625247015919
1.148397002906219 0.8995420007470418
1.14832517274528 0.8995214778444903
1.1482533462627913 0.8995009559925012
1.1481815234577373 0.8994804351909984
1.1481097043308781 0.8994599154405856
1.1480378888817901 0.8994393967405065
1.1479660771088651 0.899418879091365
1.1478942690134555 0.8993983624930847
1.1478224645945454 0.8993778469449097
1.1477506638511188 0.8993573324467639
1.1476788667845284 0.8993368189992508
1.1476070733925736 0.8993163066016145
1.1475352836748305 0.8992957952544588
1.1474634976326517 0.8992752849563479
1.1473917152644288 0.8992547757085653
1.1473199365691458 0.8992342675103551
1.1472481615481551 0.8992137603616412
1.1471763901992562 0.8991932542623478
1.1471046225249866 0.8991727492123984
1.1470328585231453 0.8991522452117173
1.1469610981933085 0.8991317422602284
1.1468893415356443 0.8991112403578556
1.1468175885485439 0.899090739504523
1.146745839232768 0.8990702397001545
1.1466740935878927 0.8990497409446743
1.1466023516134938 0.8990292432380061
1.1465306133091473 0.8990087465800742
1.146458878675614 0.8989882509701231
1.146387147711285 0.8989677564080769
1.146315420415736 0.8989472628952184
1.1462436967879501 0.898926770430113
1.1461719768292813 0.8989062790133642
1.1461002605375272 0.8988857886442166
1.1460285479122636 0.8988652993232739
1.1459568389560297 0.8988448110497806
1.1458851336660305 0.8988243238243404
1.1458134320430273 0.8988038376461981
1.1457417340865959 0.8987833525159571
1.145670039796312 0.8987628684335416
1.145598349169973 0.8987423853981965
1.1455266622101186 0.8987219034091669
1.1454549789139532 0.8987014224670562
1.145383299284017 0.8986809425724678
1.1453116233175138 0.8986604637246467
1.1452399510152054 0.8986399859235172
1.1451682823760745 0.8986195091696827
1.1450966173991037 0.8985990334623882
1.1450249560856476 0.8985785588015582
1.1449532984346888 0.898558085187117
1.144881644446396 0.8985376126183097
1.1448099941197518 0.8985171410964188
1.1447383474543318 0.8984966706200106
1.1446667044497114 0.8984762011903673
1.1445950651054664 0.8984557328060555
1.1445234294211721 0.8984352654676784
1.1444517973975905 0.8984147991751603
1.1443801690331108 0.8983943339284258
1.1443085443284948 0.8983738697273992
1.144236923283318 0.898353406571326
1.1441653058959695 0.8983329444608095
1.144093692166618 0.8983124833957741
1.1440220820954323 0.8982920233754654
1.1439504756819878 0.898271564399808
1.1438788729246732 0.8982511064694051
1.1438072738242506 0.8982306495835024
1.143735678381482 0.8982101937427032
1.1436640865947565 0.8981897389462532
1.1435924984630559 0.8981692851940769
1.1435209139877356 0.898148832486099
1.1434493331671842 0.8981283808229226
1.1433777560009772 0.8981079302037935
1.1433061824892834 0.8980874806286364
1.143234612631678 0.8980670320973759
1.1431630464277363 0.8980465846106152
1.1430914838764399 0.8980261381676001
1.1430199249797386 0.8980056927682554
1.1429483697348333 0.8979852484125056
1.142876818141893 0.8979648051002754
1.1428052702010862 0.8979443628314896
1.1427337259119883 0.8979239216060726
1.1426621852741745 0.8979034814239492
1.1425906482878139 0.897883042285044
1.1425191149518878 0.8978626041886034
1.1424475852665652 0.8978421671352305
1.1423760592302339 0.8978217311248499
1.1423045368430624 0.8978012961573864
1.1422330181058138 0.8977808622320864
1.1421615030174692 0.897760429349553
1.1420899915787917 0.8977399975097109
1.1420184837869807 0.8977195667118066
1.1419469796427992 0.8976991369564432
1.1418754791446344 0.8976787082435455
1.1418039822950308 0.8976582805723599
1.1417324890923757 0.8976378539428114
1.141660999536838 0.897617428355503
1.1415895136268053 0.8975970038096812
1.1415180313636342 0.8975765803059492
1.1414465527439297 0.8975561578428757
1.141375077770237 0.8975357364217416
1.1413036064397548 0.8975153160424718
1.1412321387544342 0.8974948967036351
1.1411606747138503 0.8974744784065126
1.1410892143175781 0.8974540611496731
1.1410177575634104 0.8974336449337195
1.1409463044515158 0.8974132297585768
1.1408748549832517 0.897392815624848
1.1408034091575991 0.89737240253178
1.1407319669735387 0.8973519904786199
1.1406605284312394 0.8973315794666485
1.1405890935296819 0.8973111694951129
1.1405176622696296 0.8972907605639381
1.1404462346494686 0.8972703526730491
1.1403748106687739 0.8972499458216932
1.140303390328903 0.8972295400097954
1.1402319736282422 0.8972091352386363
1.140160560567555 0.8971887315067856
1.1400891511452276 0.897168328814846
1.1400177453608344 0.8971479271627426
1.139946343214545 0.8971275265497228
1.1398749447059335 0.8971071269757118
1.1398035498351695 0.8970867284406348
1.139732158601233 0.8970663309457719
1.1396607710048878 0.8970459344896934
1.1395893870445197 0.8970255390723242
1.139518006720298 0.8970051446935896
1.1394466300306076 0.8969847513534148
1.1393752569785913 0.8969643590524025
1.139303887560256 0.8969439677898003
1.1392325217763652 0.8969235775662111
1.1391611596276832 0.8969031883808826
1.1390898011120003 0.8968828002337399
1.1390184462300805 0.8968624131247084
1.1389470949814984 0.8968420270537133
1.1388757473664233 0.89682164202068
1.13880440338324 0.8968012580255338
1.138733063032713 0.8967808750681998
1.1386617263144165 0.8967604931492809
1.1385903932267356 0.8967401122673475
1.138519063771029 0.8967197324230024
1.1384477379474662 0.8966993536161709
1.1383764157538372 0.8966789758461012
1.1383050971903113 0.8966585991140732
1.1382337822564628 0.8966382234186576
1.138162470951866 0.8966178487604571
1.1380911632772857 0.89659747513872
1.1380198592299158 0.8965771025540489
1.1379485588117109 0.8965567310063691
1.1378772620228403 0.896536360494929
1.1378059688610935 0.8965159910196541
1.1377346793266399 0.8964956225818239
1.1376633934190536 0.8964752551800098
1.1375921111385041 0.8964548888141373
1.1375208324845658 0.8964345234841319
1.1374495574562178 0.8964141591905961
1.1373782860530341 0.8963937959327785
1.1373070182751843 0.8963734337106045
1.1372357541234333 0.8963530725239998
1.1371644935961644 0.8963327123728898
1.1370932366941429 0.8963123532578772
1.1370219834157522 0.8962919951782105
1.1369507337605667 0.8962716381344922
1.1368794877287556 0.8962512821252941
1.1368082453192978 0.8962309271518958
1.1367370065329583 0.8962105732128689
1.1366657713705017 0.896190220308816
1.1365945398285258 0.8961698684403396
1.1365233119089857 0.8961495176060118
1.136452087610265 0.8961291678064349
1.1363808669331288 0.8961088190415347
1.1363096498765555 0.8960884713112368
1.136238436439524 0.8960681246147904
1.136167226622799 0.8960477789527976
1.136096020425359 0.8960274343251844
1.1360248178467782 0.8960070907311997
1.135953618889013 0.895986748171446
1.1358824235480636 0.8959664066451724
1.1358112318258866 0.8959460661529812
1.1357400437214604 0.8959257266947984
1.135668859234359 0.8959053882705496
1.1355976783647517 0.895885050879484
1.1355265011122126 0.8958647145215276
1.1354553274751245 0.8958443791966062
1.135384157454848 0.8958240449053221
1.135312991049766 0.8958037116469246
1.1352418282606433 0.8957833794213398
1.1351706690864585 0.8957630482291697
1.1350995135273811 0.895742718069664
1.135028361582985 0.8957223889427485
1.1349572132522483 0.8957020608483491
1.1348860685347446 0.8956817337863918
1.1348149274318355 0.8956614077568025
1.134743789941307 0.8956410827601834
1.1346726560639249 0.8956207587957842
1.1346015257986668 0.8956004358628545
1.1345303991451066 0.8955801139619968
1.13445927610401 0.8955597930931368
1.1343881566731626 0.8955394732562008
1.1343170408539263 0.8955191544504383
1.1342459286464708 0.8954988366764517
1.1341748200485817 0.8954785199341669
1.134103715061025 0.8954582042235102
1.1340326136827779 0.8954378895437313
1.1339615159152026 0.8954175758954324
1.1338904217560846 0.8953972632785396
1.1338193312049971 0.895376951692979
1.1337482442638989 0.8953566411380007
1.1336771609287861 0.8953363316142068
1.1336060812022135 0.8953160231208473
1.1335350050831583 0.8952957156578485
1.133463932570598 0.8952754092258125
1.1333928636635096 0.8952551038246653
1.1333217983632555 0.8952347994536574
1.1332507366700058 0.8952144961120388
1.1331796785809485 0.8951941938010878
1.1331086240968498 0.8951738925207302
1.1330375732190723 0.8951535922695408
1.132966525945997 0.8951332930481216
1.132895482276004 0.8951129948570746
1.13282444220986 0.8950926976949746
1.132753405748331 0.8950724015630993
1.132682372889798 0.8950521064606992
1.1326113436344305 0.8950318123877007
1.132540317980609 0.8950115193440299
1.132469295930293 0.8949912273296132
1.1323982774812664 0.894970936344377
1.1323272626336989 0.8949506463882475
1.132256251387164 0.8949303574604754
1.132185243742428 0.8949100695616629
1.1321142396972745 0.894889782691736
1.1320432392512767 0.8948694968499458
1.131972242405798 0.8948492120375696
1.1319012491610085 0.8948289282531828
1.1318302595146912 0.8948086454973874
1.1317592734670159 0.8947883637694342
1.131688291017556 0.8947680830692496
1.1316173121664816 0.8947478033974356
1.1315463369133658 0.8947275247539187
1.1314753652589755 0.8947072471379498
1.1314043972010934 0.8946869705494555
1.1313334327392928 0.8946666949890376
1.1312624718743403 0.8946464204566227
1.1311915146052123 0.8946261469507863
1.1311205609314818 0.8946058744721307
1.131049610853319 0.8945856030212574
1.1309786643691029 0.8945653325974179
1.1309077214813916 0.8945450632005385
1.1308367821885643 0.8945247948305459
1.130765846488403 0.8945045274873668
1.1306949143828686 0.8944842611716027
1.1306239858715348 0.8944639958825052
1.1305530609521828 0.8944437316193258
1.1304821396249827 0.8944234683833412
1.1304112218907019 0.8944032061731279
1.1303403077489136 0.8943829449899627
1.130269397197996 0.8943626848324222
1.130198490239314 0.894342425701108
1.1301275868718434 0.8943221675959468
1.1300566870927677 0.8943019105168655
1.129985790904049 0.8942816544637905
1.129914898307052 0.8942613994366486
1.1298440092995579 0.8942411454340166
1.1297731238817368 0.8942208924578461
1.129702242051967 0.8942006405067139
1.129631363811613 0.8941803895805468
1.1295604891584559 0.8941601396799466
1.129489618094458 0.894139890804165
1.1294187506179973 0.8941196429538038
1.1293478867298417 0.8940993961281148
1.1292770264271739 0.894079150327025
1.1292061697119566 0.894058905551136
1.1291353165825677 0.8940386617996997
1.1290644670391772 0.894018419072643
1.128993621081358 0.8939981773705675
1.1289227787086829 0.8939779366927254
1.128851939921322 0.8939576970390435
1.1287811047182503 0.8939374584094487
1.1287102730996383 0.893917220803868
1.1286394450650585 0.8938969842222283
1.1285686206140837 0.893876748665131
1.1284977997462866 0.8938565141311539
1.1284269824618374 0.8938362806208985
1.1283561687603088 0.8938160481342918
1.1282853586400778 0.8937958166712608
1.1282145521013147 0.8937755862317325
1.1281437491453856 0.8937553568156338
1.1280729497706674 0.8937351284228917
1.1280021539761347 0.8937149010527587
1.1279313617613598 0.8936946747058364
1.1278605731277092 0.8936744493820518
1.1277897880735592 0.8936542250813319
1.1277190065984826 0.8936340018029292
1.1276482287044438 0.8936137795474454
1.1275774543880253 0.8935935583148075
1.1275066836505931 0.8935733381035937
1.127435916491122 0.8935531189150802
1.1273651529091846 0.8935329007485194
1.127294392905549 0.893512683604513
1.1272236364791899 0.8934924674823136
1.1271528836296794 0.8934722523818485
1.1270821343559916 0.893452038303719
1.1270113886582973 0.8934318252478524
1.1269406465367668 0.8934116132135015
1.1268699079903743 0.8933914022005937
1.1267991730198885 0.8933711922090559
1.12672844162548 0.8933509832388157
1.1266577138043279 0.8933307752898
1.1265869895589962 0.8933105683619361
1.1265162688878605 0.8932903624551514
1.1264455517892964 0.8932701575700471
1.1263748382640728 0.8932499537058765
1.1263041283093682 0.8932297508618926
1.1262334219289436 0.893209549038697
1.126162719119379 0.8931893482362169
1.1260920198826405 0.8931691484543796
1.1260213242177017 0.8931489496924383
1.1259506321229378 0.8931287519509945
1.1258799435997162 0.8931085552299756
1.1258092586470108 0.8930883595293088
1.1257385772643935 0.8930681648489214
1.1256678994514366 0.8930479711873931
1.125597225207712 0.893027778546673
1.1255265545327917 0.8930075869253408
1.1254558874280436 0.8929873963233237
1.125385223891244 0.8929672067412231
1.1253145639225635 0.8929470181789664
1.125243907521574 0.8929268306358071
1.1251732546878477 0.892906644111673
1.125102605421555 0.892886458607165
1.1250319597216691 0.892866274121537
1.1249613175895588 0.8928460906553901
1.124890679022999 0.8928259082079782
1.124820044021562 0.8928057267792288
1.1247494125854185 0.8927855463690694
1.1246787847153379 0.8927653669774275
1.1246081604096945 0.8927451886042307
1.124537539668659 0.8927250112494065
1.1244669224912043 0.8927048349128825
1.1243963088781002 0.8926846595945864
1.1243256988283195 0.8926644852944456
1.124255092342033 0.8926443120123879
1.1241844894182134 0.8926241397483408
1.1241138900564325 0.8926039685022318
1.1240432942574603 0.8925837982739886
1.1239727020196701 0.8925636290628655
1.123902113342634 0.8925434608701369
1.1238315282277207 0.8925232936943838
1.1237609466727048 0.892503127536207
1.123690368678356 0.892482962394861
1.1236197942448451 0.8924627982709469
1.123549223371145 0.8924426351643923
1.1234786560568273 0.8924224730744515
1.1234080923020626 0.8924023120017258
1.1233375321052244 0.8923821519454695
1.1232669754676816 0.8923619929062837
1.1231964223878077 0.8923418348834228
1.1231258728663727 0.8923216778768147
1.1230553269017496 0.8923015218870604
1.122984784495308 0.8922813669140874
1.122914245644222 0.8922612129571507
1.1228437103504605 0.8922410600155047
1.1227731786123962 0.8922209080904238
1.1227026504302002 0.8922007571811624
1.1226321258052425 0.8921806072876487
1.1225616047346967 0.8921604584104834
1.122491087218134 0.8921403105489213
1.1224205732557253 0.8921201637028904
1.122350062847042 0.8921000178716455
1.1222795559928547 0.8920798730564605
1.1222090526921353 0.8920597292565904
1.1221385529456547 0.892039586471963
1.1220680567505854 0.8920194447025064
1.1219975641082978 0.8919993039474755
1.1219270750177635 0.8919791642074713
1.1218565894809527 0.8919590254824216
1.1217861074932387 0.8919388877722545
1.121715629057791 0.8919187510762252
1.1216451541723818 0.8918986153949344
1.1215746828383817 0.8918784807276374
1.1215042150553622 0.8918583470756078
1.121433750821095 0.8918382144367554
1.1213632901363508 0.8918180828123535
1.121292833000101 0.8917979522023304
1.1212223794131166 0.8917778226059413
1.121151929374969 0.8917576940237871
1.1210814828852291 0.8917375664551233
1.1210110399428683 0.8917174399005504
1.1209406005474576 0.8916973143586514
1.120870164699768 0.8916771898313722
1.1207997324005712 0.8916570663166232
1.1207293036470378 0.8916369438156777
1.1206588784393392 0.8916168223277913
1.1205884567776463 0.8915967018528921
1.1205180386609301 0.8915765823909083
1.1204476240899621 0.8915564639424407
1.120377213063713 0.891536346506745
1.120306805581754 0.8915162300837493
1.1202364016424553 0.8914961146727093
1.1201660012483892 0.8914760002742259
1.1200956043973258 0.8914558868882273
1.1200252110894366 0.8914357745146416
1.1199548213242925 0.8914156631533973
1.1198844351020645 0.8913955528044224
1.119814052422924 0.8913754434669731
1.1197436732840407 0.8913553351416499
1.1196732976873867 0.8913352278283811
1.1196029256319326 0.8913151215264228
1.1195325571184502 0.8912950162363755
1.119462192144709 0.8912749119581677
1.1193918307108803 0.8912548086917276
1.1193214728177359 0.8912347064369835
1.119251118464246 0.8912146051925197
1.119180767649381 0.8911945049602809
1.1191104203733122 0.891174405738179
1.1190400766368114 0.8911543075274867
1.1189697364376479 0.8911342103274604
1.1188993997765933 0.8911141141387006
1.118829066652017 0.8910940189604636
1.118758737065292 0.8910739247933499
1.118688411015388 0.8910538316359439
1.1186180885030772 0.8910337394895181
1.118547769526729 0.8910136483533291
1.1184774540865146 0.8909935582273053
1.1184071421808033 0.8909734691113752
1.118336833810367 0.8909533810054674
1.1182665289753773 0.8909332939095103
1.1181962276754047 0.8909132078234325
1.118125929909419 0.8908931227478345
1.1180556356775917 0.890873038681301
1.1179853449788926 0.8908529556244325
1.1179150578140937 0.8908328735771575
1.117844774180963 0.8908127925394047
1.1177744940814744 0.8907927125111027
1.117704217513396 0.8907726334915083
1.117633944478101 0.8907525554812218
1.1175636749745588 0.8907324784801719
1.117493409001739 0.8907124024876155
1.117423146560414 0.8906923275041531
1.1173528876495533 0.8906722535297132
1.1172826322681262 0.890652180563553
1.117212380417506 0.8906321086062726
1.1171421320966626 0.8906120376578008
1.1170718873057672 0.8905919677173948
1.1170016460425867 0.8905718987849832
1.116931408308495 0.8905518308611663
1.116861174102461 0.8905317639452013
1.116790943423454 0.890511698037017
1.1167207162728479 0.8904916331365422
1.116650492650213 0.8904715692443772
1.1165802725551197 0.8904515063604507
1.1165100559859358 0.8904314444840199
1.116439842943434 0.8904113836143424
1.116369633426583 0.8903913237520182
1.116299427436156 0.8903712648976478
1.1162292249711219 0.8903512070504886
1.1161590260322536 0.8903311502104694
1.1160888306167156 0.890311094377519
1.116018638725281 0.890291039550895
1.1159484503569184 0.8902709857318689
1.1158782655148067 0.890250932919027
1.1158080841949072 0.8902308811136408
1.1157379063979929 0.8902108303142967
1.1156677321254387 0.8901907805215948
1.1155975613738067 0.8901707317354641
1.1155273941438701 0.8901506839551623
1.1154572304364023 0.8901306371812896
1.1153870702503716 0.8901105914137749
1.1153169135853482 0.890090546651876
1.1152467604421055 0.8900705028961932
1.1151766108190098 0.8900504601466553
1.1151064647150295 0.8900304184025204
1.1150363221315398 0.8900103776643884
1.114966183066907 0.8899903379315174
1.1148960475213028 0.8899702992045074
1.1148259154961027 0.8899502614826166
1.114755786989071 0.8899302247657739
1.1146856619979721 0.8899101890545794
1.114615540525987 0.8898901543482913
1.1145454225714817 0.8898701206468387
1.1144753081346281 0.8898500879508214
1.1144051972143942 0.8898300562594978
1.1143350898115536 0.8898100255727971
1.1142649859238702 0.8897899958906483
1.1141948855521178 0.8897699672136514
1.1141247886952639 0.8897499395410648
1.1140546953546846 0.8897299128721469
1.1139846055287455 0.8897098872074976
1.1139145192182205 0.8896898625470461
1.1138444364214752 0.8896698388907216
1.113774357137477 0.8896498162384533
1.113704281367602 0.8896297945901704
1.1136342091102154 0.8896097739451316
1.1135641403660914 0.8895897543039367
1.1134940751354019 0.8895697356671857
1.1134240134177167 0.8895497180334665
1.1133539552107983 0.8895297014033791
1.1132839005160233 0.889509685776182
1.1132138493323591 0.8894896711524751
1.1131438016605797 0.8894696575315174
1.1130737574984477 0.8894496449139087
1.11300371684734 0.8894296332995781
1.1129336797062233 0.8894096226877847
1.1128636460752699 0.8893896130791281
1.1127936159528442 0.8893696044728674
1.112723589338516 0.8893495968689319
1.112653566233059 0.8893295902672509
1.1125835466354406 0.8893095846684244
1.1125135305470375 0.8892895800717112
1.112443517966817 0.8892695764770409
1.1123735088937459 0.8892495738850131
1.1123035033267907 0.8892295722942168
1.1122335012673288 0.889209571705922
1.1121635027131216 0.8891895721193878
1.1120935076673544 0.8891695735345436
1.1120235161259806 0.889149575951319
1.1119535280897748 0.8891295793696435
1.111883543558909 0.8891095837894466
1.1118135625323495 0.8890895892106577
1.1117435850114743 0.8890695956332065
1.1116736109940442 0.8890496030570224
1.111603640480231 0.889029611482035
1.1115336734696042 0.8890096209081738
1.1114637099623357 0.8889896313346983
1.1113937499573918 0.8889696427622082
1.1113237934561504 0.8889496551906331
1.111253840456975 0.8889296686199024
1.1111838909594345 0.8889096830492759
1.1111139449630982 0.8888896984793531
1.1110440024675352 0.8888697149093937
1.1109740634741236 0.8888497323399973
1.1109041279806235 0.8888297507704237
1.110834195987207 0.8888097702012724
1.110764267493443 0.8887897906318031
1.1106943425001068 0.8887698120619455
1.1106244210055614 0.8887498344916294
1.110554503010582 0.8887298579214543
1.1104845885141343 0.88870988235135
1.1104146775163908 0.8886899077799064
1.1103447700157139 0.888669934208393
1.110274866012879 0.8886499616360697
1.1102049655074548 0.8886299900628662
1.110135068499614 0.8886100194887124
1.1100651749889254 0.8885900499142078
1.109995284973751 0.8885700813386124
1.1099253984542634 0.8885501137618559
1.1098555154294278 0.8885301471838682
1.1097856359006233 0.8885101816045793
1.1097157598686254 0.888490217023249
1.109645887329986 0.8884702534404771
1.1095760182842738 0.888450290856863
1.1095061527346783 0.8884303292709973
1.109436290677751 0.8884103686834794
1.1093664321148713 0.8883904090942394
1.109296577045004 0.8883704505025375
1.1092267254677184 0.8883504929089732
1.1091568773843936 0.8883305363134762
1.1090870327915805 0.8883105807159768
1.1090171916906586 0.8882906261157352
1.1089473540811965 0.8882706725126813
1.108877519962763 0.8882507199074147
1.1088076893349266 0.8882307682998652
1.1087378621984632 0.8882108176892936
1.1086680385517342 0.8881908680756295
1.108598218394912 0.8881709194594727
1.1085284017281687 0.8881509718400836
1.1084585885498657 0.8881310252173923
1.108388778860175 0.8881110795919981
1.108318972659269 0.8880911349631618
1.1082491699473203 0.8880711913308135
1.1081793707226895 0.8880512486948832
1.108109574985549 0.888031307055301
1.1080397827354673 0.8880113664126662
1.1079699939726169 0.8879914267662397
1.1079002086959622 0.8879714881159515
1.1078304269062795 0.8879515504617318
1.1077606486019296 0.8879316138035107
1.1076908737836886 0.8879116781412184
1.1076211024511249 0.887891743474785
1.107551334603203 0.8878718098041406
1.1074815702400953 0.8878518771292154
1.1074118093619743 0.8878319454492706
1.1073420519659918 0.8878120147655744
1.1072722980553409 0.8877920850767189
1.1072025476277774 0.8877721563833035
1.1071328006828698 0.8877522286852583
1.107063057220186 0.8877323019818445
1.1069933172417115 0.8877123762736614
1.1069235807445976 0.8876924515599702
1.106853847729621 0.8876725278413703
1.10678411819635 0.8876526051171229
1.1067143921437486 0.8876326833878272
1.106644669571989 0.8876127626527447
1.1065749504806395 0.8875928429124744
1.1065052348698727 0.887572924166278
1.1064355227386524 0.8875530064140856
1.106365814087151 0.8875330896564965
1.1062961089149368 0.8875131738927722
1.1062264072215777 0.887493259122843
1.1061567090066418 0.8874733453473082
1.1060870142696972 0.8874534325654292
1.1060173230109167 0.8874335207778052
1.105947635229868 0.8874136099830293
1.105877950926724 0.8873937001823692
1.1058082700986342 0.887373791374418
1.1057385927469803 0.8873538835597747
1.1056689188731441 0.8873339767390385
1.1055992484754846 0.8873140709114711
1.1055295815529649 0.8872941660763345
1.1054599181057576 0.8872742622342277
1.1053902581346402 0.8872543593850811
1.105320601636157 0.8872344575288253
1.105250948613504 0.8872145566653908
1.1051812990644352 0.8871946567947081
1.1051116529897278 0.8871747579160393
1.105042010388345 0.8871548600293149
1.1049723712604593 0.8871349631351338
1.1049027356038241 0.8871150672334267
1.1048331034198218 0.887095172324124
1.1047634747092299 0.887075278406488
1.1046938494691965 0.8870553854811177
1.104624227702919 0.8870354935472753
1.1045546094075456 0.8870156026055597
1.104484994581434 0.8869957126552331
1.1044153832259664 0.8869758236968946
1.1043457753413162 0.8869559357298066
1.1042761709270505 0.8869360487538996
1.1042065699821324 0.8869161627697726
1.1041369725061294 0.886896277776688
1.104067378498609 0.8868763937752446
1.103997787959744 0.8868565107640369
1.1039282008903124 0.8868366287436638
1.1038586172886715 0.8868167477147239
1.1037890371537835 0.8867968676764799
1.1037194604870317 0.8867769886288626
1.1036498872867733 0.8867571105718026
1.1035803175531809 0.8867372335052309
1.1035107512864273 0.8867173574290781
1.1034411884848694 0.886697482343275
1.1033716291498907 0.8866776082470843
1.103302073279848 0.886657735141105
1.103232520874914 0.8866378630259357
1.1031629719358673 0.8866179919001713
1.1030934264604588 0.8865981217637428
1.1030238844494669 0.8865782526172488
1.1029543459018534 0.886558384461288
1.1028848108190021 0.8865385172944557
1.1028152791992698 0.8865186511166825
1.1027457510410124 0.8864987859285673
1.1026762263450083 0.8864789217300411
1.102606705113247 0.8864590585203667
1.1025371873434797 0.8864391963001429
1.102467673034062 0.8864193350693007
1.1023981621857724 0.8863994748271032
1.1023286547987838 0.8863796155741491
1.102259150871452 0.8863597573097016
1.1021896504051616 0.8863399000336918
1.1021201533988738 0.8863200437467181
1.1020506598533675 0.886300188448044
1.1019811697651811 0.8862803341369329
1.1019116831369105 0.8862604808146508
1.1018421999663055 0.8862406284804614
1.1017727202553564 0.8862207771342956
1.101703244001813 0.8862009267760844
1.10163377120706 0.8861810774057589
1.1015643018700587 0.8861612290232501
1.1014948359891643 0.8861413816291567
1.1014253735663675 0.8861215352220746
1.1013559145982057 0.8861016898032699
1.1012864590866696 0.8860818453713388
1.1012170070319323 0.8860620019268799
1.101147558432349 0.8860421594691569
1.1010781132868803 0.8860223179994355
1.1010086715969114 0.8860024775163123
1.1009392333614032 0.8859826380203858
1.100869798580529 0.8859627995115871
1.100800367252643 0.8859429619898473
1.100730939379131 0.8859231254544304
1.1006615149595596 0.8859032899059348
1.1005920939922835 0.8858834553436244
1.1005226764768694 0.8858636217680979
1.100453262414703 0.885843789178619
1.1003838518041384 0.885823957575119
1.1003144446459552 0.8858041269581964
1.1002450409391138 0.8857842973277824
1.100175640683181 0.8857644686831411
1.1001062438777236 0.8857446410242037
1.1000368505229148 0.8857248143509017
1.0999674606183212 0.8857049886638333
1.0998980741635096 0.8856851639622627
1.0998286911574402 0.8856653402461213
1.0997593116008926 0.8856455175153405
1.099689935492827 0.8856256957698514
1.0996205628340228 0.8856058750102526
1.0995511936222275 0.8855860552358082
1.0994818278588272 0.8855662364464498
1.099412465543995 0.8855464186421086
1.0993431066754777 0.885526601822716
1.099273751254662 0.8855067859882035
1.099204399279901 0.8854869711378356
1.0991350507501547 0.8854671572722105
1.0990657056686295 0.8854473443912596
1.0989963640324654 0.8854275324955813
1.0989270258412287 0.8854077215837732
1.098857691095093 0.885387911655767
1.0987883597930175 0.8853681027128276
1.0987190319351756 0.885348294753553
1.0986497075223474 0.8853284877785413
1.0985803865528858 0.8853086817877241
1.098511069026964 0.8852888767803663
1.0984417549441483 0.8852690727570658
1.098372444305219 0.8852492697170877
1.0983031371085286 0.8852294676603635
1.0982338333536434 0.8852096665874913
1.0981645330413439 0.8851898664977361
1.0980952361699823 0.8851700673916961
1.0980259427397319 0.8851502692686363
1.097956652749552 0.8851304721291546
1.0978873662002226 0.8851106759725164
1.0978180830913105 0.8850908807986531
1.0977488034229885 0.8850710866074963
1.0976795271942164 0.8850512933989778
1.097610254405167 0.8850315011736956
1.0975409850547995 0.8850117099309148
1.0974717191414658 0.8849919196699008
1.097402456668375 0.884972130391918
1.0973331976332719 0.8849523420962317
1.0972639420363297 0.8849325547827737
1.0971946898765075 0.8849127684514755
1.097125441152764 0.8848929831016025
1.097056195866487 0.8848731987344192
1.0969869540166355 0.8848534153491908
1.09691771560399 0.8848336329458493
1.0968484806256873 0.88481385152366
1.0967792490831154 0.884794071083221
1.0967100209770553 0.884774291624464
1.0966407963046432 0.8847545131466545
1.0965715750672675 0.8847347356503907
1.096502357265709 0.8847149591356043
1.0964331428964966 0.8846951836015609
1.0963639319598033 0.8846754090488584
1.096294724457625 0.8846556354767627
1.0962255203877054 0.8846358628852056
1.096156319750825 0.8846160912747849
1.09608712254655 0.8845963206454327
1.0960179287744463 0.8845765509964146
1.0959487384346873 0.8845567823283286
1.095879551526839 0.8845370146397745
1.0958103680492517 0.8845172479320162
1.095741188003922 0.8844974822043198
1.095672011388593 0.884477717456617
1.09560283820283 0.8844579536895057
1.0955336684468064 0.8844381909015863
1.0954645021206961 0.8844184290941222
1.0953953392240645 0.8843986682663796
1.0953261797558695 0.8843789084182905
1.095257023715677 0.8843591495504527
1.0951878711036602 0.8843393916614665
1.095118721920601 0.8843196347519298
1.0950495761660646 0.8842998788217745
1.094980433838401 0.8842801238709327
1.094911294937176 0.8842603698993364
1.0948421594631708 0.8842406169069177
1.0947730274147351 0.8842208648929428
1.0947038987932587 0.8842011138586754
1.0946347735970907 0.884181363802716
1.0945656518264049 0.8841616147256623
1.094496533481375 0.884141866626781
1.094427418559742 0.8841221195066695
1.094358307064112 0.8841023733645946
1.0942891989928345 0.884082628201154
1.094220094346083 0.8840628840156142
1.0941509931209898 0.8840431408085728
1.0940818953201619 0.8840233985792966
1.0940128009419479 0.884003657328383
1.0939437099865215 0.883983917055099
1.0938746224528397 0.8839641777600421
1.0938055383416847 0.883944439442479
1.0937364576514048 0.883924702102342
1.0936673803833907 0.8839049657402287
1.0935983065372077 0.8838852303554059
1.093529236110596 0.8838654959478058
1.0934601691043373 0.8838457625173608
1.0933911055179972 0.883826030064003
1.0933220453523578 0.88380629858833
1.093252988606376 0.8837865680896089
1.0931839352790083 0.8837668385677717
1.0931148853704284 0.8837471100220857
1.0930458388808102 0.8837273824538137
1.092976795809719 0.8837076558615573
1.0929077561567198 0.8836879302459143
1.092838719920769 0.8836682056074822
1.0927696871020405 0.8836484819448629
1.092700657700708 0.8836287592586539
1.0926316317157279 0.8836090375487877
1.092562609147274 0.8835893168145315
1.0924935899949113 0.8835695970571478
1.0924245742582048 0.8835498782752388
1.0923555619373286 0.8835301604694021
1.092286553030021 0.8835104436389051
1.092217547538891 0.883490727784345
1.0921485454622863 0.8834710129049895
1.0920795468003806 0.8834512990014359
1.0920105515515208 0.8834315860729518
1.091941559715881 0.8834118741201344
1.0918725712942439 0.8833921631422516
1.0918035862855655 0.8833724531399004
1.0917346046894107 0.8833527441123487
1.0916656265047353 0.8833330360595287
1.0915966517329312 0.8833133289820381
1.0915276803735632 0.8832936228791444
1.091458712424369 0.883273917751445
1.091389747886741 0.8832542135975429
1.0913207867596342 0.8832345104187
1.091251829043832 0.8832148082135196
1.0911828747382901 0.8831951069825988
1.0911139238425733 0.8831754067265352
1.091044976355637 0.8831557074439317
1.0909760322770456 0.8831360091360505
1.090907091608192 0.8831163118021594
1.090838154347422 0.8830966154421911
1.0907692204955188 0.8830769200560782
1.090700290051438 0.8830572256430886
1.0906313630165723 0.8830375322038198
1.0905624393880486 0.8830178397382042
1.0904935191666507 0.8829981482461747
1.0904246023513333 0.8829784577269993
1.0903556889422708 0.88295876818194
1.0902867789390271 0.8829390796096002
1.0902178723417768 0.8829193920105771
1.090148969150084 0.8828997053841391
1.090080069362904 0.8828800197308834
1.09001117298102 0.8828603350500782
1.089942280003387 0.8828406513423208
1.089873390430789 0.8828209686075439
1.08980450426279 0.8828012868450158
1.0897356214971259 0.8827816060546694
1.0896667421339705 0.8827619262371018
1.0895978661759367 0.8827422473915815
1.0895289936183208 0.8827225695180412
1.0894601244643456 0.8827028926170781
1.089391258712356 0.8826832166879609
1.089322396361916 0.8826635417306222
1.0892535374119805 0.8826438677456593
1.089184681863333 0.8826241947323407
1.089115829716148 0.8826045226905993
1.0890469809693797 0.882584851620368
1.0889781356225925 0.8825651815209156
1.0889092936753504 0.8825455123935032
1.0888404551278277 0.8825258442373997
1.0887716199801984 0.8825061770518736
1.088702788230807 0.8824865108381864
1.0886339598816572 0.8824668455949427
1.0885651349298735 0.8824471813227396
1.08849631337563 0.8824275180215101
1.088427495220321 0.882407855690523
1.0883586804616803 0.8823881943310395
1.0882898690980516 0.8823685339416645
1.0882210611326597 0.8823488745229949
1.0881522565626283 0.8823292160742998
1.0880834553893515 0.8823095585961762
1.0880146576123935 0.8822899020885572
1.0879458632307082 0.8822702465513758
1.0878770722456903 0.882250591983901
1.0878082846550732 0.88223093838673
1.087739500459031 0.8822112857591318
1.0876707196565172 0.8821916341017034
1.087601942248927 0.8821719834137141
1.0875331682339928 0.8821523336950969
1.08746439761311 0.8821326849457851
1.087395630385232 0.8821130371657117
1.0873268665505327 0.8820933903554735
1.0872581061061346 0.8820737445143402
1.0871893490546536 0.8820540996429084
1.0871205953956535 0.8820344557404476
1.0870518451280877 0.8820148128068911
1.0869830982509094 0.8819951708421719
1.0869143547649034 0.8819755298462234
1.0868456146696333 0.8819558898196422
1.0867768779652736 0.8819362507610344
1.0867081446501667 0.8819166126716605
1.0866394147238765 0.8818969755501265
1.0865706881890196 0.8818773393970291
1.0865019650427172 0.8818577042123017
1.0864332452851437 0.881838069995214
1.0863645289158628 0.8818184367470262
1.0862958159350486 0.8817988044663447
1.0862271063410436 0.8817791731537663
1.0861584001334108 0.8817595428085607
1.0860896973141572 0.8817399134319883
1.0860209978810138 0.8817202850226554
1.085952301834155 0.8817006575811588
1.0858836091749768 0.8816810311074318
1.0858149199012104 0.8816614056007444
1.0857462340124189 0.8816417810616932
1.0856775515099988 0.8816221574895485
1.0856088723922916 0.8816025348849068
1.0855401966594718 0.8815829132470382
1.0854715243117137 0.8815632925758762
1.0854028553461366 0.8815436728713542
1.085334189764748 0.8815240541340688
1.0852655275658891 0.8815044363632901
1.0851968687515676 0.881484819559615
1.0851282133201248 0.8814652037223135
1.0850595612705127 0.8814455888513193
1.084990912603517 0.8814259749465657
1.0849222673187011 0.8814063620079863
1.0848536254162393 0.8813867500361776
1.0847849868944726 0.881367139029747
1.0847163517535754 0.8813475289892909
1.0846477199937221 0.881327919914743
1.0845790916138647 0.8813083118066999
1.084510466612955 0.8812887046637689
1.0844418449930016 0.8812690984865467
1.0843732267523447 0.8812494932749668
1.0843046118917705 0.8812298890289628
1.0842360004077851 0.8812102857478054
1.0841673923042314 0.881190683432091
1.0840987875782269 0.8811710820817531
1.0840301862305572 0.8811514816967255
1.0839615882601745 0.8811318822769418
1.083892993667253 0.8811122838223355
1.0838244024507442 0.8810926863315146
1.083755814611434 0.8810730898057385
1.0836872301476626 0.8810534942442779
1.083618649061439 0.8810338996477294
1.0835500713492685 0.8810143060160266
1.0834814970137718 0.8809947133491032
1.0834129260539005 0.8809751216455673
1.083344358467994 0.880955530907341
1.0832757942574505 0.8809359411330324
1.0832072334206093 0.8809163523225754
1.0831386759588686 0.8808967644759035
1.0830701218693441 0.8808771775936133
1.0830015711528223 0.8808575916749758
1.0829330238107011 0.8808380067199247
1.0828644798394846 0.880818422728394
1.0827959392417945 0.8807988397003172
1.0827274020171938 0.8807792576356284
1.0826588681627975 0.8807596765349237
1.082590337680616 0.8807400963968121
1.0825218105677645 0.8807205172225522
1.082453286826865 0.8807009390114154
1.0823847664574806 0.8806813617626732
1.0823162494573377 0.8806617854769218
1.0822477358272233 0.8806422101540949
1.082179225567312 0.8806226357941267
1.0821107186765542 0.8806030623969509
1.0820422151545126 0.8805834899618389
1.0819737150013617 0.8805639184893872
1.08190521821544 0.8805443479795296
1.081836724799371 0.8805247784315376
1.0817682347502682 0.8805052098460077
1.081699748069531 0.8804856422228735
1.0816312647554973 0.8804660755620692
1.0815627848095664 0.8804465098628664
1.0814943082288517 0.8804269451251991
1.0814258350147525 0.8804073813496636
1.081357365166219 0.8803878185361936
1.0812888986834257 0.8803682566840612
1.081220435565323 0.8803486957932002
1.081151975814535 0.8803291358635447
1.0810835194269497 0.8803095768956909
1.0810150664033542 0.8802900188895728
1.0809466167433108 0.8802704618444623
1.0808781704482193 0.8802509057602935
1.0808097275164172 0.8802313506370004
1.0807412879486917 0.8802117964745172
1.0806728517427675 0.8801922432727779
1.0806044189000443 0.8801726910317166
1.0805359894194722 0.8801531397512674
1.0804675633000003 0.8801335894320265
1.0803991405424163 0.8801140400726039
1.0803307211475075 0.8800944916735958
1.080262305113611 0.8800749442349364
1.0801938924396766 0.8800553977565597
1.0801254831264913 0.8800358522384001
1.0800570771730045 0.8800163076803915
1.0799886745793912 0.8799967640818064
1.0799202753446007 0.8799772214432408
1.0798518794694205 0.8799576797652906
1.0797834869540257 0.8799381390465666
1.0797150977967527 0.8799185992870029
1.0796467119971633 0.8798990604871955
1.0795783295560453 0.8798795226470786
1.0795099504723478 0.8798599857659248
1.0794415747468586 0.8798404498443301
1.0793732023785272 0.879820914881567
1.079304833366302 0.8798013808782315
1.0792364677109711 0.8797818478335961
1.0791681054139357 0.879762315748257
1.0790997464704661 0.8797427846214867
1.0790313908831897 0.8797232544532195
1.078963038650442 0.8797037252440514
1.0788946897730112 0.8796841969939166
1.0788263442510722 0.8796646697014265
1.0787580020829606 0.8796451433671769
1.0786896632688512 0.8796256179911023
1.0786213278083059 0.8796060935737984
1.0785529957008864 0.8795865701151997
1.0784846669473809 0.8795670476139176
1.0784163415455112 0.8795475260705479
1.078348019496679 0.8795280054850251
1.0782797007992193 0.879508485857945
1.0782113854545337 0.8794889671879194
1.0781430734634108 0.8794694494762052
1.0780747648211186 0.8794499327214143
1.0780064595308991 0.8794304169241425
1.077938157591087 0.8794109020843243
1.0778698590012437 0.879391388201894
1.0778015637615443 0.8793718752767863
1.0777332718721642 0.8793523633082744
1.077664983332051 0.8793328522969539
1.07759669814138 0.8793133422427595
1.0775284163003265 0.8792938331456256
1.0774601378072244 0.8792743250048256
1.077391862662249 0.8792548178209553
1.0773235908655754 0.8792353115932879
1.077255322416765 0.8792158063224194
1.077187057313538 0.879196302007623
1.0771187955585244 0.8791767986494945
1.0770505371494443 0.8791572962473074
1.0769822820883144 0.8791377948016574
1.0769140303734683 0.879118294311818
1.0768457820044675 0.8790987947777238
1.0767775369802592 0.8790792961993095
1.0767092953028605 0.8790597985771708
1.0766410569693772 0.8790403019105812
1.0765728219805981 0.8790208061994755
1.0765045903360846 0.8790013114437885
1.0764363620353976 0.8789818176441155
1.0763681370787126 0.8789623247990695
1.0762999154655908 0.8789428329099072
1.0762316971955932 0.8789233419752412
1.0761634822688952 0.8789038519963283
1.076095270684444 0.8788843629717812
1.0760270624418005 0.8788648749021957
1.0759588575405257 0.8788453877875064
1.0758906559820232 0.878825901628309
1.0758224577640116 0.8788064164232166
1.0757542628885088 0.8787869321728248
1.075686071352005 0.8787674488770684
1.075617883157132 0.8787479665352214
1.0755496983016082 0.8787284851478794
1.0754815167868375 0.8787090047149771
1.0754133386105378 0.8786895252364495
1.0753451637741132 0.8786700467115706
1.0752769922765102 0.878650569140936
1.0752088241172897 0.8786310925244805
1.0751406592960127 0.8786116168614783
1.0750724978134687 0.8785921421525249
1.0750043396686044 0.8785726683968947
1.0749361848609806 0.8785531955945226
1.0748680333895437 0.8785337237460039
1.0747998852550833 0.8785142528506131
1.0747317404577748 0.8784947829082852
1.0746635989965645 0.8784753139196154
1.0745954608722423 0.8784558458838784
1.074527326081911 0.878436378801009
1.0744591946275892 0.8784169126709422
1.0743910665076086 0.8783974474942734
1.0743229417221445 0.8783779832696168
1.0742548202713722 0.8783585199975678
1.0741867021548523 0.8783390576780613
1.0741185873727606 0.8783195963116928
1.0740504759240426 0.8783001358977368
1.0739823678094886 0.8782806764361284
1.0739142630268153 0.8782612179261423
1.0738461615761974 0.8782417603690342
1.0737780634578107 0.878222303764079
1.0737099686712155 0.8782028481105512
1.0736418772165872 0.8781833934097065
1.0735737890941015 0.8781639396601596
1.0735057043027039 0.8781444868625058
1.0734376228413398 0.8781250350166802
1.0733695447107998 0.8781055841219576
1.0733014699094143 0.8780861341782733
1.0732333984385887 0.8780666851862226
1.0731653302972681 0.8780472371464004
1.0730972654856283 0.878027790056762
1.0730292040032299 0.8780083439192226
1.0729611458496329 0.8779888987323972
1.0728930910231675 0.877969454496221
1.0728250395246244 0.8779500112112892
1.072756991354179 0.8779305688768771
1.0726889465113916 0.8779111274935799
1.0726209049952071 0.8778916870606728
1.0725528668064166 0.8778722475780909
1.07248483194458 0.8778528090457696
1.072416800407412 0.877833371464304
1.0723487721981642 0.8778139348329694
1.0722807473133207 0.8777944991517013
1.0722127257530567 0.8777750644204346
1.0721447075187784 0.8777556306397648
1.0720766926106615 0.8777361978083074
1.0720086810258045 0.8777167659273172
1.0719406727637675 0.8776973349960697
1.0718726678259567 0.8776779050145005
1.0718046662119323 0.877658475981885
1.0717366679212543 0.8776390478988182
1.071668672954714 0.8776196207652356
1.0716006813100247 0.8776001945810725
1.0715326929879776 0.8775807693456047
1.0714647079881328 0.8775613450600868
1.0713967263094344 0.8775419217231348
1.0713287479520581 0.8775224993360035
1.0712607729167953 0.877503077897309
1.0711928012013587 0.8774836574076463
1.0711248328077712 0.8774642378669509
1.0710568677337455 0.8774448192744987
1.070988905979457 0.877425401630225
1.0709209475438501 0.8774059849347249
1.0708529924295633 0.8773865691872743
1.0707850406336934 0.8773671543884682
1.0707170921564158 0.8773477405375827
1.0706491469972903 0.8773283276352125
1.0705812051571086 0.8773089156806338
1.0705132666348147 0.8772895046744417
1.0704453314312001 0.877270094615912
1.0703773995439767 0.8772506855056398
1.0703094709745522 0.8772312773422418
1.070241545719406 0.8772118701269724
1.0701736237817943 0.8771924638591078
1.0701057051606602 0.8771730585385834
1.0700377898549476 0.877153654165335
1.069969877864216 0.8771342507399573
1.0699019691898732 0.8771148482617267
1.0698340638296306 0.8770954467305787
1.0697661617848964 0.8770760461464491
1.0696982630533813 0.8770566465092733
1.0696303676364936 0.8770372478183279
1.0695624755325603 0.8770178500742077
1.069494586741141 0.8769984532768484
1.0694267012636436 0.8769790574261856
1.0693588190983951 0.876959662522155
1.0692909402461876 0.8769402685646921
1.0692230647065808 0.8769208755530737
1.0691551924791338 0.8769014834878947
1.0690873235627898 0.8768820923690904
1.0690194579577246 0.8768627021959379
1.068951595662881 0.8768433129690316
1.0688837366790511 0.8768239246876486
1.068815881005178 0.8768045373523833
1.0687480286420539 0.8767851509631716
1.068680179589238 0.8767657655192903
1.0686123338456732 0.8767463810213342
1.0685444914115354 0.87672699746858
1.0684766522863836 0.8767076148616224
1.0684088164703938 0.8766882331997384
1.068340983961892 0.8766688524828639
1.068273154761054 0.8766494727109345
1.0682053288686721 0.876630093884545
1.068137506283689 0.8766107160029725
1.068069687005047 0.8765913390661526
1.0680018710341554 0.8765719630740214
1.06793405836934 0.8765525880265147
1.0678662490107764 0.8765332139235684
1.0677984429592575 0.8765138407657771
1.0677306402131086 0.8764944685524179
1.067662840771272 0.8764750972834268
1.0675950446351572 0.8764557269587396
1.0675272518043233 0.8764363575782924
1.0674594622777123 0.8764169891420209
1.0673916760542663 0.8763976216498612
1.067323893134778 0.8763782551017493
1.0672561135194232 0.8763588894969624
1.0671883372065272 0.8763395248360952
1.0671205641968826 0.8763201611190836
1.0670527944894312 0.8763007983458636
1.0669850280843491 0.8762814365157127
1.0669172649818122 0.8762620756292254
1.066849505180762 0.8762427156863377
1.066781748681992 0.8762233566863272
1.0667139954844436 0.8762039986297884
1.0666462455876755 0.8761846415159988
1.0665784989912466 0.876165285345553
1.0665107556953328 0.8761459301177287
1.0664430156988758 0.8761265758331201
1.0663752790026686 0.8761072224910053
1.0663075456050353 0.8760878700919783
1.0662398155073864 0.8760685186359755
1.0661720887074289 0.8760491681216163
1.0661043652065731 0.8760298185501534
1.066036645003143 0.8760104699208646
1.0659689280991669 0.8759911222336862
1.0659012144917337 0.8759717754892126
1.0658335041816367 0.8759524296867215
1.0657657971684344 0.8759330848261492
1.0656980934529205 0.8759137409067737
1.065630393034036 0.8758943979298475
1.065562695911957 0.8758750558946486
1.065495002085007 0.8758557148011133
1.0654273115533617 0.8758363746491779
1.0653596243165797 0.8758170354387783
1.0652919403754548 0.875797697169851
1.06522425972831 0.8757783598416742
1.0651565823759388 0.875759023454842
1.0650889083178998 0.8757396880099488
1.0650212375537516 0.8757203535056148
1.0649535700842878 0.8757010199424343
1.0648859059065958 0.8756816873196857
1.064818245022705 0.8756623556379631
1.0647505874290846 0.8756430248972029
1.0646829331289995 0.8756236950973414
1.0646152821207726 0.875604366237657
1.06454763440458 0.875585038318744
1.0644799899793618 0.8755657113405386
1.0644123488452943 0.8755463853023194
1.0643447110013178 0.8755270602040227
1.064277076448844 0.8755077360462428
1.0642094451861954 0.8754884128282581
1.06414181721293 0.8754690905500051
1.0640741925304602 0.875449769212078
1.0640065711371078 0.8754304488137553
1.0639389530330492 0.8754111293556314
1.0638713382159877 0.8753918108369848
1.0638037266885723 0.875372493257752
1.0637361184491245 0.8753531766185271
1.0636685134972024 0.8753338609179312
1.0636009118336005 0.8753145461565586
1.0635333134566403 0.8752952323350032
1.0634657183677343 0.8752759194518863
1.0633981265652042 0.8752566075084597
1.063330538049226 0.8752372965033446
1.0632629528193578 0.8752179864371351
1.0631953708751574 0.8751986773104253
1.0631277922161826 0.8751793691224943
1.0630602168432282 0.8751600618732783
1.0629926447539966 0.8751407555620567
1.062925075949901 0.8751214501894234
1.0628575104304991 0.875102145755315
1.0627899481947303 0.8750828422596679
1.0627223892427708 0.8750635397017615
1.062654833574797 0.8750442380821897
1.062587281187892 0.875024937400889
1.0625197320853252 0.8750056376571389
1.0624521862654173 0.8749863388508758
1.0623846437283444 0.8749670409833511
1.0623171044718083 0.8749477440531868
1.062249568497841 0.8749284480603194
1.0621820358047631 0.874909153005343
1.0621145063927506 0.874889858887537
1.06204698026198 0.8748705657068381
1.061979457412009 0.8748512734638401
1.061911937841776 0.8748319821584797
1.0618444215514578 0.8748126917893793
1.0617769085406115 0.8747934023577898
1.0617093988100326 0.874774113862991
1.0616418923574218 0.8747548263055765
1.0615743891848122 0.8747355396848262
1.0615068892911423 0.8747162540006767
1.0614393926747319 0.8746969692530647
1.061371899335757 0.874677685441927
1.061304409275013 0.8746584025672005
1.0612369224908194 0.8746391206288219
1.0611694389839714 0.874619839626728
1.0611019587534074 0.8746005595608556
1.0610344817993038 0.8745812804317984
1.0609670081199796 0.8745620022375225
1.0608995377180876 0.8745427249799355
1.060832070591328 0.8745234486576603
1.0607646067392575 0.8745041732712908
1.0606971461626722 0.8744848988207639
1.0606296888598905 0.8744656253060162
1.0605622348317083 0.874446352726328
1.0604947840789212 0.8744270810829496
1.060427336599848 0.8744078103745045
1.0603598923934265 0.8743885406015863
1.0602924514604524 0.8743692717634751
1.0602250138004827 0.8743500038607647
1.0601575794136942 0.8743307368933918
1.0600901482977854 0.8743114708606369
1.0600227204541717 0.8742922057630934
1.05995529588241 0.8742729416000418
1.0598878745826772 0.8742536783714189
1.059820456553291 0.8742344160771617
1.0597530417962864 0.8742151547178638
1.0596856303087423 0.8741958942928058
1.0596182220908352 0.8741766348019244
1.0595508171433612 0.8741573762458135
1.0594834154652577 0.8741381186230968
1.0594160170573206 0.8741188619350244
1.0593486219197268 0.8740996061808769
1.0592812300495544 0.8740803513605913
1.0592138414469798 0.8740610974747611
1.059146456112799 0.8740418445220106
1.0590790740478087 0.8740225925035896
1.0590116952490862 0.8740033414181224
1.058944319718048 0.8739840912662026
1.0588769474542505 0.8739648420477671
1.0588095784572509 0.8739455937627533
1.0587422127266055 0.873926346411098
1.0586748502624912 0.8739070999927385
1.0586074910632246 0.873887854507612
1.0585401351302222 0.8738686099556555
1.0584727824624207 0.8738493663368062
1.0584054330593768 0.873830123650345
1.058338086921267 0.873810881896209
1.058270744048268 0.8737916410749919
1.058203404438696 0.8737724011866306
1.0581360680933483 0.8737531622304062
1.0580687350111608 0.8737339242069122
1.05800140519107 0.8737146871154297
1.057934078635113 0.8736954509565519
1.057866755341606 0.8736762157295599
1.0577994353107254 0.8736569814350472
1.0577321185420279 0.873637748072951
1.0576648050338293 0.8736185156425524
1.0575974947875468 0.8735992841437888
1.0575301878033572 0.8735800535765974
1.0574628840789557 0.8735608239415715
1.0573955836157598 0.8735415952379926
1.0573282864133258 0.8735223674651418
1.0572609924705898 0.8735031406242685
1.0571937017877282 0.873483914714654
1.0571264143642976 0.8734646897362357
1.057059130199854 0.8734454656889509
1.0569918492945742 0.8734262425727369
1.0569245716480147 0.8734070203875313
1.0568572972584902 0.8733877991339272
1.0567900261267982 0.8733685788105502
1.0567227582537357 0.8733493594179936
1.056655493637618 0.8733301409561949
1.0565882322792424 0.8733109234250914
1.0565209741769237 0.8732917068246205
1.05645371933208 0.8732724911547197
1.0563864677417845 0.8732532764146707
1.0563192194086968 0.8732340626057223
1.0562519743305108 0.8732148497265007
1.0561847325086449 0.8731956377775989
1.0561174939414135 0.8731764267582988
1.0560502586308558 0.8731572166691934
1.055983026572803 0.8731380075095648
1.055915797770536 0.873118799280006
1.0558485722205064 0.8730995919797989
1.0557813499247537 0.8730803856095366
1.0557141308815918 0.8730611801685011
1.0556469150924395 0.8730419756572855
1.0555797025568525 0.8730227720751718
1.055512493271282 0.873003569422753
1.0554452872396307 0.8729843676993113
1.0553780844595915 0.8729651669047842
1.055310884931341 0.8729459670391092
1.0552436886525718 0.8729267681028795
1.055176495625945 0.8729075700953772
1.0551093058503955 0.8728883730171954
1.0550421193248576 0.8728691768669606
1.0549749360501295 0.8728499816452662
1.0549077560251456 0.872830787352705
1.0548405792513256 0.8728115939879041
1.0547734057263611 0.8727924015521117
1.0547062354491867 0.8727732100446102
1.0546390684218432 0.8727540194646819
1.054571904642022 0.8727348298135752
1.0545047441099002 0.8727156410899171
1.0544375868268971 0.8726964532943006
1.054370432790083 0.8726772664266634
1.0543032820008773 0.8726580804869434
1.0542361344588358 0.8726388954750781
1.0541689901635138 0.8726197113903502
1.0541018491150884 0.8726005282333525
1.0540347113118722 0.8725813460040228
1.0539675767546632 0.8725621647016438
1.0539004454436387 0.8725429843268083
1.0538333173771108 0.8725238048794541
1.053766192554635 0.8725046263588639
1.0536990709776313 0.8724854487656306
1.0536319526450335 0.8724662720990369
1.0535648375576403 0.8724470963596758
1.0534977257143854 0.8724279215474849
1.0534306171129588 0.8724087476617473
1.0533635117554028 0.8723895747024005
1.0532964096406507 0.8723704026700376
1.053229310767636 0.8723512315639415
1.0531622151384012 0.87233206138405
1.0530951227500143 0.8723128921303009
1.0530280336045175 0.8722937238032872
1.0529609476996005 0.8722745564016369
1.0528938650360622 0.8722553899265977
1.0528267856140798 0.8722362243767977
1.0527597094319645 0.8722170597534846
1.0526926364905151 0.8721978960559416
1.0526255667886648 0.8721787332841064
1.0525585003265907 0.8721595714379172
1.0524914371038476 0.8721404105173118
1.0524243771199908 0.8721212505222283
1.0523573203764411 0.8721020914526046
1.0522902668715097 0.872082933307724
1.0522232166041294 0.8720637760888339
1.0521561695744772 0.8720446197945629
1.0520891257839746 0.8720254644255038
1.05202208523031 0.8720063099815945
1.0519550479124158 0.8719871564621183
1.051888013832958 0.8719680038676682
1.0518209829890026 0.8719488521981819
1.0517539553819713 0.871929701452943
1.0516869310114187 0.8719105516325443
1.0516199098769 0.8718914027369237
1.051552891976725 0.8718722547653648
1.051485877311693 0.8718531077184601
1.0514188658807366 0.8718339615954934
1.0513518576846552 0.8718148163970573
1.0512848527242484 0.8717956721224353
1.0512178509972037 0.87177652877222
1.051150852503698 0.8717573863450407
1.0510838572432861 0.8717382448421445
1.0510168652161451 0.8717191042634694
1.050949876422452 0.8716999646082993
1.0508828908611392 0.8716808258765724
1.0508159085330062 0.8716616880682266
1.05074892943574 0.8716425511832004
1.0506819535707628 0.871623415221432
1.0506149809370064 0.8716042801835139
1.0505480115340255 0.8715851460687298
1.0504810453613744 0.8715660128770182
1.0504140824192303 0.8715468806083171
1.0503471227077703 0.8715277492619107
1.050280166226549 0.8715086188390456
1.050213212975121 0.8714894893390059
1.0501462629524174 0.8714703607610759
1.0500793161598614 0.8714512331058477
1.0500123725957617 0.8714321063732597
1.0499454322596726 0.8714129805632503
1.0498784951530171 0.8713938556757578
1.0498115612734806 0.8713747317100663
1.0497446306206175 0.8713556086667683
1.0496777031958509 0.8713364865451482
1.049610778998735 0.8713173653457982
1.049543858028201 0.8712982450680027
1.0494769402838033 0.8712791257123541
1.0494100257663421 0.8712600072787907
1.0493431144741254 0.871240889766597
1.0492762064079537 0.8712217731763653
1.049209301567381 0.87120265750738
1.0491423999519613 0.8711835427595797
1.049075501560626 0.8711644289335565
1.049008606394175 0.8711453160292489
1.0489417144515394 0.8711262040459415
1.0488748257335196 0.8711070929835728
1.0488079402390467 0.8710879828420811
1.0487410579695444 0.871068873621405
1.048674178922697 0.8710497653214828
1.0486073030974348 0.871030657942907
1.0485404304958055 0.8710115514849621
1.0484735611154927 0.8709924459475867
1.0484066949566737 0.8709733413307194
1.0483398320195256 0.8709542376349522
1.0482729723036026 0.87093513485957
1.0482061158097054 0.8709160330038578
1.0481392625355173 0.8708969320684077
1.0480724124837097 0.8708778320538119
1.0480055656513425 0.8708587329587016
1.0479387220373455 0.8708396347836692
1.047871881643767 0.8708205375279995
1.0478050444689135 0.8708014411922848
1.0477382105142097 0.8707823457764635
1.047671379777962 0.8707632512804744
1.0476045522609716 0.8707441577036025
1.0475377279621683 0.87072506504644
1.047470906880482 0.870705973308272
1.0474040890173377 0.8706868824896906
1.0473372743697937 0.8706677925912879
1.0472704629417706 0.8706487036116957
1.0472036547297028 0.870629615551506
1.0471368497337674 0.8706105284100041
1.0470700479547659 0.8705914421877821
1.047003249391628 0.8705723568834719
1.046936454043907 0.8705532724983189
1.0468696619117808 0.8705341890316086
1.0468028729941783 0.870515106483933
1.0467360872912772 0.8704960248545776
1.046669304803255 0.8704769441434809
1.046602525529665 0.870457864351235
1.0465357494688126 0.8704387854771254
1.0464689766227473 0.8704197075210909
1.0464022069903987 0.8704006304837235
1.0463354405700716 0.8703815543636556
1.0462686773644403 0.8703624791614791
1.046201917369937 0.870343404877786
1.0461351605879878 0.8703243315112088
1.0460684070181459 0.8703052590623395
1.0460016566599644 0.8702861875311169
1.0459349095129966 0.8702671169174797
1.0458681655767958 0.87024804722202
1.0458014248521639 0.8702289784433704
1.0457346873374052 0.8702099105821229
1.0456679530320727 0.8701908436382163
1.0456012219382176 0.8701717776115895
1.0455344940541438 0.8701527125015284
1.0454677693787802 0.8701336483086247
1.0454010479129285 0.8701145850321647
1.0453343296548931 0.8700955226727399
1.0452676146054758 0.8700764612302895
1.045200902765479 0.8700574007047522
1.0451341941332062 0.8700383410954142
1.0450674887088354 0.8700192824028673
1.0450007864919193 0.8700002246263975
1.0449340874813864 0.8699811677665966
1.044867391677414 0.8699621118227508
1.04480069908018 0.869943056795452
1.0447340096892368 0.8699240026833336
1.0446673235047623 0.86990494948764
1.0446006405263095 0.8698858972076574
1.0445339607534312 0.8698668458439778
1.0444672841850553 0.8698477953958873
1.0444006108219843 0.8698287458639777
1.0443339406625214 0.8698096972468827
1.0442672737080938 0.869790649545194
1.0442006099582544 0.8697716027595033
1.0441339494113058 0.8697525568884444
1.0440672920680507 0.8697335119332616
1.044000637928042 0.8697144678932415
1.043933986989582 0.869695424768323
1.0438673392553488 0.8696763825584453
1.0438006947223946 0.8696573412635475
1.0437340533921473 0.8696383008835687
1.0436674152622842 0.8696192614184481
1.043600780334233 0.8696002228681249
1.0435341486081717 0.869581185232538
1.0434675200849033 0.8695621485109742
1.0434008947608544 0.8695431127040253
1.0433342726355772 0.8695240778109778
1.0432676537117502 0.8695050438324234
1.0432010379889263 0.8694860107683013
1.0431344254641568 0.8694669786185507
1.0430678161388698 0.8694479473824585
1.0430012100126178 0.869428917060616
1.0429346070849532 0.8694098876529627
1.0428680073541776 0.8693908591587853
1.0428014108235957 0.8693718315780233
1.042734817490258 0.8693528049112681
1.0426682273549681 0.8693337791578066
1.042601640416027 0.8693147543182305
1.0425350566736127 0.8692957303918267
1.042468476128528 0.8692767073791868
1.0424018987790746 0.8692576852795979
1.0423353246273068 0.8692386640929992
1.0422687536702746 0.8692196438193301
1.042202185908781 0.8692006244591821
1.0421356213423785 0.8691816060111902
1.0420690599712448 0.869162588476598
1.0420025017943062 0.8691435718546927
1.0419359468123663 0.8691245561454136
1.0418693950243516 0.8691055413487002
1.041802846429814 0.8690865274644919
1.041736301028931 0.8690675144927279
1.0416697588212553 0.8690485024333477
1.0416032198069642 0.8690294912862908
1.0415366839849842 0.8690104810521484
1.041470151354867 0.8689914717289041
1.0414036219174163 0.8689724633184532
1.0413370956721841 0.8689534558200832
1.0412705726180964 0.8689344492330816
1.041204052754705 0.8689154435580397
1.0411375360846922 0.8688964387948971
1.0410710226051054 0.868877434943593
1.0410045123148706 0.8688584320040671
1.0409380052147916 0.868839429975607
1.0408715013044203 0.8688204288581522
1.0408050005839344 0.8688014286522941
1.040738503053512 0.8687824293579721
1.0406720087102 0.868763430974474
1.0406055175573072 0.8687444335017392
1.0405390295931332 0.8687254369403592
1.0404725448166032 0.8687064412896216
1.0404060632278953 0.8686874465501178
1.0403395848259347 0.8686684527211356
1.0402731096121518 0.8686494598026147
1.0402066375860983 0.8686304677951462
1.0401401687460734 0.8686114766980181
1.040073703092881 0.86859248651117
1.0400072406254466 0.8685734972351932
1.0399407813445742 0.868554508868724
1.0398743252491893 0.8685355214130052
1.039807872338843 0.8685165348666734
1.039741422613087 0.8684975492309712
1.0396749760727257 0.8684785645058383
1.039608532716684 0.8684595806899114
1.0395420925451397 0.8684405977837816
1.0394756555582711 0.8684216157873885
1.039409221755003 0.868402634700672
1.0393427911348867 0.8683836545235717
1.0392763636981 0.8683646752560272
1.0392099394435677 0.8683456968979782
1.0391435183720945 0.8683267194487132
1.0390771004832318 0.8683077429088232
1.0390106857759038 0.8682887672782479
1.038944274249662 0.8682697925569272
1.038877865905311 0.8682508187448006
1.0388114607430292 0.8682318458411568
1.0387450587611138 0.8682128738465866
1.0386786599609967 0.8681939027603789
1.0386122643403486 0.8681749325831244
1.0385458718993472 0.868155963314763
1.0384794826375436 0.8681369949545833
1.03841309655637 0.8681180275025251
1.0383467136541233 0.8680990609585283
1.0382803339309818 0.8680800953231839
1.0382139573858693 0.8680611305957805
1.038147584019591 0.868042166776909
1.038081213831698 0.8680232038658584
1.038014846821114 0.8680042418632195
1.0379484829886443 0.867985280768281
1.0378821223325856 0.8679663205809829
1.037815764853743 0.867947361301265
1.0377494105516674 0.8679284029297184
1.0376830594259099 0.8679094454649809
1.037616711476021 0.8678904889076434
1.037550366701552 0.8678715332576459
1.0374840251039352 0.8678525785155792
1.037417686681467 0.8678336246807322
1.0373513514343258 0.8678146717523942
1.037285019362062 0.867795719731156
1.0372186904629717 0.8677767686169574
1.0371523647384877 0.8677578184103893
1.037086042186906 0.8677388691107409
1.0370197228102869 0.8677199207173013
1.0369534066062989 0.8677009732306613
1.03688709357512 0.867682026650761
1.0368207837175558 0.8676630809775403
1.0367544770319022 0.8676441362102886
1.0366881735183369 0.8676251923495966
1.0366218731770382 0.8676062493954043
1.0365555760081846 0.8675873073470012
1.0364892820119542 0.8675683662043272
1.0364229911853868 0.8675494259679731
1.0363567035292884 0.8675304866372285
1.036290419043837 0.867511548212684
1.036224137728583 0.8674926106936289
1.0361578595843326 0.8674736740806541
1.0360915846093806 0.8674547383730492
1.0360253128039052 0.8674358035714047
1.035959044166829 0.8674168696756608
1.0358927786995857 0.8673979366844565
1.0358265163998424 0.8673790045990332
1.0357602572684048 0.8673600734186803
1.0356940013054514 0.8673411431433381
1.0356277485099044 0.8673222137729467
1.035561498881942 0.8673032853080969
1.0354952524217427 0.8672843577480782
1.0354290091288567 0.8672654310928309
1.035362769001578 0.8672465053422953
1.035296532040713 0.8672275804970618
1.0352302982464399 0.8672086565564204
1.0351640676176808 0.8671897335196611
1.0350978401533575 0.8671708113873743
1.0350316158555328 0.8671518901595002
1.034965394723129 0.8671329698359792
1.034899176755696 0.8671140504167515
1.0348329619521557 0.8670951319017574
1.034766750312058 0.8670762142909371
1.0347005418368376 0.8670572975835807
1.0346343365247883 0.8670383817802789
1.0345681343760882 0.8670194668803216
1.0345019353909157 0.8670005528842994
1.0344357395675639 0.8669816397921526
1.0343695469068395 0.8669627276038214
1.0343033574089209 0.8669438163192463
1.0342371710727296 0.8669249059377175
1.0341709878978154 0.8669059964591754
1.034104807884985 0.8668870878842104
1.0340386310331602 0.8668681802121129
1.0339724573418902 0.8668492734428231
1.0339062868113538 0.8668303675769315
1.0338401194411007 0.8668114626143786
1.0337739552313092 0.8667925585538048
1.0337077941802717 0.8667736553964503
1.0336416362887952 0.8667547531416059
1.0335754815564298 0.8667358517892118
1.0335093299839822 0.8667169513392085
1.0334431815691159 0.8666980517921863
1.0333770363132668 0.8666791531480856
1.0333108942140983 0.8666602554055474
1.033244755274304 0.8666413585651617
1.033178619490918 0.866622462627519
1.0331124868666346 0.8666035675919099
1.0330463573972297 0.8665846734576252
1.0329802310847684 0.866565780225905
1.0329141079288002 0.86654688789604
1.0328479879295036 0.8665279964673208
1.0327818710857992 0.8665091059403379
1.0327157573972363 0.8664902163150319
1.0326496468646225 0.8664713275913432
1.0325835394875071 0.8664524397692124
1.0325174352641815 0.86643355284858
1.032451334195453 0.8664146668287371
1.0323852362808712 0.8663957817102739
1.0323191415206145 0.8663768974924811
1.0322530499123446 0.8663580141765989
1.0321869614581274 0.8663391317612684
1.0321208761575125 0.8663202502464304
1.0320547940094196 0.8663013696326751
1.0319887150146567 0.8662824899199432
1.0319226391715146 0.8662636111075256
1.0318565664801715 0.8662447331960126
1.0317904969401765 0.8662258561846954
1.0317244305523379 0.8662069800735146
1.031658367315575 0.8661881048630604
1.0315923072288078 0.8661692305526241
1.0315262502934734 0.8661503571427956
1.0314601965072328 0.8661314846328664
1.0313941458721527 0.8661126130227771
1.0313280983865234 0.8660937423124685
1.0312620540505233 0.8660748725018813
1.0311960128637014 0.8660560035909564
1.0311299748256066 0.8660371355796344
1.0310639399364177 0.8660182684685053
1.030997908194424 0.8659994022568607
1.0309318796016933 0.865980536943992
1.030865854156515 0.8659616725311385
1.0307998318596976 0.8659428090175919
1.0307338127089007 0.8659239464032928
1.0306677967049327 0.8659050846881822
1.0306017838486017 0.8658862238722007
1.030535774138197 0.8658673639552893
1.0304697675732675 0.8658485049367396
1.0304037641552513 0.8658296468171416
1.0303377638824376 0.8658107895964361
1.0302717667562649 0.8657919332745639
1.0302057727737621 0.8657730778514661
1.0301397819363678 0.8657542233264343
1.0300737942442604 0.8657353696994095
1.0300078096957288 0.8657165169709815
1.0299418282909516 0.8656976651410914
1.0298758500301073 0.8656788142096798
1.0298098749127447 0.865659964176039
1.0297439029390423 0.8656411150401097
1.0296779341072884 0.8656222668024818
1.029611968418922 0.8656034194630963
1.0295460058716013 0.8655845730212451
1.0294800464680254 0.8655657274768694
1.0294140902052222 0.8655468828305589
1.0293481370846307 0.8655280390816057
1.0292821871051692 0.8655091962305996
1.029216240266386 0.8654903542768329
1.0291502965678296 0.8654715132202463
1.0290843560096785 0.8654526730607811
1.029018418591481 0.8654338337983782
1.0289524843127857 0.8654149954329787
1.0288865531744016 0.8653961579645236
1.028820625174616 0.865377321392954
1.028754700314238 0.8653584857188595
1.0286887785928163 0.8653396509415326
1.0286228600111598 0.8653208170602656
1.0285569445656642 0.865301984076297
1.0284910322583998 0.8652831519882705
1.0284251230876535 0.8652643207974245
1.0283592170548654 0.865245490502403
1.0282933141595836 0.8652266611037954
1.0282274144013561 0.865207832601543
1.0281615177791006 0.8651890049955869
1.0280956242936263 0.8651701782852198
1.0280297339444815 0.8651513524710311
1.0279638467305832 0.8651325275529622
1.0278979626521103 0.8651137035303057
1.0278320817092417 0.8650948804036512
1.027766203902787 0.86507605817294
1.027700329229771 0.8650572368374646
1.0276344576903724 0.8650384163978149
1.0275685892854007 0.8650195968532834
1.0275027240137729 0.86500077820446
1.0274368618750367 0.8649819604506374
1.027371002870002 0.8649631435917567
1.0273051469969547 0.8649443276277594
1.0272392942579667 0.8649255125598831
1.0271734446519547 0.8649066983867727
1.0271075981765734 0.8648878851083693
1.0270417548338946 0.8648690727246142
1.0269759146240975 0.8648502612354487
1.0269100775435742 0.8648314506408141
1.0268442435950278 0.8648126409412998
1.0267784127780064 0.8647938321355509
1.0267125850901637 0.8647750242248049
1.02664676053231 0.864756217208355
1.0265809391052552 0.8647374110867907
1.0265151208079157 0.8647186058594051
1.0264493056392079 0.8646998015261396
1.0263834935999419 0.8646809980862874
1.0263176846902966 0.8646621955404381
1.026251878908557 0.864643393888533
1.0261860762555333 0.8646245931305133
1.0261202767307727 0.8646057932663206
1.026054480333823 0.8645869942958962
1.0259886870642316 0.8645681962185336
1.025922896922809 0.8645493990348221
1.0258571099078393 0.8645306027447031
1.0257913260195017 0.8645118073481179
1.0257255452567118 0.8644930128443603
1.0256597676209118 0.8644742192340195
1.0255939931103857 0.864455426516389
1.0255282217253123 0.864436634692706
1.025462453465871 0.8644178437616165
1.0253966883322403 0.8643990537230616
1.0253309263233361 0.8643802645776308
1.0252651674380737 0.8643614763252657
1.0251994116760001 0.8643426889652598
1.025133659038558 0.8643239024975546
1.0250679095259265 0.8643051169227396
1.0250021631351252 0.8642863322394606
1.0249364198688606 0.8642675484489548
1.0248706797254161 0.8642487655511636
1.024804942703707 0.8642299835447331
1.0247392088045437 0.8642112024309004
1.0246734780281057 0.8641924222089593
1.024607750373308 0.8641736428788513
1.0245420258396976 0.8641548644405181
1.0244763044280856 0.8641360868945489
1.0244105861367547 0.8641173102402376
1.0243448709646197 0.8640985344775259
1.024279158914388 0.8640797596063554
1.0242134499843425 0.8640609856260201
1.024147744174662 0.8640422125371092
1.0240820414836291 0.8640234403395645
1.0240163419126873 0.8640046690339749
1.0239506454607512 0.8639858986189871
1.023884952125471 0.8639671290951905
1.0238192619108188 0.8639483604618791
1.0237535748131805 0.863929592719642
1.0236878908352642 0.8639108258684209
1.0236222099747196 0.8638920599081577
1.0235565322304612 0.8638732948381465
1.0234908576039328 0.8638545306596238
1.0234251860940484 0.8638357673712367
1.023359517700355 0.8638170049729268
1.0232938524230313 0.8637982434652832
1.0232281902622566 0.8637794828482478
1.023162531216945 0.8637607231211148
1.0230968752879082 0.8637419642844735
1.0230312224727949 0.8637232063376181
1.0229655727749472 0.8637044492804907
1.022899926190116 0.8636856931136802
1.0228342827203782 0.8636669378371282
1.0227686423633824 0.8636481834494824
1.0227030051212058 0.8636294299519788
1.022637370992762 0.8636106773439121
1.0225717399775975 0.8635919256252241
1.0225061120758914 0.8635731747958568
1.0224404872865573 0.863554424856399
1.0223748656097744 0.8635356758061454
1.0223092470457218 0.8635169276450381
1.022243631593946 0.8634981803730187
1.0221780192527274 0.8634794339900292
1.0221124100235108 0.8634606884960115
1.0220468039052097 0.8634419438909076
1.0219812008986362 0.8634232001746591
1.0219156010020705 0.8634044573472082
1.0218500042163248 0.8633857154084966
1.0217844105415785 0.8633669743584664
1.0217188199761116 0.8633482341970595
1.0216532325201033 0.8633294949242178
1.0215876481730997 0.8633107565392364
1.0215220669346465 0.863292019042704
1.0214564888061897 0.8632732824345628
1.0213909137847423 0.8632545467147545
1.0213253418717503 0.8632358118825745
1.0212597730673925 0.8632170779386115
1.0211942073712152 0.8631983448821606
1.0211286447827645 0.8631796127138108
1.0210630853015863 0.8631608814328573
1.0209975289259596 0.8631421510398888
1.0209319756573305 0.8631234215342006
1.020866425493978 0.8631046929163816
1.0208008784373483 0.8630859651863736
1.0207353344869872 0.8630672383434721
1.02066979364054 0.8630485123876193
1.02060425590072 0.8630297873194037
1.0205387212651726 0.8630110631381209
1.0204731897347106 0.8629923398437129
1.020407661309513 0.8629736174361219
1.0203421359884923 0.86295489591529
1.020276613769927 0.8629361752818057
1.0202110946552634 0.8629174555349647
1.0201455786440472 0.8628987366747092
1.020080065736458 0.8628800187009812
1.0200145559314073 0.862861301613723
1.019949049228441 0.8628425854128766
1.0198835456283721 0.8628238700983843
1.0198180451301124 0.8628051556701882
1.0197525477338412 0.8627864421282305
1.01968705343847 0.8627677294724534
1.0196215622441787 0.8627490177027991
1.0195560741498781 0.8627303068185634
1.0194905891576498 0.8627115968203349
1.0194251072657712 0.8626928877087021
1.0193596284737878 0.8626741794823146
1.019294152781879 0.862655472141761
1.0192286801895902 0.8626367656869834
1.0191632106964668 0.8626180601179243
1.019097744302054 0.8625993554338794
1.019032281006531 0.8625806516354375
1.0189668208088094 0.8625619487218945
1.0189013637103366 0.8625432466938389
1.0188359097087554 0.8625245455512129
1.0187704588055135 0.8625058452933129
1.0187050110001563 0.8624871459207271
1.0186395662915948 0.8624684474327518
1.0185741246800084 0.8624497498293292
1.0185086861655763 0.8624310531104018
1.0184432507465755 0.8624123572765581
1.0183778184238192 0.8623936623270941
1.0183123891968529 0.8623749682625984
1.018246963064587 0.8623562750823673
1.0181815400284697 0.8623375827863432
1.0181161200874118 0.8623188913744685
1.0180507032415929 0.8623002008466855
1.0179852894899233 0.8622815112035825
1.0179198788325825 0.8622628224438103
1.0178544712684812 0.862244134567957
1.017789066798433 0.862225447576611
1.017723665421983 0.8622067614690688
1.0176582671399454 0.8621880762452729
1.0175928719493266 0.8621693919051657
1.017527479850306 0.8621507084486897
1.0174620908436975 0.8621320258757873
1.017396704929046 0.8621133441864011
1.0173313221058964 0.8620946633804734
1.0172659423756973 0.862075983457301
1.0172005657360899 0.8620573044174721
1.0171351921885228 0.8620386262609293
1.0170698217312713 0.862019948987615
1.0170044543645147 0.8620012725974718
1.016939090087163 0.8619825970897966
1.0168737289000307 0.8619639224651775
1.0168083708020272 0.8619452487229113
1.0167430157933324 0.8619265758629409
1.0166776638728554 0.8619079038858541
1.016612315043951 0.8618892327915937
1.0165469693017188 0.8618705625794566
1.0164816266488783 0.8618518932493854
1.0164162870824338 0.8618332248019682
1.0163509506051052 0.8618145572371477
1.0162856172145316 0.861795890554221
1.0162202869115278 0.861777224753776
1.0161549596956383 0.8617585598351101
1.016089635565137 0.8617398957981658
1.0160243145214738 0.8617212326435312
1.015958996564193 0.8617025703698581
1.0158936816934745 0.86168390897838
1.0158283699082271 0.8616652484683941
1.0157630612086306 0.8616465888398431
1.0156977555942293 0.8616279300926697
1.0156324530626613 0.8616092722268166
1.0155671536172828 0.8615906152428718
1.0155018572557322 0.8615719591394875
1.015436563978189 0.8615533039178968
1.0153712737848328 0.8615346495767519
1.0153059866745724 0.8615159961166409
1.0152407026494938 0.8614973435375065
1.015175421705964 0.8614786918392915
1.0151101438441623 0.8614600410219385
1.0150448690661749 0.8614413910847452
1.0149795973696392 0.8614227420282994
1.0149143287547349 0.861404093852544
1.0148490632210059 0.8613854465574219
1.0147838007686316 0.8613668001428757
1.0147185413984279 0.8613481546088482
1.0146532851080312 0.8613295099546371
1.014588031898893 0.8613108661801854
1.0145227817705569 0.8612922232860808
1.0144575347219311 0.8612735812722663
1.0143922907525598 0.8612549401380395
1.0143270498632582 0.8612362998839884
1.0142618120522984 0.8612176605094108
1.014196577320496 0.8611990220142497
1.0141313456680308 0.8611803843990928
1.0140661170925387 0.8611617476638831
1.0140008915961072 0.8611431118072734
1.013935669177008 0.8611244768304966
1.013870449834785 0.8611058427328507
1.0138052335708898 0.8610872095142786
1.013740020383594 0.8610685771753682
1.0136748102743496 0.8610499457154174
1.013609603240792 0.8610313151343691
1.013544399283737 0.8610126854321665
1.013479198402728 0.8609940566093971
1.013414000597309 0.8609754286653591
1.0133488058676592 0.8609568015993508
1.0132836142133224 0.8609381754126048
1.0132184256338421 0.8609195501037743
1.0131532401281256 0.8609009256740919
1.013088057697625 0.860882302122856
1.0130228783412478 0.8608636794500094
1.0129577020579008 0.8608450576554952
1.0128925288496728 0.8608264367386118
1.0128273587148346 0.8608078166999469
1.0127621916522933 0.8607891975394434
1.0126970276628648 0.8607705792570445
1.0126318667454561 0.8607519618520486
1.0125667089008836 0.8607333453250434
1.0125015541274174 0.8607147296753274
1.0124364024258736 0.8606961149034881
1.0123712537951592 0.8606775010094687
1.0123061082360902 0.8606588879925678
1.01224096574821 0.860640275853373
1.0121758263304255 0.8606216645918273
1.0121106899841894 0.8606030542072295
1.012045556707135 0.860584444700167
1.0119804265000785 0.8605658360692943
1.0119152993632001 0.8605472283158432
1.011850175296043 0.8605286214391126
1.011785054297513 0.86051001543969
1.0117199363677905 0.860491410316874
1.0116548215064178 0.860472806070608
1.0115897097142124 0.8604542027008353
1.01152460099008 0.8604356002081431
1.0114594953342007 0.8604169985918305
1.0113943927448432 0.8603983978518407
1.0113292932221876 0.8603797979881168
1.0112641967670506 0.8603611990012464
1.0111991033789751 0.8603426008898841
1.01113401305623 0.8603240036552617
1.0110689257996321 0.8603054072966783
1.0110038416093614 0.860286811814077
1.0109387604849605 0.8602682172074011
1.0108736824266096 0.860249623476594
1.010808607433214 0.8602310306215988
1.010743535504954 0.8602124386423589
1.010678466640735 0.8601938475381734
1.0106134008407366 0.8601752573096298
1.010548338105139 0.8601566679566715
1.010483278434122 0.8601380794785974
1.0104182218253164 0.8601194918766393
1.010353168280814 0.8601009051494523
1.0102881177982455 0.8600823192976237
1.0102230703790653 0.860063734321097
1.0101580260215415 0.8600451502191715
1.0100929847264912 0.8600265669917906
1.0100279464928195 0.8600079846395415
1.0099629113213435 0.8599894031623678
1.0098978792116062 0.8599708225595688
1.0098328501625122 0.8599522428317319
1.0097678241742416 0.8599336639781565
1.0097028012469742 0.8599150859987862
1.0096377813802526 0.8598965088935643
1.0095727645742567 0.8598779326630781
1.009507750828529 0.8598593573066272
1.0094427401413364 0.8598407828247989
1.0093777325128586 0.8598222092168928
1.009312727942638 0.8598036364828524
1.00924772643213 0.8597850646232649
1.0091827279815149 0.8597664936367863
1.0091177325884213 0.8597479235240038
1.0090527402517537 0.8597293542855046
1.0089877509736054 0.8597107859205886
1.0089227647528807 0.8596922184291992
1.0088577815910356 0.85967365181128
1.0087928014850607 0.8596550860667744
1.0087278244364117 0.8596365211956261
1.008662850443993 0.8596179571971349
1.0085978795073463 0.8595993940725316
1.0085329116260136 0.8595808318211162
1.008467946800813 0.8595622704421887
1.0084029850306486 0.8595437099363361
1.0083380263157002 0.8595251503035021
1.0082730706561482 0.8595065915436302
1.0082081180508962 0.859488033656664
1.008143168500124 0.8594694766425472
1.0080782220033742 0.8594509205005799
1.0080132785601879 0.8594323652313491
1.0079483381701073 0.8594138108341551
1.0078834008333124 0.8593952573089416
1.0078184665499832 0.8593767046562956
1.0077535353196616 0.8593581528761606
1.0076886071406126 0.859339601967837
1.007623682014293 0.8593210519319118
1.007558759939606 0.8593025027676853
1.007493840916732 0.8592839544757446
1.007428924944574 0.85926540705539
1.0073640120239507 0.8592468605072086
1.007299102155042 0.8592283148305007
1.0072341953367512 0.85920977002521
1.0071692915692585 0.8591912260919236
1.007104390851467 0.8591726830299418
1.007039493182918 0.8591541408392085
1.006974598565069 0.8591355995196674
1.0069097069968231 0.8591170590712623
1.006844818474528 0.859098519493937
1.0067799330028346 0.8590799807882783
1.0067150505793685 0.8590614429529437
1.0066501712055873 0.8590429059885203
1.006585294879116 0.8590243698949517
1.0065204215994963 0.8590058346721817
1.0064555513675466 0.8589873003201542
1.0063906841815309 0.8589687668388131
1.0063258200435456 0.858950234228102
1.0062609589518545 0.8589317024879649
1.0061961009072768 0.8589131716183456
1.0061312459080758 0.8588946416191878
1.0060663939557095 0.8588761124897926
1.0060015450497193 0.8588575842307467
1.0059366991877294 0.8588390568419939
1.005871856371198 0.8588205303228353
1.005807016599027 0.8588020046738578
1.0057421798720358 0.8587834798943622
1.0056773461891264 0.8587649559849354
1.0056125155504791 0.8587464329455212
1.0055476879549958 0.8587279107760636
1.0054828634034958 0.8587093894752208
1.0054180418948808 0.8586908690442224
1.0053532234293312 0.8586723494830123
1.005288408006388 0.8586538307908917
1.005223595625592 0.8586353129678047
1.005158786287763 0.8586167960136951
1.0050939799924417 0.8585982799291496
1.0050291767385298 0.8585797647134695
1.0049643765262075 0.8585612503672415
1.0048995793543762 0.8585427368897669
1.0048347852238557 0.8585242242809897
1.0047699941341868 0.858505712540854
1.0047052060842707 0.8584872016693036
1.0046404210749273 0.8584686916669253
1.0045756391056975 0.8584501825330205
1.0045108601761217 0.8584316742675333
1.0044460842863805 0.8584131668704077
1.0043813114340956 0.8583946603409452
1.0043165416213662 0.8583761546803751
1.0042517748483726 0.8583576498879987
1.0041870111120967 0.8583391459631177
1.0041222504139982 0.8583206429069611
1.0040574927542574 0.8583021407181881
1.003992738131775 0.8582836393973854
1.0039279865467317 0.8582651389444969
1.0038632379986676 0.8582466393594668
1.0037984924871235 0.8582281406415968
1.0037337500116394 0.8582096427921159
1.0036690105723962 0.8581911458096834
1.0036042741702138 0.8581726496948858
1.003539540801433 0.858154154447025
1.0034748104681537 0.8581356600666875
1.0034100831705566 0.8581171665531752
1.003345358908822 0.8580986739070744
1.0032806376824903 0.8580801821276871
1.0032159194898218 0.8580616912155998
1.003151204330997 0.8580432011701145
1.0030864922061957 0.8580247119918175
1.0030217831155988 0.8580062236800109
1.0029570770581062 0.857987736234639
1.0028923740338984 0.8579692496562881
1.0028276740425155 0.8579507639442603
1.0027629770828574 0.8579322790984999
1.002698283156385 0.8579137951195932
1.0026335922600773 0.8578953120068424
1.0025689043960353 0.857876829760834
1.0025042195650802 0.857858348380228
1.0024395377648307 0.8578398678656107
1.0023748589941865 0.8578213882175686
1.0023101832552492 0.8578029094354038
1.0022455105469186 0.8577844315190607
1.0021808408687343 0.8577659544684836
1.002116174220877 0.8577474782829749
1.0020515106028867 0.8577290029637629
1.0019868500136626 0.8577105285101498
1.0019221924527446 0.8576920549220802
1.001857537922235 0.8576735821988565
1.001792886421033 0.8576551103410648
1.0017282379473973 0.8576366393486496
1.0016635925021486 0.8576181692209135
1.0015989500848272 0.8575996999584427
1.0015343106949726 0.8575812315618232
1.0014696743321245 0.857562764029716
1.0014050409971043 0.8575442973627073
1.0013404106881698 0.8575258315600998
1.0012757834067836 0.8575073666224795
1.0012111591512032 0.8574889025497909
1.0011465379203275 0.8574704393413368
1.0010819197162597 0.8574519769977034
1.0010173045385393 0.8574335155181932
1.0009526923854242 0.857415054902751
1.0008880832577358 0.8573965951513212
1.0008234771543727 0.8573781362644898
1.000758874074874 0.8573596782422014
1.0006942740194207 0.8573412210837588
1.0006296769888339 0.8573227647897481
1.0005650829826533 0.8573043093594723
1.0005004919991363 0.8572858547922344
1.0004359040384632 0.857267401089262
1.0003713191020969 0.8572489482498581
1.0003067371876533 0.8572304962746087
1.0002421582959542 0.8572120451628169
1.0001775824246149 0.8571935949144273
1.0001130095770223 0.8571751455293843
1.0000484397501508 0.8571566970076326
0.999983872944822 0.8571382493491169
0.9999193091601865 0.8571198025537816
0.9998547483974507 0.8571013566215714
0.9997901906551382 0.8570829115524309
0.999725635933055 0.8570644673463046
0.9996610842310073 0.8570460240031372
0.9995965355488015 0.8570275815228734
0.9995319898862436 0.8570091399048165
0.99946744724314 0.8569906991501938
0.9994029076192968 0.8569722592576672
0.9993383710138793 0.8569538202278227
0.9992738374266937 0.8569353820599638
0.9992093068581877 0.8569169447546763
0.9991447793075263 0.856898508311905
0.9990802547757984 0.8568800727309533
0.999015733260887 0.8568616380124072
0.9989512147625984 0.8568432041555701
0.9988866992820216 0.8568247711610281
0.9988221868183218 0.8568063390287256
0.9987576773706646 0.8567879077579664
0.9986931709394975 0.8567694773486952
0.9986286675239862 0.8567510478014979
0.9985641671239371 0.8567326191156781
0.9984996697397982 0.8567141912911805
0.998435175370094 0.8566957643285911
0.9983706840159132 0.8566773382272135
0.9983061956770627 0.8566589129876334
0.9982417103520671 0.8566404886091549
0.9981772280413743 0.8566220650917225
0.9981127487441501 0.8566036424352811
0.9980482724608424 0.8565852206404165
0.997983799190617 0.8565667997057917
0.9979193289332808 0.8565483796319925
0.9978548616892818 0.8565299604196044
0.997790397457786 0.8565115420672906
0.9977259362386003 0.8564931245762778
0.9976614780315318 0.8564747079458699
0.9975970228357467 0.8564562921760117
0.9975325706516929 0.8564378772666482
0.9974681214785366 0.8564194632170835
0.9974036753173666 0.8564010500279032
0.9973392321667085 0.8563826376990522
0.9972747920270101 0.8563642262304754
0.9972103548974379 0.8563458156221178
0.9971459207777992 0.8563274058739241
0.9970814896679011 0.8563089969851987
0.9970170615675511 0.8562905889565272
0.9969526364765563 0.8562721817878546
0.9968882143947242 0.8562537754791257
0.9968237953212213 0.856235370029645
0.9967593792564958 0.856216965439998
0.9966949661997145 0.856198561709489
0.9966305561506849 0.8561801588387037
0.9965661491098547 0.8561617568269464
0.9965017450770317 0.8561433556748027
0.9964373440507422 0.8561249553815772
0.996372946030794 0.8561065559472147
0.9963085510182753 0.8560881573723009
0.9962441590117129 0.8560697596561403
0.9961797700121955 0.8560513627993183
0.9961153840182496 0.8560329668004991
0.9960510010303234 0.8560145716609087
0.9959866210469438 0.8559961773798516
0.9959222440685589 0.8559777839572729
0.9958578700956169 0.8559593913937581
0.9957934991272851 0.8559409996886119
0.9957291311633715 0.8559226088417794
0.9956647662036837 0.8559042188532057
0.9956004042473894 0.8558858297228359
0.9955360452949368 0.8558674414506151
0.9954716893461337 0.8558490540364885
0.9954073364001479 0.855830667480401
0.9953429864567873 0.855812281782298
0.9952786395165001 0.8557938969427646
0.9952142955784541 0.8557755129604658
0.9951499546424574 0.8557571298359868
0.9950856167083181 0.8557387475686327
0.9950212817758441 0.8557203661589886
0.9949569498442037 0.8557019856069998
0.994892620913845 0.8556836059119715
0.9948282949845761 0.8556652270744889
0.9947639720555653 0.8556468490944972
0.9946996521266207 0.8556284719719416
0.9946353351975507 0.8556100957067673
0.9945710212681633 0.8555917202989195
0.9945067103382671 0.8555733457477035
0.9944424024076703 0.8555549720537045
0.9943780974761814 0.8555365992162276
0.9943137955436088 0.8555182272358582
0.9942494966091207 0.8554998561119016
0.9941852006731656 0.8554814858443031
0.9941209077349122 0.8554631164336478
0.9940566177941689 0.8554447478792411
0.993992330851384 0.8554263801810283
0.9939280469057264 0.8554080133395947
0.9938637659563647 0.8553896473542456
0.9937994880037473 0.8553712822255662
0.9937352130483227 0.8553529179522221
0.9936709410886199 0.8553345545347986
0.9936066721250874 0.8553161919738806
0.9935424061575339 0.8552978302687739
0.9934781431851284 0.8552794694194238
0.9934138832076796 0.8552611094264153
0.9933496262249963 0.8552427502890542
0.9932853722375271 0.8552243920066459
0.9932211212438014 0.8552060345797757
0.9931568732449074 0.855187678008389
0.9930926282393747 0.8551693222924311
0.9930283862276519 0.8551509674318475
0.9929641472095478 0.8551326134265835
0.9928999111842319 0.8551142602765847
0.9928356781515131 0.8550959079817962
0.9927714481112004 0.8550775565421638
0.9927072210637427 0.8550592059569931
0.9926429970083092 0.8550408562268693
0.9925787759447091 0.8550225073517378
0.9925145578727516 0.8550041593309045
0.9924503427922458 0.8549858121649543
0.9923861307030009 0.8549674658531933
0.9923219216041865 0.8549491203968459
0.992257715495612 0.8549307757939393
0.9921935123777261 0.8549124320463373
0.9921293122496986 0.8548940891527065
0.9920651151119783 0.8548757471129924
0.9920009209630956 0.85485740592778
0.9919367298034993 0.8548390655963755
0.991872541632999 0.8548207261193637
0.9918083564514039 0.8548023874960508
0.9917441742585235 0.8547840497270217
0.9916799950541673 0.8547657128109434
0.9916158188375054 0.85474737674904
0.9915516456089867 0.8547290415406178
0.9914874753677814 0.8547107071862617
0.9914233081136992 0.8546923736846388
0.9913591438465496 0.8546740410363338
0.9912949825661422 0.8546557092419317
0.9912308242722868 0.8546373783007388
0.991166668964793 0.8546190482127008
0.9911025166428313 0.8546007189777634
0.9910383673068507 0.8545823905965111
0.9909742209566608 0.8545640630676115
0.9909100775914323 0.8545457363916493
0.9908459372109751 0.8545274105692093
0.9907817998157381 0.854509085598959
0.990717665404892 0.8544907614814832
0.9906535339776078 0.8544724382167274
0.9905894055343344 0.8544541158046374
0.9905252800748817 0.8544357942445199
0.9904611575990597 0.8544174735369596
0.9903970381060394 0.8543991536819022
0.9903329215956308 0.8543808346792935
0.990268808068283 0.8543625165284401
0.990204697523806 0.8543441992299268
0.990140589961371 0.8543258827830603
0.9900764853807881 0.8543075671884255
0.9900123837818673 0.854289252445968
0.9899482851650578 0.8542709385549947
0.9898841895282533 0.8542526255160903
0.9898200968725416 0.8542343133285616
0.989756007197733 0.8542160019929933
0.989691920502999 0.8541976915086923
0.9896278367887887 0.8541793818762433
0.9895637560542737 0.8541610730949533
0.9894996782992642 0.8541427651647681
0.9894356035235707 0.8541244580862722
0.9893715317270037 0.8541061518587729
0.9893074629093734 0.8540878464822159
0.9892433970704905 0.854069541956547
0.9891793342101654 0.854051238282351
0.9891152743282086 0.8540329354589348
0.9890512174231533 0.8540146334862443
0.9889871634960874 0.8539963323642255
0.9889231125468215 0.8539780320928242
0.9888590645745277 0.8539597326719863
0.9887950195790164 0.8539414341016578
0.9887309775594599 0.8539231363817845
0.9886669385169461 0.8539048395129509
0.988602902450647 0.8538865434938259
0.9885388693597348 0.8538682483249939
0.988474839244659 0.8538499540064007
0.9884108121045917 0.853831660537354
0.9883467879399823 0.8538133679190767
0.9882827667500031 0.8537950761502376
0.9882187485351036 0.8537767852314213
0.9881547332938178 0.8537584951625737
0.9880907210265949 0.8537402059430024
0.9880267117332461 0.8537219175739301
0.9879627054135822 0.8537036300540262
0.9878987020674143 0.8536853433832365
0.987834701693915 0.8536670575621456
0.9877707042935338 0.8536487725906993
0.9877067098654434 0.8536304884682053
0.9876427184100933 0.8536122051952482
0.987578729926018 0.8535939227717737
0.9875147444143052 0.8535756411970898
0.9874507618734896 0.8535573604717808
0.9873867823040207 0.8535390805951544
0.9873228057057097 0.8535208015671567
0.9872588320783681 0.8535025233877339
0.9871948614218068 0.8534842460574702
0.9871308937351992 0.8534659695756734
0.9870669290189948 0.8534476939422898
0.9870029672723668 0.8534294191572654
0.9869390084951265 0.8534111452211846
0.9868750526870854 0.853392872132717
0.9868110998486931 0.8533745998930852
0.9867471499784849 0.8533563285015972
0.9866832030762722 0.853338057958199
0.9866192591431429 0.8533197882628368
0.9865553181776322 0.853301519415457
0.9864913801801898 0.8532832514160054
0.9864274451499893 0.8532649842644283
0.9863635130874804 0.8532467179606721
0.9862995839911987 0.8532284525053208
0.9862356578622319 0.8532101878970445
0.9861717346991158 0.8531919241364276
0.9861078145029379 0.8531736612234162
0.9860438972728722 0.8531553991579566
0.9859799830080925 0.853137137939357
0.9859160717084107 0.8531188775682016
0.9858521633742764 0.8531006180444366
0.9857882580055015 0.8530823593673704
0.9857243556012601 0.8530641015375872
0.9856604561613642 0.8530458445550331
0.9855965596856257 0.8530275884196544
0.9855326661738564 0.8530093331307597
0.9854687756258684 0.852991078688933
0.9854048880414739 0.8529728250934828
0.9853410034204847 0.8529545723443555
0.9852771217620753 0.852936320442135
0.9852132430666953 0.8529180693867676
0.9851493673335194 0.8528998191775621
0.9850854945629973 0.8528815698144647
0.9850216247543035 0.8528633212980594
0.9849577579072503 0.8528450736276549
0.9848938940216498 0.8528268268031977
0.9848300330966768 0.852808580824634
0.9847661751327811 0.8527903356925477
0.984702320129775 0.8527720914056102
0.9846384680874708 0.8527538479650429
0.9845746190056809 0.8527356053701548
0.9845107728835801 0.8527173636208921
0.9844469297209809 0.8526991227178388
0.9843830895176957 0.8526808826596662
0.9843192522741745 0.8526626434475959
0.9842554179889547 0.8526444050802992
0.9841915866624863 0.85262616755836
0.984127758294582 0.8526079308817248
0.9840639328850542 0.8525896950503401
0.9840001104337156 0.8525714600641523
0.9839362909397413 0.8525532259231079
0.9838724744035815 0.8525349926271533
0.9838086608237739 0.8525167601755976
0.9837448502014061 0.8524985285690247
0.9836810425356535 0.8524802978073811
0.983617237826966 0.8524620678906133
0.9835534360738818 0.8524438388186677
0.983489637276851 0.8524256105914909
0.9834258414350492 0.852407383208392
0.9833620485489265 0.8523891566699551
0.9832982586182958 0.8523709309754891
0.9832344716423327 0.852352706125578
0.983170687620213 0.8523344821195311
0.9831069065536612 0.8523162589579323
0.9830431284412158 0.8522980366400907
0.9829793532826899 0.8522798151659532
0.9829155810778966 0.8522615945361033
0.9828518118266488 0.8522433747498505
0.9827880455287596 0.8522251558071413
0.9827242821834051 0.8522069377085596
0.9826605217910355 0.8521887204534149
0.9825967643514638 0.8521705040416536
0.9825330098638664 0.8521522884738596
0.9824692583280562 0.8521340737493425
0.9824055097438467 0.8521158598680487
0.982341764111051 0.8520976468299251
0.9822780214294824 0.8520794346349182
0.9822142816989543 0.8520612232836117
0.9821505449192799 0.8520430127746783
0.9820868110896357 0.8520248031087018
0.982023080210472 0.8520065942856286
0.9819593522816022 0.8519883863060426
0.9818956273022029 0.8519701791692533
0.9818319052720875 0.8519519728752076
0.9817681861917064 0.8519337674232152
0.9817044700602361 0.8519155628138598
0.9816407568768535 0.8518973590477249
0.9815770466420088 0.8518791561234836
0.9815133393555159 0.8518609540417195
0.9814496350171881 0.8518427528017424
0.9813859336262024 0.8518245524047727
0.9813222351823725 0.8518063528494837
0.9812585396861487 0.8517881541358221
0.9811948471367082 0.8517699562650082
0.9811311575338646 0.8517517592357152
0.981067470876795 0.8517335630478902
0.9810037871665866 0.8517153677021163
0.9809401064024166 0.8516971731983406
0.9808764285840987 0.8516789795358731
0.9808127537114468 0.8516607867146607
0.9807490817830017 0.8516425947352868
0.9806854128004869 0.8516244035976983
0.9806217467624434 0.8516062133012053
0.9805580836693216 0.8515880238463914
0.980494423520299 0.8515698352325668
0.9804307663151896 0.8515516474596784
0.9803671120531708 0.851533460527673
0.9803034607346934 0.8515152744364975
0.980239812360208 0.8514970891867355
0.9801761669282556 0.8514789047770607
0.9801125244392869 0.851460721208693
0.9800488848924795 0.8514425384809429
0.9799852482876479 0.8514243565937571
0.9799216146246061 0.8514061755477192
0.9798579839038049 0.8513879953415033
0.979794356124422 0.851369815976329
0.9797307312856355 0.8513516374508705
0.9796671093885323 0.8513334597657112
0.9796034904316542 0.8513152829207979
0.9795398744154519 0.8512971069160779
0.9794762613397398 0.8512789317514977
0.9794126512036959 0.8512607574270047
0.9793490440077711 0.8512425839419093
0.9792854397511436 0.8512244112974312
0.9792218384336278 0.8512062394922449
0.9791582400550383 0.8511880685269336
0.9790946446158257 0.8511698984014443
0.9790310521145326 0.8511517291150879
0.9789674625516094 0.8511335606684475
0.9789038759268709 0.8511153930614702
0.9788402922394955 0.8510972262941031
0.9787767114899342 0.8510790603656571
0.9787131336773655 0.8510608952767151
0.9786495588016041 0.8510427310265885
0.9785859868631009 0.8510245676158601
0.9785224178610347 0.8510064050444772
0.9784588517952201 0.8509882433111148
0.978395288665472 0.8509700824163559
0.9783317284716053 0.8509519223607837
0.9782681712127989 0.8509337631437093
0.9782046168895037 0.8509156047657158
0.9781410655008986 0.8508974472261144
0.9780775170474346 0.8508792905248521
0.9780139715289267 0.8508611346618762
0.9779504289445538 0.8508429796377697
0.977886889294131 0.8508248254518438
0.9778233525781095 0.8508066721046815
0.9777598187950324 0.8507885195955942
0.9776962879447149 0.8507703679245291
0.9776327600276079 0.8507522170914332
0.9775692350435267 0.8507340670956182
0.9775057129916505 0.8507159179383026
0.9774421938724304 0.8506977696181621
0.9773786776850458 0.8506796221357799
0.9773151644293122 0.8506614754911029
0.9772516541056805 0.8506433296840785
0.9771881467133302 0.8506251847152897
0.9771246422520766 0.8506070405834122
0.9770611407217352 0.850588897289029
0.9769976421221214 0.8505707548320872
0.9769341464524147 0.8505526132118987
0.9768706537124309 0.8505344724290461
0.9768071639026209 0.8505163324834769
0.9767436770221646 0.8504981933745027
0.9766801930715131 0.8504800551027064
0.9766167120498463 0.8504619176680352
0.97655323395698 0.850443781069801
0.9764897587927296 0.8504256453085866
0.9764262865569107 0.8504075103843393
0.9763628172487034 0.8503893762963708
0.9762993508685591 0.8503712430452641
0.9762358874162933 0.850353110630331
0.9761724268917217 0.8503349790521544
0.9761089692933892 0.850316848310046
0.9760455146223824 0.8502987184039532
0.9759820628778817 0.8502805893338236
0.9759186140603383 0.8502624610996043
0.9758551681682973 0.8502443337018784
0.9757917252022099 0.8502262071405929
0.9757282851612566 0.8502080814150601
0.9756648480465242 0.850189956524592
0.9756014138565577 0.8501718324697712
0.9755379825918087 0.850153709251816
0.9754745542514576 0.8501355868687678
0.9754111288353206 0.8501174653212094
0.9753477063438488 0.8500993446090881
0.9752842867755881 0.8500812247329866
0.9752208701316248 0.850063105691582
0.9751574564111399 0.8500449874860921
0.9750940456139495 0.8500268701158292
0.9750306377392346 0.8500087535801056
0.9749672327868113 0.849990637879504
0.9749038307571312 0.8499725230139719
0.9748404316500103 0.8499544089834566
0.9747770354646299 0.8499362957879059
0.9747136422008063 0.849918183427267
0.9746502518583556 0.8499000719008525
0.9745868644370944 0.849881961209245
0.974523479937474 0.8498638513523921
0.9744600983580407 0.8498457423296061
0.974396719699246 0.8498276341414698
0.9743333439602714 0.8498095267879305
0.9742699711415682 0.849791420268301
0.9742066012423181 0.8497733145831637
0.9741432342629723 0.8497552097318314
0.9740798702027127 0.8497371057142515
0.9740165090613556 0.8497190025310066
0.9739531508387178 0.8497009001814094
0.9738897955352508 0.8496827986660425
0.9738264431495013 0.8496646979842184
0.9737630936819209 0.8496465981358848
0.9736997471323264 0.8496284991216243
0.9736364034998997 0.8496104009407496
0.9735730627850921 0.8495923035932083
0.973509724986451 0.8495742070795829
0.9734463901050628 0.849556111399821
0.9733830581401095 0.8495380165526007
0.9733197290914078 0.8495199225385046
0.9732564029587747 0.8495018293574803
0.9731930797420271 0.8494837370101102
0.9731297594409818 0.8494656454957071
0.9730664420554558 0.849447554814219
0.9730031275846314 0.8494294649655934
0.9729398160289603 0.849411375949778
0.9728765073876248 0.8493932877667206
0.9728132016604419 0.8493752004157343
0.9727498988478634 0.849357113898036
0.9726865989484372 0.8493390282123043
0.9726233019619803 0.8493209433591216
0.9725600078902137 0.84930285933907
0.9724967167316853 0.8492847761508284
0.9724334284855777 0.849266693794979
0.9723701431517082 0.8492486122714695
0.9723068607305287 0.8492305315796133
0.9722435812212219 0.8492124517199926
0.9721803046236049 0.8491943726925553
0.9721170309387642 0.8491762944966146
0.972053760165248 0.8491582171321184
0.9719904923022394 0.8491401405996489
0.9719272273501902 0.8491220648991541
0.9718639653089177 0.8491039900305816
0.9718007061782394 0.8490859159932449
0.9717374499579727 0.8490678427870919
0.9716741966466665 0.8490497704127048
0.971610946245407 0.8490316988693971
0.9715476987533773 0.8490136281571168
0.9714844541710294 0.8489955582764459
0.9714212124975464 0.8489774892273324
0.9713579737327461 0.8489594210090898
0.971294737876446 0.8489413536216661
0.9712315049278297 0.8489232870650092
0.971168274887349 0.848905221339067
0.9711050477548216 0.8488871564444216
0.9710418235294311 0.8488690923803867
0.9709786022122635 0.8488510291469102
0.9709153838012342 0.8488329667439402
0.9708521682974293 0.8488149051714244
0.9707889557000323 0.848796844429311
0.9707257460088613 0.8487787845175478
0.9706625392237341 0.8487607254360829
0.9705993353444687 0.8487426671848642
0.9705361343708829 0.8487246097638398
0.9704729363021607 0.8487065531729574
0.970409741137486 0.8486884974121652
0.970346548878579 0.8486704424807772
0.9702833595246235 0.8486523883793753
0.9702201730748038 0.8486343351079076
0.9701569895289378 0.8486162826663222
0.9700938088868437 0.848598231054567
0.9700306311489735 0.8485801802719561
0.9699674563138775 0.8485621303190716
0.9699042843820078 0.8485440811958613
0.9698411153531827 0.8485260329016396
0.9697779492265864 0.8485079854369884
0.9697147860020373 0.8484899388018556
0.9696516256799875 0.8484718929955557
0.9695884682602552 0.8484538480180366
0.9695253137413913 0.8484358038698803
0.9694621621244816 0.8484177605510348
0.9693990134087106 0.8483997180608145
0.9693358675938969 0.8483816763991675
0.9692727246792251 0.8483636355666757
0.9692095846651474 0.8483455955626535
0.9691464475514822 0.848327556387049
0.9690833133374144 0.8483095180398104
0.9690201820233961 0.8482914805215195
0.9689570536086123 0.8482734438314907
0.9688939280935152 0.8482554079696724
0.968830805476656 0.8482373729366461
0.968767685758487 0.8482193387310929
0.9687045689394607 0.8482013053542282
0.9686414550187618 0.8481832728053667
0.9685783439968427 0.8481652410844563
0.9685152358716215 0.8481472101920791
0.9684521306435504 0.848129180126916
0.9683890283130818 0.8481111508895487
0.968325928879401 0.8480931224799256
0.9682628323423268 0.8480750948979949
0.9681997387023115 0.8480570681437049
0.9681366479585405 0.8480390422163702
0.9680735601101992 0.848021017117206
0.9680104751583735 0.8480029928448939
0.9679473931016154 0.8479849694000153
0.9678843139403773 0.8479669467825187
0.9678212376738449 0.8479489249917189
0.9677581643024704 0.8479309040281976
0.9676950938254396 0.8479128838919031
0.967632026243205 0.8478948645821504
0.9675689615549522 0.8478768461001543
0.9675058997605004 0.8478588284445967
0.9674428408596687 0.8478408116154258
0.9673797848522763 0.8478227956132232
0.9673167317381423 0.847804780437304
0.9672536815170859 0.8477867660882499
0.9671906341882932 0.847768752566009
0.9671275897522167 0.8477507398698967
0.9670645482080423 0.8477327279998612
0.9670015095555896 0.847714716955851
0.9669384737946778 0.8476967067384475
0.9668754409251262 0.8476786973475994
0.9668124109467543 0.8476606887826216
0.9667493838600145 0.8476426810434626
0.9666863596640932 0.8476246741300709
0.9666233383581767 0.847606668043028
0.9665603199427176 0.8475886627816491
0.9664973044169024 0.8475706583458827
0.9664342917811836 0.8475526547356773
0.9663712820353807 0.8475346519509813
0.9663082751786803 0.8475166499923762
0.9662452712109021 0.8474986488585444
0.9661822701318656 0.8474806485500674
0.9661192719413906 0.8474626490668937
0.9660562766386637 0.8474446504089718
0.9659932842241375 0.84742665257625
0.9659302946976319 0.8474086555686771
0.9658673080589666 0.8473906593862013
0.9658043243073283 0.8473726640287712
0.9657413434431699 0.8473546694963353
0.9656783654656782 0.8473366757882094
0.965615390375306 0.8473186829049747
0.9655524181706074 0.8473006908465798
0.9654894488520352 0.8472826996123404
0.9654264824194094 0.8472647092034707
0.9653635188725498 0.8472467196180209
0.9653005582112764 0.8472287308578379
0.9652376004347765 0.8472107429216047
0.9651746455435027 0.8471927558092699
0.9651116935366426 0.8471747695220475
0.965048744414016 0.8471567840586207
0.9649857981754432 0.8471387994189381
0.9649228548213767 0.847120815603581
0.9648599143503717 0.8471028326124979
0.9647969767635134 0.8470848504450048
0.9647340420599894 0.8470668691010504
0.9646711102396199 0.847048888581216
0.96460818130096 0.8470309088848175
0.9645452552450952 0.8470129300118036
0.9644823320718455 0.8469949519621229
0.9644194117803989 0.8469769747357242
0.9643564943705757 0.8469589983331887
0.9642935798428287 0.8469410227538324
0.9642306681957133 0.8469230479976041
0.9641677594296826 0.8469050740644525
0.9641048535445568 0.8468871009549587
0.9640419505401564 0.8468691286678064
0.9639790504163019 0.8468511572042093
0.9639161531721814 0.8468331865634837
0.9638532588082478 0.846815216744946
0.9637903673236893 0.8467972477491771
0.9637274787189587 0.8467792795761259
0.9636645929932444 0.8467613122257411
0.963601710146367 0.8467433456979715
0.9635388301781471 0.8467253799927658
0.9634759530884054 0.8467074151100727
0.9634130788763303 0.8466894510498412
0.9633502075423749 0.8466714878113876
0.9632873390863598 0.8466535253959252
0.9632244735074735 0.8466355638021383
0.9631616108061691 0.8466176030306081
0.9630987509816352 0.8465996430806509
0.9630358940343249 0.8465816839528479
0.9629730399627946 0.8465637256465158
0.9629101887681296 0.8465457681622355
0.9628473404495186 0.8465278114999558
0.9627844950067825 0.8465098556589935
0.9627216524391102 0.8464919006392974
0.9626588127469549 0.8464739464414484
0.9625959759301373 0.8464559930653954
0.9625331419878467 0.8464380405104552
0.9624703109199039 0.8464200887765767
0.9624074827261301 0.8464021378643408
0.9623446574069785 0.8463841877730643
0.9622818349616382 0.8463662385033283
0.9622190153892983 0.8463482900538174
0.962156198691044 0.8463303424257447
0.9620933848660644 0.8463123956184271
0.962030573913549 0.8462944496318136
0.9619677658333188 0.8462765044658529
0.9619049606258271 0.8462585601204942
0.9618421582902633 0.8462406165956863
0.9617793588270808 0.8462226738920101
0.9617165622354688 0.8462047320081508
0.9616537685152488 0.8461867909453211
0.9615909776662421 0.8461688507028381
0.9615281896882704 0.8461509112806507
0.961465404580523 0.8461329726787079
0.9614026223440851 0.8461150348969588
0.9613398429775147 0.8460970979347205
0.9612770664806333 0.8460791617932056
0.961214292853894 0.8460612264710996
0.9611515220964869 0.8460432919689833
0.9610887542082334 0.8460253582868057
0.9610259891889551 0.8460074254245158
0.9609632270391055 0.8459894933820626
0.9609004677572428 0.8459715621587636
0.9608377113444521 0.8459536317551993
0.9607749577992917 0.8459357021706873
0.960712207122215 0.8459177734058082
0.9606494593124121 0.8458998454605111
0.9605867143703365 0.8458819183341135
0.9605239722951783 0.8458639920265646
0.960461233087391 0.8458460665384449
0.9603984967461647 0.845828141869072
0.9603357632713215 0.8458102180190266
0.9602730326626833 0.8457922949876262
0.9602103049200719 0.8457743727754515
0.9601475800433092 0.8457564513824516
0.9600848580322174 0.8457385308079441
0.9600221388859869 0.8457206110518782
0.9599594226044397 0.8457026921148345
0.9598967091880293 0.8456847739961307
0.9598339986359463 0.8456668566957161
0.9597712909486443 0.8456489402135395
0.9597085861253141 0.8456310245501819
0.9596458841657776 0.8456131097043295
0.9595831850698571 0.8455951956765628
0.9595204888367435 0.8455772824674626
0.9594577954668903 0.8455593700763465
0.9593951049601196 0.8455414585031639
0.9593324173162538 0.8455235477472326
0.9592697325338527 0.8455056378097644
0.9592070506146323 0.8454877286900773
0.9591443715571524 0.8454698203881205
0.9590816953612353 0.8454519129038433
0.9590190220260724 0.8454340062371949
0.9589563515527484 0.8454161003874934
0.9588936839398233 0.8453981953553192
0.9588310191877508 0.8453802911399906
0.9587683572963533 0.8453623877420878
0.9587056982648223 0.8453444851615602
0.9586430420936113 0.8453265833983571
0.9585803887819118 0.8453086824524277
0.9585177383295463 0.8452907823230903
0.9584550907363376 0.8452728830109253
0.9583924460027392 0.8452549845152508
0.9583298041279428 0.8452370868366474
0.9582671651117709 0.8452191899750644
0.9582045289540464 0.8452012939298199
0.9581418956539609 0.8451833987014945
0.9580792652119682 0.8451655042894064
0.95801663762726 0.8451476106935051
0.95795401290029 0.8451297179143709
0.9578913910302502 0.8451118259513221
0.9578287720169635 0.8450939348049391
0.9577661558608834 0.8450760444745404
0.9577035425612022 0.8450581549607062
0.9576409321177425 0.8450402662627552
0.9575783245303274 0.8450223783800057
0.957515719798149 0.8450044913142999
0.9574531179216611 0.8449866050643253
0.9573905189000559 0.8449687196300315
0.9573279227337872 0.8449508350107371
0.9572653294226781 0.8449329512076531
0.95720273896529 0.8449150682200983
0.9571401513620769 0.844897186048022
0.9570775666128618 0.8448793046913737
0.9570149847180988 0.844861424150103
0.9569524056769801 0.8448435444241592
0.9568898294893291 0.8448256655134918
0.9568272561543382 0.8448077874180504
0.9567646856718306 0.8447899101377844
0.956702118042891 0.8447720336720127
0.9566395532660812 0.8447541580213155
0.9565769913412248 0.8447362831856422
0.9565144322687754 0.8447184091649425
0.956451876047926 0.8447005359591656
0.9563893226778695 0.8446826635682614
0.9563267721596902 0.8446647919915486
0.9562642244919506 0.8446469212296075
0.9562016796751046 0.844629051281757
0.9561391377089756 0.8446111821485773
0.9560765985927568 0.8445933138293874
0.9560140623269021 0.8445754463247674
0.955951528911235 0.8445575796340364
0.9558889983443183 0.8445397137577745
0.9558264706272364 0.8445218486953008
0.955763945758552 0.8445039844471953
0.9557014237393495 0.8444861210127773
0.955638904568192 0.8444682583926267
0.9555763882461639 0.8444503965866932
0.9555138747724584 0.844432535594296
0.9554513641456387 0.8444146754153847
0.9553888563667892 0.8443968160499091
0.9553263514351034 0.8443789574984492
0.9552638493510353 0.844361099760324
0.9552013501137785 0.8443432428354836
0.9551388537231569 0.8443253867238774
0.9550763601796245 0.8443075314254551
0.9550138694823751 0.8442896769401665
0.9549513816306023 0.8442718232685916
0.9548888966247604 0.8442539704094195
0.954826414464043 0.8442361183632302
0.9547639351489045 0.8442182671299734
0.9547014586785385 0.8442004167102289
0.9546389850527693 0.8441825671026862
0.954576514272051 0.8441647183079253
0.9545140463362077 0.8441468703258956
0.9544515812444334 0.8441290231565473
0.954389118995922 0.8441111768004598
0.954326659591128 0.8440933312563229
0.9542642030298754 0.8440754865247164
0.9542017493113584 0.8440576426049602
0.9541392984366613 0.8440397994982639
0.9540768504043484 0.8440219572033174
0.9540144052148739 0.8440041157207004
0.9539519628668022 0.8439862750497328
0.9538895233612176 0.8439684351909943
0.9538270866973143 0.8439505961444348
0.9537646528749169 0.8439327579093742
0.9537022218938497 0.843914920486392
0.9536397937533072 0.8438970838754384
0.9535773684543737 0.843879248075833
0.9535149459956138 0.8438614130875259
0.953452526377482 0.8438435789110968
0.9533901095991729 0.8438257455458656
0.9533276956611408 0.8438079129917823
0.9532652845619508 0.8437900812494264
0.953202876302687 0.8437722503181182
0.9531404708825442 0.8437544201978076
0.953078068301347 0.843736590889074
0.9530156685589202 0.8437187623912378
0.9529532716544586 0.8437009347042488
0.9528908775890464 0.8436831078280569
0.952828486361249 0.8436652817626121
0.952766097970891 0.8436474565078643
0.9527037124184269 0.8436296320643931
0.9526413297030519 0.8436118084315188
0.9525789498245909 0.8435939856091913
0.9525165727834982 0.8435761635973605
0.9524541985789691 0.8435583423959766
0.9523918272108285 0.8435405220049893
0.9523294586782717 0.8435227024243487
0.9522670929817533 0.8435048836540048
0.9522047301204686 0.8434870656939075
0.9521423700948722 0.843469248544007
0.9520800129047892 0.843451432204253
0.9520176585494149 0.8434336166739662
0.9519553070292041 0.8434158019537261
0.9518929583427227 0.8433979880434828
0.9518306124904254 0.8433801749425567
0.9517682694721373 0.8433623626515273
0.9517059292876836 0.8433445511703447
0.9516435919375188 0.843326740498959
0.9515812574202093 0.84330893063732
0.9515189257355804 0.8432911215847487
0.9514565968840867 0.843273313341195
0.9513942708655534 0.8432555059072385
0.9513319476791764 0.8432376992821998
0.9512696273247812 0.8432198934666584
0.9512073098021929 0.8432020884599349
0.9511449951112371 0.8431842842619796
0.9510826832517391 0.8431664808733718
0.951020374222895 0.8431486782940616
0.9509580680257887 0.8431308765233699
0.9508957646589874 0.8431130755612469
0.9508334641223164 0.8430952754076427
0.9507711664162304 0.8430774760631367
0.9507088715399258 0.8430596775270496
0.9506465794932281 0.8430418797999609
0.950584290276592 0.8430240828805625
0.950522003889214 0.8430062867694337
0.9504597203309199 0.8429884914671538
0.950397439601535 0.8429706969730438
0.9503351617008852 0.842952903287054
0.9502728866281669 0.8429351104091345
0.950210614383835 0.8429173183392356
0.9501483449677154 0.8428995270773073
0.9500860783790046 0.8428817366233
0.9500238146175284 0.8428639469771639
0.9499615536837417 0.8428461581388493
0.9498992955768413 0.8428283701083064
0.949837040296024 0.8428105828848563
0.9497747878423737 0.8427927964697074
0.9497125382150873 0.8427750108621809
0.9496502914139907 0.842757226061598
0.949588047438281 0.842739442068538
0.949525806288413 0.8427216588823224
0.9494635679635838 0.8427038765035303
0.9494013324636195 0.8426860949321119
0.9493390997889749 0.8426683141680176
0.9492768699382185 0.8426505342105688
0.9492146429118051 0.8426327550603446
0.9491524187101897 0.8426149767172955
0.9490901973325696 0.8425971991807427
0.9490279787787709 0.8425794224506369
0.9489657630486198 0.8425616465275569
0.9489035501413138 0.8425438714108245
0.9488413400566791 0.8425260971010188
0.9487791327951707 0.8425083235980899
0.9487169283559861 0.8424905509013596
0.9486547267395803 0.8424727790107783
0.9485925279445222 0.8424550079262965
0.948530331971267 0.842437237648493
0.9484681388202696 0.8424194681766897
0.9484059484900991 0.8424016995108369
0.9483437609812104 0.8423839316515136
0.9482815762934302 0.8423661645974131
0.9482193944259563 0.842348398349743
0.9481572153792436 0.8423306329078251
0.9480950391524902 0.8423128682716098
0.948032865746151 0.8422951044410476
0.9479706951594241 0.8422773414160889
0.9479085273921362 0.8422595791966843
0.9478463624434852 0.842241817782784
0.9477842003139264 0.8422240571743386
0.9477220410032864 0.842206297371927
0.9476598845113917 0.8421885383742428
0.9475977308374408 0.8421707801812365
0.9475355799818886 0.8421530227941154
0.947473431944562 0.8421352662122016
0.9474112867246592 0.8421175104354456
0.9473491443220072 0.8420997554637979
0.9472870047370611 0.8420820012965806
0.9472248679690192 0.8420642479343727
0.9471627340170801 0.8420464953764963
0.9471006028816991 0.8420287436235303
0.947038474562703 0.842010992674797
0.9469763490599187 0.841993242530875
0.946914226372545 0.8419754931917152
0.946852106501037 0.8419577446566396
0.9467899894445935 0.8419399969262272
0.9467278752036696 0.8419222499998003
0.9466657637774644 0.8419045038779376
0.9466036551658047 0.8418867585599615
0.9465415493685178 0.841869014046451
0.9464794463854306 0.8418512703373564
0.9464173462157421 0.8418335274320004
0.9463552488592797 0.8418157853303334
0.9462931543171266 0.8417980440329342
0.9462310625878538 0.8417803035384974
0.9461689736719167 0.8417625638482297
0.9461068875685142 0.8417448249620816
0.946044804278102 0.8417270868787478
0.9459827237998791 0.8417093495994349
0.9459206461330449 0.8416916131234656
0.9458585712786827 0.8416738774507907
0.9457964992359917 0.8416561425819887
0.9457344300047996 0.8416384085157544
0.9456723635843056 0.8416206752532944
0.9456102999743373 0.8416029427933035
0.9455482391759779 0.8415852111363603
0.9454861811877989 0.8415674802824156
0.9454241260096281 0.84154975023142
0.9453620736419207 0.8415320209833242
0.9453000240838765 0.8415142925380791
0.9452379773353229 0.8414965648956352
0.9451759333960875 0.8414788380559434
0.9451138922653702 0.8414611120189543
0.9450518539436265 0.8414433867839911
0.9449898184306839 0.8414256623516321
0.9449277857257423 0.8414079387218282
0.9448657558292574 0.8413902158939023
0.9448037287410566 0.841372493868433
0.94474170446034 0.8413547726453712
0.9446796829869355 0.8413370522240398
0.9446176643206708 0.8413193326050173
0.9445556484613737 0.8413016137882546
0.9444936354088721 0.8412838957730748
0.9444316251629938 0.8412661785600564
0.9443696177235668 0.8412484621485226
0.9443076130897912 0.8412307465390517
0.9442456112614951 0.8412130317309671
0.9441836122391339 0.8411953177242195
0.9441216160219082 0.8411776045193875
0.9440596226102734 0.8411598921164218
0.94399763200343 0.8411421805140183
0.9439356442012061 0.841124469713383
0.9438736592034297 0.841106759713839
0.9438116770093015 0.8410890505153373
0.943749697619277 0.841071342117829
0.9436877210331843 0.8410536345218921
0.9436257472502242 0.8410359277268502
0.9435637762708523 0.8410182217326543
0.9435018080936419 0.8410005165392552
0.9434398427203036 0.840982812146604
0.9433778801494107 0.8409651085552788
0.9433159203807916 0.8409474057646033
0.9432539634142745 0.8409297037745282
0.9431920092496877 0.8409120025843775
0.9431300578862323 0.8408943021953565
0.9430681093249912 0.8408766026061617
0.9430061635645383 0.8408589038173713
0.9429442206053292 0.8408412058289362
0.9428822804465652 0.8408235086408075
0.9428203430880746 0.8408058122529362
0.9427584085303132 0.8407881166646459
0.9426964767724823 0.8407704218771422
0.9426345478144103 0.8407527278891217
0.9425726216559258 0.8407350347011625
0.9425106982968575 0.8407173423132156
0.9424487777364067 0.840699650724605
0.9423868599750291 0.8406819599359088
0.9423249450125536 0.840664269947078
0.9422630328488086 0.8406465807574366
0.942201123483623 0.8406288923669356
0.9421392169161981 0.8406112047761533
0.9420773131457357 0.8405935179844134
0.9420154121739459 0.8405758319922942
0.9419535139987761 0.8405581467991199
0.9418916186206824 0.8405404624054684
0.9418297260388663 0.8405227788112908
0.9417678362544109 0.8405050960159112
0.9417059492658909 0.8404874140192807
0.9416440650731354 0.8404697328213505
0.9415821836766001 0.8404520524220718
0.941520305075487 0.8404343728220224
0.941458429270252 0.8404166940205267
0.9413965562600973 0.8403990160175357
0.9413346860448518 0.8403813388130008
0.9412728186243445 0.8403636624068729
0.9412109539990313 0.8403459867991032
0.9411490921674877 0.840328311989643
0.9410872331301694 0.8403106379790701
0.9410253768862789 0.840292964766709
0.940963523436272 0.8402752923525109
0.9409016727793511 0.8402576207364268
0.9408398249159723 0.8402399499177814
0.940777979845338 0.8402222798977792
0.9407161375672772 0.840204610675118
0.9406542980822462 0.8401869422503757
0.9405924613888207 0.8401692746241304
0.9405306274880834 0.8401516077950797
0.9404687963786101 0.8401339417638016
0.9404069680608571 0.8401162765302475
0.9403451425346536 0.8400986120937417
0.9402833197985757 0.840080948455489
0.9402214998537062 0.8400632856141872
0.9401596826992478 0.8400456235704142
0.9400978683356566 0.8400279623241215
0.9400360567621354 0.8400103018746335
0.9399742479785138 0.8399926422225282
0.9399124419846213 0.8399749833671304
0.9398506387802875 0.8399573253090178
0.9397888383653419 0.8399396680475153
0.9397270407389876 0.8399220115825742
0.9396652459016808 0.8399043559147722
0.9396034538526244 0.8398867010434342
0.9395416645922748 0.8398690469691381
0.9394798781198351 0.8398513936912088
0.9394180944351351 0.8398337412095974
0.9393563135380045 0.839816089524882
0.939294535428273 0.8397984386363873
0.9392327601063968 0.8397807885440647
0.9391709875709529 0.8397631392478656
0.9391092178223974 0.8397454907483678
0.9390474508605604 0.8397278430448963
0.9389856866846452 0.8397101961374025
0.9389239252944819 0.8396925500258378
0.9388621666905265 0.8396749047107798
0.9388004108726089 0.8396572601909275
0.9387386578393067 0.8396396164668585
0.9386769075917023 0.8396219735391505
0.9386151601283732 0.8396043314071285
0.9385534154497758 0.8395866900707443
0.9384916735563661 0.839569049529949
0.938429934446722 0.8395514097840681
0.9383681981206734 0.839533770833679
0.9383064645786767 0.8395161326787334
0.9382447338205621 0.8394984953191826
0.9381830058455334 0.8394808587549781
0.9381212806534209 0.8394632229854454
0.938059558244055 0.839445588011162
0.9379978386178917 0.8394279538320794
0.9379361217735092 0.8394103204481489
0.9378744077113639 0.8393926878593222
0.937812696431286 0.8393750560649248
0.9377509879331059 0.8393574250655342
0.9376892822160278 0.8393397948611019
0.9376275792798822 0.8393221654509534
0.9375658791251255 0.8393045368356663
0.9375041817515879 0.8392869090145662
0.937442487158474 0.8392692819882305
0.9373807953456142 0.8392516557559848
0.9373191063128391 0.8392340303184067
0.937257420059979 0.8392164056748218
0.9371957365868646 0.8391987818251817
0.9371340558933263 0.839181158769438
0.9370723779785689 0.8391635365081681
0.9370107028430488 0.8391459150406978
0.9369490304859707 0.8391282943669787
0.9368873609071653 0.8391106744875881
0.936825694107089 0.8390930554018521
0.9367640300849468 0.8390754371097221
0.9367023688405692 0.8390578196117755
0.9366407103744129 0.8390402029073382
0.9365790546856827 0.8390225869963618
0.9365174017729581 0.8390049718781724
0.9364557516379468 0.8389873575533472
0.9363941042792284 0.8389697440224636
0.9363324596972594 0.8389521312848476
0.9362708178912449 0.8389345193404507
0.9362091788616415 0.8389169081892248
0.9361475426076543 0.8388992978311215
0.9360859091284889 0.8388816882660926
0.9360242784252272 0.8388640794940896
0.9359626504970747 0.8388464715144387
0.9359010253438623 0.8388288643277172
0.9358394029654211 0.8388112579338769
0.9357777833615821 0.8387936523322439
0.9357161665315508 0.8387760475240209
0.9356545524751583 0.8387584435085342
0.9355929411928612 0.8387408402851101
0.9355313326838651 0.8387232378543258
0.9354697269480012 0.8387056362155075
0.9354081239851006 0.8386880353692325
0.93534652379562 0.8386704353148272
0.9352849263787651 0.8386528360528687
0.9352233317337418 0.8386352375833087
0.9351617398610068 0.8386176399054738
0.9351001507603912 0.8386000430193156
0.9350385644317264 0.838582446924786
0.9349769808742184 0.8385648516224622
0.9349154000876986 0.8385472571122959
0.9348538220726235 0.8385296633936138
0.9347922468281993 0.8385120704669927
0.9347306743542574 0.8384944783317594
0.9346691046506292 0.8384768869878656
0.9346075377171462 0.8384592964358885
0.9345459735536399 0.8384417066751546
0.9344844121593165 0.8384241177056159
0.9344228535352581 0.8384065295272242
0.9343612976800456 0.8383889421399313
0.9342997445935107 0.8383713555436892
0.9342381942761102 0.8383537697384498
0.9341766467270506 0.83833618472479
0.9341151019467885 0.8383186005014115
0.9340535599339054 0.8383010170688913
0.9339920206888581 0.8382834344278064
0.9339304842114783 0.8382658525774836
0.9338689505015977 0.8382482715172499
0.933807419559048 0.8382306912476821
0.933745891383661 0.8382131117693573
0.9336843659746435 0.8381955330809773
0.9336228433324524 0.8381779551831191
0.9335613234556693 0.8381603780751097
0.9334998063453763 0.838142801757526
0.9334382920007801 0.8381252262303199
0.9333767804223376 0.8381076514934436
0.9333152716086309 0.8380900775462239
0.9332537655607418 0.8380725043898627
0.9331922622772524 0.8380549320230621
0.9331307617586195 0.8380373604457743
0.9330692640040504 0.8380197896592009
0.933007769014002 0.8380022196620441
0.9329462767876813 0.8379846504542562
0.9328847873255454 0.8379670820364138
0.9328233006268015 0.8379495144078443
0.9327618166912818 0.8379319475691244
0.9327003355188184 0.8379143815195813
0.9326388571092433 0.837896816259792
0.932577381462389 0.8378792517890836
0.9325159085774628 0.8378616881080331
0.9324544384549217 0.8378441252159677
0.932392971094598 0.8378265631128397
0.9323315064956991 0.8378090017986008
0.9322700446586821 0.8377914412738281
0.9322085855827547 0.8377738815378488
0.9321471292677491 0.8377563225906152
0.9320856757134979 0.8377387644320792
0.9320242249204579 0.8377212070628176
0.9319627768878369 0.8377036504815334
0.9319013316154674 0.8376860946894278
0.9318398891025573 0.8376685396858284
0.9317784493495637 0.8376509854706874
0.9317170123563189 0.8376334320439568
0.9316555781220309 0.8376158794055888
0.9315941466465324 0.8375983275555355
0.931532717929656 0.8375807764937493
0.9314712919718586 0.8375632262201821
0.9314098687723484 0.8375456767347862
0.9313484483309581 0.8375281280375138
0.9312870306475203 0.8375105801276925
0.9312256157218676 0.8374930330065234
0.9311642035538328 0.83747548667271
0.9311027941426242 0.8374579411268288
0.9310413874880745 0.837440396368832
0.9309799835906409 0.8374228523980476
0.9309185824495319 0.8374053092144276
0.9308571840652043 0.837387766819173
0.9307957884362427 0.8373702252109875
0.9307343955637284 0.8373526843898231
0.9306730054468699 0.837335144356881
0.9306116180855002 0.8373176051108645
0.9305502334788279 0.8373000666523503
0.9304888516273103 0.8372825289806665
0.9304274725307803 0.8372649920957652
0.9303660961890707 0.8372474559975989
0.9303047226013905 0.837229920686744
0.9302433517675728 0.8372123861625286
0.9301819836874504 0.837194852425529
0.9301206183608566 0.8371773194750737
0.9300592557876244 0.8371597873111147
0.929997895967587 0.8371422559342286
0.9299365389005774 0.8371247253437436
0.9298751845870529 0.837107195539612
0.9298138330262226 0.8370896665217862
0.9297524842172956 0.8370721382908425
0.9296911381601053 0.8370546108461092
0.9296297948544847 0.8370370841875387
0.9295684543015154 0.8370195583150835
0.9295071164997823 0.8370020332286957
0.929445781449119 0.8369845089283279
0.9293844491493588 0.8369669854145564
0.9293231196003349 0.8369494626867096
0.9292617928012569 0.8369319407441158
0.929200468752582 0.8369144195873516
0.9291391474541437 0.8368968992163692
0.9290778289051516 0.8368793796311211
0.9290165131060629 0.8368618608315598
0.9289552000560874 0.8368443428176375
0.9288938897556824 0.836826825588683
0.9288325822040576 0.8368093091458964
0.9287712774010465 0.8367917934879823
0.9287099753471064 0.8367742786155171
0.9286486760408235 0.8367567645284533
0.9285873794820313 0.8367392512261195
0.928526085671811 0.8367217387090919
0.9284647946093726 0.836704226977323
0.9284035062939259 0.8366867160301417
0.9283422207259283 0.836669205868124
0.92828093790459 0.8366516964905988
0.9282196578297447 0.8366341878981423
0.9281583805018497 0.8366166800900832
0.9280971059194917 0.8365991730663741
0.9280358340837517 0.8365816668275913
0.9279745649938398 0.8365641613730634
0.92791329864959 0.8365466567033669
0.9278520350508361 0.8365291528178305
0.9277907741967886 0.8365116497164068
0.9277295160879047 0.8364941473996719
0.9276682607240185 0.8364766458669548
0.927607008103717 0.8364591451182082
0.927545758228081 0.836441645154008
0.9274845110963212 0.8364241459736833
0.9274232667082716 0.8364066475771867
0.9273620250637662 0.8363891499644709
0.9273007861626391 0.8363716531361118
0.9272395500047245 0.8363541570914387
0.9271783165892329 0.8363366618297806
0.927117085916622 0.8363191673517136
0.9270558579861026 0.8363016736571904
0.9269946327981321 0.8362841807461636
0.9269334103519214 0.8362666886185858
0.9268721906479283 0.8362491972744096
0.9268109736853634 0.8362317067135877
0.9267497594646844 0.8362142169360728
0.9266885479844791 0.8361967279418174
0.9266273392452049 0.8361792397307743
0.9265661332466963 0.8361617523022729
0.9265049299887876 0.8361442656575122
0.9264437294713133 0.8361267797951986
0.9263825316934844 0.8361092947159079
0.9263213366551354 0.8360918104195929
0.9262601443567239 0.8360743269062062
0.9261989547974613 0.8360568441750773
0.9261377679778051 0.836039362226159
0.9260765838963436 0.8360218810606503
0.9260154025535345 0.8360044006772577
0.9259542239492123 0.8359869210759338
0.9258930480832117 0.8359694422566314
0.9258318749547441 0.8359519642199263
0.9257707045642671 0.8359344869657714
0.9257095369109926 0.8359170104934963
0.925648371995378 0.8358995348036767
0.9255872098166351 0.8358820598956425
0.9255260503752216 0.8358645857699694
0.9254648936703492 0.8358471124253641
0.9254037397018526 0.8358296398630255
0.9253425884695667 0.8358121680822834
0.9252814399733262 0.8357946970830906
0.925220294212966 0.8357772268660228
0.9251591511883209 0.83575975743041
0.9250980108986028 0.8357422887762048
0.9250368733442694 0.8357248209033602
0.924975738524533 0.8357073538118289
0.9249146064392282 0.8356898875015639
0.924853477088813 0.8356724219731408
0.9247923504724995 0.8356549572252668
0.9247312265901227 0.8356374932591404
0.9246701054408948 0.8356200300740916
0.9246089870258963 0.8356025676694504
0.9245478713443397 0.8355851060464154
0.9244867583954371 0.8355676452036939
0.9244256481796465 0.8355501851418614
0.9243645406968028 0.835532725860871
0.9243034359461187 0.8355152673606755
0.9242423339274293 0.8354978096412279
0.9241812346411923 0.8354803527024809
0.9241201380859977 0.8354628965437649
0.9240590442623033 0.8354454411656554
0.9239979531705671 0.8354279865674828
0.9239368648100017 0.8354105327498227
0.9238757791798198 0.8353930797126279
0.9238146962804792 0.8353756274558514
0.9237536161111928 0.8353581759788234
0.9236925386724184 0.8353407252821197
0.9236314639639915 0.8353232753656931
0.9235703919845024 0.8353058262288741
0.9235093227350315 0.8352883778722381
0.9234482562147918 0.8352709302944932
0.9233871924236187 0.8352534834974598
0.9233261313619702 0.8352360374798459
0.9232650730284369 0.8352185922416046
0.9232040174234767 0.8352011477833112
0.9231429645469252 0.8351837041042965
0.9230819143979956 0.8351662612045134
0.9230208669765234 0.8351488190839149
0.9229598222829667 0.8351313777424542
0.9228987803171611 0.8351139371807065
0.9228377410783198 0.8350964973980026
0.9227767045656563 0.8350790583942955
0.9227156707802509 0.8350616201695383
0.9226546397206946 0.8350441827243065
0.9225936113874457 0.8350267460579306
0.9225325857803397 0.8350093101703638
0.9224715628998348 0.8349918750615593
0.9224105427439 0.83497444073147
0.9223495253142379 0.8349570071800491
0.9222885106094397 0.8349395744072496
0.9222274986293415 0.8349221424130248
0.9221664893737791 0.8349047111967054
0.9221054828432107 0.8348872807588669
0.9220444790368499 0.8348698510994622
0.9219834779539107 0.8348524222190669
0.921922479594851 0.8348349941163895
0.921861483959507 0.8348175667920055
0.9218004910470925 0.8348001402458679
0.9217395008580657 0.8347827144773079
0.9216785133916405 0.8347652894869008
0.9216175286482752 0.8347478652745995
0.9215565466278058 0.8347304418403575
0.9214955673294465 0.8347130191835057
0.9214345907530332 0.8346955973046194
0.9213736168984024 0.8346781762030298
0.921312645764768 0.834660755879312
0.9212516773525885 0.8346433363327973
0.9211907116623219 0.8346259175640609
0.9211297486925607 0.8346084995730559
0.921068788443763 0.8345910823584918
0.9210078309151433 0.8345736659215656
0.9209468761065377 0.8345562502622305
0.9208859240184046 0.8345388353798179
0.9208249746499586 0.8345214212742811
0.9207640280010359 0.8345040079461952
0.9207030840714729 0.8344865953948915
0.9206421428611062 0.8344691836203233
0.9205812043697722 0.8344517726230658
0.9205202685979291 0.8344343624024504
0.9204593355435481 0.8344169529584303
0.9203984052077091 0.834399544290959
0.9203374775896271 0.8343821363999896
0.9202765526897604 0.8343647292860972
0.9202156305073237 0.8343473229486134
0.9201547110421536 0.8343299173874915
0.9200937942940869 0.8343125126026849
0.9200328802629602 0.8342951085935251
0.9199719689492317 0.8342777053612088
0.919911060351495 0.8342603029050678
0.9198501544702081 0.8342429012250554
0.919789251305208 0.8342255003205032
0.9197283508557099 0.8342081001919864
0.9196674531215504 0.8341907008394582
0.919606558103188 0.834173302262872
0.9195456657998379 0.8341559044621812
0.919484776211337 0.8341385074373392
0.919423889337522 0.8341211111876777
0.9193630051788514 0.8341037157137718
0.9193021237345407 0.8340863210149534
0.9192412450038051 0.8340689270917974
0.9191803689871032 0.834051533944257
0.919119495684272 0.8340341415716644
0.9190586250945268 0.8340167499745944
0.9189977572183263 0.8339993591530004
0.918936892054886 0.8339819691068358
0.918876029604043 0.8339645798354326
0.9188151698662557 0.8339471913393658
0.9187543128407398 0.8339298036179673
0.9186934585273325 0.8339124166711908
0.9186326069258709 0.8338950304996109
0.9185717580361921 0.8338776451025598
0.918510911857512 0.8338602604799911
0.9184500683909105 0.8338428766318581
0.9183892276349821 0.8338254935587357
0.9183283895895641 0.8338081112599561
0.918267554255115 0.8337907297354729
0.9182067216308508 0.8337733489858606
0.918145891716609 0.8337559690104517
0.9180850645122267 0.8337385898091996
0.9180242400175415 0.8337212113820579
0.9179634182330116 0.8337038337289802
0.9179025991572324 0.8336864568505411
0.9178417827900411 0.8336690807454519
0.9177809691325176 0.8336517054149083
0.9177201581832569 0.8336343308576217
0.9176593499427177 0.8336169570741668
0.9175985444101163 0.8335995840644973
0.9175377415852904 0.8335822118291877
0.9174769414680775 0.8335648403675705
0.917416144058315 0.8335474696795993
0.9173553493558406 0.8335300997652276
0.9172945573604919 0.8335127306237882
0.9172337680721067 0.8334953622558555
0.9171729814905223 0.8334779946613833
0.9171121976155766 0.833460627840325
0.9170514164464862 0.8334432617920136
0.916990637983089 0.8334258965170233
0.9169298622258435 0.833408532014687
0.9168690891739665 0.8333911682855794
0.9168083188279168 0.8333738053290329
0.9167475511862904 0.8333564431456224
0.9166867862495459 0.8333390817353014
0.9166260240175212 0.8333217210980235
0.9165652644906751 0.8333043612331216
0.9165045076676036 0.8332870021411702
0.9164437535487655 0.8332696438215023
0.916383002133378 0.8332522862740713
0.9163222534218998 0.833234929499452
0.9162615074141688 0.8332175734969771
0.9162007641094022 0.8332002182672211
0.9161400235074382 0.8331828638095171
0.9160792856081146 0.8331655101238188
0.9160185504112696 0.8331481572100798
0.9159578179167411 0.8331308050688747
0.9158970881243674 0.8331134536995364
0.9158363610333659 0.8330961031026394
0.9157756366441953 0.8330787532775167
0.9157149149566938 0.8330614042235015
0.9156541959700789 0.8330440559417889
0.9155934796841888 0.8330267084317119
0.9155327660994824 0.8330093616932244
0.9154720552151774 0.83299201572628
0.9154113470311118 0.8329746705308327
0.9153506415471242 0.8329573261068363
0.9152899387630528 0.8329399824542444
0.9152292386787357 0.8329226395730109
0.9151685412940115 0.8329052974630897
0.9151078466087185 0.8328879561244346
0.9150471546220745 0.8328706155569993
0.914986465333918 0.8328532757601173
0.9149257787447079 0.8328359367349832
0.9148650948536623 0.8328185984803101
0.9148044136606195 0.8328012609966723
0.9147437351660385 0.8327839242834031
0.9146830593685169 0.8327665883410769
0.9146223862685138 0.8327492531702677
0.9145617158664879 0.8327319187696889
0.9145010481616576 0.8327145851399146
0.914440383153241 0.8326972522802784
0.9143797208410769 0.8326799201913545
0.9143190612256241 0.8326625888730967
0.9142584043067213 0.8326452583242185
0.9141977500829668 0.8326279285459143
0.9141370985548193 0.832610599538138
0.9140764497227379 0.8325932713002232
0.9140158035859411 0.8325759438327441
0.9139551601436475 0.8325586171350345
0.9138945193969362 0.8325412912070483
0.9138338813444057 0.8325239660493596
0.9137732459865149 0.8325066416619225
0.9137126133231027 0.8324893180440704
0.9136519833540081 0.8324719951957577
0.9135913560778295 0.8324546731169381
0.9135307314950261 0.8324373518075657
0.9134701096060569 0.8324200312675945
0.9134094904101407 0.8324027114975985
0.9133488739071166 0.8323853924962915
0.9132882600974436 0.8323680742648678
0.9132276489797205 0.8323507568026612
0.9131670405544066 0.8323334401096258
0.9131064348213407 0.8323161241857155
0.913045831780362 0.8322988090308845
0.9129852314306897 0.8322814946457067
0.9129246337727827 0.8322641810288961
0.9128640388058602 0.8322468681810269
0.9128034465297615 0.832229556102053
0.9127428569443258 0.8322122447919285
0.9126822700493922 0.8321949342506074
0.9126216858448 0.8321776244780439
0.9125611043297684 0.832160315473572
0.9125005255053767 0.8321430072377659
0.9124399493702243 0.8321256997705795
0.9123793759247704 0.8321083930713471
0.9123188051682344 0.8320910871406426
0.9122582371010756 0.8320737819784202
0.9121976717225134 0.8320564775846339
0.9121371090323874 0.8320391739592378
0.9120765490311568 0.8320218711015662
0.9120159917174212 0.8320045690121931
0.9119554370922599 0.8319872676904528
0.9118948851542727 0.8319699671362996
0.9118343359039189 0.8319526673503072
0.911773789341038 0.8319353683324298
0.9117132454654696 0.8319180700820018
0.9116527042764335 0.8319007725989774
0.9115921657737693 0.8318834758839305
0.9115316299579364 0.8318661799361956
0.9114710968281545 0.8318488847563464
0.9114105663842634 0.8318315903437177
0.9113500386267224 0.8318142966982633
0.9112895135547515 0.8317970038205574
0.911228991167571 0.8317797117099344
0.9111684714650204 0.831762420366968
0.9111079544481788 0.831745129790993
0.9110474401156468 0.8317278399819636
0.910986928467264 0.831710550939834
0.9109264195034901 0.8316932626645586
0.9108659132241645 0.8316759751560914
0.9108054096285079 0.8316586884143867
0.91074490871636 0.8316414024393989
0.9106844104875609 0.8316241172310821
0.9106239149419503 0.8316068327893905
0.9105634220793681 0.8315895491142785
0.9105029318996545 0.8315722662057005
0.9104424444020298 0.8315549840636105
0.9103819595869537 0.8315377026879629
0.910321477454266 0.8315204220780927
0.9102609980031874 0.8315031422345736
0.910200521233558 0.8314858631573596
0.9101400471458372 0.8314685848470246
0.9100795757386265 0.8314513073022842
0.9100191070130047 0.8314340305230928
0.9099586409681925 0.831416754510024
0.9098981776040301 0.8313994792630319
0.9098377169203578 0.8313822047820711
0.9097772589163964 0.8313649310664767
0.9097168035926054 0.8313476581168221
0.9096563509488252 0.8313303859324426
0.9095959009842768 0.8313131145139117
0.9095354536988004 0.8312958438611837
0.9094750090928555 0.831278573973594
0.9094145671656634 0.8312613048517159
0.9093541279170643 0.8312440364948849
0.9092936913468986 0.8312267689030552
0.9092332574550068 0.8312095020768004
0.9091728262406101 0.8311922360154558
0.9091123977041682 0.8311749707195948
0.9090519718455213 0.8311577061885528
0.90899154866451 0.8311404424222842
0.9089311281603558 0.8311231794213626
0.9088707103328992 0.8311059171851233
0.9088102951825998 0.8310886557135208
0.9087498827086791 0.8310713950071283
0.9086894729109776 0.8310541350646626
0.908629065789336 0.831036875887316
0.9085686613435949 0.831019617473805
0.9085082595729761 0.831002359825322
0.9084478604785579 0.8309851029412025
0.9083874640589432 0.830967846821401
0.9083270703145918 0.830950591465872
0.9082666792447254 0.83093333687457
0.9082062908491848 0.8309160830474496
0.9081459051284296 0.8308988299844651
0.9080855220816818 0.830881577685571
0.9080251417094009 0.8308643261501032
0.9079647640101901 0.8308470753786349
0.9079043889845092 0.8308298253711207
0.907844016632199 0.8308125761275151
0.9077836469531004 0.8307953276477726
0.9077232799464355 0.8307780799318478
0.9076629156126641 0.8307608329796953
0.9076025539510083 0.8307435867906507
0.9075421949613092 0.8307263413652876
0.907481838644645 0.8307090967029416
0.9074214849990009 0.8306918528041861
0.907361134025455 0.830674609668357
0.9073007857232299 0.8306573672960276
0.9072404400921666 0.8306401256871524
0.9071800971314876 0.8306228848410674
0.9071197568416527 0.8306056447583458
0.9070594192218844 0.8305884054383236
0.9069990842726423 0.830571166881574
0.9069387519937677 0.8305539290874331
0.9068784223851019 0.8305366920558556
0.9068180954452488 0.8305194557874145
0.9067577711752869 0.8305022202820646
0.9066974495744389 0.8304849855391419
0.906637130642546 0.8304677515586011
0.9065768143794496 0.8304505183410152
0.9065165007849909 0.8304332858851022
0.9064561898590114 0.8304160541920536
0.906395881600734 0.8303988232612055
0.9063355760106184 0.8303815930925127
0.9062752730878877 0.8303643636859299
0.9062149728330017 0.8303471350414118
0.9061546752458017 0.830329907158913
0.9060943803248928 0.8303126800390066
0.9060340880713528 0.830295453681029
0.905973798484405 0.8302782280849348
0.9059135115638909 0.8302610032500606
0.905853227309034 0.8302437791775976
0.9057929457202938 0.8302265558668823
0.9057326667975121 0.8302093333172512
0.9056723905405305 0.8301921115298955
0.9056121169491905 0.8301748905035334
0.9055518460227157 0.830157670238738
0.9054915777609476 0.830140450735464
0.9054313121637281 0.8301232319936662
0.9053710492308987 0.8301060140132994
0.9053107889629195 0.8300887967943182
0.9052505313583958 0.8300715803360595
0.9051902764177876 0.8300543646390961
0.9051300241415547 0.8300371497027647
0.9050697745283028 0.8300199355276381
0.9050095275784918 0.8300027221136712
0.9049492832919636 0.8299855094602008
0.9048890416679418 0.8299682975671817
0.9048288027068866 0.8299510864351868
0.9047685664080217 0.8299338760641708
0.9047083327711891 0.8299166664534706
0.9046481017962308 0.8298994576036591
0.9045878734829887 0.8298822495140731
0.904527647831305 0.8298650421846675
0.9044674248410215 0.829847835616015
0.9044072045119803 0.8298306298074527
0.9043469868434055 0.8298134247589354
0.9042867718351393 0.8297962204710359
0.9042265594876416 0.8297790169437089
0.9041663498001368 0.8297618141762917
0.9041061427730847 0.8297446121681212
0.9040459384057096 0.829727410920388
0.9039857366978538 0.8297102104324292
0.9039255376499773 0.8296930107048175
0.9038653412606867 0.82967581173689
0.903805147530442 0.8296586135286017
0.9037449564590856 0.8296414160792898
0.9036847680458419 0.8296242193901445
0.9036245822911708 0.8296070234598856
0.9035643991949149 0.8295898282897032
0.9035042187562987 0.829572633878317
0.9034440409751646 0.8295554402262997
0.903383865851355 0.8295382473336061
0.9033236933853299 0.8295210552001914
0.9032635235763141 0.8295038638260104
0.9032033564241501 0.8294866732110181
0.9031431919280627 0.8294694833551696
0.903083030088512 0.8294522942578022
0.9030228709047229 0.8294351059194885
0.9029627143777731 0.8294179183408011
0.90290256050627 0.8294007315204599
0.9028424092906738 0.8293835454590374
0.9027822607302095 0.8293663601558711
0.9027221148247196 0.8293491756115337
0.9026619715746644 0.8293319918253625
0.9026018309786514 0.8293148087979303
0.9025416930371409 0.8292976265291919
0.9024815577499755 0.8292804450191025
0.902421425116998 0.8292632642669996
0.902361295138051 0.8292460842728383
0.9023011678123599 0.8292289050365738
0.9022410431403849 0.8292117265587784
0.9021809211213514 0.8291945488394074
0.9021208017551022 0.8291773718777983
0.9020606850420976 0.8291601956739063
0.9020005709815628 0.8291430202283038
0.901940459573341 0.8291258455403285
0.9018803508172749 0.8291086716099357
0.9018202447132075 0.8290914984376978
0.9017601412609817 0.8290743260229525
0.9017000404604404 0.829057154365655
0.9016399423108094 0.8290399834657604
0.9015798468125489 0.8290228133232239
0.9015197539648847 0.8290056439386179
0.901459663768277 0.8289884753112802
0.9013995762219518 0.828971307441166
0.901339491325752 0.8289541403276134
0.9012794090795208 0.8289369739711947
0.9012193294831012 0.8289198083724821
0.9011592525369536 0.8289026435308139
0.9010991782396869 0.828885479446145
0.9010391065911442 0.8288683161184307
0.9009790375924029 0.8288511535470091
0.9009189712420721 0.8288339917324525
0.900858907540612 0.8288168306747162
0.900798846487249 0.8287996703737553
0.9007387880818262 0.8287825108295251
0.900678732324804 0.8287653520413638
0.9006186792154086 0.8287481940104606
0.9005586287534835 0.8287310367355367
0.9004985809388719 0.8287138802165475
0.9004385357714173 0.8286967244540651
0.9003784932503461 0.8286795694480448
0.9003184533761187 0.8286624151984417
0.9002584161485785 0.8286452617052114
0.900198381566952 0.8286281089676919
0.9001383496310827 0.8286109569864556
0.9000783203414311 0.8285938057608409
0.9000182936972237 0.8285766552914198
0.8999582696983042 0.8285595055775309
0.8998982483445159 0.8285423566191294
0.8998382296363194 0.8285252084161708
0.8997782135723247 0.8285080609692271
0.8997182001529921 0.8284909142776368
0.8996581893775486 0.828473768341972
0.8995981812464545 0.828456623162188
0.8995381757595536 0.8284394787376235
0.8994781729160728 0.8284223350682337
0.8994181727164725 0.8284051921539741
0.8993581751599797 0.8283880499948
0.899298180247055 0.8283709085906668
0.8992381879763087 0.8283537679421464
0.899178198348818 0.8283366280485777
0.8991182113631933 0.8283194889099158
0.8990582270198951 0.8283023505261163
0.8989982453187675 0.8282852128971346
0.8989382662590375 0.8282680760229261
0.8988782898411658 0.8282509399040626
0.8988183160643796 0.8282338045398832
0.8987583449291394 0.8282166699297264
0.8986983764346728 0.8281995360741645
0.8986384105808235 0.8281824029737693
0.8985784473680523 0.8281652706272632
0.8985184867949699 0.8281481390346017
0.8984585288620371 0.8281310081969732
0.8983985735690979 0.8281138781131001
0.8983386209159964 0.8280967487841709
0.8982786709019601 0.8280796202089081
0.8982187235274498 0.8280624923878837
0.8981587787923094 0.8280453653204365
0.8980988366957668 0.8280282390071386
0.8980388972376663 0.8280111134479454
0.8979789604178519 0.8279939886421961
0.8979190262367842 0.8279768645904625
0.8978590946936912 0.8279597412927
0.897799165788417 0.8279426187482479
0.8977392395201897 0.8279254969570617
0.8976793158900862 0.8279083759197132
0.8976193948967182 0.827891255636158
0.8975594765405462 0.8278741361057351
0.8974995608214148 0.8278570173290165
0.897439647738552 0.8278398993053414
0.8973797372918022 0.8278227820346654
0.89731982948101 0.8278056655175603
0.8972599243066358 0.8277885497533654
0.897200021767908 0.8277714347420362
0.8971401218646711 0.8277543204835284
0.8970802245973857 0.8277372069784136
0.897020329964664 0.8277200942266475
0.8969604379663505 0.8277029822275694
0.896900548602906 0.8276858709811351
0.8968406618741751 0.8276687604873
0.8967807777793863 0.8276516507454037
0.8967208963183841 0.827634541756634
0.8966610174916294 0.8276174335203303
0.8966011412983507 0.8276003260370645
0.8965412677383926 0.8275832193055599
0.8964813968116 0.8275661133270042
0.8964215285178175 0.8275490081001212
0.8963616628562739 0.8275319036254825
0.8963017998280459 0.8275147999030436
0.8962419394317463 0.8274976969327602
0.896182081667836 0.8274805947139722
0.8961222265355437 0.8274634932478669
0.8960623740353303 0.8274463925337842
0.8960025241664247 0.8274292925716796
0.8959426769286718 0.8274121933608931
0.8958828323219165 0.8273950949019961
0.8958229903460037 0.8273779971943286
0.8957631510007783 0.827360900238462
0.8957033142860854 0.827343804034352
0.89564348020177 0.8273267085819543
0.8955836487470611 0.827309613880609
0.8955238199224197 0.8272925199308874
0.8954639937276907 0.8272754267321295
0.8954041701627192 0.8272583342849068
0.8953443492267347 0.8272412425885594
0.895284530919582 0.8272241516436586
0.8952247152411065 0.8272070614495446
0.8951649021911531 0.8271899720067887
0.8951050917695671 0.827172883314731
0.8950452839761937 0.8271557953739431
0.894985478810878 0.827138708183765
0.8949256762728497 0.8271216217447681
0.894865876361954 0.8271045360556769
0.8948060790786518 0.8270874511176786
0.8947462844227884 0.8270703669307288
0.8946864923935934 0.8270532834941677
0.8946267029909123 0.8270362008079513
0.8945669162152058 0.8270191188720352
0.8945071320663194 0.8270020376863753
0.8944473505434828 0.8269849572515429
0.894387571645926 0.8269678775662628
0.8943277953741098 0.8269507986311064
0.8942680217272643 0.8269337204466451
0.8942082507058503 0.8269166430122192
0.8941484823097134 0.8268995663271691
0.8940887165386991 0.8268824903920661
0.8940289533920375 0.8268654152074815
0.893969192869574 0.8268483407727556
0.8939094349705389 0.8268312670872291
0.8938496796966238 0.8268141941514732
0.8937899270464437 0.8267971219654436
0.893730177019844 0.8267800505290965
0.8936704296166705 0.8267629798417723
0.8936106848361536 0.8267459099046576
0.8935509426787541 0.8267288407164776
0.8934912031443178 0.8267117722778035
0.8934314662320753 0.8266947045885913
0.8933717319424873 0.8266776376487969
0.8933120002747844 0.8266605714583762
0.8932522712294277 0.8266435060166699
0.8931925448056477 0.826626441323634
0.893132821002675 0.8266093773804549
0.8930730998215859 0.826592314185858
0.8930133812609958 0.8265752517404145
0.892953665321981 0.8265581900434652
0.8928939520031569 0.8265411290949661
0.8928342413043696 0.8265240688954884
0.8927745332260801 0.8265070094443727
0.8927148277681345 0.8264899507421904
0.8926551249297635 0.8264728927882823
0.8925954247114282 0.8264558355832193
0.8925357271117444 0.8264387791263426
0.8924760321317885 0.826421723417608
0.8924163397707913 0.8264046684575866
0.8923566500285989 0.8263876142456196
0.8922969629044424 0.8263705607816627
0.8922372783987829 0.8263535080656721
0.8921775965114666 0.8263364560976039
0.8921179172417245 0.826319404878029
0.8920582405900179 0.8263023544062885
0.8919985665555781 0.8262853046823385
0.891938895139481 0.826268255706135
0.8918792263397282 0.8262512074776343
0.8918195601567807 0.8262341599967922
0.8917598965904848 0.8262171132635648
0.891700235640687 0.8262000672779083
0.8916405773072335 0.8261830220397787
0.8915809215899705 0.8261659775491321
0.8915212684881296 0.8261489338059247
0.8914616180021722 0.8261318908101125
0.8914019701319443 0.8261148485616516
0.8913423248766779 0.8260978070598834
0.8912826822368338 0.8260807663053789
0.8912230422116441 0.826063726298094
0.8911634048009549 0.8260466870379849
0.8911037700046129 0.8260296485250078
0.8910441378224646 0.8260126107591188
0.8909845082543565 0.8259955737396594
0.890924881300135 0.8259785374665857
0.8908652569596469 0.8259615019404685
0.890805635232124 0.825944467161264
0.8907460161180275 0.8259274331283138
0.8906863996172042 0.8259103998421887
0.8906267857282714 0.8258933673022302
0.8905671744523049 0.8258763355090091
0.890507565788537 0.8258593044618671
0.8904479597368141 0.8258422741613748
0.8903883562975977 0.8258252446074885
0.8903287554701199 0.8258082157995499
0.890269157253613 0.8257911877375151
0.8902095616485383 0.8257741604213406
0.8901499686547425 0.8257571338515969
0.890090378271458 0.8257401080276258
0.8900307904991461 0.8257230829493835
0.8899712053370393 0.8257060586174407
0.8899116227849844 0.8256890350311393
0.8898520428434427 0.8256720121904355
0.8897924655116467 0.8256549900958999
0.8897328907894434 0.8256379687468746
0.8896733186766798 0.8256209481433155
0.8896137491738171 0.8256039282851793
0.8895541822794736 0.825586909172422
0.8894946179941107 0.8255698908049999
0.8894350563169611 0.8255528731828694
0.8893754972484862 0.8255358563059868
0.8893159407879188 0.8255188401743083
0.8892563869357202 0.8255018247884046
0.8891968356911233 0.8254848101470035
0.8891372870539752 0.8254677962506755
0.8890777410247372 0.8254507830993769
0.8890181976020283 0.8254337706930641
0.8889586567869238 0.8254167590316934
0.8888991185774284 0.825399748114607
0.888839582975232 0.8253827379423755
0.8887800499795677 0.825365728514955
0.8887205195902826 0.8253487198323022
0.8886609918059959 0.8253317118943732
0.8886014666283971 0.8253147047005103
0.8885419440554913 0.8252976982512841
0.8884824240883539 0.8252806925466508
0.8884229067262184 0.8252636875859529
0.888363391968932 0.8252466833697608
0.8883038798163422 0.8252296798974169
0.8882443702682964 0.8252126771688775
0.888184863324028 0.825195675184713
0.8881253589839986 0.8251786739448801
0.8880658572480555 0.8251616734487209
0.8880063581160464 0.825144673696192
0.8879468615872048 0.8251276746878639
0.8878873676613781 0.8251106764236927
0.8878278763390279 0.8250936789030212
0.8877683876193879 0.8250766821264197
0.8877089015023056 0.8250596860932308
0.8876494179876288 0.8250426908034107
0.8875899370752048 0.8250256962569162
0.8875304587648816 0.8250087024537036
0.8874709830565066 0.8249917093943433
0.8874115099493138 0.8249747170781779
0.8873520394437648 0.8249577255051639
0.8872925715390936 0.8249407346752577
0.8872331062357615 0.8249237445884161
0.8871736435323888 0.8249067552452092
0.8871141834306647 0.8248897666443659
0.8870547259292094 0.8248727787864565
0.8869952710278708 0.8248557916720514
0.8869358187264967 0.8248388053004932
0.886876369024935 0.8248218196717386
0.8868169219224199 0.8248048347857441
0.8867574774194129 0.8247878506418524
0.8866980355157621 0.824770867240634
0.8866385962107016 0.8247538845820452
0.8865791595046932 0.8247369026660428
0.8865197253969712 0.8247199214925833
0.8864602938873836 0.8247029410610096
0.8864008649757784 0.8246859613718919
0.8863414386620037 0.8246689824251867
0.8862820149459075 0.8246520042208507
0.8862225938279515 0.824635026758227
0.8861631753067567 0.8246180500378856
0.8861037593827847 0.8246010740591696
0.8860443460558838 0.8245840988226493
0.8859849353259021 0.8245671243282812
0.8859255271914607 0.8245501505760218
0.8858661216542483 0.8245331775652144
0.8858067187122727 0.824516205296429
0.8857473183659956 0.8244992337690089
0.8856879206152654 0.8244822629835241
0.8856285254599302 0.8244652929393179
0.8855691329004518 0.8244483236369603
0.8855097429360651 0.8244313550751812
0.8854503555666184 0.824414387255164
0.8853909707919602 0.8243974201762522
0.8853315886119386 0.8243804538390156
0.885272209025789 0.8243634882427976
0.8852128320327461 0.8243465233875549
0.8851534576338853 0.8243295592732443
0.8850940858290549 0.8243125959004356
0.8850347166174902 0.8242956332684723
0.8849753499990396 0.8242786713773113
0.8849159859735516 0.824261710226909
0.8848566245408748 0.8242447498178356
0.8847972657002444 0.8242277901488212
0.8847379094521224 0.8242108312210491
0.8846785557963571 0.8241938730338628
0.8846192047327974 0.8241769155872191
0.8845598562606786 0.8241599588810746
0.8845005103798493 0.824143002914773
0.8844411670907715 0.8241260476894974
0.8843818263926806 0.8241090932039782
0.8843224882854254 0.8240921394593984
0.8842631527688545 0.8240751864551018
0.8842038198434298 0.824058234190432
0.8841444895077739 0.8240412826659589
0.8840851617623487 0.8240243318816393
0.884025836607003 0.8240073818368169
0.8839665140403594 0.8239904325326746
0.883907194064106 0.8239734839679431
0.8838478766774786 0.8239565361431924
0.883788561879713 0.8239395890577663
0.8837292496700453 0.8239226427122345
0.8836699400489372 0.8239056971059409
0.8836106330168507 0.8238887522394553
0.8835513285730218 0.8238718081127346
0.8834920267172994 0.8238548647257357
0.8834327274495326 0.8238379220778023
0.8833734307689575 0.8238209801695042
0.8833141366760359 0.8238040390001856
0.8832548451706169 0.8237870985698033
0.8831955562519369 0.8237701588789269
0.8831362699198448 0.8237532199269006
0.8830769861748027 0.823736281714294
0.8830177050160467 0.8237193442404512
0.882958426443426 0.8237024075053292
0.8828991504567899 0.8236854715088848
0.8828398770566003 0.8236685362510751
0.8827806062420935 0.8236516017330823
0.8827213380125062 0.8236346679536378
0.8826620723683002 0.8236177349126987
0.8826028093093249 0.8236008026102218
0.8825435488348168 0.8235838710455515
0.882484290945238 0.8235669402198701
0.8824250356398249 0.8235500101325217
0.8823657829190397 0.8235330807834634
0.8823065327815064 0.8235161521726522
0.8822472852276871 0.8234992243000449
0.8821880402574312 0.8234822971662111
0.8821287978705882 0.8234653707698827
0.8820695580670073 0.8234484451116292
0.882010320846538 0.8234315201914076
0.8819510862090298 0.823414596009175
0.8818918541543324 0.8233976725648882
0.8818326246810699 0.8233807498578918
0.8817733977903172 0.8233638278893678
0.8817141734813111 0.8233469066580482
0.8816549517545138 0.823329986165115
0.8815957326091624 0.8233130664086878
0.8815365160451064 0.8232961473905611
0.8814773020621955 0.8232792291094669
0.8814180906602794 0.8232623115659748
0.8813588818385953 0.8232453947600419
0.8812996755982176 0.8232284786910127
0.8812404719377714 0.8232115633588443
0.8811812708577187 0.8231946487641061
0.8811220723572969 0.8231777349067553
0.8810628764363557 0.8231608217867488
0.8810036830953574 0.8231439094034314
0.8809444923335392 0.8231269977573726
0.8808853041507512 0.8231100868479172
0.880826118546843 0.8230931766750221
0.8807669355216646 0.8230762672392569
0.8807077550750659 0.8230593585405785
0.8806485772062845 0.8230424505783319
0.8805894019163948 0.8230255433524742
0.8805302292040222 0.8230086368629626
0.8804710590690168 0.822991731109754
0.8804118915112285 0.822974826093418
0.8803527265311194 0.8229579218132994
0.8802935641279275 0.8229410182693554
0.8802344043021149 0.8229241154621553
0.8801752470529194 0.822907213391044
0.8801160923801912 0.8228903120559788
0.8800569402831682 0.8228734114569168
0.8799977907623127 0.8228565115938152
0.8799386438174748 0.8228396124666313
0.8798794994485045 0.822822714075322
0.8798203576546402 0.8228058164204568
0.8797612184363438 0.8227889195013807
0.8797020817928537 0.8227720233174389
0.87964294772402 0.8227551278698128
0.879583816229693 0.8227382331572353
0.8795246873103348 0.8227213391802758
0.879465560965184 0.8227044459382796
0.8794064371934788 0.8226875534318159
0.8793473159956813 0.8226706616614536
0.879288197371642 0.8226537706265383
0.8792290813212112 0.8226368803264152
0.8791699678442394 0.8226199907616535
0.8791108569399649 0.8226031019315986
0.87905174860885 0.8225862138374314
0.8789926428501335 0.8225693264772737
0.8789335396642773 0.8225524398523063
0.8788744390499086 0.8225355539624867
0.8788153410074895 0.822518668807772
0.8787562455374823 0.8225017843875078
0.8786971526391258 0.822484900702263
0.8786380623116588 0.8224680177513833
0.8785789745555435 0.8224511355354378
0.8785198893700188 0.8224342540537719
0.878460806755547 0.8224173733069547
0.8784017267113672 0.822400493294332
0.8783426492379415 0.8223836140158608
0.878283574334509 0.8223667354721103
0.8782245020009203 0.8223498576624261
0.8781654322370261 0.8223329805873772
0.8781063650432889 0.8223161042463094
0.8780473004183359 0.82229922863918
0.8779882383620181 0.822282353766558
0.8779291788754094 0.8222654796277891
0.877870121957749 0.8222486062228306
0.8778110676088877 0.8222317335516399
0.8777520158286762 0.8222148616147861
0.877692966616354 0.8221979904110034
0.8776339199717718 0.8221811199408606
0.8775748758947804 0.8221642502043154
0.8775158343858425 0.8221473812019364
0.8774567954435858 0.8221305129330696
0.8773977590690843 0.822113645397061
0.8773387252615776 0.8220967785944795
0.8772796940209165 0.8220799125252825
0.8772206653463407 0.8220630471894274
0.8771616392383125 0.8220461825868716
0.8771026156966829 0.822029318718184
0.8770435947206917 0.8220124555820991
0.8769845763108013 0.8219955931791859
0.8769255604656401 0.8219787315087905
0.8768665471862819 0.821961870572093
0.8768075364719664 0.8219450103684396
0.8767485283225449 0.8219281508971763
0.8766895227384798 0.8219112921588719
0.8766305197183996 0.8218944341528728
0.8765715192621556 0.8218775768797475
0.8765125213708216 0.8218607203394537
0.8764535260430263 0.8218438645313375
0.8763945332792321 0.8218270094559678
0.8763355430786792 0.8218101551133019
0.876276555441219 0.8217933015032974
0.8762175703673137 0.8217764486253007
0.8761585878568149 0.8217595964792693
0.8760996079083514 0.8217427450651607
0.8760406305223859 0.8217258943835435
0.8759816556987697 0.8217090444337642
0.8759226834373542 0.8216921952157805
0.875863713737991 0.8216753467301608
0.8758047466005313 0.8216584989768628
0.8757457820242157 0.821641651955233
0.8756868200088955 0.8216248056652288
0.8756278605550335 0.8216079601068079
0.875568903663092 0.8215911152799279
0.8755099493310896 0.8215742711851574
0.8754509975594889 0.8215574278218428
0.8753920483481413 0.821540585190553
0.8753331016968986 0.8215237432900233
0.8752741576056123 0.8215069021208226
0.8752152160741342 0.8214900616829083
0.8751562771023158 0.821473221976849
0.8750973406900088 0.8214563830019914
0.8750384068358431 0.8214395447582932
0.874979475541503 0.8214227072457119
0.8749205468056186 0.8214058704642051
0.8748616206280416 0.8213890344137306
0.8748026970080129 0.8213721990936351
0.8747437759466061 0.8213553645044872
0.8746848574430621 0.8213385306468554
0.8746259414978435 0.8213216975194755
0.8745670281095804 0.8213048651229161
0.8745081172787357 0.8212880334565242
0.8744492090057719 0.821271202521479
0.8743903032893194 0.8212543723165165
0.8743314001292302 0.8212375428422053
0.8742724995253561 0.8212207140985031
0.87421360147816 0.8212038860853674
0.8741547059868829 0.8211870588021454
0.8740958130519877 0.8211702322494054
0.874036922672105 0.8211534064264946
0.873978034848308 0.8211365813339812
0.8739191495792277 0.8211197569718229
0.8738602668653266 0.821102933339367
0.8738013867064569 0.8210861104365711
0.8737425091024706 0.8210692882640036
0.87368363405322 0.8210524668210116
0.8736247615579465 0.821035646107553
0.8735658916165024 0.821018826124196
0.8735070242293503 0.8210020068708984
0.873448159395732 0.8209851883470074
0.87338929711611 0.8209683705530914
0.8733304373891158 0.820951553487887
0.8732715802158224 0.820934737152573
0.8732127255948613 0.8209179215471074
0.8731538735266952 0.8209011066702269
0.8730950240111763 0.8208842925231101
0.8730361770475467 0.8208674791051046
0.872977332636269 0.8208506664161681
0.8729184907765852 0.8208338544568688
0.8728596514683478 0.8208170432259438
0.8728008147120194 0.8208002327245717
0.8727419805074526 0.8207834229514895
0.8726831488538893 0.8207666139072656
0.8726243197511822 0.8207498055918576
0.8725654931991835 0.8207329980052236
0.8725066691977459 0.8207161911473212
0.8724478477467218 0.8206993850181085
0.8723890288453535 0.8206825796175432
0.8723302124941038 0.8206657749461935
0.8722713986928253 0.8206489710027968
0.8722125874401502 0.820632167787921
0.8721537787371514 0.8206153653015243
0.8720949725830713 0.8205985635429542
0.872036168978373 0.8205817625127789
0.8719773679222987 0.8205649622109562
0.8719185694140911 0.8205481626368339
0.871859773454823 0.8205313637915903
0.8718009800431271 0.8205145656739629
0.8717421891794661 0.8204977682845197
0.8716834008636929 0.8204809716226087
0.87162461509505 0.8204641756887979
0.8715658318740004 0.8204473804830452
0.8715070511997868 0.8204305860046984
0.8714482730728721 0.8204137922543256
0.871389497492499 0.8203969992312747
0.8713307244585206 0.8203802069361138
0.8712719539713996 0.8203634153681907
0.8712131860303789 0.8203466245280734
0.8711544206359215 0.8203298344151099
0.8710956577860505 0.8203130450298681
0.8710368974818385 0.8202962563710862
0.8709781397231388 0.8202794684399419
0.8709193845098041 0.8202626812357835
0.8708606318410778 0.8202458947585689
0.8708018817174226 0.820229109008866
0.8707431341374718 0.8202123239866328
0.8706843891022985 0.8201955396906077
0.8706256466111456 0.8201787561219682
0.8705669066638664 0.8201619732800627
0.8705081692603139 0.8201451911648491
0.8704494344003414 0.8201284097762855
0.870390702083802 0.82011162911433
0.870331972309939 0.8200948491789406
0.8702732450792154 0.8200780699700754
0.8702145203914846 0.8200612914876924
0.87015579824599 0.8200445137317496
0.8700970786425848 0.8200277367022052
0.870038361581732 0.8200109603990173
0.8699796470626752 0.8199941848221439
0.8699209350852677 0.8199774099709335
0.8698622256493629 0.8199606358465634
0.8698035187554237 0.8199438624483821
0.8697448144020843 0.8199270897757381
0.8696861125898077 0.8199103178291992
0.8696274133178375 0.8198935466087234
0.869568716586637 0.8198767761142688
0.8695100223954499 0.8198600063457936
0.8694513307447393 0.8198432373032559
0.8693926416337492 0.8198264689853948
0.8693339550629424 0.819809701393997
0.8692752710309536 0.8197929345278016
0.8692165895388552 0.8197761683873761
0.8691579105858913 0.8197594029720694
0.8690992341719155 0.8197426382824491
0.8690405602961718 0.8197258743184733
0.8689818889591234 0.8197091110794907
0.868923220160624 0.8196923485654596
0.8688645539005271 0.8196755867769475
0.868805890178077 0.8196588257139127
0.8687472289937367 0.8196420653757038
0.8686885703467506 0.8196253057622792
0.8686299142369724 0.8196085468735971
0.8685712606648652 0.8195917887096156
0.8685126096296735 0.8195750312709023
0.8684539611306415 0.8195582745574154
0.8683953151694511 0.8195415185678945
0.8683366717441282 0.8195247633035165
0.8682780308545266 0.8195080087636304
0.8682193925011094 0.8194912549481943
0.8681607566837305 0.8194745018571665
0.8681021234010253 0.8194577494905052
0.8680434926546754 0.8194409978481687
0.8679848644427071 0.8194242469307246
0.8679262387661927 0.8194074967375218
0.867867615624377 0.8193907472685186
0.8678089950171138 0.8193739985236733
0.8677503769442574 0.8193572505029442
0.8676917614050524 0.8193405032062895
0.8676331484005714 0.8193237566336676
0.8675745379294499 0.8193070107850369
0.8675159299921512 0.8192902656603555
0.8674573245885294 0.8192735212589726
0.8673987217178295 0.8192567775814558
0.8673401213805148 0.8192400346277632
0.8672815235758301 0.8192232923978533
0.8672229283036298 0.8192065508916844
0.867164335563768 0.8191898101092148
0.867105745356708 0.8191730700497938
0.867047157681086 0.8191563307133798
0.866988572537365 0.8191395921011491
0.8669299899247905 0.819122854211842
0.8668714098438257 0.8191061170460261
0.8668128322943249 0.8190893806030506
0.8667542572761424 0.8190726448834829
0.8666956847885235 0.8190559098866724
0.8666371148319316 0.8190391756131865
0.866578547405612 0.8190224420623746
0.8665199825094192 0.819005709234804
0.8664614201432076 0.8189889771304331
0.8664028603068316 0.8189722457486114
0.8663443030001455 0.8189555150899062
0.8662857482230041 0.818938785153667
0.8662271959752615 0.8189220559398523
0.8661686462567725 0.8189053274490294
0.8661100990667825 0.8188885996805478
0.866051554405755 0.818871872634366
0.8659930122729358 0.8188551463104424
0.8659344726687881 0.8188384207093443
0.8658759355925578 0.8188216958304214
0.8658174010440995 0.8188049716736321
0.8657588690232679 0.8187882482395435
0.8657003395299175 0.8187715255268968
0.865641812563903 0.8187548035368678
0.8655832881250791 0.8187380822688063
0.8655247662126919 0.8187213617220621
0.8654662468272046 0.8187046418978111
0.865407729968472 0.818687922795403
0.8653492156357403 0.8186712044147965
0.8652907038300813 0.8186544867559499
0.8652321945495243 0.8186377698188217
0.8651736877951409 0.8186210536033706
0.865115183565569 0.8186043381095549
0.8650566818618806 0.8185876233367247
0.8649981826833218 0.8185709092854472
0.8649396860291393 0.8185541959556807
0.8648811918997962 0.8185374833473839
0.8648227002951475 0.8185207714605152
0.8647642112144397 0.8185040602944248
0.8647057246581361 0.8184873498496797
0.8646472406260918 0.8184706401262385
0.8645887591175533 0.8184539311234512
0.8645302801323755 0.8184372228418849
0.8644718036710219 0.8184205152814982
0.8644133297321309 0.8184038084416412
0.8643548583167742 0.8183871023228809
0.8642963894241984 0.8183703969251759
0.8642379230536503 0.8183536922478765
0.8641794592055935 0.8183369882915495
0.864120997879883 0.8183202850555453
0.8640625390757656 0.8183035825404308
0.8640040827937049 0.8182868807455563
0.8639456290329477 0.8182701796708804
0.8638871777945657 0.8182534793169701
0.8638287290765895 0.8182367796831758
0.8637702828794824 0.818220080769456
0.8637118392030999 0.8182033825763776
0.8636533980479053 0.8181866851032911
0.8635949594131457 0.8181699883501551
0.8635365232986764 0.8181532923169283
0.8634780897043528 0.8181365970041776
0.8634196586288139 0.8181199024112534
0.8633612300737394 0.8181032085387225
0.8633028040383768 0.8180865153859356
0.8632443805213651 0.8180698229522431
0.863185959523776 0.81805313123882
0.8631275410448568 0.8180364402450168
0.8630691250850709 0.8180197499707923
0.8630107116436659 0.8180030604161052
0.8629523007204973 0.8179863715809141
0.8628938923154206 0.817969683465178
0.8628354864282911 0.8179529960688553
0.8627770830583567 0.8179363093912969
0.8627186822060806 0.8179196234336775
0.8626602838713187 0.8179029381953478
0.8626018880533184 0.8178862536756586
0.8625434947525434 0.8178695698751767
0.8624851039682414 0.8178528867938607
0.8624267157008759 0.8178362044316694
0.8623683299496947 0.8178195227885616
0.8623099467145535 0.8178028418638882
0.8622515659953081 0.8177861616582158
0.862193187791814 0.8177694821708954
0.8621348121033192 0.8177528034031014
0.8620764389302874 0.817736125353577
0.8620180682725743 0.8177194480228887
0.861959700129428 0.8177027714109952
0.861901334501312 0.8176860955172478
0.8618429713880822 0.8176694203422129
0.8617846107889866 0.8176527458852416
0.8617262527032734 0.8176360721462927
0.8616678971326216 0.8176193991259328
0.8616095440750641 0.8176027268241208
0.8615511935310644 0.8175860552402078
0.8614928455004784 0.8175693843741525
0.8614344999831623 0.8175527142265215
0.8613761569783643 0.8175360447966661
0.861317816486548 0.817519376084545
0.8612594785075695 0.8175027080907247
0.861201143040677 0.8174860408145564
0.8611428100863343 0.8174693742566068
0.86108447964379 0.8174527084156195
0.8610261517129 0.8174360432927684
0.8609678262935205 0.817419378887405
0.8609095033861153 0.8174027152000957
0.8608511829893252 0.8173860522301918
0.8607928651042216 0.8173693899770447
0.8607345497294455 0.8173527284418283
0.8606762368654608 0.8173360676232866
0.860617926511516 0.8173194075225935
0.8605596186680751 0.8173027481391003
0.860501313334994 0.817286089472766
0.8604430105121292 0.8172694315229422
0.8603847101981221 0.8172527742908026
0.8603264123940438 0.8172361177756987
0.8602681170991432 0.8172194619769821
0.8602098243132766 0.8172028068958266
0.8601515340363005 0.8171861525309763
0.8600932462680712 0.8171694988829975
0.860034961008445 0.8171528459518492
0.8599766782566711 0.8171361937368832
0.8599183980132132 0.817119542239273
0.8598601202779279 0.8171028914577628
0.8598018450500642 0.8170862413929192
0.8597435723300858 0.8170695920440937
0.8596853021172421 0.8170529434112453
0.8596270344113897 0.8170362954955477
0.8595687692123848 0.8170196482957452
0.8595105065200842 0.8170030018117971
0.8594522463343445 0.8169863560442694
0.8593939886556293 0.8169697109931212
0.8593357334825811 0.8169530666583116
0.8592774808150563 0.8169364230391922
0.8592192306535188 0.8169197801357223
0.8591609829978253 0.816903137948468
0.8591027378472254 0.8168864964767814
0.8590444952021827 0.8168698557212284
0.858986255061947 0.8168532156811611
0.858928017426375 0.8168365763571456
0.8588697822953235 0.8168199377485339
0.8588115496686491 0.8168032998552851
0.8587533195468158 0.8167866626773583
0.8586950919284663 0.8167700262153196
0.8586368668140644 0.8167533904679141
0.858578644203467 0.8167367554363147
0.8585204240959239 0.8167201211198739
0.858462206491899 0.8167034875185505
0.8584039913906422 0.8166868546329107
0.8583457787926174 0.8166702224623066
0.8582875686964677 0.8166535910060904
0.8582293611032639 0.8166369602648281
0.8581711560122559 0.816620330238479
0.8581129534239078 0.8166037009270022
0.8580547533368627 0.8165870723309637
0.8579965557515845 0.8165704444491089
0.8579383606679303 0.8165538172826106
0.8578801680857571 0.8165371908302144
0.8578219780043151 0.816520565093093
0.8577637904234616 0.8165039400705988
0.8577056053436604 0.8164873157620841
0.8576474227647685 0.816470692168115
0.8575892426860364 0.8164540692886506
0.8575310651073212 0.8164374471236502
0.8574728900284803 0.8164208256724661
0.8574147174493706 0.8164042049356643
0.8573565473698495 0.8163875849132041
0.8572983797897741 0.8163709656050445
0.8572402147090018 0.8163543470105381
0.8571820521273898 0.8163377291302508
0.8571238920447954 0.8163211119641419
0.8570657344598627 0.8163044955115639
0.8570075793736621 0.8162878797730828
0.8569494267860511 0.8162712647480511
0.8568912766962804 0.8162546504364281
0.8568331291042073 0.8162380368387796
0.8567749840096893 0.8162214239544583
0.8567168414125839 0.81620481178403
0.8566587013127482 0.8161882003268475
0.85660056371004 0.8161715895834765
0.8565424286043166 0.8161549795532698
0.8564842959948291 0.8161383702361866
0.8564261658820413 0.8161217616321864
0.8563680382652045 0.8161051537418349
0.8563099131447824 0.8160885465644848
0.8562517905200264 0.8160719401000955
0.8561936703914004 0.8160553343486263
0.8561355527581554 0.8160387293106429
0.8560774376201493 0.8160221249854983
0.8560193249772395 0.8160055213731517
0.8559612148292838 0.8159889184735626
0.8559031071761397 0.8159723162866901
0.8558450020170586 0.8159557148124937
0.8557868993525046 0.8159391140515391
0.8557287991817291 0.8159225140025729
0.855670701505196 0.8159059146661607
0.8556126063227631 0.815889316042262
0.8555545136336821 0.8158727181308362
0.8554964234384168 0.8158561209324487
0.8554383357362189 0.8158395244464529
0.855380250526946 0.815822928672808
0.8553221678104561 0.815806333610261
0.8552640875860009 0.8157897392599837
0.8552060098540445 0.8157731456225416
0.8551479346144446 0.815756552697288
0.8550898618670593 0.8157399604835761
0.8550317916111402 0.8157233689819715
0.8549737238471515 0.8157067781918275
0.8549156585743451 0.8156901881137096
0.8548575957925789 0.8156735987475773
0.854799535502317 0.8156570100933899
0.8547414777034175 0.8156404221505008
0.854683422394526 0.8156238349194755
0.8546253695761069 0.8156072484002735
0.8545673192480182 0.8155906625922482
0.854509271410118 0.815574077495965
0.8544512260622644 0.8155574931107774
0.8543931832037095 0.8155409094372509
0.8543351428349174 0.8155243264747388
0.8542771049557463 0.8155077442232008
0.8542190695654484 0.8154911626832023
0.8541610366638819 0.8154745818540967
0.854103006250905 0.8154580017358436
0.8540449783269818 0.8154414223290084
0.8539869528913647 0.8154248436329447
0.8539289299433062 0.8154082656476119
0.8538709094838761 0.8153916883735756
0.853812891512327 0.8153751118101893
0.8537548760285171 0.8153585359574126
0.853696863031699 0.8153419608152049
0.8536388525223368 0.8153253863841317
0.8535808444996832 0.8153088126635466
0.8535228389642022 0.8152922396534091
0.8534648359151465 0.815275667353679
0.8534068353523746 0.8152590957643155
0.8533488372757447 0.8152425248852785
0.8532908416857213 0.8152259547165273
0.853232848581557 0.8152093852580216
0.8531748579625046 0.8151928165097209
0.8531168698290282 0.8151762484715848
0.8530588841809865 0.8151596811435728
0.853000901018238 0.8151431145256447
0.8529429203400355 0.8151265486171543
0.8528849421462377 0.8151099834186668
0.8528269664379144 0.8150934189301419
0.8527689932131075 0.8150768551521447
0.8527110224728867 0.8150602920834237
0.8526530542165051 0.8150437297239385
0.8525950884438213 0.8150271680748598
0.852537125154694 0.8150106071349361
0.8524791643489821 0.8149940469047328
0.8524212060265441 0.8149774873842092
0.8523632501872389 0.8149609285727196
0.8523052968303196 0.8149443704702237
0.8522473459562506 0.8149278130772866
0.8521893975642851 0.8149112563938679
0.8521314516548875 0.8148947004199273
0.852073508227311 0.8148781451548189
0.85201556728202 0.8148615905985026
0.851957628818268 0.8148450367515433
0.8518996928359137 0.8148284836132954
0.8518417593342108 0.8148119311843239
0.8517838283142288 0.8147953794645886
0.8517258997752215 0.8147788284534436
0.8516679737164422 0.8147622781514542
0.8516100501383554 0.8147457285579746
0.8515521290402148 0.8147291796729644
0.8514942104224846 0.8147126314963836
0.8514362942844186 0.8146960840287971
0.851378380626481 0.8146795372695593
0.8513204694479256 0.8146629912180247
0.8512625607486116 0.8146464458753635
0.8512046545283981 0.8146299012415356
0.8511467507871441 0.81461335731529
0.8510888495253139 0.814596814097192
0.8510309507415564 0.8145802715872011
0.8509730544357307 0.8145637297858824
0.8509151606089063 0.8145471886925905
0.850857269259732 0.8145306483066799
0.8507993803886723 0.8145141086293207
0.8507414939955863 0.8144975696598676
0.8506836100791231 0.8144810313982803
0.8506257286403521 0.8144644938439135
0.8505678496785276 0.8144479569973322
0.8505099731935089 0.8144314208591011
0.85045209918455 0.8144148854285751
0.8503942276527207 0.8143983507051088
0.85033635859667 0.8143818166892672
0.8502784920174675 0.8143652833810101
0.8502206279137625 0.8143487507796923
0.8501627662860195 0.8143322188858785
0.8501049071340977 0.8143156876995287
0.8500470504566467 0.8142991572206026
0.849989196254736 0.8142826274490602
0.84993134452762 0.8142660983842563
0.8498734952751582 0.8142495700267558
0.8498156484972101 0.8142330423765184
0.8497578041942403 0.8142165154328992
0.8496999623648983 0.8141999891964629
0.8496421230096487 0.8141834636665644
0.8495842861283511 0.8141669388431636
0.849526451720865 0.8141504147268255
0.8494686197864453 0.8141338913175097
0.8494107903255563 0.8141173686139666
0.849352963337453 0.8141008466173656
0.8492951388225998 0.8140843253276667
0.8492373167802515 0.814067804744225
0.849179497210268 0.8140512848670005
0.8491216801125089 0.8140347656965577
0.8490638654874386 0.8140182472322519
0.8490060533343122 0.814001729474043
0.8489482436523849 0.813985212421891
0.8488904364421209 0.8139686960757558
0.8488326317027756 0.813952180436202
0.848774829435418 0.8139356655025849
0.8487170296393034 0.8139191512748645
0.8486592323130822 0.8139026377530006
0.8486014374572189 0.8138861249369533
0.8485436450721783 0.8138696128272872
0.8484858551566108 0.813853101422753
0.8484280677109811 0.8138365907239153
0.8483702827357538 0.8138200807307341
0.848312500230184 0.8138035714431694
0.848254720194132 0.8137870628611812
0.848196942626853 0.8137705549853339
0.8481391675288117 0.8137540478149832
0.8480813948998681 0.8137375413494844
0.8480236247398822 0.8137210355894021
0.8479658570481097 0.8137045305346963
0.8479080918250149 0.813688026185327
0.8478503290692493 0.8136715225412543
0.8477925687812773 0.8136550196018337
0.8477348109615634 0.8136385173676298
0.8476770556093636 0.8136220158379981
0.8476193027245378 0.8136055150141075
0.8475615523063419 0.8135890148947093
0.8475038043558448 0.8135725154803679
0.8474460588716981 0.8135560167710434
0.8473883158537621 0.8135395187660914
0.8473305753025012 0.8135230214654722
0.8472728372177758 0.8135065248703544
0.8472151015988418 0.813490028978885
0.8471573684455597 0.813473533792233
0.8470996377583938 0.8134570393103583
0.8470419095366004 0.8134405455326167
0.8469841837800398 0.8134240524595726
0.8469264604885725 0.8134075600905819
0.8468687396614544 0.8133910684256047
0.8468110212991503 0.8133745774646012
0.8467533054021249 0.8133580872081356
0.8466955919690302 0.8133415976555639
0.8466378809997267 0.8133251088068462
0.8465801724940748 0.8133086206625468
0.8465224664525391 0.8132921332220218
0.8464647628743762 0.8132756464858353
0.8464070617600506 0.8132591604527393
0.8463493631088188 0.8132426751239022
0.8462916669199373 0.8132261904986802
0.8462339731938707 0.8132097065770332
0.8461762819310837 0.8131932233589214
0.8461185931302289 0.8131767408449092
0.8460609067917708 0.8131602590337486
0.8460032229155702 0.8131437779266079
0.8459455415008836 0.8131272975222391
0.8458878625481759 0.8131108178212066
0.8458301860567037 0.8130943388240746
0.8457725120269317 0.8130778605301991
0.8457148404581167 0.8130613829389366
0.8456571713501195 0.8130449060508511
0.8455995047028008 0.813028429865903
0.8455418405160213 0.8130119543840523
0.8454841787896421 0.8129954796052593
0.8454265195229199 0.8129790055294843
0.8453688627169235 0.8129625321566876
0.8453112083703058 0.8129460594862253
0.8452535564829279 0.812929587518058
0.8451959070558582 0.8129131162527496
0.8451382600877501 0.8128966456902605
0.8450806155784644 0.8128801758305508
0.845022973527862 0.8128637066735809
0.8449653339358041 0.8128472382187072
0.8449076968027553 0.81283077046589
0.8448500621273692 0.8128143034156935
0.8447924299101105 0.8127978370680777
0.8447348001508401 0.8127813714230032
0.8446771728494192 0.8127649064792226
0.8446195480051052 0.8127484422379038
0.8445619256183629 0.812731978699007
0.8445043056884495 0.812715515861889
0.8444466882152263 0.8126990537265099
0.8443890731991581 0.8126825922934338
0.8443314606395025 0.8126661315620173
0.8442738505361205 0.8126496715328245
0.8442162428888733 0.8126332122052121
0.8441586376982259 0.8126167535791404
0.8441010349628321 0.8126002956545697
0.8440434346831568 0.812583838432064
0.8439858368590614 0.8125673819109801
0.8439282414910105 0.8125509260912783
0.843870648577055 0.8125344709729191
0.843813058118263 0.8125180165564663
0.8437554701138925 0.8125015628412767
0.8436978845638049 0.8124851098273108
0.8436403014678614 0.8124686575139255
0.843582720826527 0.8124522059022881
0.8435251426390595 0.8124357549917555
0.8434675669053204 0.8124193047816847
0.8434099936245678 0.812402855273243
0.8433524227978698 0.8123864064657874
0.8432948544238812 0.8123699583586749
0.8432372885030668 0.8123535109530727
0.843179725035288 0.8123370642477346
0.8431221640191998 0.8123206182432241
0.8430646054558704 0.8123041729395019
0.8430070493451611 0.8122877283365283
0.8429494956863305 0.8122712844336605
0.8428919444798433 0.8122548412314622
0.8428343957243545 0.812238398729894
0.8427768494209322 0.8122219569289162
0.8427193055682317 0.812205515827886
0.8426617641667179 0.8121890754279706
0.8426042252162523 0.8121726357279238
0.8425466887166968 0.812156196727706
0.8424891546673097 0.8121397584278811
0.842431623068556 0.8121233208284095
0.8423740939196943 0.8121068839286486
0.8423165672205863 0.812090447729162
0.842259042971697 0.812074012229307
0.8422015211722849 0.8120575774296472
0.8421440018222118 0.8120411433301433
0.8420864849219429 0.8120247099301526
0.8420289704707368 0.8120082772296356
0.8419714584678522 0.8119918452291561
0.841913948913754 0.8119754139280714
0.8418564418083042 0.811958983326945
0.8417989371513647 0.8119425534245316
0.8417414349415913 0.8119261242219976
0.841683935180052 0.8119096957187008
0.8416264378660059 0.8118932679152044
0.8415689429999179 0.8118768408108663
0.8415114505810469 0.8118604144050439
0.841453960609858 0.8118439886989037
0.8413964730850073 0.8118275636918035
0.8413389880063569 0.8118111393837039
0.8412815053755774 0.8117947157745652
0.8412240251907225 0.8117782928643482
0.8411665474522569 0.8117618706530135
0.8411090721600428 0.8117454491405217
0.8410515993133395 0.8117290283274363
0.8409941289120091 0.8117126082125121
0.8409366609565166 0.8116961887969155
0.8408791954461216 0.8116797700800042
0.8408217323806859 0.8116633520611362
0.840764271760072 0.8116469347408747
0.8407068135847447 0.8116305181191804
0.8406493578545665 0.811614102196014
0.840591904568194 0.8115976869713362
0.8405344537254894 0.8115812724451075
0.8404770053269179 0.8115648586166858
0.8404195593717391 0.8115484454866347
0.8403621158604179 0.8115320330549148
0.840304674792214 0.8115156213208841
0.8402472361675926 0.8114992102857084
0.8401897999858132 0.8114827999481432
0.8401323662467384 0.8114663903081493
0.8400749349508332 0.8114499813662899
0.8400175060973574 0.8114335731225257
0.8399600796861734 0.8114171655768175
0.839902655716541 0.8114007587285234
0.8398452341895281 0.8113843525776039
0.8397878151037919 0.8113679471246225
0.8397303984597975 0.8113515423695398
0.8396729842574074 0.811335138311714
0.8396155724958817 0.811318734951106
0.8395581631750829 0.8113023322882789
0.8395007562954762 0.8112859303225909
0.839443351855719 0.8112695290540028
0.8393859498574817 0.8112531284830778
0.8393285502988194 0.8112367286091743
0.8392711531801971 0.811220329432253
0.8392137585014775 0.8112039309522746
0.8391563662625234 0.8111875331698023
0.8390989764631974 0.8111711360841946
0.8390415891033624 0.8111547396954121
0.8389842041828809 0.8111383440034157
0.838926821700411 0.8111219490087684
0.8388694416570203 0.8111055547102265
0.8388120640525715 0.8110891611089553
0.838754688886325 0.8110727682043135
0.8386973161581437 0.8110563759962617
0.8386399458678905 0.8110399844847608
0.8385825780154282 0.8110235936697716
0.8385252126006197 0.8110072035512549
0.838467849623328 0.8109908141291715
0.8384104890828136 0.8109744254034823
0.8383531309795417 0.8109580373741481
0.8382957753133753 0.8109416500411297
0.8382384220841773 0.8109252634037859
0.8381810712912086 0.8109088774632818
0.838123722934332 0.8108924922183739
0.8380663770134107 0.8108761076696253
0.8380090335289098 0.8108597238169967
0.8379516924800902 0.810843340659847
0.837894353867417 0.8108269581993413
0.8378370176895491 0.8108105764342362
0.8377796839463497 0.8107941953644926
0.8377223526388861 0.8107778149906735
0.8376650237658171 0.8107614353127398
0.8376076973276081 0.8107450563300503
0.8375503733241222 0.8107286780431681
0.8374930517546205 0.8107123004514518
0.8374357326189662 0.8106959235554646
0.8373784159176245 0.8106795473551672
0.8373211016492548 0.8106631718505207
0.8372637898149241 0.8106467970408839
0.8372064804138939 0.8106304229262179
0.8371491734460274 0.8106140495064835
0.8370918689117898 0.8105976767822437
0.8370345668098406 0.8105813047534594
0.8369772671406449 0.8105649334194894
0.8369199699034644 0.810548562780295
0.8368626750987642 0.8105321928364388
0.8368053827264077 0.8105158235866783
0.8367480927856564 0.8104994550321779
0.8366908052763739 0.8104830871722969
0.8366335201990251 0.810466720007598
0.8365762375522702 0.8104503535368387
0.8365189573365742 0.8104339877605817
0.8364616795524026 0.8104176226793899
0.8364044041984152 0.8104012582926223
0.8363471312750774 0.8103848946002401
0.8362898607822526 0.8103685316022042
0.8362325927192027 0.8103521692984756
0.836175327086393 0.8103358076890155
0.836118063883687 0.8103194467743864
0.8360608031103467 0.810303086553346
0.8360035447668374 0.8102867270264572
0.835946288852421 0.8102703681936808
0.835889035366961 0.810254010054978
0.8358317843103213 0.8102376526103098
0.8357745356829672 0.8102212958596372
0.8357172894835591 0.8102049398029213
0.8356600457125622 0.8101885844401231
0.8356028043698406 0.8101722297706021
0.8355455654546561 0.8101558757949211
0.8354883289680758 0.810139522513041
0.8354310949087603 0.810123169924923
0.8353738632765735 0.8101068180299265
0.8353166340719805 0.8100904668280127
0.8352594072936425 0.8100741163197442
0.8352021829432275 0.8100577665050822
0.835144961018795 0.8100414173839876
0.8350877415208104 0.8100250689564217
0.8350305244491377 0.8100087212217439
0.8349733098036407 0.8099923741799157
0.8349160975841834 0.8099760278314992
0.8348588877906297 0.8099596821758546
0.8348016804222421 0.8099433372135441
0.8347444754788848 0.8099269929439274
0.834687272961023 0.8099106493675673
0.8346300728679193 0.8098943064838234
0.8345728752000393 0.8098779642926569
0.8345156799566457 0.8098616227946304
0.8344584871382037 0.8098452819891035
0.8344012967433748 0.8098289418760376
0.8343441087726245 0.8098126024553938
0.8342869232264183 0.8097962637277345
0.8342297401034175 0.8097799256930209
0.8341725594040877 0.8097635883500117
0.8341153811276919 0.8097472516998706
0.8340582052746953 0.8097309157419574
0.8340010318449623 0.8097145804762336
0.8339438608377558 0.8096982459026602
0.8338866922529401 0.8096819120217995
0.8338295260903794 0.8096655788324105
0.8337723623505392 0.8096492463350556
0.8337152010326826 0.8096329145296961
0.8336580421366739 0.8096165834168942
0.8336008856623774 0.809600252995409
0.8335437316096576 0.8095839232658029
0.8334865799783785 0.8095675942280369
0.8334294307678036 0.8095512658820725
0.8333722839783985 0.8095349382278708
0.8333151396100273 0.8095186112653932
0.8332579976613526 0.8095022849946009
0.8332008581334407 0.8094859594154551
0.8331437210261562 0.8094696345273161
0.8330865863387624 0.8094533103307462
0.833029454070523 0.8094369868257066
0.8329723242225043 0.8094206640115578
0.83291519679397 0.8094043418894628
0.8328580717847844 0.809388020458181
0.8328009491948123 0.8093716997182748
0.8327438290233172 0.8093553796697055
0.8326867112707647 0.8093390603118333
0.8326295959364184 0.8093227416446197
0.8325724830207438 0.8093064236686268
0.8325153725230048 0.8092901063832152
0.8324582644436668 0.8092737897889469
0.8324011587819936 0.8092574738857834
0.8323440555378501 0.809241158673686
0.8322869547111007 0.8092248441514143
0.8322298563016103 0.8092085303201313
0.8321727603092436 0.8091922171797984
0.8321156667338654 0.8091759047291753
0.8320585755753404 0.8091595929694251
0.8320014868329325 0.809143281900509
0.8319444005065068 0.8091269715217877
0.8318873165971293 0.8091106618332226
0.8318302351034637 0.8090943528347749
0.8317731560253745 0.8090780445270069
0.8317160793627268 0.8090617369092792
0.8316590051153855 0.8090454299815532
0.8316019332832154 0.8090291237437903
0.8315448638660815 0.8090128181965526
0.8314877968644493 0.8089965133386001
0.8314307322769825 0.8089802091704951
0.8313736701041468 0.8089639056927994
0.8313166103458071 0.808947602904874
0.8312595530012278 0.8089313008066802
0.8312024980708744 0.8089149993975788
0.8311454455546121 0.8088986986787325
0.8310883954517053 0.8088823986489017
0.8310313477620191 0.8088660993092487
0.8309743024854187 0.8088498006591346
0.830917259621769 0.8088335026979202
0.8308602191715357 0.8088172054261676
0.830803181133383 0.8088009088444388
0.8307461455077766 0.8087846129514942
0.8306891122945814 0.8087683177478957
0.8306320814936629 0.8087520232330044
0.8305750531042856 0.8087357294073823
0.8305180271269152 0.8087194362709907
0.8304610035614172 0.8087031438237914
0.8304039824064556 0.8086868520657455
0.8303469636630968 0.8086705609962145
0.830289947331206 0.80865427061576
0.8302329334094477 0.8086379809237433
0.8301759218982876 0.8086216919201259
0.8301189127981914 0.8086054036060699
0.830061906108424 0.8085891159803363
0.8300049018282506 0.8085728290434869
0.8299478999581369 0.808556542794883
0.8298909004979482 0.8085402572350863
0.8298339034469497 0.8085239723634582
0.8297769088050069 0.8085076881805604
0.8297199165731856 0.8084914046857543
0.8296629267501507 0.8084751218790014
0.829605939335768 0.8084588397602633
0.8295489543299027 0.8084425583301018
0.8294919717324205 0.8084262775878783
0.8294349915431869 0.8084099975341545
0.8293780137620673 0.8083937181682919
0.8293210383889275 0.8083774394902519
0.8292640654230328 0.8083611614999963
0.8292070948648489 0.8083448841974865
0.8291501267142415 0.8083286075832844
0.8290931609710762 0.8083123316567514
0.8290361976346186 0.8082960564178493
0.8289792367047343 0.8082797818665395
0.828922278181889 0.8082635080027837
0.8288653220653485 0.8082472348265435
0.8288083683543783 0.8082309623377806
0.8287514170500443 0.8082146905364566
0.8286944681516122 0.8081984194225331
0.8286375216589477 0.8081821489959718
0.8285805775713166 0.8081658792567344
0.8285236358897848 0.8081496102041825
0.8284666966130181 0.8081333418394777
0.8284097597414821 0.8081170741619818
0.828352825274443 0.8081008071716562
0.8282958932123663 0.8080845408684628
0.8282389635545181 0.8080682752517634
0.8281820363007644 0.8080520103221195
0.8281251114509709 0.8080357460794928
0.8280681890050037 0.8080194825238449
0.8280112689633286 0.8080032196545378
0.8279543513246117 0.8079869574715332
0.827897436089319 0.8079706959753925
0.8278405232573164 0.8079544351660776
0.8277836128284698 0.80793817504355
0.8277267048020456 0.8079219156077716
0.8276697991785096 0.8079056568581042
0.827612895957128 0.8078893987945096
0.8275559951383666 0.8078731414175493
0.8274990967208923 0.8078568847265853
0.8274422007051706 0.8078406287221791
0.8273853070916675 0.8078243734036927
0.8273284158796493 0.8078081187716876
0.8272715270689824 0.8077918648255258
0.8272146406595329 0.8077756115657687
0.8271577566505671 0.8077593589917785
0.8271008750431508 0.8077431071041166
0.8270439958359507 0.8077268559021451
0.8269871190288332 0.8077106053858258
0.826930244622264 0.8076943555551206
0.8268733726155101 0.8076781064105907
0.8268165030084375 0.8076618579515984
0.826759635801512 0.8076456101781055
0.8267027709940006 0.8076293630906733
0.8266459085857696 0.8076131166880647
0.8265890485766852 0.8075968709708409
0.8265321909666139 0.8075806259395633
0.8264753357548226 0.8075643815935941
0.8264184829423765 0.8075481379328953
0.8263616325279433 0.8075318949574285
0.8263047845119887 0.8075156526671557
0.8262479388943793 0.8074994110620388
0.826191095674382 0.8074831701420396
0.8261342548512639 0.8074669299071199
0.8260774164260904 0.8074506903572416
0.8260205803981286 0.8074344514923665
0.825963746767245 0.8074182133124566
0.8259069155339055 0.8074019758168742
0.8258500866973773 0.8073857390061807
0.8257932602569276 0.8073695028803379
0.8257364362136217 0.8073532674393078
0.8256796145661276 0.8073370326830521
0.8256227953149112 0.8073207986109335
0.82556597845924 0.8073045652235132
0.8255091639989803 0.8072883325207532
0.8254523519345984 0.8072721005026151
0.8253955422653616 0.8072558691684618
0.8253387349917358 0.8072396385188545
0.8252819301129887 0.8072234085531558
0.8252251276289868 0.8072071792719268
0.8251683275389978 0.8071909506745303
0.8251115298434877 0.8071747227615274
0.8250547345423231 0.80715849553288
0.8249979416353711 0.8071422689885501
0.8249411511218991 0.8071260431279005
0.8248843630029724 0.8071098179508931
0.8248275772772594 0.8070935934574899
0.8247707939446272 0.8070773696482519
0.8247140130055416 0.8070611465225421
0.8246572344592705 0.8070449240809215
0.8246004583056809 0.807028702322753
0.8245436845446396 0.8070124812485977
0.8244869131760136 0.8069962608578184
0.82443014419967 0.8069800411503772
0.8243733776154756 0.8069638221262362
0.8243166134226985 0.8069476037853571
0.8242598516218047 0.8069313861283012
0.8242030922120623 0.8069151691544313
0.8241463351939373 0.8068989528637095
0.8240895805666978 0.8068827372560979
0.8240328283308098 0.8068665223315585
0.8239760784855414 0.8068503080900533
0.8239193310313588 0.8068340945315443
0.8238625859675301 0.8068178816559936
0.8238058432939226 0.8068016694633632
0.8237491030104033 0.8067854579536151
0.8236923651168393 0.8067692471267115
0.823635629613098 0.8067530369832131
0.8235788964984477 0.8067368275218845
0.8235221657727557 0.8067206187432864
0.823465437436488 0.806704410647381
0.8234087114895119 0.8066882032341303
0.8233519879316945 0.8066719965034964
0.8232952667623045 0.8066557904554414
0.8232385479812092 0.8066395850893286
0.823181831588276 0.8066233804057189
0.8231251175827733 0.8066071764039756
0.823068405965766 0.8065909730846597
0.8230116967359242 0.8065747704477331
0.8229549898943125 0.8065585684931579
0.8228982854401996 0.8065423672208963
0.8228415833728544 0.8065261666303118
0.8227848836927429 0.8065099667213665
0.822728186399134 0.8064937674946212
0.8226714914924937 0.8064775689500379
0.822614798972091 0.8064613710869801
0.8225581088383919 0.8064451739060088
0.8225014210906654 0.8064289774070859
0.822444735728779 0.8064127815895751
0.8223880527526002 0.8063965864534385
0.8223313721619966 0.8063803919986383
0.8222746939568358 0.8063641982257352
0.8222180181369855 0.8063480051340929
0.8221613447023131 0.8063318127236735
0.8221046736520878 0.8063156209950377
0.8220480049867759 0.8062994299481477
0.8219913387056464 0.8062832395817688
0.8219346748091656 0.8062670498964616
0.8218780132966027 0.8062508608927867
0.8218213541678254 0.806234672570108
0.8217646974232998 0.8062184849289858
0.821708043061697 0.806202297968186
0.821651391083483 0.8061861116888672
0.8215947414891239 0.8061699260903934
0.821538094277291 0.8061537411727269
0.8214814494484503 0.8061375569358298
0.8214248070024696 0.8061213733796644
0.8213681669386185 0.8061051905041928
0.8213115292573631 0.8060890083093775
0.821254893957973 0.8060728267951806
0.8211982610403161 0.8060566459615643
0.8211416305042604 0.806040465808491
0.8210850023496737 0.8060242863359228
0.8210283765770223 0.8060081075438221
0.8209717531855758 0.8059919294321511
0.8209151321758005 0.805975752000274
0.8208585135463679 0.8059595752487513
0.8208018972971459 0.805943399177545
0.820745283428601 0.8059272237866176
0.820688671940601 0.8059110490759314
0.820632062833014 0.8058948750448505
0.82057545610511 0.8058787016939353
0.820518851756757 0.8058625290231481
0.8204622497884212 0.8058463570318533
0.8204056501993727 0.805830185720611
0.8203490529894796 0.8058140150893839
0.82029245815861 0.805797845138134
0.8202358657066321 0.8057816758662257
0.8201792756334141 0.8057655072736215
0.8201226879388241 0.8057493393608816
0.8200661026227305 0.8057331721279682
0.8200095196850014 0.805717005574246
0.819952939124907 0.805700839699677
0.8198963609429136 0.8056846745048217
0.8198397851382916 0.8056685099890446
0.8197832117115071 0.8056523461529059
0.8197266406618307 0.8056361829957701
0.8196700719891303 0.8056200205181974
0.8196135056932746 0.8056038587195523
0.8195569417741319 0.8055876975997972
0.8195003802315705 0.8055715371588945
0.8194438210654588 0.8055553773968067
0.8193872642756652 0.8055392183140939
0.8193307098620581 0.8055230599101207
0.8192741578245061 0.8055069021848497
0.8192176081622796 0.805490745138243
0.819161060875845 0.8054745887702633
0.8191045159644729 0.805458433080873
0.8190479734280318 0.8054422780706321
0.8189914332669882 0.8054261237383076
0.818934895480015 0.8054099700850574
0.818878360068176 0.8053938171102464
0.8188218270307424 0.8053776648138368
0.8187652963675826 0.8053615131957911
0.8187087680779674 0.8053453622554742
0.8186522421623633 0.8053292119940437
0.8185957186206388 0.805313062410267
0.8185391974526627 0.8052969135047041
0.8184826786577059 0.8052807652773175
0.818426162235637 0.8052646177286672
0.8183696481869224 0.8052484708575205
0.8183131365108332 0.8052323246644375
0.818256627207238 0.8052161791493807
0.8182001202766034 0.805200034311715
0.8181436157182003 0.8051838901520006
0.8180871135318976 0.8051677466696023
0.8180306137169665 0.8051516038656777
0.8179741162738734 0.8051354617389944
0.8179176212024871 0.8051193202901122
0.8178611285026764 0.8051031795183964
0.8178046381737127 0.8050870394250043
0.8177481502160624 0.8050709000087034
0.8176916646295942 0.8050547612694564
0.8176351814135796 0.8050386232078233
0.8175787005678876 0.8050224858231692
0.8175222220923871 0.805006349116054
0.8174657459875444 0.8049902130858428
0.8174092722520337 0.8049740777330958
0.8173528008869189 0.804957943057178
0.817296331890874 0.8049418090580521
0.8172398652637682 0.8049256757362779
0.8171834010060678 0.8049095430912206
0.8171269391182391 0.8048934111234403
0.8170704795989566 0.8048772798323021
0.8170140224480894 0.8048611492177685
0.8169575676655065 0.8048450192803996
0.8169011152516744 0.8048288900189635
0.8168446652064622 0.8048127614340199
0.8167882175285444 0.8047966335261287
0.8167317722183874 0.8047805062946554
0.8166753292764578 0.8047643797395624
0.8166188887020274 0.8047482538608124
0.8165624504943682 0.8047321286583681
0.8165060146533495 0.8047160041327893
0.8164495811800347 0.8046998802834414
0.816393150073099 0.80468375710969
0.8163367213330086 0.8046676346120948
0.8162802949596328 0.8046515127906185
0.8162238709516468 0.8046353916458209
0.8161674493101141 0.8046192711764704
0.8161110300343067 0.8046031513831267
0.8160546131240942 0.8045870322663495
0.8159981985793459 0.8045709138249075
0.8159417863999311 0.8045547960593604
0.8158853765863162 0.8045386789696709
0.8158289691371767 0.8045225625558016
0.8157725640529789 0.8045064468171182
0.8157161613329954 0.8044903317541805
0.8156597609776924 0.8044742173663542
0.8156033629863426 0.8044581036547958
0.8155469673594123 0.8044419906182741
0.8154905740961742 0.804425878257349
0.8154341831964977 0.8044097665713861
0.8153777946602525 0.8043936555615419
0.8153214084879048 0.8043775452265853
0.8152650246781306 0.8043614355664793
0.8152086432313962 0.8043453265811865
0.8151522641475712 0.8043292182718633
0.8150958874265254 0.8043131106372788
0.8150395130681283 0.8042970036779926
0.8149831410716527 0.8042808973933706
0.8149267714369683 0.8042647917839724
0.8148704041645416 0.804248686848567
0.8148140392536454 0.804232582588311
0.8147576767047462 0.8042164790025702
0.8147013165171171 0.8042003760919043
0.8146449586906277 0.8041842738556793
0.8145886032257446 0.8041681722938578
0.8145322501217406 0.8041520714069996
0.814475899377889 0.8041359711944706
0.8144195509946562 0.8041198716562336
0.8143632049719122 0.8041037727922514
0.8143068613089299 0.8040876746030836
0.8142505200061759 0.8040715770880963
0.8141941810635202 0.8040554802466556
0.8141378444802359 0.8040393840799177
0.8140815102561928 0.8040232885872488
0.814025178391261 0.8040071937692083
0.8139688488859069 0.8039910996245657
0.813912521739404 0.8039750061538806
0.8138561969516221 0.8039589133577124
0.8137998745218349 0.8039428212354274
0.8137435544505086 0.8039267297869883
0.8136872367375134 0.8039106390117616
0.8136309213827193 0.8038945489103066
0.8135746083859963 0.8038784594825863
0.8135182977466179 0.8038623707285634
0.8134619894644542 0.8038462826482008
0.8134056835393755 0.8038301952414615
0.8133493799718481 0.8038141085077118
0.8132930787617421 0.8037980224475112
0.8132367799083312 0.803781937060226
0.8131804834114857 0.803765852347012
0.8131241892704794 0.8037497683072357
0.813067897486375 0.8037336849402635
0.8130116080578502 0.8037176022460585
0.8129553209859678 0.8037015202251799
0.8128990362694053 0.8036854388775907
0.8128427539080331 0.8036693582032537
0.8127864739029139 0.8036532782015355
0.8127301962521292 0.8036371988729955
0.8126739209567417 0.8036211202170002
0.8126176480160257 0.8036050422335126
0.8125613774298512 0.8035889649236881
0.8125051091980888 0.8035728882862972
0.8124488433206088 0.8035568123213029
0.8123925797978778 0.8035407370292644
0.8123363186291699 0.8035246624095485
0.8122800598137592 0.8035085884621179
0.8122238033521124 0.8034925151869359
0.8121675492441 0.8034764425845614
0.8121112974889961 0.8034603706549576
0.8120550480872676 0.8034442993974912
0.8119988010381886 0.8034282288121252
0.8119425563416296 0.8034121588994187
0.8118863139974613 0.8033960896581427
0.81183007400615 0.803380021088856
0.8117738363669705 0.8033639531921178
0.8117176010797932 0.8033478859672952
0.8116613681444886 0.8033318194143511
0.8116051375609274 0.8033157535332485
0.8115489093283842 0.8032996883239504
0.8114926834473255 0.8032836237864199
0.8114364599176219 0.80326755992062
0.8113802387385483 0.8032514967265139
0.8113240199105711 0.8032354342040644
0.8112678034329651 0.8032193723532347
0.8112115893056011 0.8032033111739878
0.8111553775289456 0.8031872506662868
0.8110991681022734 0.8031711908300948
0.8110429610254554 0.8031551316653748
0.810986756298958 0.8031390731720898
0.8109305539214604 0.8031230153502029
0.8108743538928334 0.8031069581996774
0.8108181562135435 0.8030909017204761
0.8107619608840575 0.8030748459119664
0.8107057679030545 0.8030587907747072
0.8106495772704054 0.8030427363080658
0.8105933889865768 0.8030266825126011
0.810537203050844 0.8030106293882763
0.8104810194636735 0.8029945769344585
0.8104248382243403 0.8029785251517069
0.8103686593327156 0.8029624740399843
0.8103124827886702 0.8029464235986583
0.8102563085920751 0.8029303738282877
0.8102001367422056 0.8029143247282399
0.810143967240124 0.8028982762990737
0.8100878000851057 0.8028822285401567
0.810031635276426 0.8028661814520476
0.8099754728139559 0.802850135034114
0.8099193126981622 0.8028340892863188
0.8098631549283203 0.8028180442092212
0.8098069995048969 0.8028019998021885
0.8097508464271674 0.8027859560651839
0.8096946956950032 0.8027699129987661
0.8096385473082751 0.8027538706028984
0.8095824012668544 0.8027378288769483
0.8095262575706124 0.8027217878208791
0.80947011621942 0.8027057474352495
0.8094139772131486 0.8026897077188316
0.8093578405516691 0.8026736686721843
0.8093017062342577 0.802657630295866
0.8092455742613808 0.8026415925892447
0.8091894446323141 0.8026255555522835
0.8091333173475246 0.8026095191855411
0.809077192406288 0.8025934834877898
0.809021069809071 0.8025774484601836
0.8089649495551495 0.8025614141020905
0.808908831644395 0.8025453804128782
0.8088527160766786 0.8025293473931053
0.8087966028512765 0.8025133150427353
0.8087404919692507 0.8024972833617312
0.8086843834292818 0.8024812523500564
0.8086282772324321 0.8024652220082694
0.808572173376787 0.8024491923351429
0.8085160718634085 0.8024331633312354
0.8084599726915727 0.8024171349965102
0.8084038758617464 0.8024011073303353
0.808347781373206 0.8023850803338646
0.8082916892258226 0.8023690540058707
0.8082355994200633 0.8023530283469122
0.8081795119552043 0.8023370033569526
0.808123426830522 0.8023209790353597
0.8080673440464831 0.8023049553832873
0.8080112636029592 0.8022889323995083
0.8079551854992266 0.8022729100845812
0.8078991097357523 0.8022568884378742
0.8078430363124077 0.8022408674599458
0.8077869652290647 0.8022248471501642
0.8077308964855947 0.8022088275084927
0.8076748300812744 0.8021928085360848
0.8076187660159754 0.8021767902317136
0.8075627042895694 0.8021607725959377
0.8075066449019282 0.8021447556281252
0.8074505878529236 0.8021287393282395
0.8073945331424272 0.8021127236968391
0.8073384807703107 0.8020967087332922
0.807282430736446 0.8020806944375622
0.80722638304011 0.8020646808102077
0.8071703376817693 0.8020486678505967
0.8071142946612958 0.8020326555592878
0.8070582539779665 0.8020166439356494
0.807002215632248 0.8020006329796449
0.8069461796234174 0.8019846226912376
0.8068901459513466 0.8019686130703909
0.8068341146165022 0.8019526041176632
0.8067780856181614 0.8019365958324229
0.8067220589561961 0.8019205882146335
0.8066660346304781 0.8019045812648533
0.8066100126408796 0.801888574981856
0.8065539929872725 0.8018725693661997
0.8064979756689339 0.801856564417848
0.8064419606857358 0.8018405601373592
0.8063859480381451 0.8018245565235069
0.8063299377260339 0.8018085535768495
0.8062739297486794 0.8017925512973505
0.8062179241059536 0.8017765496849732
0.8061619207983235 0.8017605487402759
0.8061059198250663 0.8017445484620325
0.8060499211860542 0.8017285488508012
0.8059939248811594 0.8017125499065456
0.8059379309102539 0.801696551629229
0.8058819392726153 0.801680554018815
0.8058259499693051 0.8016645570746722
0.8057699629990062 0.801648560797359
0.8057139783615906 0.8016325651868388
0.8056579960581202 0.8016165702424803
0.8056020160872777 0.8016005759654365
0.8055460384489354 0.8015845823544816
0.8054900631429656 0.801568589409579
0.8054340901692405 0.8015525971312869
0.8053781195282271 0.8015366055195688
0.8053221512192031 0.8015206145743883
0.805266185242041 0.8015046242951142
0.8052102215966128 0.80148863468171
0.8051542602821966 0.801472645734734
0.8050983012992593 0.8014566574541495
0.8050423446476732 0.8014406698393257
0.8049863903267163 0.8014246828908206
0.8049304383368554 0.8014086966080032
0.8048744886779631 0.8013927109908371
0.8048185413487228 0.8013767260398803
0.8047625963501959 0.801360741754502
0.8047066536816604 0.8013447581352601
0.8046507133429889 0.8013287751815238
0.8045947753340539 0.8013127928932566
0.8045388396547279 0.8012968112704223
0.8044829063048836 0.8012808303135787
0.8044269752849877 0.8012648500220949
0.8043710465937243 0.8012488703959347
0.80431512023156 0.8012328914350617
0.8042591961977734 0.8012169131400337
0.804203274492237 0.8012009355096258
0.8041473551154178 0.8011849585443958
0.8040914380665941 0.8011689822443073
0.8040355233456387 0.8011530066099184
0.8039796109530183 0.8011370316405984
0.8039237008880116 0.8011210573363107
0.8038677931504912 0.8011050836970192
0.8038118877403299 0.8010891107226874
0.8037559846568061 0.801073138413279
0.8037000839003869 0.8010571667687576
0.8036441854709451 0.8010411957890868
0.8035882893683534 0.8010252254736362
0.8035323955918905 0.8010092558229636
0.8034765041420233 0.8009932868370326
0.8034206150180306 0.800977318515807
0.8033647282197853 0.8009613508592504
0.8033088437477542 0.8009453838673264
0.8032529616012163 0.8009294175394046
0.8031970817800443 0.800913451876637
0.8031412042841113 0.8008974868777989
0.80308532911329 0.8008815225428543
0.8030294562674536 0.8008655588723607
0.8029735857464749 0.8008495958662819
0.8029177175502269 0.8008336335245816
0.8028618516785826 0.8008176718472235
0.8028059881302271 0.8008017108335773
0.8027501269068152 0.8007857504842008
0.8026942680064382 0.8007697907984636
0.8026384114301569 0.8007538317763295
0.8025825571772506 0.8007378734183563
0.8025267052475923 0.8007219157245077
0.8024708556410551 0.8007059586941533
0.8024150083575122 0.8006900023272571
0.8023591633974305 0.8006740466237827
0.8023033207594954 0.8006580915848818
0.8022474804441739 0.8006421372093302
0.8021916424513393 0.8006261834970917
0.8021358067808647 0.8006102304481302
0.8020799734320295 0.8005942780630032
0.802024142404707 0.8005783263410807
0.801968313699364 0.8005623752817327
0.8019124873152803 0.8005464248867044
0.801856663252329 0.8005304751541781
0.8018008415103832 0.8005145260853052
0.8017450220899103 0.8004985776794558
0.8016892049895958 0.8004826299365936
0.8016333902099071 0.8004666828566825
0.8015775777507173 0.8004507364396863
0.801521767611306 0.8004347906855689
0.8014659597927342 0.8004188455942939
0.8014101542936878 0.8004029011658252
0.8013543511146338 0.8003869574007205
0.8012985502548521 0.8003710142977561
0.801242751714216 0.8003550718580832
0.8011869554931927 0.8003391300810719
0.801131161591062 0.8003231889660927
0.8010753700076974 0.8003072485137028
0.8010195807429723 0.8002913087238662
0.8009637937967604 0.8002753695965467
0.8009080091689351 0.8002594311311145
0.80085222685937 0.8002434933281273
0.8007964468679385 0.8002275561875487
0.8007406691939207 0.8002116197093427
0.8006848938377839 0.8001956838928798
0.800629120798808 0.8001797487387171
0.8005733500774601 0.8001638142468187
0.8005175816730205 0.8001478804165549
0.8004618155853627 0.8001319472484831
0.8004060518143604 0.8001160147425673
0.8003502903604809 0.8001000828981779
0.8002945312224108 0.8000841517158722
0.8002387744006173 0.8000682211956142
0.8001830198955676 0.8000522913367742
0.8001272677059486 0.8000363621399098
0.8000715178322274 0.8000204336043913
0.8000157702736844 0.8000045057301829
0.7999600250307869 0.799988578518435
0.7999042821034085 0.7999726519679249
0.7998485414908297 0.7999567260786167
0.7997928031929245 0.7999408008504743
0.7997370672101598 0.7999248762834615
0.7996813335418164 0.799908952378729
0.799625602187768 0.7998930291350542
0.7995698731478885 0.7998771065524011
0.799514146422052 0.7998611846307335
0.7994584220101322 0.7998452633700155
0.7994026999120031 0.7998293427708043
0.7993469801275387 0.7998134228324706
0.7992912626560197 0.7997975035549785
0.7992355474979133 0.7997815849382919
0.7991798346525003 0.799765666982968
0.7991241241196548 0.7997497496883778
0.7990684158998439 0.7997338330538919
0.7990127099923485 0.7997179170806608
0.7989570063976358 0.7997020017680552
0.7989013051143936 0.7996860871160392
0.7988456061430892 0.7996701731245768
0.7987899094835966 0.7996542597930391
0.79873421513579 0.799638347121983
0.7986785230995435 0.7996224351113727
0.7986228333741381 0.7996065237611721
0.7985671459600411 0.7995906130719385
0.7985114608571265 0.7995747030424496
0.7984557780652688 0.7995587936738556
0.798400097583749 0.7995428849649346
0.7983444194130342 0.7995269769162437
0.798288743552406 0.799511069527747
0.7982330700017384 0.7994951627994084
0.7981773987609057 0.799479256730599
0.7981217298297821 0.7994633513218761
0.7980660632076493 0.7994474465726106
0.7980103988955671 0.7994315424833596
0.7979547368922242 0.7994156390540871
0.7978990771980877 0.7993997362847572
0.7978434198130321 0.7993838341747413
0.7977877647363388 0.7993679327240035
0.7977321119684752 0.7993520319331007
0.7976764615087226 0.7993361318014041
0.7976208133575484 0.7993202323294707
0.7975651675136415 0.7993043335172646
0.7975095239780617 0.7992884353641572
0.797453882750091 0.7992725378707053
0.7973982438296036 0.7992566410362804
0.7973426072158813 0.7992407448614393
0.7972869729093915 0.7992248493455534
0.7972313409106013 0.7992089544891795
0.7971757112181999 0.7991930602916892
0.7971200838326544 0.7991771667530466
0.7970644587532468 0.7991612738732159
0.7970088359804444 0.7991453816527538
0.7969532155135289 0.799129490091032
0.7968975973529678 0.7991135991880145
0.7968419814974504 0.7990977089436656
0.7967863679480367 0.7990818193579495
0.7967307567040085 0.7990659304308304
0.7966751477652406 0.799050042162865
0.7966195411316077 0.799034154553425
0.7965639368029844 0.7990182676024744
0.796508334778653 0.7990023813099776
0.7964527350590808 0.7989864956758987
0.7963971376441423 0.798970610700202
0.7963415425331201 0.7989547263828517
0.7962859497264811 0.798938842723812
0.7962303592241003 0.7989229597230472
0.7961747710246676 0.7989070773805214
0.7961191851292426 0.7988911956961988
0.7960636015365153 0.7988753146700439
0.7960080202475456 0.7988594343020208
0.7959524412616157 0.7988435545915012
0.7958968645786005 0.798827675539042
0.7958412901977826 0.7988117971446073
0.7957857181202217 0.7987959194081613
0.7957301483452002 0.7987800423296684
0.7956745808720007 0.7987641659085004
0.7956190157004983 0.798748290145214
0.7955634528311603 0.7987324150391811
0.7955078922632692 0.7987165405909584
0.7954523339967002 0.7987006668005101
0.7953967780319204 0.7986847936678005
0.7953412243676204 0.7986689211927939
0.7952856730048599 0.7986530493748623
0.7952301239429214 0.7986371782145623
0.7951745771816802 0.7986213077112658
0.7951190327204191 0.7986054378649374
0.7950634905601975 0.7985895686761335
0.7950079506997064 0.7985737001442262
0.7949524131388207 0.7985578322697721
0.7948968778780079 0.7985419650521431
0.794841344917143 0.798526098491896
0.7947858142555091 0.7985102325884029
0.7947302858935735 0.7984943673422202
0.7946747598300272 0.7984785027527201
0.7946192360659297 0.7984626388198671
0.794563714600564 0.7984467755442175
0.7945081954338054 0.7984309129251437
0.7944526785655291 0.7984150509626099
0.7943971639950186 0.7983991896571726
0.794341651722741 0.7983833290076121
0.7942861417485716 0.7983674690150768
0.7942306340717938 0.7983516096789391
0.794175128692875 0.7983357509991634
0.7941196256116905 0.7983198929763061
0.7940641248275236 0.7983040356091476
0.7940086263402498 0.7982881788988363
0.7939531301497444 0.7982723228447445
0.7938976362564749 0.7982564674468366
0.7938421446591328 0.7982406127044852
0.7937866553587775 0.7982247586182466
0.7937311683546923 0.798208905188677
0.7936756836461609 0.7981930524151492
0.7936202012336507 0.7981772002976273
0.7935647211170372 0.7981613488354841
0.793509243296196 0.7981454980292758
0.7934537677704105 0.7981296478789669
0.7933982945401484 0.7981137983845218
0.7933428236046933 0.7980979495459049
0.7932873549639209 0.7980821013624888
0.7932318886182984 0.7980662538354217
0.7931764245665179 0.7980504069634845
0.793120962809047 0.7980345607472333
0.7930655033457611 0.7980187151866327
0.7930100461765359 0.798002870281647
0.7929545913018389 0.797987026031649
0.7928991387203622 0.7979711824371949
0.7928436884325734 0.7979553394982493
0.792788240438348 0.7979394972135931
0.7927327947369701 0.7979236555843745
0.7926773513283156 0.7979078146105577
0.7926219102122601 0.7978919742915157
0.7925664713892712 0.7978761346278046
0.7925110348592245 0.7978602956193889
0.7924556006208126 0.7978444572656415
0.7924001686745029 0.7978286195665268
0.7923447390207629 0.7978127825226011
0.7922893116582852 0.7977969461332373
0.7922338865875374 0.7977811103983998
0.7921784638083952 0.7977652753186449
0.7921230433207345 0.7977494408933455
0.7920676251238398 0.7977336071230577
0.7920122092181784 0.7977177740071545
0.7919567956030348 0.7977019415456004
0.7919013842788765 0.7976861097389515
0.7918459752449878 0.7976702785865809
0.7917905685012449 0.7976544480884531
0.7917351640475236 0.7976386182445327
0.7916797618842916 0.7976227890553759
0.7916243620102418 0.7976069605197641
0.7915689644258418 0.797591132638845
0.7915135691309676 0.7975753054114001
0.7914581761254953 0.7975594788379856
0.791402785409301 0.7975436529191574
0.7913473969816693 0.7975278276542888
0.7912920108430679 0.7975120030427529
0.7912366269927814 0.7974961790856971
0.7911812454312774 0.7974803557824948
0.7911258661578406 0.7974645331325191
0.791070489171756 0.7974487111369173
0.7910151144740823 0.7974328897950627
0.7909597420641045 0.7974170691063286
0.7909043719416987 0.7974012490712711
0.7908490041067412 0.7973854296898546
0.790793638558517 0.7973696109614526
0.7907382752980848 0.7973537928872124
0.7906829143241385 0.797337975465916
0.7906275556371455 0.7973221586981193
0.790572199236391 0.7973063425831958
0.7905168451223424 0.7972905271222924
0.7904614932948761 0.7972747123141916
0.7904061437532773 0.7972588981594491
0.7903507964974223 0.7972430846580295
0.7902954515271876 0.7972272718093065
0.7902401088424494 0.797211459613836
0.7901847684430844 0.7971956480709914
0.7901294303283777 0.7971798371813286
0.7900740944993879 0.7971640269442211
0.7900187609554005 0.7971482173602247
0.7899634296957008 0.7971324084293041
0.7899081007207563 0.797116600150833
0.7898527740298527 0.7971007925247761
0.7897974496240483 0.797084985551689
0.7897421275008557 0.7970691792309458
0.7896868076619245 0.7970533735631018
0.7896314901071311 0.79703756854694
0.7895761748357611 0.797021764183607
0.7895208618476912 0.7970059604724766
0.789465551142798 0.7969901574135136
0.789410242720958 0.7969743550072736
0.789354936582048 0.7969585532531305
0.7892996327253536 0.7969427521516398
0.7892443311507515 0.7969269517015847
0.7891890318593001 0.7969111519041115
0.7891337348496944 0.7968953527585944
0.7890784401224019 0.7968795542649978
0.7890231476767086 0.7968637564232867
0.788967857512491 0.7968479592340166
0.7889125696302168 0.7968321626959708
0.788857284029172 0.7968163668097048
0.7888020007092333 0.7968005715757742
0.7887467196696868 0.796784776993553
0.7886914409115907 0.7967689830624153
0.7886361644342312 0.7967531897829165
0.7885808902368944 0.7967373971550217
0.7885256183200477 0.7967216051792861
