5 2
4.99450767877094 2.001098464245812
4.990628287249041 2.001874342537598
4.987463237621452 2.002507352463747
4.984723962600708 2.0030552074823453
4.98227522619124 2.0035449547692417
4.9800409440361015 2.003991811202495
4.977973328334806 2.0044053343380037
4.97604005394519 2.0047919892137043
4.9742180532481965 2.0051563893472157
4.972490184515015 2.00550196309242
4.9708432985903075 2.005831340272138
4.96926704758557 2.0061465904641986
4.967753114820393 2.006449377011155
4.966294697170335 2.006741060536491
4.9648861454981 2.0070227708672137
4.963522708025204 2.007295458362864
4.96220034261547 2.0075599314466435
4.960915576816479 2.0078168846025486
4.959665401382335 2.008066919695096
4.958447188164867 2.008310562339589
4.95725862580363 2.00854827480896
4.95609766872757 2.0087804662253137
4.954962496223686 2.009007500728148
4.953851479295671 2.0092297041139178
4.952763153553034 2.009447369262745
4.951696196813589 2.009660760610732
4.950649410497468 2.009870117869831
4.9496217040421895 2.010075659162906
4.948612081749707 2.0102775836209537
4.947619631579663 2.010476073650826
4.946643515692237 2.0106712968324794
4.945682962208509 2.010863407523913
4.944737258206959 2.01105254832319
4.943805743563463 2.0112388512548085
4.9428878056625205 2.011422438833525
4.941982874745483 2.011603425015994
4.94109041980501 2.0117819160049657
4.940209945011429 2.01195801096234
4.939340986530636 2.0121318026547845
4.938483109696766 2.012303378021658
4.937635906528799 2.0124728186550658
4.936798993474215 2.0126402012673714
4.935972009406698 2.0128055980806825
4.9351546138410685 2.012969077195441
4.934346485325618 2.013130702898151
4.933547319963023 2.0132905359717754
4.93275683012056 2.0134486339391344
4.931974743214649 2.013605051320123
4.931200800651751 2.013759839833446
4.930434756835598 2.0139130485979417
4.929676378261803 2.014064724311686
4.928925442718196 2.01421491142004
4.9281817385064235 2.014363652260599
4.927445063792451 2.0145109872046953
4.926715225961433 2.0146569547742814
4.925992041018588 2.0148015917621023
4.9252753331035715 2.014944933346797
4.9245649339394815 2.0150870131779968
4.923860682423979 2.015227863479853
4.923162424206247 2.0153675151220267
4.922470011274622 2.0155059977099685
4.921783301607169 2.0156433396401408
4.921102158852581 2.015779568187594
4.920426452005727 2.0159147095555188
4.919756055116792 2.016048788933065
4.919090847020183 2.0161818305492094
4.918430711092975 2.01631385773489
4.91777553502477 2.016444892945928
4.9171252105786545 2.0165749578345817
4.916479633393988 2.0167040732706942
4.915838702808231 2.0168322593879275
4.915202321663603 2.016959535619656
4.914570396143985 2.017085920725043
4.913942835607953 2.017211432832189
4.913319552450055 2.017336089467741
4.9127004619522125 2.0174599075661286
4.912085482154218 2.017582903522158
4.911474533743822 2.0177050932044804
4.910867539914447 2.0178264919716633
4.910264426276473 2.0179471147016845
4.909665120731019 2.0180669758127534
4.909069553397228 2.0181860892794017
4.90847765649874 2.0183044686582976
4.907889364283403 2.0184221270986837
4.907304612941626 2.0185390773661696
4.906723340524728 2.0186553318514466
4.9061454868631555 2.0187709025818696
4.90557099350152 2.0188858012531106
4.904999803645548 2.0190000392252165
4.904431862066979 2.019113627542415
4.903867115062851 2.0192265769418865
4.903305510399124 2.0193388978755604
4.902746997244606 2.0194506005075312
4.902191526131203 2.01956169473138
4.901639048883454 2.0196721901801618
4.901089518593181 2.0197820962359243
4.900542889564578 2.019891422042073
4.89999911726029 2.0200001765021387
4.899458158283271 2.0201083682979486
4.898919970321195 2.020216005890967
4.898384512106306 2.020323097533124
4.897851743392865 2.020429651277228
4.8973216249042455 2.020535674971017
4.896794118321274 2.0206411762893572
4.896269186231036 2.0207461627054557
4.895746792109944 2.020850641531883
4.895226900292253 2.020954619894733
4.894709475929547 2.021058104764402
4.894194484981116 2.0211611029545176
4.8936818941820865 2.021263621114621
4.8931716710203395 2.021365665747526
4.89266378370427 2.0214672432108896
4.892158201154324 2.0215683597217167
4.891654892968798 2.0216690213576514
4.8911538294119765 2.021769234067226
4.890654981392928 2.0218690036707936
4.890158320436449 2.021968335861375
4.889663818679579 2.0220672362143657
4.889171448835368 2.022165710182133
4.888681184200474 2.0222637631093576
4.888192998611752 2.0223614002273975
4.887706866447656 2.022458626660437
4.887222762614166 2.0225554474285423
4.88674066251801 2.022651867447695
4.886260542059833 2.0227478915413655
4.885782377619363 2.022843524428731
4.885306146048228 2.0229387707418183
4.884831824644152 2.0230336350222315
4.884359391141204 2.0231281217236097
4.88388882371216 2.023222235208321
4.88342010094642 2.0233159797611497
4.882953201834346 2.0234093595829705
4.882488105764844 2.0235023787957327
4.882024792512727 2.023595041444524
4.881563242232235 2.0236873515023515
4.881103435428973 2.0237793128609303
4.880645352977184 2.0238709293520225
4.8801889761003086 2.0239622047270465
4.879734286346339 2.024053142675447
4.879281265610214 2.0241437468235715
4.87882989609493 2.0242340207280938
4.8783801603263734 2.0243239678831055
4.877932041128719 2.0244135917216495
4.877485521637278 2.0245028956199
4.877040585262182 2.024591882895879
4.87659721570943 2.0246805568081743
4.876155396957403 2.024768920559997
4.875715113261438 2.0248569773004923
4.875276349132025 2.024944730126011
4.874839089351819 2.025032182083981
4.874403318943277 2.0251193361661772
4.873969023182653 2.025206195317818
4.873536187582355 2.025292762438658
4.873104797895305 2.0253790403762304
4.872674840098803 2.0254650319347696
4.872246300403448 2.0255507398736174
4.871819165229826 2.0256361669082263
4.871393421226235 2.0257213157111322
4.870969055237188 2.025806188907773
4.870546054323448 2.025890789090249
4.870124405744747 2.0259751188053814
4.869704096954435 2.026059180563263
4.869285115602694 2.026142976835541
4.868867449524002 2.0262265100511883
4.868451086738443 2.026309782607429
4.868036015453053 2.026392796865436
4.867622224040288 2.026475555148587
4.867209701059407 2.0265580597457244
4.866798435227914 2.0266403129143544
4.866388415430607 2.026722316873882
4.865979630721328 2.0268040738162303
4.865572070314476 2.0268855858965886
4.865165723568492 2.026966855246396
4.8647605800094 2.027047883959188
4.864356629303189 2.027128674101059
4.8639538612641235 2.027209227708795
4.863552265852857 2.0272895467904544
4.8631518331746 2.0273696333259315
4.862752553465275 2.027449489269923
4.862354417102978 2.027529116542808
4.8619574145972955 2.027608517043257
4.861561536582789 2.027687692646292
4.86116677383051 2.0277666451966008
4.860773117231596 2.0278453765162134
4.8603805578019 2.02792388840258
4.859989086683623 2.028002182626663
4.85959869512528 2.0280802609357775
4.8592093745032185 2.0281581250610943
4.858821116305637 2.0282357766992085
4.858433912129546 2.028313217533764
4.858047753680711 2.0283904492240836
4.857662632775564 2.0284674734032655
4.857278541344085 2.02854429169024
4.85689547140944 2.0286209056784927
4.856513415101678 2.028697316941108
4.856132364647208 2.0287735270311344
4.855752312377634 2.0288495374842386
4.855373250723167 2.0289253498144446
4.854995172197538 2.0290009655190717
4.854618069419339 2.029076386074481
4.854241935096032 2.029151612940975
4.85386676202714 2.0292266475540117
4.853492543094168 2.0293014913404366
4.853119271269541 2.029376145705141
4.852746939616978 2.029450612035912
4.8523755412740135 2.0295248917059707
4.852005069469439 2.0295989860652655
4.851635517515291 2.029672896456474
4.8512668787952125 2.0297466241995683
4.850899146779038 2.029820170603276
4.850532315005636 2.029893536958636
4.850166377103038 2.0299667245392765
4.8498013267602555 2.0300397346083137
4.8494371577511055 2.030112568409737
4.849073863911747 2.030185227177488
4.848711439158896 2.0302577121268746
4.8483498774776015 2.030330024461412
4.847989172919235 2.0304021653730246
4.847629319601325 2.0304741360357097
4.847270311715615 2.0305459376144896
4.846912143513312 2.030617571254738
4.846554809311372 2.030689038093266
4.84619830349148 2.0307603392563274
4.845842620499055 2.0308314758554884
4.845487754844075 2.030902448987842
4.845133701085722 2.030973259740507
4.84478045385577 2.031043909186518
4.844428007842349 2.031114398389296
4.844076357787288 2.031184728400679
4.843725498492406 2.0312549002610996
4.8433754248124 2.031324914997635
4.843026131662028 2.0313947736284295
4.8426776140099195 2.0314644771586168
4.842329866881316 2.0315340265847177
4.841982885345785 2.0316034228926774
4.841636664529711 2.0316726670559246
4.8412911996154975 2.0317417600397314
4.840946485829385 2.031810702797167
4.840602518450391 2.031879496273433
4.840259292807818 2.031948141401831
4.839916804276184 2.0320166391080736
4.8395750482815085 2.032084990306265
4.839234020297995 2.032153195903189
4.838893715843024 2.0322212567943003
4.8385541304773865 2.0322891738659346
4.838215259810695 2.0323569479995442
4.837877099500719 2.0324245800635943
4.837539645239851 2.0324920709157657
4.837202892768281 2.0325594214112614
4.8368668378725115 2.0326266323906537
4.836531476377049 2.0326937046902165
4.83619680415153 2.032760639135924
4.835862817100767 2.0328274365456043
4.835529511171872 2.0328940977310737
4.8351968823537 2.0329606234962143
4.8348649266746 2.033027014633055
4.834533640197658 2.0330932719299475
4.8342030190278 2.033159396163618
4.833873059307042 2.0332253881073057
4.833543757213992 2.033291248524842
4.833215108960848 2.033356978176745
4.83288711080298 2.0334225778083477
4.8325597590258615 2.033488048163857
4.83223304995216 2.0335533899764924
4.831906979937924 2.0336186039804756
4.8315815453771265 2.033683690893295
4.831256742694562 2.033748651429663
4.830932568346253 2.033813486299608
4.830609018826481 2.033878196202655
4.830286090656592 2.0339427818357803
4.829963780393684 2.0340072438875962
4.829642084624418 2.034071583042354
4.829320999972013 2.034135799972216
4.82900052308025 2.0341998953490474
4.828680650633599 2.0342638698386275
4.828361379343704 2.034327724096852
4.828042705947398 2.034391458775639
4.827724627217751 2.03445507452299
4.827407139949042 2.034518571977267
4.827090240971853 2.0345819517730654
4.826773927138104 2.0346452145393488
4.826458195334479 2.034708360899519
4.826143042470751 2.0347713914714864
4.825828465486722 2.0348343068677366
4.8255144613438326 2.0348971076973026
4.825201027038518 2.0349597945582074
4.824888159583401 2.035022368048964
4.824575856023841 2.0350848287610144
4.824264113431987 2.0351471772806993
4.823952928899292 2.0352094141874293
4.823642299547391 2.0352715400575314
4.823332222517444 2.0353335554624126
4.823022694978601 2.035395460970497
4.822713714125316 2.035457257141645
4.822405277174683 2.0355189445309785
4.822097381366959 2.0355805236926785
4.821790023965286 2.035641995172549
4.821483202253854 2.035703359513685
4.821176913543931 2.0357646172546544
4.820871155167292 2.0358257689314088
4.820565924472852 2.0358868150699054
4.820261218840508 2.0359477561954513
4.819957035666782 2.0360085928308798
4.81965337237318 2.036069325491055
4.819350226395034 2.036129954686629
4.819047595193737 2.0361904809277656
4.818745476254922 2.0362509047168227
4.818443867075046 2.0363112265539205
4.818142765177453 2.0363714469333165
4.817842168107477 2.0364315663471166
4.8175420734237315 2.036491585283483
4.817242478710238 2.0365515042266797
4.816943381566188 2.0366113236552987
4.816644779612659 2.036671044045943
4.816346670489324 2.0367306658696345
4.816049051854246 2.0367901895972924
4.815751921380621 2.0368496156925295
4.815455276763459 2.0369089446153215
4.815159115717082 2.0369681768256447
4.814863435968075 2.0370273127745104
4.814568235268036 2.0370863529130068
4.814273511381969 2.0371452976905227
4.813979262089639 2.037204147547622
4.813685485195975 2.0372629029268277
4.813392178515002 2.0373215642619273
4.813099339881756 2.037380131988724
4.812806967144562 2.0374386065361523
4.812515058170136 2.0374969883298837
4.812223610840398 2.037555277795905
4.811932623058306 2.0376134753534565
4.811642092735685 2.0376715814186173
4.811352017802069 2.0377295964061046
4.8110623962067605 2.0377875207257734
4.810773225909713 2.0378453547861746
4.810484504885114 2.0379030989910674
4.810196231127172 2.0379607537429663
4.809908402644749 2.0380183194396606
4.809621017456762 2.0380757964777527
4.809334073597238 2.0381331852491855
4.809047569118851 2.0381904861430273
4.808761502086856 2.0382476995489798
4.80847587058116 2.038304825850438
4.808190672693238 2.038361865428009
4.80790590653041 2.038418818661272
4.807621570210558 2.038475685925339
4.807337661867865 2.038532467594342
4.807054179654856 2.0385891640362823
4.8067711217298275 2.0386457756199623
4.8064884862662325 2.0387023027132725
4.806206271448901 2.038758745676341
4.805924475481191 2.0388151048701615
4.8056430965761185 2.0388713806514622
4.8053621329591465 2.038927573374452
4.805081582868791 2.0389836833942576
4.804801444550708 2.039039711058407
4.804521716272044 2.0390956567136915
4.804242396306123 2.0391515207078785
4.80396348294389 2.039207303381232
4.803684974479368 2.0392630050750356
4.803406869226842 2.0393186261248304
4.803129165504195 2.039374166868904
4.802851861651467 2.0394296276398483
4.8025749560099396 2.0394850087679703
4.802298446939232 2.0395403105829972
4.802022332805736 2.039595533410728
4.801746611986811 2.039650677574741
4.801471282876375 2.039705743396418
4.801196343873395 2.0397607311983084
4.800921793392466 2.0398156412941075
4.800647629855178 2.039870474002063
4.800373851695699 2.0399252296349597
4.800100457357129 2.0399799085018215
4.799827445294942 2.040034510912927
4.799554813972651 2.040089037178149
4.799282561865946 2.040143487598681
4.799010687462593 2.0401978624803303
4.798739189253898 2.0402521621219316
4.798468065747283 2.040306386823647
4.798197315458449 2.040360536882019
4.797926936909898 2.0404146125916447
4.797656928637149 2.0404686142451944
4.797387289185147 2.0405225421350695
4.797118017108169 2.0405763965501333
4.796849110970446 2.040630177777374
4.796580569341198 2.0406838861035563
4.796312390804996 2.040737521811965
4.796044573951241 2.040791085182429
4.795777117378265 2.040844576497861
4.795510019696705 2.0408979960344897
4.79524327952803 2.0409513440683993
4.794976895494785 2.041004620875536
4.794710866232273 2.041057826728475
4.794445190385015 2.0411109618964445
4.794179866605297 2.0411640266518147
4.793914893557905 2.0412170212620167
4.793650269909056 2.041269945992798
4.793385994338693 2.0413228011066287
4.793122065534224 2.041375586867546
4.7928584821890885 2.0414283035363376
4.792595243005429 2.041480951372165
4.792332346693332 2.0415335306341813
4.792069791974854 2.041586041578337
4.791807577575764 2.0416384844574025
4.791545702229569 2.0416908595257763
4.79128416468153 2.0417431670362958
4.791022963681111 2.0417954072370663
4.790762097985319 2.0418475803762606
4.790501566357288 2.041899686702123
4.7902413675743265 2.0419517264582185
4.789981500418377 2.0420036998897944
4.789721963675965 2.0420556072390337
4.789462756141517 2.0421074487450754
4.78920387661864 2.042159224650345
4.788945323916698 2.0422109351910884
4.788687096854106 2.0422625806052777
4.7884291942535775 2.0423141611263196
4.788171614947428 2.0423656769877927
4.787914357776175 2.042417128421883
4.787657421583121 2.0424685156609614
4.787400805218328 2.0425198389328973
4.787144507544556 2.0425710984673313
4.7868885274265285 2.042622294492552
4.786632863734223 2.0426734272308313
4.786377515350132 2.042724496907799
4.7861224811592304 2.0427755037462108
4.785867760050924 2.0428264479675184
4.785613350927619 2.042877329791883
4.7853592526920705 2.042928149438184
4.78510546425727 2.042978907125577
4.784851984541095 2.043029603068861
4.784598812468244 2.043080237484676
4.784345946966892 2.043130810583793
4.784093386977203 2.043181322581922
4.783841131439428 2.0432317736904664
4.783589179302416 2.0432821641180814
4.783337529521587 2.0433324940737627
4.783086181058229 2.0433827637668474
4.782835132878794 2.043432973402423
4.782584383956164 2.043483123187469
4.782333933269602 2.043533213324741
4.782083779802097 2.043583244018899
4.781833922541626 2.0436332154704036
4.781584360486973 2.0436831278816308
4.781335092639211 2.043732981450783
4.7810861180042705 2.04378277637647
4.780837435595492 2.0438325128577075
4.780589044433577 2.043882191090892
4.7803409435387705 2.0439318112698146
4.780093131939895 2.0439813735887
4.779845608674297 2.044030878240698
4.779598372780045 2.0440803254209086
4.779351423303006 2.044129715317337
4.779104759292283 2.044179048119958
4.778858379803397 2.0442283240192083
4.77861228389889 2.0442775431999802
4.778366470643782 2.0443267058506507
4.778120939110031 2.0443758121570745
4.777875688371366 2.044424862305593
4.777630717511577 2.04447385647855
4.7773860256129534 2.044522794857299
4.777141611772234 2.0445716776251937
4.776897475080761 2.044620504963114
4.7766536146416865 2.0446692770509665
4.776410029562269 2.0447179940676925
4.776166718950032 2.04476665618979
4.775923681921629 2.0448152635957784
4.775680917598993 2.044863816460264
4.775438425105489 2.044912314959883
4.775196203569064 2.0449607592673784
4.774954252126637 2.045009149556053
4.774712569915204 2.045057485998294
4.774471156078764 2.0451057687655783
4.774230009763233 2.045153998028481
4.7739891301239785 2.045202173956682
4.7737485163157 2.0452502967175024
4.773508167500589 2.0452983664803197
4.773268082843261 2.045346383412165
4.773028261513869 2.0453943476777363
4.772788702689319 2.0454422594423343
4.7725494055457185 2.045490118871864
4.772310369267119 2.0455379261284556
4.772071593039226 2.0455856813734
4.771833076054371 2.0456333847715222
4.771594817508977 2.045681036480987
4.771356816600416 2.0457286366620484
4.7711190725338355 2.0457761854755905
4.770881584517767 2.045823683078778
4.770644351762852 2.0458711296294205
4.770407373484927 2.0459185252859715
4.770170648904991 2.045965870201745
4.769934177248554 2.0460131645336057
4.769697957740651 2.046060408434742
4.769461989613876 2.046107602060448
4.769226272105247 2.0461547455623594
4.768990804453713 2.046201839092786
4.768755585901363 2.0462488828032717
4.76852061569525 2.046295876844603
4.7682858930898275 2.0463428213668124
4.768051417338296 2.0463897165177523
4.767817187695058 2.046436562445967
4.767583203427353 2.046483359299264
4.767349463800496 2.046530107224717
4.767115968080925 2.0465768063686727
4.76688271554537 2.046623456875331
4.766649705467965 2.046670058891025
4.766416937129405 2.046716612557105
4.76618440981386 2.046763118019905
4.765952122811394 2.04680957542079
4.76572007541062 2.046855984900431
4.765488266905387 2.046902346601643
4.765256696594146 2.0469486606637197
4.765025363777489 2.046994927226687
4.764794267760561 2.0470411464298937
4.764563407850606 2.047087318412012
4.764332783362399 2.0471334433096375
4.764102393607927 2.0471795212601105
4.763872237904242 2.0472255524015184
4.763642315573436 2.0472715368684766
4.7634126259420055 2.047317474794954
4.763183168334804 2.0473633663170805
4.762953942086474 2.047409211566135
4.762724946529976 2.047455010678365
4.76249618100259 2.0475007637837823
4.762267644844696 2.047546471014569
4.762039337399748 2.0475921325036786
4.761811258014256 2.0476377483806485
4.761583406040162 2.0476833187757957
4.761355780830622 2.047728843818823
4.761128381741187 2.047774323636044
4.760901208130386 2.0478197583573405
4.760674259359703 2.0478651481119883
4.7604475347965405 2.047910493025889
4.760221033805254 2.04795579322297
4.75999475576263 2.048001048830727
4.759768700038802 2.0480462599760663
4.759542866010338 2.0480914267811636
4.759317253059021 2.0481365493703847
4.75909186056708 2.048181627868898
4.758866687921916 2.048226662398543
4.7586417345107535 2.048271653081972
4.758416999724768 2.048316600038524
4.758192482956704 2.048361503392479
4.757968183605582 2.0484063632620657
4.757744101070182 2.048451179769078
4.757520234754929 2.0484959530320186
4.757296584061032 2.048540683170217
4.75707314840061 2.048585370302459
4.756849927180774 2.0486300145469927
4.756626919815968 2.0486746160201657
4.75640412572442 2.048719174837798
4.756181544323427 2.048763691117908
4.7559591750334524 2.0488081649752634
4.75573701727928 2.048852596526833
4.755515070486481 2.0488969858863464
4.755293334083156 2.048941333167022
4.755071807504595 2.0489856384829253
4.754850490181573 2.049029901947612
4.754629381552019 2.0490741236741328
4.754408481056323 2.0491183037736835
4.754187788134998 2.049162442358315
4.753967302233317 2.0492065395395804
4.75374702279723 2.049250595425846
4.75352694927393 2.04929461013038
4.753307081118225 2.0493385837619207
4.753087417781497 2.0493825164287247
4.752867958723861 2.0494264082399147
4.752648703401984 2.049470259305477
4.752429651276025 2.049514069729557
4.752210801810195 2.0495578396225342
4.75199215447216 2.0496015690902976
4.751773708727833 2.04964525823961
4.751555464050015 2.049688907175435
4.7513374199114615 2.0497325160036124
4.751119575787173 2.0497760848281916
4.750901931154382 2.0498196137554334
4.750684485491394 2.0498631028871506
4.750467238281018 2.0499065523287014
4.750250189008824 2.0499499621823367
4.750033337161988 2.0499933325525213
4.749816682227558 2.050036663539296
4.749600223697599 2.050079955246244
4.749383961062311 2.050123207772538
4.749167893818598 2.0501664212208905
4.748952021464329 2.050209595692259
4.748736343500616 2.0502527312858505
4.748520859428945 2.0502958281004506
4.748305568751173 2.05033888623706
4.748090470974634 2.0503819057936212
4.747875565608145 2.0504248868663457
4.747660852159152 2.0504678295562946
4.747446330140538 2.0505107339601674
4.747231999067199 2.050553600174256
4.747017858456599 2.0505964282957576
4.746803907826492 2.050639218421464
4.746590146699441 2.050681970647762
4.746376574594321 2.0507246850693295
4.746163191036487 2.050767361780448
4.745949995553237 2.0508100008776164
4.745736987672672 2.050852602454327
4.745524166923126 2.0508951666036834
4.745311532839913 2.0509376934210053
4.7450990849546155 2.0509801829986207
4.744886822806893 2.0510226354271746
4.744674745932658 2.0510650508021304
4.744462853872499 2.0511074292146714
4.74425114616774 2.0511497707569006
4.74403962236267 2.051192075517954
4.743828282003409 2.0512343435891878
4.743617124635106 2.05127657506288
4.743406149809759 2.0513187700283497
4.743195357076691 2.051360928574551
4.742984745990931 2.051403050791365
4.742774316105382 2.0514451367683093
4.742564066979736 2.0514871865932514
4.742353998169319 2.0515292003549885
4.7421441092378895 2.0515711781419608
4.7419343997442684 2.0516131200409666
4.741724869252906 2.0516550261384547
4.741515517331636 2.05169689652309
4.741306343545564 2.0517387312806212
4.741097347463721 2.051780530496452
4.740888528659597 2.051822294256923
4.740679886703381 2.0518640226480307
4.740471421171364 2.051905715754152
4.740263131636525 2.0519473736606035
4.740055017679578 2.051988996452363
4.739847078876806 2.0520305842115234
4.739639314812751 2.0520721370249424
4.739431725066416 2.05211365497405
4.7392243092244835 2.0521551381424934
4.739017066873038 2.0521965866123213
4.738809997599769 2.052238000466527
4.738603100993403 2.05227937978651
4.738396376644804 2.0523207246558846
4.738189824146407 2.052362035155406
4.737983443093858 2.0524033113655147
4.737777233080522 2.052444553367598
4.737571193705695 2.052485761242728
4.737365324568567 2.0525269350703987
4.7371596252687675 2.0525680749297956
4.736954095407995 2.052609180902314
4.736748734588918 2.0526502530665196
4.736543542416803 2.0526912915006728
4.736338518500593 2.0527322962839873
4.736133662447449 2.0527732674953723
4.735928973867104 2.052814205212179
4.735724452369679 2.05285510951146
4.735520097567303 2.052895980471224
4.735315909074652 2.0529368181704335
4.735111886508391 2.052977622682747
4.734908029485541 2.0530183940877875
4.7347043376240165 2.0530591324598824
4.734500810545867 2.053099837875569
4.734297447869686 2.053140510409847
4.734094249220891 2.0531811501399226
4.733891214222517 2.053221757138977
4.733688342502236 2.053262331482399
4.733485633684252 2.0533028732452934
4.733283087399004 2.0533433825024825
4.7330807032761495 2.053383859327266
4.732878480949403 2.0534243037926667
4.732676420047382 2.0534647159726713
4.73247452020705 2.053505095939751
4.7322727810656335 2.0535454437685807
4.732071202256331 2.053585759531084
4.731869783419576 2.053626043298915
4.731668524197122 2.053666295143461
4.731467424226145 2.053706515137075
4.731266483151559 2.0537467033518415
4.731065700615836 2.0537868598595796
4.730865076265413 2.0538269847293797
4.730664609746417 2.0538670780325345
4.730464300705188 2.053907139840074
4.730264148792545 2.053947170222766
4.730064153657909 2.053987169249892
4.729864314951964 2.054027136991704
4.729664632329314 2.054067073515745
4.72946510544315 2.0541069788929818
4.729265733947907 2.0541468531916762
4.7290665175019155 2.0541866964810622
4.728867455764734 2.0542265088289002
4.728668548391836 2.0542662903027025
4.7284697950457515 2.0543060409721736
4.728271195389158 2.0543457609031113
4.728072749084348 2.054385450164725
4.727874455794289 2.054425108822325
4.727676315185783 2.054464736944631
4.727478326924176 2.054504334596471
4.727280490679164 2.054543901846079
4.727082806117924 2.054583438759019
4.726885272913018 2.054622945400618
4.726687890734483 2.054662421837179
4.726490659253515 2.0547018681335576
4.7262935781456195 2.054741284355585
4.726096647086392 2.054780670567649
4.725899865750991 2.054820026835115
4.725703233815711 2.054859353221908
4.7255067509606 2.0548986497929316
4.725310416866298 2.0549379166128583
4.725114231210373 2.054977153743723
4.724918193677266 2.0550163612509493
4.72472230394938 2.0550555391961227
4.724526561709699 2.055094687643012
4.724330966644913 2.0551338066551614
4.724135518441755 2.0551728962958924
4.72394021678752 2.0552119566271045
4.723745061371103 2.055250987710479
4.723550051880908 2.0552899896086774
4.72335518800693 2.0553289623829443
4.723160469444389 2.0553679060955057
4.722965895884879 2.0554068208083707
4.722771467021046 2.0554457065809446
4.722577182549182 2.0554845634748093
4.72238304216662 2.0555233915513327
4.722189045568615 2.055562190870479
4.721995192452492 2.055600961494384
4.7218014825212675 2.055639703480213
4.721607915473795 2.055678416890871
4.7214144910099485 2.0557171017831117
4.7212212088332 2.0557557582182366
4.721028068648543 2.0557943862549655
4.7208350701578405 2.0558329859530002
4.720642213069113 2.055871557370654
4.7204494970893105 2.0559101005672225
4.720256921924305 2.055948615600616
4.720064487283529 2.0559871025297283
4.719872192877392 2.056025561410889
4.719680038415731 2.0560639923037742
4.719488023610382 2.056102395265501
4.719296148172601 2.0561407703529895
4.719104411816659 2.0561791176241444
4.71891281425778 2.0562174371354973
4.718721355210598 2.056255728944563
4.718530034394281 2.0562939931074875
4.718338851521763 2.0563322296814
4.7181478063156215 2.0563704387232375
4.717956898493222 2.056408620287401
4.717766127775416 2.0564467744304484
4.717575493884487 2.056484901208749
4.7173849965410835 2.0565230006784843
4.71719463546881 2.056561072893307
4.717004410392691 2.0565991179090264
4.716814321035597 2.0566371357800985
4.716624367124358 2.0566751265619625
4.716434548386699 2.0567130903087074
4.716244864551237 2.0567510270765728
4.716055315344935 2.0567889369181183
4.715865900497674 2.056826819888055
4.715676619740214 2.0568646760397495
4.715487472805206 2.0569025054263923
4.715298459423129 2.0569403081033184
4.715109579327865 2.0569780841222007
4.714920832253653 2.057015833536859
4.714732217936096 2.0570535564009362
4.714543736109633 2.0570912527667415
4.714355386511067 2.057128922686411
4.714167168878558 2.057166566213066
4.7139790829511075 2.0572041833984973
4.7137911284685545 2.0572417742954823
4.713603305169559 2.0572793389554707
4.713415612795126 2.057316877430898
4.7132280510880955 2.0573543897717226
4.713040619791124 2.057391876031195
4.712853318648693 2.057429336260092
4.712666147403088 2.0574667705101755
4.712479105799921 2.0575041788307398
4.71229219358561 2.0575415612732155
4.712105410507882 2.0575789178888684
4.711918756314763 2.057616248728798
4.711732230752071 2.057653553841647
4.711545833572932 2.0576908332781914
4.711359564524751 2.0577280870878982
4.711173423359727 2.0577653153200757
4.710987409829342 2.05780251802616
4.7108015236863565 2.057839695255138
4.710615764682812 2.05787684705584
4.710430132574516 2.057913973476939
4.710244627115055 2.057951074568093
4.710059248060776 2.057988150378802
4.709873995170777 2.058025200957269
4.709688868199441 2.0580622263515433
4.709503866906386 2.0580992266106595
4.709318991047507 2.0581362017823595
4.709134240385414 2.0581731519142332
4.708949614680977 2.058210077055991
4.708765113692333 2.0582469772526473
4.7085807371848105 2.0582838525536093
4.708396484918521 2.0583207030069954
4.70821235665778 2.058357528658509
4.708028352166147 2.0583943295571028
4.707844471209389 2.058431105748185
4.707660713553012 2.0584678572804096
4.707477078963731 2.058504584198892
4.707293567207991 2.058541286549733
4.707110178054926 2.058577964381145
4.706926911272897 2.058614617736682
4.706743766630976 2.0586512466653932
4.706560743897459 2.0586878512116735
4.706377842845775 2.058724431422029
4.706195063245131 2.058760987342821
4.7060124048698535 2.058797519018022
4.705829867490537 2.058834026493711
4.705647450883378 2.058870509814702
4.705465154820347 2.0589069690267943
4.705282979079008 2.0589434041745225
4.705100923433185 2.0589798153034056
4.704918987660815 2.059016202458822
4.704737171537076 2.0590525656837744
4.704555474839779 2.059088905022249
4.704373897349848 2.059125220520332
4.70419243884398 2.0591615122206197
4.704011099102469 2.059197780167808
4.703829877907732 2.059234024406457
4.703648775038938 2.0592702449809916
4.703467790279812 2.059306441932361
4.703286923410828 2.059342615305838
4.703106174215061 2.0593787651443356
4.702925542479151 2.0594148914917474
4.702745027984538 2.059450994390723
4.702564630519143 2.059487073883783
4.702384349866173 2.0595231300144277
4.702204185814328 2.059559162824918
4.702024138150513 2.0595951723573873
4.701844206660804 2.0596311586549474
4.701664391134817 2.0596671217594755
4.701484691362303 2.059703061713827
4.701305107132665 2.0597389785596256
4.701125638235926 2.059774872338368
4.700946284463207 2.0598107430925308
4.700767045605759 2.0598465908644634
4.700587921455444 2.059882415694185
4.700408911805699 2.0599182176237965
4.700230016449115 2.0599539966952745
4.700051235182268 2.0599897529493703
4.699872567797022 2.060025486425614
4.699694014091147 2.0600611971667133
4.699515573858187 2.0600968852130546
4.699337246896133 2.0601325506049037
4.699159033003084 2.060168193383504
4.698980931975319 2.0602038135888807
4.69880294361211 2.0602394112620366
4.6986250677113865 2.0602749864416636
4.698447304072622 2.0603105391696213
4.698269652498266 2.06034606948546
4.698092112786545 2.060381577427521
4.697914684740097 2.0604170630373075
4.69773736816117 2.0604525263529285
4.697560162849707 2.060487967414561
4.697383068610529 2.060523386262266
4.697206085249495 2.0605587829348972
4.697029212568242 2.0605941574711952
4.69685245037136 2.0606295099108753
4.696675798465427 2.0606648402924503
4.6964992566570976 2.06070014865432
4.696322824752145 2.0607354350347724
4.696146502557373 2.0607706994741553
4.6959702898801305 2.060805942009446
4.695794186527839 2.060841162679682
4.695618192311792 2.060876361522705
4.695442307038116 2.0609115385773302
4.6952665305191825 2.0609466938811782
4.695090862564573 2.0609818274717613
4.694915302984877 2.061016939387564
4.694739851594066 2.061052029665881
4.694564508200945 2.061087098344979
4.6943892726205405 2.0611221454608564
4.694214144665085 2.0611571710515646
4.694039124147809 2.0611921751550475
4.693864210884833 2.0612271578069854
4.693689404688534 2.0612621190461855
4.693514705376068 2.0612970589091946
4.693340112762739 2.061331977432454
4.693165626663892 2.0613668746523013
4.692991246899162 2.06140175060497
4.6928169732825555 2.0614366053287383
4.692642805633779 2.0614714388585575
4.692468743771153 2.0615062512303517
4.692294787512562 2.061541042481014
4.692120936679687 2.0615758126484054
4.691947191092352 2.061610561766
4.691773550569938 2.0616452898714535
4.691600014933263 2.0616799969991098
4.6914265840026985 2.0617146831853526
4.691253257602864 2.0617493484653955
4.691080035555579 2.061783992874352
4.6909069176826845 2.0618186164493726
4.690733903807444 2.0618532192253705
4.690560993755947 2.0618878012360966
4.690388187351953 2.0619223625173357
4.690215484419701 2.061956903103709
4.690042884786715 2.061991423029741
4.689870388276318 2.0620259223319852
4.689697994716047 2.062060401043708
4.689525703934844 2.0620948592002053
4.689353515756519 2.0621292968356157
4.6891814300118835 2.0621637139839812
4.689009446528017 2.06219811068031
4.688837565135726 2.0622324869584534
4.688665785661621 2.0622668428532296
4.688494107936501 2.0623011783983016
4.6883225317925525 2.06233549362724
4.688151057057767 2.062369788573522
4.687979683565242 2.0624040632726452
4.687808411145742 2.0624383177557886
4.6876372396332675 2.062472552058263
4.687466168859484 2.062506766213176
4.687295198656971 2.062540960254597
4.68712432885829 2.0625751342133434
4.6869535592996945 2.06260928812541
4.686782889814635 2.0626434220224863
4.68661232023747 2.062677535938278
4.6864418504048455 2.062711629904298
4.686271480151999 2.062745703954071
4.686101209314139 2.062779758121034
4.685931037730147 2.062813792438531
4.685760965236101 2.062847806937721
4.685590991668975 2.062881801650725
4.685421116868016 2.06291577661167
4.685251340671519 2.0629497318514534
4.6850816629177405 2.0629836674019337
4.684912083447208 2.0630175832959288
4.684742602099028 2.0630514795651234
4.684573218712272 2.063085356242161
4.684403933129648 2.0631192133585547
4.684234745191525 2.0631530509457323
4.684065654740529 2.063186869036079
4.683896661617859 2.0632206676608527
4.683727765665592 2.0632544468512264
4.683558966727131 2.0632882066393314
4.683390264645375 2.0633219470561723
4.683221659263632 2.0633556681326715
4.68305315042699 2.0633893698996677
4.682884737979115 2.0634230523889565
4.682716421763616 2.0634567156322494
4.682548201627712 2.063490359659099
4.6823800774162745 2.06352398450209
4.682212048976865 2.0635575901895753
4.682044116155155 2.0635911767539743
4.681876278799953 2.063624744225552
4.6817085367549875 2.063658292633458
4.681540889871225 2.063691822009867
4.681373337994551 2.0637253323848013
4.681205880974434 2.0637588237882056
4.681038518661642 2.0637922962509774
4.680871250904142 2.063825749802901
4.6807040775512 2.063859184472652
4.680536998454286 2.063892600291921
4.680370013462983 2.0639259972912876
4.680203122427708 2.063959375498162
4.680036325200623 2.0639927349439975
4.679869621635178 2.064026075657081
4.6797030115820215 2.064059397668709
4.679536494893089 2.0640927010070147
4.679370071420692 2.0641259857010836
4.679203741021139 2.064159251781979
4.679037503545223 2.0641924992765808
4.678871358848639 2.0642257282157983
4.67870530678654 2.0642589386284134
4.678539347210837 2.064292130544156
4.678373479980131 2.0643253039906333
4.678207704948873 2.064358458997426
4.67804202197233 2.0643915955930168
4.677876430907938 2.064424713805814
4.677710931611689 2.0644578136651734
4.677545523939036 2.064490895199356
4.677380207748946 2.0645239584365496
4.677214982900743 2.0645570034058887
4.677049849251404 2.0645900301364337
4.676884806658263 2.0646230386551343
4.67671985498171 2.064656028989887
4.6765549940824815 2.0646890011695356
4.676390223818523 2.0647219552228493
4.6762255440490295 2.064754891176493
4.676060954635789 2.0647878090590925
4.675896455438693 2.064820708898188
4.675732046319325 2.064853590722262
4.6755677271405105 2.0648864545576986
4.6754034977609376 2.0649193004338535
4.675239358045908 2.0649521283769703
4.675075307854797 2.0649849384152503
4.674911347053587 2.065017730575812
4.674747475504569 2.0650505048867163
4.6745836930703755 2.0650832613739314
4.674419999615763 2.0651160000653803
4.67425639500359 2.0651487209868957
4.674092879100172 2.0651814241672732
4.673929451769484 2.0652141096332195
4.673766112877169 2.0652467774113727
4.673602862287862 2.065279427529313
4.673439699868759 2.0653120600125368
4.673276625487379 2.0653446748894955
4.673113639008899 2.065377272185552
4.672950740299269 2.065409851928017
4.672787929226987 2.065442414142121
4.672625205660873 2.065474958855042
4.67246256946696 2.0655074860938902
4.672300020512937 2.0655399958847047
4.672137558668587 2.0655724882534594
4.671975183803569 2.065604963227067
4.671812895786527 2.0656374208303685
4.671650694487755 2.065669861090146
4.671488579775645 2.0657022840321146
4.671326551522007 2.065734689682926
4.671164609596305 2.0657670780681663
4.671002753870088 2.0657994492133582
4.670840984215656 2.065831803144961
4.6706793005034095 2.0658641398873705
4.670517702605827 2.065896459467917
4.6703561903943696 2.065928761909874
4.670194763740366 2.0659610472404437
4.670033422519859 2.065993315484771
4.669872166603907 2.0660255666679372
4.6697109958656355 2.0660578008149635
4.669549910179795 2.0660900179527983
4.669388909420554 2.066122218105343
4.6692279934615035 2.0661544012974327
4.669067162176535 2.0661865675538413
4.668906415442918 2.066218716901269
4.668745753135578 2.0662508493623815
4.668585175128421 2.0662829649637557
4.668424681298286 2.066315063728931
4.668264271522303 2.0663471456843614
4.668103945675703 2.066379210854457
4.667943703636204 2.066411259262578
4.6677835452800585 2.0664432909340067
4.66762347048469 2.066475305892975
4.667463479129124 2.066507304164645
4.667303571090483 2.0665392857731306
4.667143746247493 2.0665712507414993
4.666984004477417 2.066603199094736
4.666824345660425 2.0666351308577666
4.666664769676534 2.066667046054471
4.666505276403426 2.066698944708672
4.666345865722122 2.0667308268451188
4.666186537511305 2.0667626924865337
4.666027291654301 2.0667945416585356
4.665868128028611 2.0668263743837323
4.665709046518118 2.066858190686643
4.665550047002188 2.0668899905897624
4.665391129361337 2.066921774117497
4.665232293478536 2.0669535412932123
4.6650735392361575 2.0669852921411995
4.664914866517718 2.0670170266847117
4.664756275203964 2.0670487449469466
4.6645977651767865 2.067080446953006
4.664439336322255 2.067112132723037
4.664280988522801 2.067143802283009
4.664122721660694 2.0671754556549193
4.6639645356228066 2.067207092862667
4.663806430291946 2.067238713929118
4.663648405551621 2.067270318877085
4.663490461287337 2.067301907730301
4.663332597384865 2.067333480510494
4.663174813730672 2.0673650372422645
4.663017110209325 2.067396577947232
4.662859486706521 2.0674281026479386
4.662701943107785 2.067459611367848
4.662544479300199 2.067491104129394
4.662387095171537 2.0675225809549596
4.662229790608968 2.067554041866874
4.662072565499053 2.0675854868893584
4.661915419729479 2.0676169160436637
4.661758353187324 2.0676483293519614
4.661601365761214 2.067679726837342
4.661444457339602 2.0677111085218716
4.661287627809901 2.0677424744275656
4.661130877064079 2.0677738245763875
4.660974204987907 2.0678051589912183
4.6608176114734245 2.0678364776948865
4.660661096408195 2.0678677807072647
4.66050465968347 2.0678990680520473
4.660348301189888 2.067930339751908
4.660192020816621 2.067961595826569
4.660035818454802 2.067992836298603
4.659879693996243 2.0680240611905325
4.659723647330426 2.0680552705238617
4.659567678349653 2.0680864643200456
4.659411786946038 2.0681176426014543
4.659255973010228 2.0681488053894426
4.659100236435252 2.068179952704353
4.65894457711438 2.068211084568406
4.6587889949381305 2.0682422010028088
4.658633489802817 2.068273302029682
4.658478061599438 2.068304387671097
4.658322710220515 2.0683354579471516
4.658167435562221 2.0683665128788578
4.658012237516696 2.0683975524881397
4.65785711597888 2.0684285767959123
4.65770207084224 2.068459585824002
4.657547102001758 2.068490579592268
4.657392209353076 2.0685215581214824
4.657237392791216 2.0685525214342846
4.657082652210582 2.068583469550392
4.656927987507089 2.068614402490434
4.656773398577728 2.0686453202759485
4.656618885318873 2.068676222928426
4.656464447625428 2.0687071104673964
4.656310085393799 2.0687379829133015
4.656155798522319 2.0687688402874898
4.6560015869061555 2.0687996826103086
4.65584745044494 2.068830509903013
4.655693389034715 2.0688613221858567
4.655539402572176 2.0688921194790484
4.655385490957204 2.068922901802751
4.655231654086942 2.0689536691770813
4.655077891860447 2.068984421622112
4.654924204176576 2.0690151591588197
4.654770590933141 2.0690458818081368
4.6546170520290175 2.069076589589047
4.654463587364571 2.069107282521441
4.654310196839963 2.069137960627065
4.65415688035304 2.0691686239247686
4.654003637806509 2.069199272434309
4.653850469099077 2.0692299061763464
4.653697374130089 2.0692605251695997
4.653544352802056 2.069291129435588
4.653391405014757 2.069321718992942
4.653238530669868 2.0693522938611983
4.65308572966928 2.069382854061741
4.652933001914674 2.069413399612125
4.6527803473066855 2.0694439305336467
4.652627765747843 2.0694744468456663
4.652475257140465 2.0695049485675012
4.652322821387502 2.069535435718426
4.652170458390013 2.0695659083176725
4.652018168051788 2.069596366385373
4.651865950276402 2.069626809940673
4.6517138049672235 2.0696572390026766
4.6515617320282425 2.069687653590445
4.651409731361563 2.069718053723938
4.651257802871592 2.069748439422133
4.651105946462938 2.069778810703964
4.650954162040415 2.069809167588324
4.650802449506953 2.0698395100950036
4.650650808770281 2.0698698382428122
4.650499239733316 2.069900152050517
4.650347742301686 2.069930451536845
4.650196316379967 2.069960736720482
4.65004496187544 2.069991007621009
4.64989367869225 2.0700212642579667
4.6497424667372425 2.0700515066489795
4.649591325917048 2.070081734812569
4.649440256138492 2.070111948769088
4.649289257308599 2.0701421485351053
4.649138329332925 2.070172334130891
4.6489874721180575 2.07020250557387
4.648836685572443 2.070232662882362
4.648685969603475 2.070262806075581
4.648535324117498 2.0702929351726995
4.648384749024787 2.0703230501919165
4.648234244231659 2.0703531511504596
4.6480838096467005 2.0703832380683136
4.64793344517869 2.0704133109626275
4.647783150737011 2.070443369850513
4.647632926228754 2.0704734147518344
4.647482771565342 2.0705034456845555
4.647332686654247 2.0705334626675307
4.647182671405201 2.070563465717716
4.647032725728124 2.0705934548529585
4.6468828495314725 2.0706234300919966
4.646733042727612 2.0706533914535283
4.646583305225373 2.070683338954357
4.646433636935013 2.0707132726121764
4.646284037767805 2.0707431924455695
4.646134507634379 2.070773098472154
4.6459850464472 2.070802990709509
4.645835654115206 2.070832869175177
4.645686330551644 2.0708627338885126
4.6455370756666445 2.0708925848651325
4.645387889372582 2.0709224221233904
4.645238771581603 2.0709522456816027
4.645089722206034 2.0709820555562
4.644940741156737 2.0710118517663467
4.644791828348458 2.0710416343274773
4.64464298369201 2.0710714032586806
4.644494207100853 2.0711011585771635
4.644345498488215 2.071130900299174
4.644196857767502 2.071160628443689
4.6440482848523 2.0711903430268843
4.643899779657189 2.071220044066741
4.643751342093646 2.0712497315793645
4.643602972078248 2.0712794055826627
4.643454669523235 2.0713090660935887
4.643306434343074 2.0713387131299776
4.643158266452817 2.071368346707792
4.643010165767688 2.071397966844795
4.6428621322026755 2.071427573558714
4.642714165670897 2.0714571668644886
4.642566266090553 2.071486746781608
4.6424184333746945 2.071516313324942
4.6422706674390035 2.071545866512076
4.64212296819974 2.071575406359643
4.641975335573333 2.0716049328842416
4.6418277694759755 2.0716344461033502
4.641680269824437 2.0716639460334973
4.641532836535246 2.071693432691177
4.641385469523474 2.071722906093762
4.64123816870558 2.071752366256764
4.641090934001453 2.0717818131974868
4.640943765326667 2.071811246932287
4.640796662598184 2.0718406674783982
4.640649625734355 2.071870074851197
4.640502654652882 2.071899469066938
4.640355749271632 2.0719288501436632
4.640208909506605 2.0719582180966487
4.640062135278843 2.0719875729420476
4.639915426504269 2.072016914696889
4.63976878310425 2.0720462433772586
4.63962220499585 2.0720755589983
4.639475692097512 2.0721048615769417
4.639329244329059 2.072134151130986
4.639182861609666 2.07216342767457
4.6390365438586665 2.0721926912254287
4.63889029099596 2.0722219417985417
4.638744102941607 2.072251179409763
4.638597979613398 2.0722804040758214
4.638451920934141 2.072309615812505
4.638305926821946 2.072338814634666
4.638159997199126 2.072368000559839
4.638014131984512 2.07239717360281
4.637868331099117 2.0724263337801436
4.637722594463703 2.0724554811074674
4.637576921999596 2.0724846156003762
4.637431313628275 2.072513737274434
4.637285769270971 2.0725428461460758
4.6371402888494755 2.0725719422308004
4.636994872285733 2.0726010255431744
4.636849519499425 2.072630096100438
4.636704230415221 2.072659153917095
4.636559004955124 2.0726881990094195
4.636413843039682 2.072717231392754
4.636268744591201 2.07274625108241
4.636123709534961 2.072775258093667
4.635978737791563 2.0728042524417742
4.63583382928377 2.072833234143748
4.635688983936508 2.0728622032129778
4.635544201672038 2.0728911596664163
4.635399482413574 2.072920103518291
4.635254826084883 2.072949034784595
4.635110232609881 2.072977953479495
4.634965701910625 2.0730068596198192
4.634821233912532 2.0730357532187775
4.634676828540762 2.0730646342931367
4.634532485719021 2.0730935028569437
4.634388205370359 2.0731223589260073
4.634243987421181 2.0731512025152106
4.634099831796432 2.073180033640301
4.633955738419602 2.0732088523161014
4.63381170721753 2.0732376585565118
4.633667738113599 2.0732664523771893
4.633523831033335 2.0732952337937616
4.633379985904007 2.0733240028200397
4.6332362026494325 2.0733527594707
4.63309248119557 2.07338150376128
4.632948821470515 2.0734102357063966
4.632805223398912 2.073438955320637
4.632661686906351 2.0734676626185604
4.6325182119201544 2.0734963576155865
4.632374798366593 2.0735250403262153
4.632231446172075 2.073553710764919
4.63208815526395 2.073582368947029
4.631944925568908 2.0736110148860702
4.631801757014177 2.0736396485964286
4.631658649527524 2.0736682700933495
4.631515603036058 2.0736968793911617
4.631372617467822 2.073725476504165
4.6312296927502015 2.0737540614475187
4.631086828811118 2.073782634235466
4.63094402557863 2.073811194882222
4.630801282980538 2.0738397434019737
4.6306586009459645 2.0738682798088814
4.630515979401398 2.0738968041179615
4.630373418277028 2.0739253163424323
4.630230917501594 2.073953816497255
4.630088477003576 2.0739823045973615
4.629946096712379 2.0740107806558883
4.629803776555564 2.074039244687712
4.629661516464387 2.0740676967059146
4.629519316367865 2.0740961367253177
4.629377176193567 2.074124564759832
4.629235095873147 2.074152980823342
4.629093075336811 2.074181384930585
4.62895111451371 2.0742097770953905
4.628809213332737 2.074238157331561
4.628667371725675 2.074266525652871
4.628525589623257 2.0742948820730707
4.628383866953977 2.0743232266067606
4.628242203650408 2.0743515592676363
4.628100599642882 2.074379880069366
4.627959054862258 2.0744081890255908
4.627817569238341 2.0744364861508053
4.627676142703824 2.0744647714577202
4.627534775189951 2.0744930449607755
4.627393466628095 2.0745213066735078
4.627252216948578 2.0745495566094267
4.627111026084209 2.0745777947820168
4.626969893966744 2.0746060212064883
4.626828820528459 2.0746342358936447
4.6266878056994 2.074662438858644
4.626546849413667 2.0746906301157417
4.626405951603913 2.0747188096774165
4.626265112202134 2.0747469775569973
4.6261243311412334 2.0747751337695357
4.62598360835385 2.074803278327434
4.625842943772352 2.0748314112439443
4.6257023373300195 2.0748595325331665
4.625561788960253 2.0748876422074276
4.625421298596186 2.0749157402807765
4.625280866170685 2.0749438267663636
4.625140491617519 2.074971901677314
4.625000174870193 2.0749999650275988
4.624859915862721 2.075028016829422
4.624719714528458 2.0750560570958343
4.624579570801665 2.0750840858407313
4.624439484618283 2.075112103077114
4.624299455910469 2.075140108818827
4.6241594846128455 2.0751681030779516
4.624019570661323 2.0751960858682836
4.623879713988813 2.075224057203593
4.6237399145302955 2.0752520170950195
4.62360017222243 2.0752799655562844
4.623460486997708 2.075307902601084
4.623320858793802 2.0753358282422223
4.623181287543444 2.075363742491611
4.623041773184153 2.0753916453637404
4.62290231565084 2.0754195368704744
4.62276291487776 2.0754474170245207
4.622623570802004 2.0754752858402945
4.622484283359614 2.075503143328723
4.622345052486359 2.075530989503308
4.622205878118515 2.0755588243766607
4.622066760191694 2.0755866479613694
4.62192769864279 2.075614460271727
4.621788693407649 2.075642261319409
4.621649744423394 2.0756700511160693
4.621510851625712 2.0756978296759283
4.621372014951956 2.075725597010593
4.621233234338818 2.0757533531325096
4.621094509725425 2.075781098054965
4.620955841046373 2.075808831790359
4.620817228241017 2.0758365543510684
4.6206786712445655 2.075864265750308
4.620540169996597 2.0758919659995483
4.620401724434868 2.075919655112817
4.620263334494539 2.0759473331006792
4.620125000115523 2.0759749999762565
4.6199867212355255 2.0760026557526476
4.619848497792748 2.0760303004412095
4.619710329725116 2.0760579340549947
4.619572216970668 2.0760855566053156
4.619434159468323 2.0761131681060374
4.619296157156339 2.076140768568427
4.619158209974624 2.076168358005446
4.6190203178605 2.0761959364283182
4.618882480752167 2.0762235038499584
4.6187446985910166 2.076251060282403
4.618606971315465 2.0762786057376665
4.618469298863271 2.0763061402277407
4.618331681174993 2.076333663765451
4.618194118190144 2.0763611763627443
4.618056609847957 2.0763886780306917
4.617919156088544 2.0764161687829064
4.61778175685097 2.076443648630415
4.617644412075175 2.076471117585932
4.617507121701588 2.076498575660441
4.61736988567113 2.0765260228666125
4.617232703922907 2.076553459216241
4.617095576398432 2.0765808847211
4.616958503035874 2.076608299393792
4.616821483777723 2.076635703246048
4.616684518564273 2.076663096288724
4.616547607336306 2.0766904785352103
4.616410750034709 2.0767178499954704
4.616273946599707 2.0767452106819997
4.616137196972776 2.0767725606072722
4.6160005010951135 2.0767998997828894
4.615863858909549 2.0768272282195825
4.615727270355574 2.0768545459306105
4.61559073537584 2.0768818529266624
4.615454253910428 2.076909149220105
4.615317825902575 2.076936434821586
4.615181451294091 2.076963709742583
4.615045130026508 2.0769909739962467
4.61490886204184 2.0770182275931632
4.614772647282203 2.0770454705447463
4.614636485691337 2.0770727028632363
4.6145003772096524 2.0770999245600055
4.614364321779185 2.077127135645559
4.614228319344356 2.077154336132921
4.6140923698474 2.0771815260325566
4.613956473231414 2.077208705355756
4.61382062943845 2.0772358741146353
4.613684838411804 2.077263032319599
4.613549100093727 2.0772901799835655
4.6134134144280905 2.0773173171169006
4.613277781359243 2.0773444437307935
4.613142200828593 2.077371559837257
4.613006672781064 2.0773986654474395
4.612871197160538 2.077425760571628
4.6127357739102335 2.077452845220933
4.612600402973848 2.0774799194089693
4.6124650842947945 2.0775069831451227
4.612329817816964 2.077534036440443
4.612194603484343 2.0775610793068022
4.612059441242527 2.07758811175521
4.611924331035695 2.0776151337966575
4.611789272806227 2.077642145442956
4.611654266500384 2.0776691467042165
4.611519312062252 2.0776961375913716
4.611384409436389 2.077723118116174
4.61124955856896 2.077750088289516
4.6111147594032005 2.077777048122272
4.610980011885463 2.0778039976261353
4.6108453159587945 2.077830936811102
4.610710671569736 2.077857865688827
4.610576078663786 2.077884784270107
4.610441537185783 2.0779116925657197
4.610307047081037 2.077938590586424
4.610172608296456 2.0779654783429593
4.6100382207756505 2.077992355846883
4.609903884466467 2.0780192231080616
4.609769599313831 2.078046080138849
4.609635365263887 2.0780729269490736
4.609501182262122 2.078099763550216
4.609367050254865 2.0781265899520673
4.609232969187784 2.0781534061660705
4.609098939008518 2.0781802122019806
4.608964959663295 2.0782070080712023
4.608831031097301 2.078233793784288
4.608697153257696 2.0782605693517713
4.608563326091351 2.078287334785
4.608429549546732 2.0783140900944717
4.6082958235686355 2.0783408352898314
4.60816214810533 2.0783675703823716
4.608028523102168 2.0783942953825343
4.6078949485072185 2.078421010301575
4.607761424268265 2.0784477151490663
4.607627950331677 2.0784744099362276
4.607494526646913 2.0785010946734275
4.607361153159021 2.078527769371017
4.607227829817259 2.0785544340401585
4.607094556569474 2.0785810886903375
4.606961333360981 2.078607733331851
4.606828160143168 2.0786343679758077
4.606695036861526 2.078660992632469
4.606561963464249 2.0786876073112492
4.6064289399011145 2.078714212024032
4.606295966119743 2.078740806781024
4.606163042068586 2.078767391590761
4.606030167695066 2.078793966465898
4.605897342947808 2.078820531414936
4.605764567775521 2.0788470864488393
4.605631842128121 2.0788736315785545
4.605499165954116 2.078900166813358
4.605366539201727 2.078926692164161
4.605233961820002 2.0789532076402057
4.6051014337577065 2.0789797132531933
4.604968954965174 2.079006209012332
4.604836525389476 2.0790326949268128
4.604704144981858 2.079059171008284
4.604571813691049 2.079085637266727
4.604439531466229 2.079112093712106
4.604307298257037 2.0791385403535445
4.604175114014307 2.0791649772017973
4.6040429786874695 2.079191404266777
4.603910892224182 2.0792178215592036
4.603778854577383 2.0792442290881334
4.603646865695638 2.0792706268642513
4.603514925528337 2.0792970148974033
4.603383034027178 2.079323393197418
4.603251191141714 2.079349761774929
4.603119396820469 2.0793761206389103
4.602987651017238 2.0794024697999616
4.6028559536803355 2.079428809267845
4.602724304760012 2.0794551390523055
4.60259270420808 2.079481459162253
4.602461151975691 2.0795077696082194
4.602329648012965 2.07953407040072
4.6021981922704756 2.0795603615494342
4.602066784700722 2.0795866430632066
4.601935425254067 2.0796129149525022
4.601804113880212 2.0796391772269516
4.601672850531158 2.0796654298969863
4.60154163516009 2.0796916729713866
4.601410467716211 2.0797179064597344
4.601279348152494 2.0797441303724127
4.60114827641867 2.07977034471897
4.601017252468977 2.0797965495089406
4.60088627625367 2.0798227447518407
4.600755347723822 2.0798489304579877
4.600624466833165 2.079875106636866
4.600493633532927 2.07990127329713
4.600362847775152 2.079927430449048
4.600232109511592 2.079953578102058
4.600101418693709 2.079979716265581
4.599970775275617 2.080005844949023
4.5998401792093 2.0800319641625884
4.59970963044645 2.0800580739156507
4.599579128939941 2.0800841742167555
4.599448674641616 2.0801102650760592
4.599318267505604 2.080136346502889
4.5991879074846365 2.0801624185073693
4.599057594530787 2.080188481097984
4.598927328596573 2.0802145342848255
4.598797109636788 2.080240578076348
4.598666937603733 2.0802666124826126
4.59853681244905 2.0802926375136646
4.598406734128857 2.0803186531779123
4.598276702594212 2.080344659484559
4.598146717799916 2.080370656443604
4.59801677969791 2.0803966440642205
4.597886888242408 2.080422622355566
4.597757043388431 2.0804485913259745
4.597627245088144 2.0804745509861915
4.597497493295981 2.0805005013445212
4.597367787964256 2.080526442410869
4.597238129049744 2.0805523741943177
4.59710851650454 2.0805782967031266
4.596978950282275 2.080604209947963
4.596849430338113 2.0806301139362504
4.596719956626196 2.080656008678625
4.596590529100737 2.0806818941832885
4.596461147717118 2.08070777046004
4.596331812428236 2.0807336375178576
4.596202523189251 2.080759495365704
4.596073279954665 2.0807853440125283
4.59594408268051 2.0808111834672647
4.595814931319606 2.080837013738832
4.595685825827765 2.0808628348369402
4.595556766160136 2.080888646770479
4.595427752270851 2.0809144495483234
4.595298784116293 2.0809402431793345
4.5951698616514625 2.0809660276723587
4.5950409848307014 2.080991803036228
4.594912153609149 2.0810175692805637
4.594783367941654 2.081043326414168
4.594654627785313 2.0810690744450273
4.594525933095113 2.0810948133835208
4.594397283826111 2.081120543237606
4.594268679933796 2.081146264016029
4.594140121374815 2.081171975728323
4.594011608104435 2.0811976783824035
4.5938831400783515 2.0812233719877757
4.593754717252331 2.081249056553128
4.593626339583295 2.0812747320871354
4.593498007027148 2.081300398597659
4.593369719539498 2.0813260560949454
4.593241477076385 2.0813517045876275
4.593113279595366 2.0813773440835246
4.592985127050444 2.08140297459284
4.59285701939931 2.081428596123365
4.592728956600449 2.0814542086836774
4.592600938606981 2.08147981228234
4.592472965377885 2.081505406927902
4.592345036868951 2.0815309926296974
4.59221715303676 2.081556569396248
4.592089313839404 2.0815821372352645
4.591961519233596 2.0816076961568357
4.591833769175396 2.081633246168645
4.591706063621649 2.0816587872791597
4.5915784025310735 2.0816843194976298
4.5914507858581235 2.0817098428316987
4.59132321356201 2.0817353572905892
4.591195685600924 2.081760862882714
4.591068201930241 2.081786359616472
4.590940762508645 2.0818118475010445
4.590813367293084 2.081837326544009
4.5906860162427305 2.0818627967537244
4.590558709313223 2.0818882581393314
4.590431446463144 2.0819137107099555
4.590304227650063 2.081939154473122
4.590177052831252 2.0819645894371366
4.590049921966207 2.081990015610292
4.589922835011969 2.0820154330008678
4.589795791926726 2.0820408416179226
4.589668792669443 2.0820662414697093
4.589541837196997 2.082091632564468
4.589414925468125 2.0821170149096333
4.589288057440908 2.0821423885150026
4.589161233074926 2.082167753388776
4.589034452328029 2.082193109537559
4.588907715158847 2.0822184569711086
4.588781021524997 2.082243795697586
4.588654371387028 2.0822691257251402
4.588527764700891 2.0822944470619067
4.5884012014286935 2.0823197597167984
4.588274681526871 2.0823450636971357
4.5881482049555045 2.0823703590110165
4.588021771673662 2.082395645668103
4.587895381639042 2.082420923674889
4.587769034811195 2.0824461930402225
4.5876427311500905 2.082471453772938
4.587516470614688 2.082496705880281
4.587390253164005 2.0825219493702725
4.5872640787581975 2.082547184251709
4.587137947356406 2.0825724105325856
4.587011858917477 2.082597628220099
4.586885813401033 2.082622837323793
4.586759810767472 2.0826480378500536
4.5866338509761775 2.0826732298083988
4.586507933986242 2.082698413205976
4.586382059758956 2.082723588050706
4.586256228253532 2.0827487543520684
4.586130439429954 2.0827739121163886
4.5860046932471965 2.0827990613523357
4.58587898966679 2.0828242020685654
4.585753328648188 2.0828493342721526
4.5856277101512575 2.0828744579717284
4.585502134135926 2.0828995731743434
4.58537660056325 2.082924679888604
4.585251109393631 2.082949778123103
4.585125660588241 2.0829748678848556
4.585000254105466 2.082999949180865
4.584874889907666 2.083025022020471
4.584749567956187 2.0830500864106525
4.5846242882095956 2.0830751423599416
4.584499050629711 2.0831001898760757
4.584373855176993 2.0831252289667805
4.584248701813377 2.08315025963977
4.584123590498018 2.083175281902746
4.5839985211926155 2.083200295764179
4.583873493859632 2.083225301230967
4.583748508457689 2.0832502983115555
4.583623564949366 2.0832752870128197
4.583498663295527 2.083300267343961
4.58337380345851 2.0833252393110517
4.583248985399295 2.0833502029224897
4.583124209078916 2.0833751581866613
4.582999474457759 2.083400105111162
4.582874781498745 2.083425043702797
4.582750130163433 2.0834499739699166
4.582625520412379 2.083474895920081
4.582500952209027 2.0834998095608395
4.5823764255140444 2.0835247149005065
4.582251940288865 2.0835496119450534
4.582127496495331 2.0835745007035484
4.582003094096049 2.083599381183494
4.581878733052972 2.0836242533916054
4.581754413328817 2.083649117336138
4.581630134885296 2.0836739730253364
4.581505897683826 2.0836988204658815
4.581381701686583 2.0837236596652184
4.5812575468568575 2.0837484906315566
4.581133433156231 2.0837733133715437
4.581009360547046 2.0837981278933664
4.5808853289909965 2.083822934204424
4.580761338451944 2.083847732312106
4.580637388893098 2.08387252222379
4.580513480275612 2.083897303946842
4.580389612562807 2.0839220774893907
4.580265785717001 2.0839468428580075
4.580141999701973 2.0839716000615707
4.580018254478745 2.083996349106629
4.579894550010851 2.0840210900004927
4.579770886262938 2.084045822749689
4.579647263197592 2.0840705473630514
4.579523680776755 2.0840952638470847
4.579400138963473 2.084119972209827
4.579276637721902 2.0841446724585344
4.579153177014494 2.0841693645996795
4.579029756804458 2.0841940486420376
4.5789063770561045 2.08421872459129
4.578783037732398 2.0842433924561896
4.578659738796005 2.084268052243937
4.5785364802120965 2.0842927039609513
4.578413261943093 2.084317347614413
4.5782900839525205 2.0843419832130285
4.578166946203255 2.0843666107631864
4.578043848660676 2.084391230272033
4.577920791287417 2.0844158417467047
4.57779777404861 2.0844404451943266
4.577674796907343 2.0844650406220135
4.5775518598278016 2.0844896280384058
4.577428962774576 2.0845142074490606
4.577306105711257 2.0845387788618286
4.577183288601137 2.0845633422837815
4.577060511408264 2.084587897722748
4.576937774097779 2.0846124451842454
4.57681507663348 2.0846369846776143
4.576692418980613 2.084661516208351
4.576569801103427 2.084686039783475
4.576447222965523 2.084710555410762
4.576324684530555 2.084735063097976
4.57620218576467 2.0847595628505733
4.576079726631621 2.0847840546770624
4.575957307097305 2.084808538583646
4.575834927125926 2.084833014578045
4.57571258668174 2.0848574826672066
4.575590285730445 2.084881942857302
4.575468024234655 2.0849063951560223
4.57534580216191 2.084930839571046
4.575223619475272 2.0849552761085146
4.575101476140639 2.084979704776087
4.574979372122566 2.085004125579885
4.574857307387395 2.085028538527546
4.574735281899435 2.085052943625172
4.574613295623736 2.085077340879618
4.574491348526094 2.0851017302992525
4.574369440571659 2.085126111890148
4.574247571724935 2.0851504856591285
4.574125741951517 2.085174851613769
4.574003951217049 2.0851992097608743
4.5738821994886125 2.0852235601064764
4.57376048672952 2.0852479026581205
4.573638812906254 2.0852722374225805
4.573517177986039 2.0852965644066206
4.573395581931989 2.085320883616995
4.573274024710732 2.0853451950612074
4.5731525062896345 2.085369498745992
4.573031026634035 2.0853937946773136
4.572909585708627 2.085418082862646
4.572788183479536 2.085442363307935
4.572666819913282 2.0854666360206346
4.572545494976087 2.08549090100743
4.572424208634565 2.0855151582765123
4.572302960852957 2.085539407833031
4.572181751600047 2.085563649683642
4.5720605808398265 2.085587883835749
4.57193944853979 2.0856121102959877
4.571818354665751 2.0856363290702284
4.571697299184954 2.0856605401666015
4.571576282063304 2.085684743590958
4.571455303267102 2.085708939349895
4.571334362763731 2.085733127450758
4.571213460519239 2.085757307900124
4.571092596499721 2.0857814807045627
4.570971770672697 2.085805645869878
4.570850983004357 2.0858298034033753
4.570730233463001 2.0858539533115947
4.570609522014566 2.085878095601822
4.570488848625378 2.0859022302798245
4.57036821326181 2.085926357352114
4.570247615892003 2.0859504768259467
4.5701270564837975 2.0859745887078165
4.570006535002328 2.0859986930034533
4.569886051415526 2.086022789720085
4.569765605691713 2.0860468788649302
4.56964519779616 2.086070960444444
4.569524827696936 2.0860950344643197
4.569404495362496 2.086119100930995
4.569284200759624 2.0861431598516504
4.569163943854803 2.086167211232704
4.569043724616967 2.0861912550798127
4.568923543013034 2.086215291400881
4.568803399009625 2.086239320201548
4.568683292575463 2.0862633414881953
4.568563223677942 2.0862873552679466
4.568443192283818 2.0863113615464144
4.568323198361945 2.0863353603307035
4.568203241879169 2.0863593516271592
4.568083322803061 2.0863833354421173
4.567963441102953 2.086407311781905
4.567843596747189 2.0864312806528402
4.567723789702106 2.086455242061981
4.5676040199357955 2.0864791960148783
4.567484287418102 2.0865031425178233
4.567364592116521 2.0865270815785952
4.567244933998248 2.086551013202718
4.567125313031208 2.0865749373957074
4.56700572918371 2.086598854165315
4.566886182424789 2.0866227635170387
4.566766672723183 2.086646665457116
4.566647200046647 2.086670559992523
4.566527764364687 2.086694447128731
4.566408365643779 2.0867183268726985
4.56628900385488 2.086742199230627
4.56616967896387 2.08676606420871
4.566050390940767 2.0867899218131307
4.565931139753584 2.0868137720508115
4.565811925372081 2.0868376149271732
4.565692747764018 2.0868614504491187
4.565573606899579 2.0868852786220526
4.5654545027455855 2.08690909945286
4.565335435272988 2.0869329129476735
4.565216404448693 2.0869567191126155
4.565097410242372 2.0869805179538012
4.564978452624421 2.0870043094780804
4.564859531561531 2.087028093690062
4.564740647025202 2.0870518705973233
4.564621798982891 2.0870756402059443
4.564502987404139 2.087099402521996
4.564384212257846 2.087123157551541
4.564265473514316 2.0871469052998917
4.564146771141854 2.087170645774579
4.564028105111183 2.0871943789808984
4.563909475391031 2.0872181049256207
4.563790881949828 2.0872418236140238
4.56367232475842 2.0872655350521203
4.563553803785658 2.087289239246656
4.563435319000435 2.087312936203626
4.563316870373041 2.0873366259290167
4.563198457873128 2.087360308428807
4.563080081471067 2.087383983709707
4.562961741135574 2.087407651776938
4.562843436836423 2.0874313126364537
4.562725168544106 2.0874549662949393
4.562606936227462 2.087478612758331
4.5624887398577405 2.0875022520318183
4.562370579404536 2.0875258841228
4.5622524548364725 2.087549509036449
4.562134366125255 2.087573126778669
4.562016313239924 2.0875967373560935
4.561898296151589 2.0876203407738716
4.561780314829708 2.087643937038621
4.561662369244117 2.087667526155474
4.561544459365707 2.087691108131032
4.5614265851643925 2.087714682970412
4.56130874661148 2.087738250680935
4.561190943676288 2.0877618112677023
4.5610731763288515 2.0877853647372815
4.560955444540256 2.0878089110954945
4.560837748280951 2.0878324503466814
4.560720087522101 2.087855982498859
4.56060246223322 2.0878795075570884
4.560484872384877 2.0879030255264235
4.5603673179483515 2.087926536413382
4.560249798893614 2.0879500402244746
4.560132315192359 2.087973536964731
4.560014866814971 2.08799702663991
4.559897453733219 2.0880205092564963
4.559780075915212 2.0880439848194974
4.559662733334813 2.0880674533353827
4.559545425960881 2.0880909148098783
4.559428153766347 2.088114369248703
4.5593109167198085 2.088137816658302
4.559193714793938 2.088161257043643
4.559076547958756 2.088184690410422
4.558959416186335 2.088208116764326
4.558842319447444 2.088231536111768
4.558725257714232 2.088254948458419
4.558608230957207 2.0882783538099434
4.558491239146915 2.088301752171997
4.558374282255282 2.088325143550228
4.558257360253601 2.088348527950277
4.558140473113872 2.0883719053777776
4.558023620806792 2.0883952758390865
4.557906803303431 2.0884186393398205
4.557790020576236 2.0884419958848586
4.5576732725960145 2.088465345480534
4.557556559335289 2.088488688132442
4.557439880765278 2.0885120238468993
4.557323236857905 2.0885353526280244
4.557206627584463 2.0885586744821194
4.557090052916282 2.088581989415479
4.556973512826064 2.0886052974336593
4.556857007284879 2.08862859854148
4.5567405362655045 2.0886518927452116
4.55662409973908 2.088675180050388
4.556507697676786 2.088698460462536
4.556391330051842 2.0887217339871746
4.5562749968355 2.0887450006305435
4.556158698000717 2.0887682603974183
4.556042433518817 2.088791513294024
4.555926203362497 2.0888147593251207
4.555810007504154 2.088837998496919
4.555693845914554 2.088861230814893
4.555577718567168 2.0888844562837816
4.555461625435168 2.0889076749104993
4.555345566488094 2.088930886699771
4.55522954170019 2.0889540916570413
4.5551135510440695 2.0889772897884744
4.554997594491379 2.0890004810987737
4.55488167201447 2.089023665594089
4.554765783586395 2.0890468432798346
4.554649929180239 2.089070014161419
4.554534108767128 2.0890931782442435
4.554418322319887 2.089116335533701
4.554302569812374 2.0891394860351786
4.5541868512164845 2.0891626297540555
4.554071166504151 2.0891857666957034
4.553955515649669 2.089208896866212
4.553839898626037 2.0892320202709387
4.553724315403962 2.089255136915234
4.55360876595884 2.0892782468037163
4.5534932502614485 2.089301349943894
4.553377768285259 2.0893244463389244
4.553262320004438 2.0893475359955764
4.553146905391198 2.0893706189184416
4.5530315244177855 2.089393695112827
4.552916177058471 2.0894167645854798
4.55280086328557 2.089439827340247
4.552685583073089 2.089462883383138
4.552570336393743 2.0894859327194317
4.55245512321962 2.0895089753536786
4.552339943525161 2.089532011292588
4.552224797283183 2.0895550405414176
4.552109684467533 2.0895780631046974
4.551994605052419 2.0896010789883928
4.551879559009108 2.08962408819702
4.551764546311876 2.0896470907365305
4.551649566935034 2.0896700866121476
4.551534620851605 2.0896930758290875
4.551419708035964 2.08971605839184
4.551304828458887 2.0897390343070477
4.5511899820971315 2.0897620035791866
4.551075168923522 2.0897849662141654
4.550960388910918 2.0898079222164463
4.550845642033861 2.089830871591924
4.550730928265609 2.089853814345767
4.55061624757912 2.0898767504831364
4.550501599949036 2.0898996800091867
4.550386985350032 2.0899226029290663
4.550272403755496 2.0899455192486345
4.55015785513852 2.089968428972307
4.550043339473876 2.0899913321052117
4.549928856734723 2.0900142286531875
4.5498144068962265 2.090037118620631
4.54969998993194 2.090060002013366
4.5495856058164375 2.0900828788364945
4.549471254523007 2.0901057490951094
4.549356936025628 2.090128612794298
4.549242650298972 2.090151469939858
4.549128397316753 2.0901743205361463
4.549014177053707 2.0901971645889463
4.5488999894852595 2.090220002102603
4.548785834583906 2.0902428330821703
4.548671712325792 2.0902656575341267
4.5485576226834805 2.0902884754627977
4.5484435656318665 2.090311286873217
4.548329541146204 2.090334091770412
4.5482155492011245 2.0903568901594043
4.5481015897696455 2.090379682045923
4.5479876628271185 2.090402467434261
4.547873768349581 2.0904252463301347
4.547759906309165 2.0904480187378245
4.547646076682625 2.0904707846630326
4.547532279442814 2.0904935441114545
4.547418514566223 2.0905162970866384
4.547304782026094 2.0905390435949798
4.547191081797669 2.090561783640728
4.547077413856548 2.090584517228839
4.546963778177052 2.090607244364263
4.5468501747348435 2.090629965052655
4.546736603502995 2.0906526792989517
4.546623064458214 2.0906753871073716
4.546509557575273 2.0906980884842623
4.546396082827995 2.0907207834338295
4.546282640192522 2.0907434719609843
4.546169229643066 2.090766154071343
4.546055851155832 2.0907888297690924
4.545942504705093 2.090811499059125
4.5458291902667884 2.0908341619470376
4.545715907815906 2.090856818437709
4.545602657326486 2.090879468536013
4.545489438774885 2.0909021122461056
4.545376252137162 2.090924749573558
4.545263097387775 2.090947380523225
4.5451499745015385 2.0909700050999542
4.545036883454603 2.090992623309297
4.544923824221519 2.09101523515538
4.5448107967791485 2.0910378406437413
4.544697801103405 2.0910604397792043
4.544584837167625 2.0910830325665857
4.544471904949414 2.091105619009988
4.544359004422493 2.091128199114924
4.544246135563221 2.0911507728861927
4.54413329834799 2.091173340329294
4.5440204927515895 2.0911959014490136
4.543907718750793 2.091218456249424
4.543794976320776 2.0912410047353
4.54368226543642 2.0912635469121157
4.543569586074587 2.091286082784633
4.543456938211842 2.091308612357608
4.54334432182283 2.091331135635789
4.5432317368832 2.0913536526232144
4.5431191833696065 2.0913761633260335
4.543006661257107 2.091398667748272
4.5428941705227395 2.0914211658946553
4.542781711141945 2.091443657770608
4.54266928309117 2.0914661433808437
4.542556886346238 2.091488622729364
4.542444520883329 2.0915110958215757
4.54233218667865 2.091533562662879
4.542219883708763 2.0915560232565533
4.542107611949284 2.0915784776086914
4.541995371375534 2.0916009257232666
4.541883161966107 2.091623367605654
4.541770983695408 2.0916458032598158
4.541658836540468 2.091668232691115
4.541546720478019 2.091690655903502
4.541434635484174 2.091713072902328
4.54132258153443 2.091735483692235
4.541210558605926 2.091757888277859
4.541098566676159 2.091780286663831
4.5409866057194135 2.091802678854774
4.540874675714211 2.0918250648553083
4.540762776636837 2.09184744467145
4.540650908462955 2.0918698183064017
4.540539071169555 2.0918921857647645
4.5404272647330055 2.091914547051836
4.540315489130674 2.0919369021722054
4.540203744338663 2.0919592511311578
4.540092030334072 2.091981593931868
4.539980347093382 2.092003930580311
4.539868694594396 2.092026261080352
4.53975707281268 2.092048585437252
4.539645481726092 2.092070903654866
4.539533921310579 2.092093215737743
4.539422391544053 2.0921155216911265
4.539310892402517 2.0921378215195547
4.539199423863936 2.0921601152275593
4.53908798590437 2.0921824028196667
4.538976578500228 2.092204684300398
4.538865201630847 2.0922269596742677
4.538753855271079 2.092249228946485
4.538642539399027 2.0922714921208545
4.538531253992499 2.0922937492018745
4.538419999027718 2.092316000194736
4.538308774481258 2.092338245103926
4.5381975803310075 2.092360483933925
4.5380864165552035 2.09238271668921
4.537975283130502 2.09240494337425
4.537864180032941 2.09242716399351
4.537753107241161 2.0924493785521467
4.537642064732863 2.0924715870532187
4.5375310524851304 2.092493789503265
4.537420070474113 2.0925159859053344
4.5373091186785555 2.0925381762645605
4.537198197076587 2.092560360585374
4.537087305644758 2.0925825388715054
4.536976444360287 2.0926047111280703
4.536865613201063 2.0926268773594843
4.536754812145641 2.092649037570852
4.536644041170998 2.092671191765882
4.5365333002538195 2.0926933399489727
4.536422589372419 2.0927154821252123
4.536311908504176 2.092737618298988
4.536201257627456 2.0927597484739873
4.536090636720331 2.092781872655976
4.53598004576058 2.0928039908479366
4.535869484724723 2.092826103054929
4.535758953591233 2.0928482092820087
4.535648452337645 2.0928703095321417
4.535537980942482 2.0928924038103727
4.535427539384612 2.0929144921217393
4.53531712764101 2.0929365744705803
4.535206745688675 2.0929586508612292
4.5350963935068735 2.0929807212973213
4.534986071072337 2.093002785783873
4.534875778364064 2.093024844325201
4.534765515361076 2.093046896925619
4.534655282039224 2.093068943589433
4.53454507837886 2.093090984321637
4.534434904357486 2.093113019126528
4.534324759952308 2.0931350480077047
4.534214645142477 2.093157070969453
4.534104559906846 2.093179088017437
4.533994504221425 2.093201099154549
4.533884478066715 2.09322310438506
4.533774481420369 2.093245103713926
4.533664514260068 2.0932670971454064
4.533554576564795 2.0932890846844465
4.533444668313873 2.093311066334605
4.533334789484741 2.093333042100816
4.533224940055179 2.093355011986629
4.533115120004588 2.0933769759962773
4.533005329310481 2.093398934135369
4.532895567952308 2.093420886406749
4.532785835909224 2.0934428328153247
4.5326761331591365 2.093464773365309
4.53256645967966 2.0934867080609103
4.532456815450342 2.0935086369070204
4.532347200451073 2.093530559907148
4.532237614658906 2.0935524770661744
4.5321280580537815 2.093574388387599
4.532018530613755 2.0935962938756036
4.531909032316589 2.093618193534367
4.5317995631419805 2.093640087368749
4.53169012306933 2.093661975383604
4.531580712077111 2.0936838575817203
4.531471330144138 2.093705733968629
4.53136197724925 2.093727604547795
4.53125265337036 2.0937494693240524
4.5311433584869905 2.0937713283008565
4.531034092579323 2.093793181482345
4.530924855625025 2.0938150288726494
4.530815647604325 2.09383687047727
4.530706468494942 2.0938587062989558
4.530597318277151 2.093880536342511
4.530488196929035 2.093902360612047
4.530379104430602 2.093924179111671
4.530270040759983 2.093945991845486
4.5301610058972335 2.0939677988175887
4.5300519998208495 2.093989600032757
4.529943022510933 2.0940113954943933
4.529834073945712 2.094033185207265
4.5297251541053365 2.0940549691754495
4.529616262969347 2.0940767474030193
4.529507400516674 2.0940985198933584
4.529398566726274 2.0941202866518975
4.529289761577443 2.094142047682011
4.529180985049184 2.094163802987752
4.529072237121786 2.0941855525731685
4.528963517775249 2.094207296442305
4.528854826988329 2.0942290345998824
4.528746164739808 2.0942507670492523
4.528637531009755 2.0942724937951263
4.528528925778575 2.0942942148408457
4.528420349024806 2.094315930191795
4.528311800729215 2.094337639850624
4.52820328087007 2.094359343822025
4.528094789426609 2.0943810421106845
4.527986326380615 2.094402734719921
4.527877891709481 2.0944244216544115
4.527769485395034 2.094446102917465
4.527661107415029 2.0944677785137484
4.5275527577510255 2.094489448446562
4.527444436381138 2.0945111127205633
4.5273361432869725 2.094532771339724
4.52722787844732 2.094554424308011
4.527119641841625 2.0945760716287056
4.527011433450616 2.0945977133064466
4.526903253252839 2.0946193493465466
4.526795101229381 2.0946409797515932
4.526686977360722 2.09466260452553
4.5265788816264205 2.0946842236722962
4.526470814005431 2.0947058371958263
4.526362774478614 2.0947274451014075
4.526254763026226 2.094749047391607
4.526146779627917 2.094770644071023
4.526038824264615 2.0947922351442507
4.525930896915386 2.094813820613843
4.525822997561205 2.094835400485063
4.525715126181183 2.0948569747604564
4.525607282756651 2.094878543445954
4.5254994672667666 2.0949001065434145
4.5253916796922775 2.0949216640580817
4.525283920013013 2.094943215993838
4.525176188209766 2.094964762354563
4.525068484263664 2.0949863031434526
4.5249608081542885 2.095007838365054
4.524853159861244 2.095029368023909
4.52474553936541 2.0950508921232007
4.524637946648004 2.0950724106667855
4.524530381688382 2.0950939236585144
4.5244228444665495 2.0951154311029105
4.524315334964728 2.09513693300314
4.524207853161401 2.095158429363717
4.524100399039145 2.095179920188474
4.5239929725764885 2.095201405480565
4.523885573756051 2.0952228852451644
4.5237782025573425 2.095244359485417
4.523670858960523 2.095265828204463
4.523563542946712 2.0952872914067884
4.523456254495798 2.0953087490968745
4.523348993589257 2.0953302012778483
4.52324176020827 2.095351647954182
4.523134554332794 2.095373089128994
4.523027375944364 2.095394524806747
4.522920225022982 2.095415954990552
4.522813101548352 2.095437379684862
4.522706005503639 2.095458798893453
4.522598936867656 2.095480212620769
4.522491895622983 2.0955016208692294
4.522384881749726 2.0955230236439437
4.522277895228012 2.095544420948669
4.522170936039547 2.095565812786486
4.522064004164502 2.095587199161816
4.5219570995846246 2.0956085800777315
4.521850222281063 2.0956299555386457
4.52174337223436 2.095651325548294
4.5216365494263275 2.095672690109736
4.521529753837242 2.0956940492273715
4.521422985448644 2.0957154029049234
4.521316244240852 2.0957367511467817
4.52120953019576 2.0957580939559897
4.521102843293728 2.0957794313362568
4.520996183516381 2.0958007632919604
4.520889550844119 2.095822089826131
4.5207829452589205 2.0958434109431368
4.520676366742472 2.095864726646
4.520569815275548 2.09588603693975
4.520463290839875 2.095907341826731
4.52035679341596 2.0959286413112928
4.520250322985882 2.095949935397112
4.520143879530188 2.095971224088529
4.520037463030687 2.0959925073885426
4.5199310734679665 2.096013785301485
4.519824710824499 2.0960350578303455
4.519718375081843 2.0960563249794486
4.51961206622096 2.0960775867511066
4.519505784222519 2.0960988431509726
4.519399529068451 2.09612009418202
4.519293300741019 2.0961413398478865
4.519187099220644 2.0961625801522064
4.519080924489937 2.0961838150986085
4.51897477652967 2.096205044690719
4.518868655321875 2.0962262689321594
4.518762560847366 2.096247487827214
4.518656493088522 2.0962687013788286
4.518550452027436 2.0962899095912793
4.51844443764529 2.0963111124675033
4.518338449924216 2.096332310011769
4.518232488845127 2.0963535022276725
4.518126554390504 2.0963746891188064
4.5180206465412995 2.0963958706887587
4.517914765279725 2.0964170469411134
4.517808910587084 2.096438217879451
4.517703082445934 2.0964593835073475
4.517597280838236 2.0964805438290406
4.517491505745352 2.096501698848098
4.5173857571483556 2.096522848567418
4.517280035029884 2.09654399299056
4.517174339372286 2.096565132122411
4.517068670156692 2.0965862659651915
4.5169630273658 2.0966073945231143
4.5168574109820145 2.096628517800388
4.516751820986836 2.0966496357998867
4.516646257361476 2.096670748525147
4.516540720088398 2.096691855979699
4.516435209150703 2.096712958167071
4.516329724529354 2.0967340550914506
4.516224266207178 2.0967551467556933
4.5161188341654865 2.096776233163978
4.51601342838684 2.0967973143198164
4.515908048852893 2.0968183902260527
4.515802695546245 2.0968394608875167
4.515697368449823 2.0968605263070446
4.515592067545339 2.0968815864881325
4.515486792815142 2.0969026414342715
4.5153815442409835 2.09692369114895
4.515276321805558 2.0969447356363133
4.515171125490656 2.09696577489918
4.515065955279316 2.096986808941687
4.514960811152753 2.097007837767307
4.514855693094043 2.097028861378846
4.514750601086283 2.0970498797804296
4.514645535110743 2.09707089297618
4.5145404951508645 2.0970919009688918
4.514435481188262 2.097112903761356
4.514330493206108 2.097133901357683
4.514225531185748 2.097154893761317
4.514120595110085 2.0971758809763603
4.514015684962957 2.0971968630055886
4.513910800725769 2.097217839853756
4.5138059423799435 2.0972388115229705
4.513701109910603 2.0972597780173183
4.513596303299514 2.0972807393402206
4.513491522528156 2.0973016954944352
4.513386767579866 2.097322646484036
4.513282038436774 2.0973435923130928
4.513177335081948 2.097364532984352
4.513072657498778 2.097385468501216
4.512968005669145 2.0974063988670837
4.512863379576477 2.0974273240860084
4.512758779202384 2.0974482441607227
4.512654204530637 2.0974691590952723
4.512549655544413 2.0974900688923825
4.512445132225683 2.097510973556091
4.512340634556744 2.097531873089774
4.512236162522356 2.097552767497461
4.512131716103016 2.097573656781205
4.512027295283827 2.097594540945686
4.511922900045324 2.0976154199936072
4.511818530372338 2.0976362939283257
4.5117141862475805 2.0976571627531952
4.5116098676540854 2.0976780264722223
4.511505574573989 2.0976988850880964
4.511401306989751 2.097719738604816
4.511297064886292 2.09774058702572
4.511192848245801 2.0977614303541428
4.511088657050792 2.097782268592759
4.510984491284713 2.097803101746209
4.510880350931333 2.09782392981716
4.510776235972915 2.0978447528082764
4.510672146393263 2.097865570724186
4.510568082174676 2.097886383568201
4.510464043300995 2.097907191342976
4.510360029754248 2.0979279940518154
4.510256041519836 2.0979487916986765
4.510152078578908 2.097969584286857
4.510048140915072 2.0979903718196518
4.509944228512559 2.098011154300351
4.509840341355011 2.0980319317322413
4.509736479423651 2.0980527041186074
4.509632642703371 2.0980734714627287
4.5095288311769535 2.0980942337685353
4.509425044828411 2.098114991037992
4.509321283640257 2.0981357432756753
4.509217547596539 2.0981564904841976
4.509113836679805 2.0981772326668207
4.509010150874138 2.098197969827456
4.508906490163639 2.098218701970011
4.508802854530604 2.0982394290964312
4.508699243959471 2.0982601512106167
4.508595658432875 2.0982808683164644
4.508492097934985 2.0983015804165617
4.508388562448165 2.0983222875141454
4.508285051956924 2.098342989612449
4.508181566445178 2.0983636867147024
4.508078105895648 2.098384378824784
4.5079746702925885 2.098405065945264
4.5078712596190575 2.0984257480800137
4.5077678738590405 2.0984464252322486
4.507664512996843 2.0984670974051807
4.507561177015575 2.098487764602018
4.507457865897756 2.0985084268253154
4.507354579629258 2.0985290840789252
4.507251318192937 2.0985497363660457
4.507148081571972 2.098570383689871
4.507044869750164 2.098591026054243
4.506941682712237 2.0986116634623495
4.506838520441118 2.0986322959160737
4.506735382921263 2.098652923419897
4.506632270135631 2.0986735459769963
4.506529182068712 2.0986941635905456
4.5064261187050105 2.098714776263715
4.506323080027236 2.0987353839990215
4.506220066019019 2.0987559868009273
4.506117076665823 2.0987765846719433
4.506014111949499 2.098797177615226
4.505911171856147 2.0988177656339286
4.505808256368558 2.098838348731201
4.505705365471656 2.0988589269108378
4.505602499148568 2.0988795001753333
4.5054996573839485 2.098900068527827
4.505396840160958 2.0989206319721037
4.50529404746398 2.0989411905112956
4.505191279278021 2.0989617441485318
4.50508853558629 2.098982292886938
4.50498581637322 2.099002836729637
4.504883121622659 2.099023375679748
4.504780451318771 2.0990439097403866
4.504677805445435 2.0990644389146653
4.504575183986848 2.09908496320634
4.504472586928128 2.099105482618516
4.504370014252299 2.0991259971536493
4.50426746594451 2.099146506815485
4.504164941989626 2.0991670116064722
4.504062442370719 2.09918751153035
4.503959967072987 2.0992080065902075
4.503857516079837 2.0992284967891295
4.503755089375894 2.099248982129553
4.503652686945202 2.099269462615849
4.503550308772117 2.0992899382504464
4.503447954841917 2.099310409036418
4.503345625138089 2.0993308749768333
4.503243319645641 2.099351336075403
4.503141038348091 2.0993717923351896
4.5030387812304795 2.099392243758607
4.502936548277861 2.0994126903487116
4.502834339473804 2.099433132109845
4.502732154803392 2.0994535690437677
4.502629994250228 2.0994740011548143
4.502527857799427 2.099494428444739
4.502425745436123 2.0995148509178705
4.502323657144264 2.0995352685766
4.5022215929084135 2.0995556814239613
4.50211955271285 2.099576089462984
4.50201753654247 2.0995964926966946
4.501915544381284 2.0996168911287603
4.501813576214219 2.099637284762201
4.501711632026516 2.09965767359939
4.501609711803432 2.0996780576439846
4.501507815528742 2.0996984368989953
4.5014059431865325 2.099718811367429
4.501304094762109 2.0997391810522896
4.50120227024049 2.0997595459565783
4.501100469605811 2.0997799060832927
4.5009986928431225 2.0998002614360693
4.500896939938088 2.099820612016616
4.500795210874591 2.099840957829204
4.500693505638025 2.099861298876818
4.500591824212006 2.099881635161799
4.500490166582258 2.0999019666884076
4.500388532732727 2.0999222934583366
4.500286922650363 2.0999426154752
4.500185336317946 2.099962932741967
4.500083773721859 2.099983245260962
4.499982234846706 2.1000035530357897
4.499880719676209 2.1000238560694093
4.4997792281962 2.100044154365418
4.499677760391925 2.1000644479261283
4.499576316247452 2.100084736754491
4.499474895748655 2.1001050208540932
4.499373498880827 2.1001253002278792
4.499272125628379 2.10014557487815
4.499170775976634 2.100165844808483
4.499069449910035 2.100186110021813
4.498968147414529 2.1002063705210716
4.498866868475186 2.1002266263091873
4.49876561307679 2.1002468773890857
4.498664381204739 2.1002671237630506
4.498563172843251 2.1002873654352787
4.49846198797805 2.1003076024086864
4.498360826594877 2.100327834685548
4.498259688678293 2.1003480622687736
4.498158574214067 2.1003682851619088
4.4980574831861935 2.1003885033672196
4.497956415580769 2.1004087168882446
4.4978553713833085 2.100428925727882
4.497754350578745 2.100449129889026
4.497653353152326 2.100469329373932
4.497552379088717 2.100489524186763
4.497451428374085 2.100509714329767
4.497350500993722 2.1005298998058275
4.497249596932634 2.100550080617824
4.497148716176736 2.1005702567692697
4.4970478587116585 2.100590428262402
4.4969470245221554 2.100610595100728
4.496846213592699 2.1006307572864786
4.496745425910448 2.1006509148231554
4.4966446614599045 2.100671067712984
4.496543920226177 2.1006912159594586
4.496443202194984 2.100711359565435
4.49634250735265 2.1007314985337664
4.496241835684625 2.1007516328673024
4.496141187176077 2.100771762569525
4.496040561811593 2.100791887642642
4.495939959577259 2.1008120080894956
4.49583938045888 2.100832123913558
4.495738824442864 2.1008522351170296
4.495638291513563 2.100872341702742
4.495537781656229 2.1008924436735246
4.495437294858204 2.100912541032838
4.495336831102993 2.100932633783506
4.495236390377964 2.1009527219283477
4.495135972668132 2.100972805470181
4.495035577959413 2.1009928844124537
4.494935206237146 2.10101295875671
4.49483485748698 2.101033028507026
4.494734531695466 2.101053093665573
4.494634228847687 2.1010731542351544
4.494533948929336 2.101093210219203
4.494433691926116 2.101113261619883
4.494333457823747 2.101133308439988
4.4942332466085535 2.1011533506829427
4.49413305826569 2.1011733883515347
4.494032892781509 2.1011934214485493
4.493932750141194 2.101213449976769
4.493832630332011 2.101233473938974
4.493732533337989 2.1012534933379405
4.493632459146718 2.1012735081764427
4.4935324077434355 2.101293518457251
4.4934323791131 2.1013135241831344
4.493332373242161 2.1013335253574894
4.49323239011708 2.101353521982447
4.493132429724331 2.101373514061398
4.493032492048928 2.101393501596468
4.4929325770761945 2.101413484591043
4.492832684794121 2.1014334630478726
4.492732815187467 2.1014534369697055
4.4926329682415975 2.101473406358657
4.492533143943069 2.1014933712181
4.492433342278746 2.1015133315507746
4.492333563233445 2.1015332873594175
4.492233806794058 2.101553238647393
4.492134072946901 2.1015731854168025
4.492034361677715 2.1015931276710043
4.491934672972548 2.101613065412095
4.491835006818345 2.101632998642797
4.491735363200593 2.10165292736646
4.49163574210597 2.1016728515858016
4.491536143519401 2.1016927713029077
4.491436567427884 2.1017126865211186
4.491337013818138 2.1017325972431435
4.491237482675423 2.101752503471689
4.491137973986777 2.1017724052094584
4.4910384877371925 2.101792302459153
4.490939023913735 2.1018121952240985
4.490839582502895 2.101832083506362
4.490740163490293 2.1018519673086367
4.4906407668630335 2.1018718466342396
4.490541392607646 2.1018917214852304
4.490442040709499 2.101911591864921
4.490342711155734 2.1019314577759927
4.490243403931748 2.1019513192204973
4.490144119025882 2.101971176201738
4.490044856422092 2.101991028722388
4.489945616108745 2.1020108767851187
4.489846398071584 2.1020307203925976
4.489747202296068 2.10205055954749
4.48964802876914 2.1020703942530847
4.489548877477753 2.1020902245114157
4.489449748408873 2.1021100503251398
4.489350641548308 2.1021298716969117
4.489251556882756 2.1021496886300093
4.489152494398344 2.102169501127081
4.489053454081505 2.1021893091901482
4.4889544359198545 2.10220911282248
4.48885543989868 2.1022289120267175
4.488756466005331 2.102248706805499
4.488657514225412 2.102268497160835
4.488558584546008 2.102288283096609
4.488459676954212 2.1023080646148258
4.488360791435962 2.102327841718738
4.488261927979549 2.102347614409722
4.488163086569473 2.102367382691649
4.488064267193171 2.1023871465671387
4.487965469837512 2.1024069060388078
4.487866694489665 2.1024266611080225
4.4877679411353535 2.102446411778643
4.487669209762066 2.102466158053279
4.487570500355842 2.102485899934537
4.487471812903319 2.10250563742502
4.487373147392316 2.102525370526707
4.487274503808619 2.102545099243443
4.487175882139487 2.1025648235772008
4.4870772823721925 2.102584543530574
4.48697870449256 2.102604259106154
4.4868801484881775 2.102623970307151
4.486781614346063 2.1026436771355286
4.486683102052369 2.1026633795944925
4.4865846115932655 2.1026830776866228
4.486486142957264 2.1027027714138753
4.486387696130557 2.102722460779448
4.486289271100225 2.102742145785291
4.486190867852776 2.102761826434597
4.486092486375314 2.1027815027299335
4.485994126653792 2.1028011746738655
4.485895788677377 2.1028208422695767
4.485797472430589 2.1028405055183845
4.485699177902329 2.10286016442471
4.48560090507889 2.1028798189892446
4.48550265394745 2.102899469215783
4.485404424494327 2.1029191151062534
4.485306216707014 2.1029387566632036
4.485208030573308 2.1029583938897987
4.485109866078983 2.1029780267885805
4.48501172321215 2.1029976553614684
4.484913601959769 2.10301727961224
4.484815502308523 2.1030368995421895
4.484717424245687 2.103056515155089
4.484619367757679 2.103076126452228
4.484521332832088 2.103095733437373
4.484423319456519 2.1031153361124293
4.484325327617132 2.1031349344805372
4.484227357302136 2.1031545285435977
4.484129408498589 2.1031741183041275
4.48403148119298 2.10319370376526
4.483933575373261 2.103213284928888
4.483835691027109 2.1032328617981397
4.483737828140758 2.1032524343755226
4.483639986701907 2.103272002663541
4.483542166697106 2.1032915666646965
4.4834443681152365 2.103311126381489
4.483346590941424 2.1033306818157973
4.483248835164863 2.103350232971352
4.483151100772153 2.1033697798494093
4.483053387751062 2.103389322453695
4.482955696087925 2.1034088607860775
4.482858025770533 2.10342839484966
4.48276037678698 2.103447924646307
4.482662749123636 2.103467450179116
4.48256514276833 2.1034869714505633
4.482467557707452 2.1035064884625077
4.482369993930304 2.103526001218038
4.482272451422432 2.103545509719625
4.4821749301725795 2.1035650139697357
4.482077430167477 2.103584513970219
4.481979951395312 2.1036040097247706
4.481882493842547 2.1036235012358504
4.481785057497394 2.103642988504684
4.481687642347497 2.1036624715349594
4.481590248379645 2.103681950328513
4.481492875581793 2.103701424888412
4.481395523941909 2.103720895215873
4.481298193446818 2.1037403613151886
4.481200884084221 2.1037598231875716
4.481103595842409 2.1037792808354627
4.481006328708242 2.103798734262531
4.480909082669455 2.103818183470598
4.48081185771293 2.1038376284614824
4.4807146538281595 2.1038570692388454
4.480617471000605 2.103876505804501
4.480520309219781 2.103895938160262
4.480423168472325 2.1039153663097814
4.480326048746333 2.1039347902554812
4.480228950028468 2.103954209999167
4.480131872307422 2.1039736255432553
4.480034815571035 2.1039930368907758
4.479937779806004 2.104012444043527
4.479840765000769 2.1040318470045323
4.47974377114349 2.1040512457762004
4.4796467982211885 2.1040706403603227
4.4795498462220475 2.104090030759916
4.479452915133975 2.1041094169779946
4.479356004944026 2.1041287990157302
4.479259115640705 2.1041481768767447
4.479162247210802 2.1041675505628192
4.479065399642557 2.1041869200763457
4.478968572924509 2.1042062854197128
4.478871767044633 2.1042256465953075
4.4787749819900515 2.1042450036061267
4.478678217749336 2.1042643564545522
4.478581474309057 2.1042837051423526
4.478484751658097 2.104303049671905
4.478388049784484 2.104322390046808
4.478291368675112 2.104341726268823
4.478194708318895 2.1043610583397094
4.478098068703609 2.104380386262447
4.4780014498167535 2.1043997100394014
4.477904851646701 2.1044190296729366
4.477808274181549 2.104438345166025
4.477711717409117 2.104457656520415
4.477615181317238 2.1044769637384633
4.477518665894613 2.1044962668231353
4.477422171128237 2.1045155657761727
4.477325697007121 2.104534860599926
4.47722924351914 2.104554151297353
4.477132810651608 2.1045734378707994
4.477036398393281 2.104592720322608
4.476940006731495 2.10461199865512
4.476843635654743 2.1046312728706744
4.476747285150954 2.104650542971607
4.476650955209215 2.104669808960253
4.476554645816619 2.1046890708389436
4.476458356962275 2.104708328610009
4.476362088632723 2.1047275822757765
4.476265840817095 2.104746831838572
4.476169613503671 2.1047660773013264
4.476073406681029 2.1047853186657526
4.4759772203369 2.1048045559347774
4.475881054458168 2.1048237891107173
4.475784909035159 2.104843018195278
4.47568878405535 2.1048622431907713
4.475592679506802 2.1048814641007234
4.475496595377583 2.1049006809262254
4.475400531656063 2.1049198936707985
4.475304488331189 2.1049391023361377
4.475208465390208 2.1049583069245443
4.475112462821802 2.1049775074383166
4.47501648061467 2.1049967038797512
4.474920518756372 2.1050158962517496
4.474824577235911 2.1050350845559964
4.474728656041729 2.1050542687947815
4.474632755161706 2.105073448970393
4.474536874584304 2.1050926250857227
4.474441014296855 2.105111797143054
4.474345174289839 2.1051309651446686
4.474249354550609 2.1051501290922383
4.474153555066813 2.1051692889892526
4.4740577758275375 2.1051884448367737
4.473962016821306 2.10520759663768
4.473866278037225 2.1052267443942427
4.4737705594627 2.1052458881093346
4.473674861086573 2.105265027784616
4.473579182897979 2.105284163422351
4.473483524884642 2.105303295024801
4.473387887035148 2.1053224225948313
4.473292269337241 2.1053415461346985
4.473196671779815 2.1053606656460526
4.473101094352057 2.1053797811317523
4.473005537042879 2.1053988925940477
4.472909999839784 2.1054180000345832
4.472814482731989 2.10543710345621
4.472718985707016 2.105456202861173
4.472623508754103 2.1054752982517138
4.472528051861931 2.105494389630073
4.472432615019758 2.1055134769984885
4.472337198215432 2.1055325603591966
4.4722418014379475 2.105551639715035
4.4721464246748885 2.1055707150676315
4.4720510679155545 2.1055897864192157
4.471955731148971 2.105608853772619
4.471860414364174 2.105627917129463
4.471765117549355 2.105646976492575
4.471669840693003 2.105666031863572
4.471574583783046 2.105685083245277
4.471479346808845 2.105704130639907
4.47138412975977 2.1057231740496767
4.471288932624631 2.1057422134767987
4.4711937553914 2.105761248923484
4.471098598049475 2.105780280392543
4.471003460586281 2.1057993078849786
4.470908342991519 2.1058183314041994
4.470813245254053 2.1058373509518056
4.470718167361903 2.1058563665299976
4.470623109305651 2.105875378141576
4.470528071071923 2.1058943857881345
4.4704330526513205 2.1059133894724695
4.470338054031905 2.105932389196171
4.470243075202598 2.105951384962031
4.470148116151764 2.105970376772237
4.470053176869761 2.1059893646289756
4.469958257343557 2.106008348533829
4.469863357563248 2.106027328490181
4.469768477517519 2.1060463044996105
4.4696736171950695 2.106065276564295
4.469578776584323 2.1060842446864108
4.469483955674565 2.1061032088687317
4.469389154455369 2.1061221691128287
4.469294372916039 2.1061411254208715
4.46919961104419 2.106160077795028
4.469104868829711 2.1061790262380633
4.469010146260519 2.1061979707515412
4.46891544332624 2.106216911338223
4.468820760015941 2.106235848000268
4.4687260963192665 2.1062547807392344
4.468631452224457 2.106273709557877
4.468536827720893 2.1062926344589488
4.468442222796834 2.1063115554434018
4.468347637442808 2.106330472514584
4.468253071647097 2.1063493856740445
4.468158525397989 2.1063682949239277
4.468063998684912 2.1063872002663775
4.4679694914975885 2.106406101704134
4.467875003825181 2.106424999238737
4.467780535656019 2.1064438928723255
4.467686086980133 2.1064627826070343
4.467591657785307 2.106481668445595
4.467497248062154 2.106500550390139
4.4674028577996046 2.1065194284427955
4.467308486985754 2.1065383026056925
4.467214135611244 2.1065571728809553
4.467119803664189 2.10657603927011
4.467025491133557 2.106594901775875
4.46693119800861 2.1066137604003705
4.4668369242788994 2.1066326151463115
4.466742669934267 2.106651466015216
4.466648434962876 2.106670313009795
4.466554219354586 2.106689156130966
4.466460023098989 2.1067079953820333
4.466365846184274 2.106726830765104
4.466271688600613 2.1067456622816874
4.466177550337341 2.1067644899338878
4.466083431384366 2.106783313724404
4.465989331729917 2.1068021336553353
4.465895251362514 2.10682094972878
4.4658011902732175 2.1068397619462385
4.465707148450286 2.1068585703109965
4.465613125883673 2.106877374824551
4.465519122561935 2.1068961754889917
4.465425138474485 2.106914972306407
4.465331173611303 2.1069337652788844
4.4652372279609756 2.1069525544091032
4.465143301514625 2.1069713396979557
4.465049394259734 2.106990121148713
4.464955506187162 2.107008898763454
4.464861637285253 2.1070276725436603
4.464767787544043 2.107046442492002
4.464673956951892 2.1070652086099577
4.46458014550026 2.107083970900193
4.464486353177244 2.1071027293647773
4.464392579972077 2.107121484005778
4.464298825874279 2.1071402348252604
4.464205090873941 2.1071589818252883
4.464111374960882 2.1071777250079236
4.464017678123529 2.107196464375226
4.463924000352 2.1072151999298465
4.46383034163642 2.1072339316732482
4.463736701964965 2.1072526596080787
4.46364308132806 2.107271383735797
4.463549479715297 2.107290104058453
4.463455897115439 2.1073088205786887
4.463362333518658 2.107327533297958
4.463268788914853 2.1073462422188984
4.463175263292534 2.10736494734296
4.4630817566433 2.1073836486733692
4.462988268954558 2.1074023462109803
4.462894800217365 2.107421039958423
4.462801350420825 2.1074397299177323
4.462707919554892 2.107458416090943
4.462614507608131 2.1074770984806777
4.462521114570794 2.1074957770883747
4.462427740432862 2.1075144519154705
4.462334385184602 2.1075331229651746
4.462241048814615 2.1075517902395116
4.4621477313131885 2.1075704537399123
4.462054432670338 2.1075891134683973
4.461961152874691 2.107607769427577
4.461867891916561 2.107626421619468
4.46177464978599 2.107645070045495
4.461681426471911 2.107663714708262
4.461588221964664 2.1076823556097803
4.461495036254318 2.1077009927514694
4.461401869329554 2.107719626136518
4.461308721180457 2.1077382557663418
4.461215591797682 2.1077568816429446
4.461122481169936 2.107775503768329
4.4610293892887265 2.107794122145086
4.460936316141663 2.1078127367746244
4.460843261720271 2.1078313476589408
4.460750226013572 2.10784995480062
4.460657209011713 2.107868558201066
4.46056421070485 2.1078871578622707
4.460471231082031 2.1079057537868127
4.460378270133708 2.107924345976091
4.460285327848948 2.1079429344332703
4.460192404218777 2.1079615191597454
4.460099499232557 2.10798010015691
4.460006612879382 2.1079986774273336
4.459913745150859 2.108017250972996
4.459820896035819 2.1080358207964625
4.459728065524776 2.108054386898531
4.459635253606855 2.1080729492823527
4.459542460272307 2.1080915079493106
4.459449685511391 2.108110062901375
4.459356929313261 2.1081286141405147
4.459264191670137 2.1081471616692835
4.4591714725686895 2.1081657054896468
4.459078772001434 2.108184245603567
4.458986089957282 2.1082027820124174
4.458893426426542 2.1082213147187456
4.458800781399808 2.1082398437245096
4.458708154866018 2.1082583690310774
4.458615546815785 2.1082768906409908
4.458522957239727 2.108295408556202
4.458430386126531 2.1083139227786614
4.45833783346711 2.1083324333103186
4.458245299251833 2.108350940153121
4.458152783471076 2.1083694433096
4.458060286114112 2.1083879427811127
4.457967807171334 2.1084064385696015
4.4578753466320356 2.1084249306770064
4.457782904486902 2.1084434191058525
4.4576904807263515 2.108461903858076
4.457598075340809 2.108480384935612
4.457505688319602 2.108498862339808
4.4574133196531704 2.1085173360731813
4.457320969332244 2.108535806137076
4.457228637346173 2.108554272534006
4.457136323685147 2.1085727352658976
4.4570440283401975 2.1085911943346756
4.456951751301806 2.1086096497422626
4.45685949255908 2.1086281014905803
4.456767252102798 2.108646549582133
4.456675029922361 2.108664994018253
4.456582826008285 2.108683434800857
4.456490640351094 2.1087018719324444
4.456398472941876 2.108720305414927
4.45630632376951 2.1087387352496316
4.456214192824824 2.1087571614378833
4.456122080098373 2.1087755839833426
4.456029985579894 2.108794002887331
4.455937909259961 2.1088124181511687
4.455845851128879 2.108830829777342
4.45575381117779 2.1088492377677523
4.4556617893959105 2.1088676421237142
4.455569785774122 2.1088860428477094
4.455477800301658 2.1089044399416332
4.455385832970521 2.1089228334079637
4.455293883770512 2.1089412232485927
4.455201952691166 2.1089596094642444
4.455110039723956 2.1089779920579743
4.455018144858708 2.108996371031087
4.45492626808498 2.109014746386051
4.454834409394548 2.109033118124167
4.4547425687772595 2.109051486247318
4.454650746223802 2.1090698507585492
4.454558941723765 2.109088211658575
4.454467155267577 2.109106568949855
4.454375386846497 2.109124922634265
4.454283636451244 2.109143272713097
4.454191904071441 2.1091616191888054
4.4541001896978205 2.109179962063261
4.454008493321125 2.109198301338915
4.4539168149312784 2.1092166370164707
4.4538251545204135 2.109234969098376
4.453733512076542 2.1092532975870766
4.453641887592089 2.1092716224838535
4.453550281056733 2.1092899437911488
4.453458692461265 2.1093082615102405
4.453367121796479 2.1093265756429864
4.45327556905208 2.109344886191823
4.453184034219155 2.109363193158605
4.453092517288524 2.1093814965451854
4.453001018249914 2.1093997963528337
4.452909537094162 2.1094180925839803
4.452818073812385 2.1094363852404734
4.4527266283940605 2.1094546743241587
4.452635200831421 2.109472959836881
4.452543791113408 2.109491241779903
4.452452399231722 2.109509520156226
4.452361025176421 2.1095277949671103
4.452269668938394 2.1095460662143934
4.452178330508813 2.109564333900492
4.452087009877485 2.109582598026661
4.451995707036146 2.1096008585953134
4.451904421973795 2.1096191156077015
4.451813154682459 2.109637369065655
4.4517219051525245 2.109655618971582
4.451630673374385 2.1096738653273093
4.451539459339268 2.109692108134083
4.451448263037034 2.1097103473948846
4.451357084458923 2.1097285831103787
4.451265923596185 2.1097468152829646
4.451174780438154 2.109765043914461
4.45108365497637 2.1097832690072638
4.450992547201828 2.10980149056261
4.450901457105534 2.109819708582314
4.4508103846774025 2.10983792306761
4.450719329908454 2.1098561340214657
4.450628292788893 2.109874341445112
4.450537273311124 2.1098925453409354
4.450446271464819 2.1099107457101636
4.450355287241303 2.109928942555179
4.450264320630537 2.1099471358772073
4.450173371623312 2.1099653256786275
4.450082440211248 2.10998351196124
4.449991526385425 2.110001694726265
4.449900630135835 2.1100198739760776
4.449809751453572 2.1100380497124727
4.4497188903297396 2.110056221937244
4.449628046754899 2.11007439065276
4.449537220719895 2.110092555859658
4.449446412215578 2.1101107175603047
4.449355621232534 2.110128875757063
4.4492648477629935 2.110147030451143
4.449174091797011 2.1101651816443288
4.449083353324921 2.110183329338404
4.448992632339252 2.1102014735357253
4.448901928829531 2.1102196142380727
4.448811242786117 2.1102377514466486
4.448720574201558 2.1102558851638054
4.448629923065954 2.110274015390743
4.448539289370775 2.11029214212981
4.448448673105589 2.110310265382779
4.44835807426352 2.110328385150845
4.448267492834423 2.110346501436928
4.448176928808434 2.1103646142422194
4.448086382178153 2.1103827235684864
4.4479958529337305 2.1104008294174927
4.4479053410664156 2.1104189317910014
4.447814846566647 2.110437030690774
4.44772436942678 2.1104551261191453
4.447633909636994 2.1104732180772987
4.44754346718775 2.1104913065675657
4.447453042071152 2.1105093915911275
4.4473626342779475 2.1105274731503116
4.447272243798074 2.110545551246297
4.447181870623929 2.1105636258808342
4.44709151474601 2.1105816970568205
4.4470011761559105 2.110599764774856
4.446910854844687 2.110617829037261
4.44682055080286 2.1106358898452067
4.446730264022044 2.1106539472010097
4.446639994493317 2.1106720011069857
4.446549742207221 2.1106900515637284
4.446459507156481 2.1107080985741224
4.446369289329748 2.110726142139333
4.446279088720305 2.110744182261095
4.446188905318179 2.1107622189411437
4.446098739114762 2.1107802521817844
4.446008590101727 2.110798281984176
4.445918458270482 2.110816308350621
4.445828343611352 2.110834331282275
4.445738246116032 2.110852350781438
4.445648165774863 2.110870366849835
4.445558102579553 2.1108883794891904
4.445468056521273 2.1109063887006543
4.445378027591744 2.1109243944865197
4.445288015782694 2.1109423968485066
4.44519802108423 2.110960395788333
4.445108043488093 2.110978391307716
4.445018082984948 2.11099638340837
4.444928139565736 2.1110143720925807
4.444838213222763 2.111032357360918
4.444748303947257 2.1110503392162348
4.444658411730995 2.111068317659669
4.444568536564132 2.1110862926929297
4.444478678438732 2.1111042643177225
4.444388837344965 2.1111222325363235
4.444299013274636 2.1111401973498656
4.444209206219556 2.1111581587606216
4.444119416171002 2.1111761167702925
4.444029643120799 2.111194071380577
4.443939887059424 2.1112120225926025
4.443850147978717 2.111229970408636
4.4437604258691685 2.111247914830372
4.443670720722361 2.1112658558600743
4.443581032529883 2.111283793498865
4.443491361283601 2.1113017277478647
4.443401706975388 2.1113196586093324
4.4433120695957715 2.1113375860855252
4.443222449136096 2.1113555101775603
4.443132845587444 2.1113734308871224
4.443043258942526 2.111391348215895
4.442953689191628 2.1114092621655605
4.442864136325582 2.1114271727389373
4.44277460033739 2.111445079935998
4.442685081217626 2.1114629837601266
4.442595578957956 2.1114808842124306
4.442506093549238 2.111498781294585
4.442416624984502 2.111516675007695
4.44232717325408 2.1115345653540007
4.442237738348314 2.111552452335173
4.44214832026106 2.111570335952881
4.442058918982403 2.111588216208793
4.441969534504325 2.1116060931040073
4.441880166818812 2.111623966641325
4.4417908159162405 2.1116418368218417
4.441701481788611 2.11165970364722
4.44161216442793 2.111677567119688
4.441522863824595 2.111695427240338
4.441433579971704 2.111713284011395
4.44134431285886 2.1117311374339485
4.441255062478904 2.111748987510221
4.441165828823877 2.1117668342413
4.441076611885019 2.1117846776288367
4.440987411652496 2.1118025176750503
4.440898228119447 2.11182035438159
4.440809061276862 2.111838187749538
4.4407199111165445 2.111856017781674
4.4406307776303064 2.111873844479077
4.440541660808887 2.111891667842825
4.4404525606449194 2.1119094878756934
4.440363477129426 2.1119273045787574
4.440274410254783 2.111945117953657
4.440185360011757 2.111962928002031
4.440096326392199 2.1119807347255164
4.4400073093882355 2.1119985381263158
4.439918308990653 2.1120163382054975
4.439829325192667 2.1120341349652603
4.439740357983734 2.1120519284066708
4.439651407357619 2.1120697185319246
4.4395624733043295 2.112087505342651
4.439473555816569 2.1121052888404774
4.43938465488624 2.1121230690264654
4.439295770505251 2.112140845902805
4.439206902664444 2.1121586194711197
4.439118051355741 2.1121763897330323
4.4390292165716065 2.1121941566901636
4.438940398302634 2.1122119203435683
4.438851596540765 2.112229680695994
4.438762811278215 2.1122474377484934
4.438674042507476 2.112265191502682
4.438585290218899 2.112282941960738
4.4384965544049875 2.11230068912371
4.438407835057447 2.11231843299321
4.438319132167452 2.112336173570848
4.4382304457272586 2.112353910858797
4.438141775728859 2.1123716448581007
4.438053122164253 2.1123893755709293
4.437964485024105 2.1124071029988873
4.437875864301501 2.112424827143015
4.437787259987921 2.112442548005477
4.43769867207566 2.1124602655878757
4.437610100555944 2.1124779798918096
4.437521545420543 2.1124956909194403
4.437433006661768 2.1125133986712386
4.437344484270599 2.112531103149363
4.437255978239359 2.112548804355408
4.437167488560112 2.112566502291529
4.437079015225195 2.1125841969581924
4.436990558225344 2.1126018883581135
4.436902117553176 2.1126195764928815
4.43681369320078 2.112637261362959
4.43672528515918 2.1126549429716195
4.436636893422081 2.1126726213193234
4.436548517979985 2.1126902964082164
4.436460158824203 2.1127079682393193
4.436371815948458 2.112725636814213
4.43628348934354 2.112743302135601
4.43619517900158 2.1127609642045
4.4361068849141825 2.1127786230219257
4.436018607074292 2.1127962785900154
4.435930345473258 2.112813930910344
4.435842100102168 2.1128315799844843
4.435753870954523 2.112849225814009
4.435665658021421 2.1128668684004883
4.435577461295038 2.1128845077454916
4.435489280767823 2.1129021438511484
4.435401116430895 2.1129197767184644
4.4353129682767145 2.1129374063495656
4.435224836297483 2.112955032745456
4.435136720485672 2.1129726559076984
4.435048620832695 2.112990275838415
4.434960537330501 2.1130078925391667
4.434872469971584 2.1130255060109513
4.434784418748173 2.113043116255888
4.434696383651705 2.1130607232749723
4.434608364674422 2.11307832707032
4.434520361808842 2.113095927643485
4.434432375046151 2.1131135249965802
4.434344404378611 2.113131119130037
4.4342564497984895 2.113148710045966
4.434168511298593 2.1131662977464747
4.434080588870136 2.113183882231992
4.433992682505135 2.1132014635051837
4.433904792196417 2.113219041567035
4.433816917936278 2.1132366164196497
4.4337290597162236 2.1132541880634514
4.433641217528562 2.1132717565005414
4.43355339136561 2.113289321733018
4.43346558121889 2.1133068837624203
4.43337778708073 2.113324442589727
4.433290008943463 2.113341998217033
4.433202246799963 2.1133595506458733
4.433114500641244 2.113377099877782
4.433026770459923 2.1133946459137327
4.432939056248359 2.1134121887558157
4.432851357999181 2.1134297284061185
4.432763675703694 2.113447264865054
4.432676009354541 2.113464798135266
4.432588358943836 2.113482328217722
4.4325007244647665 2.1134998551139486
4.432413105908129 2.113517378824911
4.4323255032668545 2.113534899353247
4.432237916533083 2.1135524166999207
4.432150345698694 2.1135699308670097
4.432062790755839 2.113587441855475
4.431975251697207 2.1136049496673923
4.431887728515492 2.1136224543037203
4.431800221202066 2.1136399557659744
4.431712729749637 2.1136574540567823
4.43162525415065 2.1136749491759868
4.431537794397558 2.113692441126769
4.431450350482023 2.1137099299100823
4.4313629223965085 2.11372741552688
4.431275510133751 2.1137448979792257
4.4311881136862254 2.1137623772686265
4.431100733045618 2.1137798533965872
4.4310133682044155 2.1137973263646126
4.430926019155377 2.1138147961747613
4.430838685889942 2.1138322628279793
4.430751368400879 2.1138497263257667
4.4306640666806985 2.113867186670179
4.430576780721653 2.1138846438621584
4.430489510516 2.113902097903202
4.430402256056002 2.1139195487953604
4.430315017334194 2.1139369965401285
4.430227794343644 2.113954441137889
4.430140587075574 2.1139718825912444
4.430053395523064 2.113989320901686
4.429966219678672 2.1140067560707023
4.429879059534695 2.114024188099228
4.429791915083173 2.114041616989859
4.4297047863166785 2.1140590427429724
4.429617673228058 2.1140764653606077
4.429530575808572 2.1140938848442485
4.429443494052401 2.114111301195378
4.429356427951083 2.114128714415476
4.429269377496163 2.1141461245065782
4.429182342681571 2.1141635314690546
4.429095323499129 2.114180935305491
4.429008319941191 2.11419833601681
4.428921332000913 2.114215733604487
4.428834359669603 2.1142331280705497
4.428747402940426 2.1142505194164714
4.4286604618057615 2.11426790764317
4.428573536258521 2.1142852927526694
4.428486626290566 2.114302674745886
4.428399731894556 2.1143200536248417
4.42831285306342 2.1143374293910027
4.428225989789828 2.1143548020458356
4.428139142065665 2.1143721715902517
4.428052309883348 2.1143895380262676
4.427965493236093 2.1144069013558986
4.427878692115273 2.114424261580053
4.427791906515434 2.1144416187001904
4.427705136427698 2.1144589727183227
4.427618381845301 2.114476323635355
4.427531642759904 2.1144936714521916
4.427444919164228 2.1145110161713925
4.427358211050999 2.1145283577938594
4.427271518413476 2.1145456963215974
4.427184841243343 2.1145630317555066
4.427098179534661 2.114580364097038
4.427011533279124 2.1145976933481925
4.426924902468169 2.1146150195104187
4.4268382870964 2.1146323425846125
4.426751687155265 2.1146496625727713
4.426665102637798 2.11466697947634
4.4265785335357215 2.114684293296763
4.426491979843134 2.114701604035482
4.426405441552034 2.1147189116933873
4.42631891865495 2.1147362162730223
4.42623241114389 2.1147535177752745
4.426145919013238 2.1147708162015824
4.426059442254487 2.1147881115533824
4.42597298086045 2.114805403832111
4.425886534823424 2.114822693039753
4.425800104137284 2.1148399791771912
4.42571368879381 2.1148572622458586
4.425627288784788 2.1148745422471857
4.4255409041046345 2.1148918191831534
4.425454534744884 2.1149090930551906
4.425368180698652 2.114926363864175
4.42528184195906 2.114943631612083
4.4251955185189695 2.1149608962997903
4.425109210370462 2.114978157929821
4.425022917506676 2.114995416502499
4.42493663992049 2.1150126720197964
4.424850377603738 2.115029924483134
4.424764130549311 2.1150471738939314
4.424677898750367 2.1150644202536077
4.424591682200071 2.115081663563581
4.424505480891591 2.115098903825267
4.424419294816789 2.115116141040631
4.424333123968845 2.115133375209989
4.424246968340681 2.1151506063358516
4.424160827924176 2.1151678344190827
4.424074702712526 2.1151850594616417
4.423988592698668 2.11520228146439
4.423902497875548 2.1152195004292844
4.423816418235327 2.1152367163571846
4.423730353771484 2.1152539292500454
4.42364430447698 2.115271139108724
4.423558270344779 2.1152883459351726
4.423472251366804 2.1153055497307944
4.423386247537341 2.115322750496992
4.423300258847274 2.115339948234618
4.423214285291161 2.1153571429456206
4.423128326861732 2.1153743346313982
4.423042383551198 2.115391523293896
4.422956455352822 2.115408708933963
4.422870542258566 2.115425891552995
4.422784644262749 2.1154430711518395
4.422698761357605 2.1154602477329836
4.422612893535895 2.1154774212972725
4.422527040789863 2.1154945918466446
4.422441203113849 2.115511759381943
4.422355380500108 2.115528923905103
4.422269572941422 2.115546085416419
4.422183780430317 2.1155632439189183
4.422098002960893 2.115580399412893
4.422012240525163 2.1155975519002745
4.421926493115147 2.115614701382446
4.421840760725483 2.1156318478602434
4.421755043348201 2.1156489913355947
4.421669340977687 2.115666131809334
4.4215836536049355 2.1156832692839327
4.421497981224344 2.1157004037596767
4.421412323827964 2.115717535238489
4.421326681409155 2.115734663722292
4.421241053961026 2.115751789211914
4.421155441476686 2.1157689117087286
4.42106984394873 2.115786031214655
4.420984261370017 2.115803147729973
4.420898693734458 2.115820261257144
4.420813141034661 2.115837371796993
4.420727603263242 2.1158544793514333
4.420642080413343 2.115871583921287
4.420556572478109 2.1158886855084655
4.4204710794512145 2.115905784113789
4.420385601324513 2.1159228797391667
4.420300138091427 2.1159399723859615
4.420214689745385 2.1159570620549912
4.420129256278776 2.1159741487481614
4.420043837685821 2.1159912324673757
4.419958433958659 2.1160083132129053
4.419873045090738 2.1160253909866515
4.419787671074209 2.1160424657899712
4.419702311903571 2.1160595376242206
4.419616967571247 2.116076606490754
4.4195316380694 2.1160936723909254
4.419446323392287 2.116110735326087
4.419361023532343 2.116127795298134
4.419275738484353 2.1161448523078734
4.419190468239201 2.116161906357198
4.419105212791162 2.116178957446913
4.419019972132952 2.1161960055783653
4.418934746257815 2.1162130507534447
4.418849535158738 2.1162300929729536
4.418764338829752 2.116247132238779
4.418679157263337 2.116264168551721
4.4185939904522336 2.116281201913665
4.41850883839023 2.116298232325952
4.418423701070859 2.1163152597899213
4.418338578486617 2.116332284306913
4.418253470630268 2.1163493058782645
4.418168377495878 2.1163663245047704
4.418083299076479 2.116383340188851
4.41799823536459 2.116400352930757
4.417913186353772 2.116417362732907
4.417828152037332 2.116434369596091
4.417743132408842 2.1164513735216413
4.417658127460579 2.11646837451143
4.4175731371861255 2.116485372566246
4.417488161578808 2.1165023676874166
4.417403200632477 2.1165193598768126
4.417318254339431 2.116536349135218
4.417233322694049 2.1165533354645008
4.417148405687601 2.116570318865985
4.417063503314996 2.116587299340453
4.4169786155695885 2.1166042768897686
4.416893742443962 2.1166212515147125
4.416808883931482 2.116638223217146
4.416724040024741 2.1166551919983894
4.416639210718151 2.1166721578597603
4.416554396004316 2.116689120802577
4.416469595876619 2.116706080828155
4.416384810328711 2.1167230379378106
4.416300039352949 2.116739992132858
4.416215282943251 2.116756943414611
4.416130541093022 2.1167738917843817
4.4160458137956695 2.116790837244022
4.415961101044868 2.116807779794302
4.415876402833 2.1168247194370715
4.415791719154006 2.1168416561730985
4.415707050001056 2.116858590003691
4.415622395366807 2.116875520930695
4.415537755244955 2.116892448954876
4.415453129628944 2.1169093740780784
4.41536851851248 2.116926296301606
4.415283921889273 2.116943215626221
4.415199339751487 2.1169601320537645
4.4151147720931005 2.1169770455855375
4.415030218907839 2.1169939562222995
4.41494568018814 2.1170108639658887
4.414861155928771 2.1170277688181414
4.41477664612218 2.117044670779815
4.414692150761851 2.1170615698516664
4.4146076698405 2.1170784660355286
4.414523203353172 2.1170953593332342
4.414438751292074 2.1171122497455372
4.41435431365097 2.1171291372737286
4.414269890422336 2.117146021919638
4.414185481600975 2.117162903683478
4.414101087179632 2.1171797825681518
4.41401670715183 2.117196658573871
4.413932341510322 2.117213531701922
4.413847990249932 2.117230401954129
4.413763653363165 2.117247269331238
4.413679330843819 2.1172641338350715
4.4135950226856995 2.1172809954669116
4.413510728881068 2.11729785422804
4.413426449423996 2.1173147101197376
4.4133421843080445 2.1173315631427467
4.413257933526777 2.117348413298884
4.413173697073249 2.1173652605894264
4.413089474942324 2.117382105015652
4.413005267126291 2.117398946579373
4.412921073617704 2.117415785280791
4.412836894411696 2.1174326211217163
4.412752729501088 2.1174494541034226
4.412668578879477 2.117466284227718
4.4125844425404654 2.117483111495338
4.412500320478174 2.1174999359075515
4.412416212684928 2.117516757466165
4.412332119154857 2.117533576172447
4.4122480398815815 2.1175503920265912
4.412163974858984 2.1175672050314733
4.4120799240796655 2.1175840151878225
4.4119958875375165 2.1176008224963665
4.4119118652264335 2.117617626958905
4.411827857140059 2.1176344285767006
4.411743863271013 2.117651227350479
4.411659883613462 2.1176680232820364
4.411575918160805 2.1176848163726327
4.411491966907219 2.117701606622991
4.411408029845341 2.11771839403544
4.41132410696987 2.117735178610701
4.411240198273966 2.11775196035003
4.411156303750283 2.117768739254682
4.4110724233937875 2.1177855153259104
4.4109885571971414 2.1178022885649685
4.410904705154295 2.1178190589731085
4.410820867258947 2.117835826552117
4.410737043505054 2.117852591302708
4.4106532338855535 2.117869353226667
4.410569438394156 2.1178861123247064
4.410485657024835 2.1179028685986085
4.4104018897702835 2.1179196220490857
4.410318136625766 2.117936372678452
4.410234397583984 2.1179531204868827
4.410150672638673 2.1179698654761565
4.410066961783826 2.1179866076469813
4.40998326501216 2.1180033470011335
4.409899582317935 2.1180200835398537
4.409815913694903 2.1180368172643815
4.409732259136818 2.1180535481759564
4.409648618636672 2.1180702762763497
4.409564992189512 2.118087001565731
4.409481379788338 2.118103724045871
4.4093977814258976 2.1181204437185372
4.409314197097251 2.1181371605844315
4.409230626795154 2.1181538746442534
4.409147070513652 2.118170585900836
4.409063528246534 2.1181872943543434
4.40897999998811 2.1182040000060067
4.4088964857311534 2.1182207028570557
4.408812985469726 2.1182374029097852
4.408729499197637 2.118254100164357
4.408646026908954 2.1182707946219983
4.408562568596216 2.1182874862839354
4.408479124255036 2.1183041751524585
4.408395693877961 2.1183208612277262
4.408312277458053 2.118337544511495
4.408228874990428 2.1183542250049867
4.408145486468157 2.1183709027094233
4.4080621118853385 2.118387577626025
4.407978751235566 2.118404249756012
4.40789540451218 2.1184209191006023
4.407812071710316 2.1184375856610145
4.407728752822557 2.118454249438465
4.407645447843024 2.1184709104347017
4.407562156764819 2.118487568650408
4.4074788795830955 2.1185042240867986
4.407395616290963 2.1185208767456176
4.407312366882307 2.1185375266275464
4.4072291313499905 2.1185541737337963
4.407145909689438 2.1185708180655785
4.407062701893269 2.1185874596246332
4.406979507955893 2.11860409841217
4.40689632787147 2.118620734429396
4.406813161632632 2.1186373676769876
4.406730009234823 2.1186539981566823
4.406646870670939 2.118670625869154
4.406563745935157 2.1186872508166688
4.406480635020382 2.1187038729993684
4.406397537921819 2.118720492419517
4.406314454632637 2.1187371090772547
4.40623138514703 2.118753722974313
4.406148329457919 2.1187703341118924
4.406065287560526 2.1187869424911914
4.405982259447784 2.118803548113938
4.405899245113902 2.1188201509808
4.40581624455335 2.1188367510929726
4.405733257758561 2.1188533484516525
4.405650284724014 2.118869943058564
4.405567325444955 2.11888653491437
4.4054843799133225 2.118903124020794
4.405401448124371 2.118919710378498
4.4053185300715745 2.1189362939886727
4.405235625748414 2.1189528748530386
4.405152735149647 2.1189694529727845
4.40506985826927 2.1189860283490987
4.404986995100012 2.1190026009831686
4.40490414563766 2.119019170875652
4.404821309875207 2.119035738028264
4.404738487805394 2.119052302442189
4.404655679424021 2.119068864118083
4.404572884723838 2.119085423057657
4.404490103699381 2.1191019792626227
4.40440733634468 2.1191185327336326
4.4043245826537705 2.119135083471867
4.404241842619928 2.1191516314785064
4.404159116237706 2.119168176754729
4.40407640350115 2.1191847193017126
4.4039937044040585 2.1192012591216915
4.403911018939978 2.119217796214785
4.40382834710424 2.119234330582169
4.4037456888901465 2.1192508622250172
4.403663044290494 2.119267391144504
4.403580413301133 2.119283917342858
4.403497795914616 2.1193004408201945
4.403415192125785 2.119316961578213
4.403332601928471 2.1193334796180836
4.403250025317271 2.119349994939921
4.403167462285261 2.1193665075459482
4.403084912826538 2.1193830174373334
4.403002376935711 2.119399524615243
4.402919854607139 2.1194160290808424
4.4028373458349295 2.1194325308358244
4.402754850611928 2.119449029880826
4.402672368933014 2.1194655262164837
4.402589900792306 2.1194820198450137
4.402507446182917 2.119498510767051
4.402425005100244 2.1195149989837563
4.402342577537659 2.1195314844962896
4.402260163489552 2.11954796730581
4.402177762949052 2.119564447413476
4.402095375911572 2.1195809248214976
4.402013002370247 2.119597399529979
4.401930642319739 2.119613871540602
4.40184829575395 2.119630340853995
4.401765962666537 2.1196468074718386
4.401683643052677 2.1196632713942343
4.401601336906035 2.119679732623912
4.40151904422053 2.1196961911609713
4.4014367649895805 2.119712647007089
4.401354499208888 2.119729100163415
4.401272246871372 2.1197455506305722
4.401190007971475 2.119761998410235
4.401107782503897 2.119778443504076
4.401025570461824 2.119794885912191
4.400943371839458 2.1198113256362507
4.400861186631256 2.1198277626779256
4.4007790148316825 2.1198441970378346
4.400696856435203 2.1198606287176456
4.400614711435276 2.119877057717451
4.400532579825872 2.1198934840394426
4.400450461601721 2.1199099076842356
4.400368356757052 2.1199263286529706
4.400286265286604 2.119942746947311
4.400204187183603 2.119959162567871
4.4001221224422915 2.119975575516311
4.400040071057167 2.119991985793245
4.399958033021468 2.120008393400332
4.399876008330963 2.1200247983387075
4.3997939969791515 2.120041200609505
4.399711998960042 2.1200576002133342
4.399630014267394 2.1200739971518514
4.399548042896739 2.120090391426188
4.39946608484134 2.1201067830369515
4.399384140095473 2.120123171985796
4.399302208653925 2.1201395582743734
4.3992202905109785 2.1201559419027656
4.399138385660165 2.1201723228726235
4.39905649409603 2.1201887011855973
4.398974615812868 2.120205076842813
4.398892750805233 2.1202214498443492
4.39881089906642 2.1202378201923766
4.398729060591239 2.1202541878869723
4.398647235374003 2.120270552930305
4.398565423409281 2.1202869153229744
4.398483624691642 2.120303275066624
4.398401839214402 2.120319632161851
4.39832006697214 2.120335986610298
4.3982383079594385 2.120352338413084
4.398156562170633 2.1203686875708034
4.398074829599306 2.1203850340850963
4.397993110241059 2.1204013779565565
4.397911404089483 2.120417719186822
4.397829711137669 2.1204340577770067
4.3977480313817345 2.120450393728225
4.397666364814777 2.12046672704159
4.3975847114326685 2.120483057718214
4.397503071227761 2.120499385759208
4.3974214441956825 2.120515711165683
4.3973398303308056 2.120532033938749
4.397258229626752 2.120548354079515
4.397176642078155 2.1205646715890887
4.397095067679398 2.1205809864690996
4.397013506424368 2.120597298720133
4.3969319583084605 2.120613608343295
4.39685042332557 2.1206299153402113
4.3967689014698434 2.1206462197114653
4.396687392735182 2.1206625214581605
4.396605897116747 2.120678820581921
4.3965244146084475 2.1206951170833275
4.396442945204697 2.120711410964002
4.396361488900166 2.120727702224524
4.396280045689779 2.120743990866514
4.396198615566705 2.120760276891071
4.396117198525626 2.1207765602992925
4.396035794561227 2.120792841092276
4.395954403668195 2.1208091192705973
4.395873025840218 2.120825394835873
4.395791661072746 2.1208416677891972
4.395710309359473 2.1208579381321844
4.395628970695103 2.120874205865408
4.395547645073088 2.12089047098996
4.395466332489142 2.1209067335069327
4.395385032936976 2.120922993417417
4.395303746411307 2.1209392507225027
4.395222472906607 2.1209555054232796
4.395141212416597 2.120971757521356
4.39505996493701 2.1209880070172997
4.394978730461575 2.1210042539121985
4.394897508984777 2.121020498207658
4.394816300500355 2.1210367399042442
4.394735105004054 2.121052979003561
4.394653922489619 2.121069215506693
4.39457275295155 2.1210854494142035
4.394491596384352 2.1211016807271754
4.394410452782031 2.1211179094477286
4.3943293221401 2.1211341355759057
4.394248204452574 2.121150359113306
4.394167099713971 2.1211665800610087
4.394086007917812 2.1211827984200924
4.394004929060125 2.1211990141916353
4.393923863134439 2.121215227376714
4.393842810135537 2.1212314379764052
4.393761770057956 2.1212476459917844
4.393680742896737 2.1212638514239264
4.393599728645424 2.1212800542744232
4.393518727298565 2.1212962545433123
4.393437738851211 2.1213124522327016
4.393356763298168 2.1213286473431454
4.393275800633743 2.1213448398762327
4.393194850852001 2.1213610298330337
4.393113913947507 2.121377217213582
4.393032989915329 2.121393402019982
4.392952078750042 2.1214095842533016
4.392871180445473 2.121425763914608
4.392790294996452 2.12144194100445
4.392709422397563 2.1214581155238936
4.392628562643393 2.1214742874750385
4.392547715729284 2.1214904568579143
4.3924668816485815 2.1215066236735844
4.392386060396383 2.121522787924146
4.392305251967291 2.1215389496101436
4.39222445635616 2.121555108732122
4.392143673557599 2.121571265291658
4.392062903565473 2.121587419290328
4.391982146374897 2.121603570728675
4.391901401980241 2.1216197196077564
4.391820670376627 2.1216358659291465
4.391739951557685 2.1216520096928693
4.391659245518295 2.121668150901013
4.391578552253341 2.1216842895541173
4.391497871757709 2.1217004256532364
4.39141720402604 2.1217165591994243
4.391336549052231 2.12173269019425
4.39125590683118 2.1217488186382494
4.391175277357788 2.1217649445329902
4.391094660626461 2.1217810678795233
4.391014056631608 2.1217971886788987
4.390933465368889 2.1218133069311342
4.390852886831972 2.1218294226388257
4.390772321016026 2.121845535802505
4.390691767914728 2.1218616464227043
4.390611227523998 2.1218777545004697
4.39053069983752 2.1218938600373622
4.3904501848504776 2.121909963034427
4.390369682557556 2.121926063493223
4.390289192953944 2.1219421614142786
4.390208716033089 2.121958256798637
4.390128251790189 2.1219743496473393
4.390047800219944 2.121990439960913
4.389967361317306 2.1220065277414277
4.389886935076238 2.1220226129894084
4.389806521492695 2.1220386957058945
4.389726120560397 2.122054775892439
4.389645732274309 2.122070853550079
4.38956535662841 2.1220869286793373
4.389484993618665 2.1221030012812503
4.3894046432388105 2.122119071356853
4.389324305484075 2.122135138907695
4.389243980348946 2.1221512039348096
4.389163667828907 2.1221672664387166
4.389083367917459 2.1221833264209624
4.389003080609596 2.122199383882579
4.388922805900316 2.122215438824597
4.38884254378462 2.122231491248047
4.388762294257265 2.122247541153445
4.388682057312512 2.1222635885423338
4.388601832945127 2.122279633415742
4.3885216211501215 2.1222956757746965
4.388441421922267 2.1223117156202247
4.388361235255841 2.1223277529533524
4.388281061146861 2.122343787775105
4.388200899589114 2.1223598200870204
4.388120750577382 2.1223758498896093
4.388040614105958 2.122391877183895
4.387960490170872 2.122407901970901
4.387880378765926 2.122423924251648
4.387800279885917 2.1224399440276707
4.387720193526141 2.122455961299989
4.38764011968165 2.12247197606911
4.387560058346259 2.122487988336053
4.38748000951478 2.122503998102349
4.38739997318277 2.1225200053685023
4.387319949345046 2.122536010136043
4.387239937996429 2.122552012405987
4.387159939131 2.1225680121788377
4.387079952744082 2.122584009456634
4.386999978830258 2.122600004239366
4.38692001738461 2.122615996528559
4.386840068401233 2.1226319863247136
4.3867601318764535 2.122647973629866
4.386680207804125 2.122663958444515
4.386600296179343 2.12267994076916
4.386520396995968 2.1226959206058345
4.386440510250339 2.122711897955035
4.386360635936325 2.1227278728177708
4.386280774048786 2.1227438451950498
4.386200924583082 2.12275981508839
4.386121087534327 2.1227757824982865
4.386041262896402 2.122791747425745
4.38596145066443 2.122807709871771
4.385881650833535 2.1228236698378797
4.385801863398599 2.1228396273245638
4.385722088354751 2.1228555823333366
4.385642325696387 2.1228715348652005
4.385562575418149 2.1228874849206467
4.3854828375156725 2.122903432500676
4.385403111983608 2.122919377606799
4.385323398817351 2.1229353202400154
4.385243698010816 2.1229512604013236
4.385164009559158 2.1229671980917217
4.3850843334572875 2.1229831333116973
4.385004669700612 2.122999066062757
4.384925018283308 2.1230149963464076
4.384845379201284 2.1230309241626233
4.384765752448722 2.12304684951291
4.384686138020796 2.1230627723987703
4.384606535912436 2.1230786928206884
4.384526946117835 2.1230946107796567
4.384447368632424 2.123110526276667
4.384367803451142 2.1231264393127116
4.384288250568933 2.1231423498887803
4.384208709981237 2.1231582580063724
4.384129181682015 2.1231741636659676
4.3840496656677015 2.123190066868555
4.383970161932512 2.123205967615631
4.38389067047116 2.123221865907675
4.383811191278116 2.1232377617461813
4.383731724349329 2.123253655132136
4.383652269679278 2.123269546066016
4.383572827262933 2.123285434549314
4.383493397095271 2.123301320582505
4.383413979170777 2.1233172041670816
4.38333457348542 2.1233330853040258
4.38325518003369 2.1233489639943195
4.383175798810331 2.123364840238944
4.383096429811073 2.1233807140388787
4.383017073029926 2.1233965853951045
4.382937728462872 2.1234124543086
4.382858396104175 2.123428320780344
4.382779075949084 2.123444184811315
4.382699767993099 2.1234600464024886
4.382620472230001 2.1234759055548422
4.38254118865628 2.1234917622693517
4.382461917265968 2.1235076165474998
4.3823826580543335 2.123523468389753
4.38230341101689 2.1235393177975928
4.382224176147435 2.1235551647719926
4.3821449534414905 2.123571009313417
4.382065742895318 2.123586851422838
4.38198654450297 2.123602691101227
4.38190735825875 2.1236185283500615
4.381828184158928 2.1236343631703116
4.381749022197813 2.1236501955629463
4.381669872370453 2.12366602552792
4.3815907346723915 2.123681853067214
4.381511609098438 2.123697678181797
4.38143249564316 2.123713500872634
4.381353394303091 2.123729321140692
4.381274305072069 2.1237451389869353
4.3811952279456525 2.123760954412329
4.381116162917929 2.123776767417837
4.3810371099852015 2.123792578004423
4.380958069141809 2.1238083861730486
4.3808790403830775 2.123824191924676
4.380800023704336 2.1238399952602673
4.380721019100671 2.1238557961807825
4.3806420265666794 2.123871594687688
4.380563046098437 2.123887390781437
4.380484077690302 2.123903184462988
4.380405121336639 2.1239189757332992
4.38032617703353 2.1239347645938342
4.380247244776325 2.1239505510455494
4.3801683245593965 2.123966335088895
4.380089416378346 2.1239821167253328
4.3800105202282875 2.123997895955817
4.3799316361033584 2.124013672780796
4.37985276400015 2.1240294472017296
4.379773903912804 2.12404521921957
4.3796950558369385 2.1240609888347644
4.379616219767682 2.1240767560482645
4.379537395700412 2.1240925208620314
4.379458583629286 2.1241082832760054
4.379379783549931 2.1241240432916415
4.379300995457735 2.124139800910393
4.379222219347842 2.124155556132199
4.379143455215645 2.124171308958512
4.379064703055316 2.1241870593902794
4.378985962863478 2.1242028074289516
4.3789072346345534 2.12421855307497
4.378828518362724 2.124234296328776
4.37874981404462 2.1242500371923225
4.378671121675409 2.1242657756665535
4.378592441249526 2.124281511751908
4.378513772762143 2.1242972454493283
4.378435116208925 2.1243129767597573
4.3783564715840715 2.12432870568464
4.378277838884232 2.124344432224917
4.378199218103613 2.1243601563810244
4.378120609237645 2.124375878153902
4.378042012281765 2.1243915975454963
4.3779634272311645 2.124407314555738
4.377884854080552 2.1244230291860684
4.377806292825127 2.1244387414374244
4.377727743460337 2.124454451310742
4.377649205981631 2.1244701588064543
4.377570680384461 2.1244858639254955
4.377492166663307 2.1245015666693043
4.377413664813385 2.1245172670393173
4.377335174830398 2.1245329650359643
4.377256696709567 2.124548660660178
4.377178230446361 2.1245643539128904
4.377099776035518 2.124580044795033
4.377021333472999 2.1245957333075367
4.376942902753547 2.124611419451834
4.376864483872644 2.124627103227849
4.376786076824306 2.1246427846375164
4.376707681605485 2.124658463681261
4.376629298210447 2.124674140360011
4.376550926634684 2.1246898146751954
4.376472566873446 2.124705486627741
4.376394218921498 2.1247211562180706
4.376315882775073 2.1247368234476123
4.376237558428942 2.124752488316788
4.376159245878366 2.1247681508270237
4.376080945118855 2.124783810978741
4.3760026561459195 2.1247994687733645
4.3759243789541 2.124815124211314
4.37584611353867 2.124830777294515
4.375767859896125 2.124846428022885
4.375689618020282 2.1248620763983466
4.375611387907398 2.124877722420817
4.375533169553247 2.1248933660917166
4.375454962951898 2.1249090074119636
4.375376768098888 2.1249246463824756
4.375298584989996 2.1249402830046713
4.375220413620764 2.1249559172784647
4.375142253985518 2.124971549205774
4.375064106079805 2.1249871787870136
4.374985969899173 2.1250028060230983
4.374907845439176 2.125018430914942
4.374829732695368 2.125034053463458
4.374751631663063 2.1250496736700604
4.374673542337093 2.1250652915356616
4.374595464712778 2.125080907060672
4.374517398785928 2.1250965202465038
4.374439344551626 2.1251121310935663
4.374361302004715 2.12512773960277
4.374283271141742 2.125143345775024
4.374205251957314 2.125158949612238
4.37412724444701 2.125174551114319
4.3740492486049565 2.1251901502826747
4.373971264428198 2.125205747117712
4.373893291911108 2.1252213416213372
4.373815331049281 2.125236933793956
4.373737381838553 2.125252523635974
4.373659444274036 2.1252681111487943
4.373581518351575 2.1252836963333217
4.3735036040653155 2.1252992791904592
4.37342570141135 2.12531485972111
4.373347810385043 2.1253304379261753
4.373269930982009 2.125346013806557
4.3731920631978625 2.1253615873636558
4.373114207027006 2.1253771585973724
4.373036362465305 2.1253927275096056
4.372958529508381 2.1254082941007555
4.372880708151618 2.12542385837172
4.372802898390887 2.1254394203238967
4.372725100220608 2.1254549799576834
4.372647313636414 2.125470537274476
4.372569538634914 2.125486092274672
4.372491775209808 2.125501644959665
4.372414023357464 2.1255171953298517
4.372336283072803 2.1255327433866253
4.3722585543522 2.1255482891308795
4.372180837190578 2.125563832563507
4.3721031315833505 2.1255793736849022
4.372025437524962 2.1255949124964557
4.371947755012525 2.125610448999059
4.371870084040491 2.125625983193602
4.371792424604283 2.125641515080976
4.37171477669957 2.12565704466207
4.371637140322264 2.1256725719377734
4.3715595154670694 2.125688096908975
4.371481902130389 2.125703619576064
4.371404300306933 2.125719139940924
4.371326709992384 2.125734658003944
4.3712491311824255 2.1257501737660096
4.371171563871778 2.1257656872285047
4.371094008055647 2.125781198391319
4.371016463731419 2.1257967072563315
4.370938930893336 2.1258122138239295
4.370861409536132 2.125827718095493
4.370783899656473 2.1258432200714075
4.370706401249096 2.125858719752555
4.370628914310675 2.125874217140314
4.370551438835952 2.125889712235069
4.37047397481943 2.125905205038197
4.370396522258032 2.125920695550578
4.370319081147476 2.1259361837725934
4.370241651482273 2.1259516697056196
4.370164233258387 2.1259671533505347
4.370086826471303 2.125982634708216
4.37000943111554 2.125998113779043
4.369932047188279 2.12601359056439
4.369854674683806 2.1260290650651323
4.369777313597855 2.126044537282145
4.369699963926649 2.126060007216302
4.369622625665447 2.1260754748684785
4.369545298809028 2.1260909402395476
4.369467983354103 2.126106403330382
4.3693906792957 2.1261218641423505
4.3693133866293286 2.1261373226758282
4.369236105350745 2.126152778931687
4.3691588354547415 2.126168232910797
4.369081576936837 2.126183684614029
4.369004329794002 2.1261991340427477
4.368927094020796 2.1262145811973268
4.368849869612264 2.1262300260791296
4.368772656564901 2.126245468688529
4.368695454873757 2.126260909026887
4.368618264535091 2.1262763470945756
4.3685410855442015 2.126291782892461
4.368463917896387 2.1263072164219032
4.36838676158695 2.126322647683768
4.36830961661216 2.1263380766784246
4.368232482967086 2.126353503407232
4.368155360647277 2.126368927871548
4.36807824964853 2.1263843500712456
4.368001149966883 2.126399770007682
4.367924061596932 2.1264151876812245
4.367846984535444 2.126430603093723
4.367769918777262 2.126446016245543
4.367692864318195 2.126461427137051
4.367615821153089 2.1264768357700947
4.367538789278483 2.1264922421445442
4.367461768689229 2.1265076462622465
4.36738475938259 2.126523048123565
4.367307761352944 2.1265384477293567
4.367230774595393 2.1265538450809727
4.367153799106487 2.1265692401787746
4.3670768348808515 2.126584633023618
4.3669998819157625 2.1266000236168523
4.3669229402058525 2.1266154119593312
4.366846009746959 2.1266307980509214
4.366769090533719 2.1266461818934634
4.3666921825631775 2.1266615634878105
4.3666152858302185 2.1266769428343206
4.366538400330449 2.1266923199343393
4.36646152605972 2.1267076947887174
4.366384663014125 2.126723067397812
4.366307811188318 2.126738437762967
4.366230970579359 2.126753805885031
4.366154141181907 2.1267691717643604
4.366077322991585 2.1267845354027894
4.3660005160045 2.12679989680018
4.36592372021556 2.1268152559583653
4.365846935621596 2.126830612877206
4.365770162217281 2.126845967558041
4.365693399998492 2.1268613200017166
4.365616648961349 2.1268766702090773
4.365539909101732 2.1268920181814606
4.365463180414325 2.126907363918725
4.3653864628950165 2.1269227074226995
4.365309756539935 2.126938048693734
4.365233061344491 2.1269533877326707
4.36515637730482 2.1269687245408444
4.365079704416819 2.1269840591186036
4.365003042675427 2.1269993914667893
4.364926392076548 2.127014721586734
4.364849752615846 2.1270300494787846
4.364773124289467 2.127045375144273
4.364696507093082 2.1270606985835454
4.364619901021643 2.127076019797932
4.364543306071306 2.1270913387877783
4.364466722237749 2.127106655554413
4.364390149516891 2.1271219700986723
4.364313587904654 2.1271372824213928
4.3642370373960055 2.1271525925229176
4.3641604979878315 2.127167900404573
4.364083969675103 2.127183206067194
4.364007452453753 2.1271985095111225
4.363930946318758 2.127213810738174
4.363854451266775 2.127229109748691
4.363777967293025 2.1272444065435043
4.363701494393212 2.127259701123446
4.363625032563282 2.1272749934893476
4.36354858179918 2.127290283642039
4.363472142097098 2.127305571582351
4.363395713451792 2.127320857311603
4.3633192958601725 2.127336140830134
4.363242889317242 2.127351422138772
4.36316649381896 2.1273667012388353
4.363090109360332 2.127381978130661
4.363013735938281 2.127397252815076
4.362937373547578 2.127412525292907
4.362861022184195 2.12742779556547
4.362784681844341 2.127443063633099
4.3627083525239945 2.1274583294971103
4.362632034219131 2.1274735931578372
4.362555726924536 2.127488854617084
4.362479430636193 2.127504113874693
4.362403145350325 2.127519370931977
4.362326871062682 2.127534625789269
4.362250607769014 2.12754987844788
4.362174355464598 2.1275651289086306
4.362098114146622 2.127580377172342
4.3620218838098905 2.127595623239834
4.361945664450165 2.1276108671119256
4.361869456062491 2.1276261087894364
4.361793258644069 2.1276413482731846
4.361717072189951 2.127656585563988
4.361640896697341 2.1276718206626644
4.361564732160818 2.127687053569541
4.361488578575443 2.1277022842869022
4.361412435938187 2.127717512814585
4.361336304244117 2.127732739153405
4.3612601834904465 2.1277479633041776
4.361184073672008 2.127763185267716
4.3611079747850665 2.127778405044835
4.361031886825413 2.1277936226368364
4.360955809787887 2.1278088380445324
4.360879743668762 2.127824051268247
4.360803688465267 2.127839262308792
4.36072764417201 2.127854471167467
4.360651610784318 2.1278696778450827
4.360575588299189 2.127884882341961
4.360499576711477 2.1279000846594
4.360423576018422 2.1279152847982084
4.3603475862151235 2.127930482758707
4.360271607297396 2.12794567854268
4.360195639260344 2.127960872150447
4.360119682101217 2.127976063582327
4.360043735814885 2.1279912528396143
4.359967800397411 2.1280064399231158
4.359891875844861 2.1280216248336363
4.359815962153303 2.1280368075719815
4.359740059319047 2.128051988138468
4.359664167336975 2.128067166534875
4.359588286204114 2.1280823427615183
4.3595124159155905 2.1280975168192016
4.359436556467485 2.1281126887092143
4.359360707854928 2.128127858431871
4.359284870074719 2.1281430259879737
4.359209043122231 2.128158191378323
4.3591332269935545 2.1281733546042068
4.359057421684781 2.1281885156659377
4.358981627191768 2.1282036745643156
4.35890584351085 2.128218831300626
4.358830070636937 2.128233985875668
4.35875430856637 2.128249138290239
4.358678557295015 2.1282642885441634
4.358602816818977 2.128279436639211
4.358527087134367 2.1282945825761788
4.3584513682375325 2.128309726355376
4.358375660123637 2.128324867978085
4.35829996278856 2.1283400074451
4.358224276228181 2.1283551447572164
4.358148600438858 2.1283702799152278
4.358072935416952 2.128385412919441
4.357997281157164 2.128400543771622
4.35792163765586 2.1284156724715904
4.357846004909406 2.1284307990206246
4.357770382913698 2.1284459234200024
4.357694771664633 2.1284610456695425
4.357619171158586 2.1284761657705213
4.357543581390747 2.1284912837242147
4.357468002357257 2.1285063995309264
4.357392434054025 2.1285215131914454
4.357316876477433 2.1285366247065607
4.357241329623631 2.1285517340775453
4.357165793487583 2.128566841304701
4.357090268065445 2.128581946389301
4.357014753353607 2.1285970493316464
4.35693924934823 2.128612150132523
4.356863756045235 2.128627248793201
4.3567882734410235 2.128642345313981
4.356712801530575 2.128657439696133
4.356637340310058 2.128672531939955
4.356561889775404 2.1286876220467166
4.356486449923259 2.1287027100172007
4.356411020749562 2.1287177958521895
4.3563356022495405 2.1287328795524654
4.3562601944205595 2.128747961118325
4.356184797257615 2.1287630405510347
4.356109410756655 2.1287781178513745
4.356034034913154 2.128793193020125
4.355958669724485 2.128808266058066
4.355883315186601 2.128823336965492
4.355807971294512 2.1288384057441503
4.355732638044886 2.128853472394335
4.355657315433448 2.128868536916824
4.355582003455451 2.1288835993123945
4.355506702108516 2.128898659581823
4.3554314113876655 2.128913717725886
4.355356131288869 2.1289287737453595
4.355280861808572 2.128943827641019
4.355205602942985 2.1289588794141228
4.355130354688087 2.1289739290649616
4.3550551170391465 2.128988976594309
4.3549798899935634 2.1290040220034228
4.3549046735466135 2.129019065293075
4.354829467694282 2.1290341064630716
4.354754272431849 2.1290491455151512
4.354679087756724 2.1290641824500858
4.35460391366419 2.1290792172681625
4.354528750151187 2.129094249970635
4.354453597213241 2.129109280558274
4.354378454845171 2.1291243090318486
4.354303323044633 2.1291393353921277
4.354228201807866 2.1291543596398803
4.354153091129935 2.129169381775391
4.354077991007083 2.1291844017999106
4.354002901435794 2.129199419714207
4.353927822411846 2.129214435519046
4.353852753931018 2.129229449215194
4.353777695990273 2.129244460803417
4.353702648584688 2.1292594702844805
4.353627611710993 2.129274477659149
4.353552585365213 2.1292894829281863
4.353477569543847 2.1293044860928396
4.353402564241745 2.1293194871533894
4.35332756945659 2.1293344861105985
4.353252585183236 2.12934948296523
4.353177611418193 2.1293644777180454
4.3531026481577335 2.129379470370288
4.353027695398135 2.1293944609222377
4.352952753134732 2.129409449375136
4.352877821363806 2.1294244357292618
4.352802900082583 2.1294394199858564
4.352727989286407 2.129454402145197
4.352653088970622 2.1294693822080424
4.35257819913246 2.129484360176114
4.352503319767036 2.1294993360492067
4.352428450872058 2.1295143098280773
4.352353592442407 2.129529281513965
4.352278744474619 2.129544251107625
4.352203906964053 2.1295592186093324
4.352129079907953 2.129574184020324
4.352054263301448 2.129589147341355
4.351979457142258 2.129604108573179
4.35190466142528 2.1296190677165505
4.351829876145884 2.129634024772223
4.351755101301562 2.12964897974095
4.351680336888864 2.1296639326239646
4.351605582902699 2.129678883421538
4.351530839339385 2.1296938321339414
4.3514561061954815 2.1297087787628874
4.351381383467314 2.129723723308646
4.351306671150973 2.129738665771968
4.351231969242083 2.129753606154083
4.351157277736742 2.1297685444552603
4.351082596632457 2.129783480676249
4.3510079259236845 2.129798414817797
4.350933265607467 2.1298133468811336
4.350858615680381 2.1298282768665255
4.350783976137593 2.12984320477472
4.350709346975682 2.1298581306069435
4.350634728191936 2.1298730543639426
4.350560119780824 2.129887976046463
4.350485521739401 2.1299028956547694
4.350410934064255 2.129917813190087
4.350336356750569 2.1299327286526806
4.350261789794933 2.1299476420437733
4.3501872331934734 2.1299625533636295
4.350112686942786 2.129977462613951
4.350038151039001 2.1299923697945213
4.3499636254777805 2.130007274906562
4.34988911025643 2.1300221779508144
4.349814605370383 2.1300370789280203
4.349740110815775 2.13005197783892
4.349665626589218 2.130066874684733
4.349591152685914 2.1300817694652405
4.349516689103416 2.1300966621821407
4.349442235836931 2.130111552835693
4.349367792883079 2.1301264414266363
4.3492933602380095 2.1301413279557084
4.349218937898344 2.1301562124236466
4.349144525859301 2.130171094831188
4.349070124118444 2.13018597517907
4.3489957326709945 2.130200853468507
4.348921351513583 2.130215729700234
4.348846980642609 2.130230603874031
4.348772620054237 2.1302454759915883
4.348698269744166 2.1302603460536407
4.348623929709505 2.1302752140609225
4.348549599945957 2.1302900800136886
4.3484752804499305 2.130304943912672
4.348400971217602 2.130319805759084
4.348326672245619 2.1303346655531783
4.34825238352946 2.130349523296165
4.3481781050662445 2.1303643789887747
4.348103836851689 2.130379232631739
4.348029578882216 2.1303940842257876
4.347955331154014 2.130408933771651
4.347881093662572 2.130423781270059
4.347806866405723 2.130438626721262
4.347732649378491 2.130453470126467
4.347658442577309 2.1304683114864016
4.347584245998845 2.1304831508017945
4.347510059639534 2.1304979880733725
4.347435883495815 2.1305128233023396
4.3473617175629595 2.1305276564889453
4.347287561837643 2.130542487633915
4.347213416317245 2.130557316737975
4.3471392809972755 2.130572143802327
4.347065155873249 2.1305869688272185
4.346991040942318 2.130601791813374
4.346916936200233 2.130616612761517
4.346842841644385 2.130631431672848
4.346768757270294 2.130646248547613
4.346694683074187 2.1306610633870116
4.346620619051823 2.1306758761917655
4.346546565200599 2.130690686962119
4.346472521516048 2.1307054956987943
4.346398487995569 2.130720302402988
4.346324464634698 2.1307351070749445
4.346250451429673 2.1307499097158598
4.346176448376499 2.1307647103264533
4.346102455472353 2.1307795089074437
4.346028472712779 2.130794305459074
4.3459545000949555 2.1308090999830136
4.345880537614899 2.130823892479029
4.345806585268624 2.130838682948313
4.345732643052151 2.1308534713915823
4.345658710962667 2.1308682578095537
4.345584788995729 2.130883042202943
4.345510877147828 2.130897824572465
4.345436975415225 2.130912604918836
4.345363083794883 2.1309273832427698
4.345289202283066 2.130942159544981
4.3452153308755745 2.130956933826183
4.34514146956961 2.130971706087565
4.345067618360743 2.1309864763293644
4.344993777245481 2.131001244552294
4.344919946220563 2.1310160107570653
4.344846125282268 2.1310307749448656
4.344772314426175 2.131045537115931
4.3446985136487974 2.131060297271447
4.344624722947818 2.1310750554116495
4.344550942318588 2.131089811537248
4.344477171756698 2.131104565649427
4.344403411259834 2.131119317748421
4.34432966082452 2.131134067835413
4.344255920446117 2.1311488159111116
4.344182190121387 2.13116356197575
4.344108469846628 2.1311783060305096
4.344034759618603 2.1311930480765726
4.3439610594336155 2.1312077881136964
4.343887369287502 2.1312225261425866
4.343813689176569 2.1312372621644236
4.343740019097589 2.131251996179913
4.343666359046871 2.1312667281897593
4.343592709021426 2.131281458195141
4.343519069017334 2.1312961861958137
4.343445439030445 2.1313109121934297
4.34337181905824 2.1313256361877437
4.343298209096341 2.1313403581804065
4.343224609141302 2.131355078171646
4.34315101918968 2.131369796162165
4.343077439236869 2.1313845121526644
4.3430038692808255 2.1313992261438455
4.342930309316949 2.131413938136409
4.342856759341803 2.1314286481310543
4.342783219351954 2.1314433561294295
4.3427096893439705 2.131458062130813
4.3426361693146545 2.13147276613685
4.342562659259416 2.1314874681477662
4.342489159174829 2.1315021681647335
4.342415669057471 2.1315168661879755
4.342342188903917 2.1315315622186635
4.342268718710749 2.1315462562574936
4.342195258474781 2.1315609483046893
4.342121808191436 2.13157563836142
4.342048367858459 2.1315903264279084
4.3419749374715115 2.1316050125053225
4.341901517026717 2.131619696594357
4.341828106520203 2.1316343786952334
4.3417547059494925 2.1316490588095918
4.341681315310253 2.1316637369371794
4.34160793460001 2.131678413079163
4.341534563814202 2.1316930872362345
4.341461202949662 2.1317077594095593
4.341387852002764 2.131722429598884
4.341314510969415 2.1317370978053725
4.3412411798473824 2.131751764029716
4.341167858631884 2.1317664282730773
4.341094547319764 2.1317810905356747
4.341021245907634 2.1317957508181977
4.34094795439211 2.131810409121336
4.340874672769809 2.1318250654457787
4.340801401036654 2.131839719792214
4.340728139188802 2.131854372161803
4.34065488722334 2.1318690225547607
4.340581645136661 2.131883670971775
4.3405084129253915 2.131898317414004
4.340435190586391 2.131912961882135
4.340361978115133 2.1319276043763824
4.340288775509406 2.1319422448979033
4.340215582764689 2.1319568834469114
4.3401423998778474 2.1319715200245635
4.3400692268443635 2.1319861546310723
4.339996063662034 2.1320007872671227
4.339922910327501 2.1320154179343405
4.33984976683602 2.1320300466324666
4.33977663318493 2.132044673362655
4.339703509370416 2.1320592981255886
4.33963039538936 2.132073920921949
4.339557291237488 2.132088541752418
4.339484196912147 2.1321031606176772
4.33941111240953 2.1321177775184075
4.339338037726063 2.1321323924548183
4.3392649728584045 2.1321470054280605
4.339191917803216 2.132161616438814
4.339118872557393 2.1321762254877585
4.339045837116211 2.132190832576043
4.338972811477724 2.1322054377034045
4.338899795637446 2.132220040871463
4.338826789592278 2.1322346420804252
4.338753793338661 2.1322492413309684
4.338680806872577 2.13226383862424
4.338607830191394 2.132278433960446
4.338534863291098 2.132293027340733
4.338461906168138 2.1323076187653065
4.338388958819658 2.1323222082353115
4.338316021241878 2.132336795750953
4.338243093431717 2.132351381312906
4.33817017538586 2.132365964922314
4.338097267100075 2.1323805465793813
4.338024368571052 2.1323951262847807
4.337951479795484 2.1324097040396555
4.337878600770066 2.1324242798446775
4.337805731491495 2.13243885370005
4.337732871955778 2.132453425607383
4.337660022160307 2.1324679955664094
4.337587182100862 2.1324825635782694
4.337514351774146 2.1324971296436335
4.337441531177098 2.132511693763172
4.337368720306425 2.1325262559375546
4.3372959191576825 2.1325408161669817
4.337223127728737 2.13255537445306
4.337150346015148 2.1325699307955204
4.337077574013863 2.1325844851959688
4.337004811721598 2.1325990376546042
4.33693205913415 2.1326135881716253
4.336859316249162 2.1326281367486364
4.336786583062437 2.1326426833858356
4.336713859571618 2.132657228083889
4.3366411457725125 2.1326717708439316
4.336568441662078 2.1326863116661596
4.336495747236815 2.1327008505517067
4.336423062492534 2.1327153875007694
4.336350387426889 2.1327299225140117
4.336277722035927 2.132744455592566
4.336205066316154 2.1327589867366274
4.33613242026454 2.132773515946859
4.336059783877595 2.1327880432243917
4.335987157151373 2.13280256856942
4.3359145400835395 2.1328170919830733
4.335841932669919 2.132831613466014
4.335769334907032 2.1328461330184347
4.335696746792088 2.1328606506414642
4.335624168321609 2.1328751663357632
4.33555159949212 2.132889680101524
4.335479040299915 2.1329041919398737
4.335406490742443 2.1329187018514713
4.335333950815543 2.132933209836976
4.335261420516207 2.132947715896579
4.335188899840967 2.1329622200314056
4.335116388785669 2.1329767222421134
4.335043887348228 2.132991222529827
4.334971395524265 2.133005720894269
4.334898913311929 2.133020217336563
4.334826440706613 2.133034711857833
4.334753977704631 2.1330492044577998
4.334681524303219 2.1330636951380533
4.334609080499384 2.1330781838987813
4.334536646288987 2.1330926707411058
4.334464221668578 2.133107155665214
4.33439180663655 2.1331216386717595
4.334319401187388 2.133136119761863
4.3342470053188 2.1331505989357105
4.334174619027803 2.1331650761939547
4.334102242310039 2.133179551537715
4.3340298751634485 2.133194024967177
4.333957517583906 2.1332084964829914
4.333885169568208 2.1332229660862767
4.333812831112003 2.133237433777684
4.333740502213239 2.1332518995573966
4.333668182868715 2.1332663634265314
4.333595873074318 2.1332808253852718
4.3335235728270805 2.133295285434733
4.333451282123581 2.133309743575565
4.333379000960625 2.133324199808415
4.333306729334107 2.1333386541334662
4.3332344672417555 2.1333531065522977
4.333162214679695 2.1333675570646258
4.333089971645659 2.1333820056720287
4.333017738135317 2.133396452374222
4.332945514144801 2.1334108971723174
4.332873299671618 2.133425340066961
4.33280109471305 2.1334397810587986
4.332728899264773 2.133454220148475
4.3326567133236145 2.1334686573366355
4.332584536886401 2.1334830926239245
4.332512369949963 2.133497526010986
4.33244021251113 2.133511957498929
4.332368064566965 2.1335263870879317
4.332295926113156 2.133540814778637
4.332223797146541 2.1335552405716873
4.3321516776651015 2.1335696644681903
4.3320795676647625 2.1335840864683226
4.33200746714122 2.133598506572726
4.331935376092692 2.1336129247825064
4.331863294514878 2.1336273410978395
4.331791222405769 2.1336417555198306
4.3317191597608415 2.133656168048655
4.331647106577173 2.1336705786854173
4.331575062851846 2.133684987430292
4.331503028581485 2.1336993942843825
4.331431003762258 2.1337137992483273
4.331358988390795 2.133728202322765
4.331286982465098 2.1337426035083324
4.331214985981113 2.1337570028052033
4.331142998935702 2.1337714002140147
4.331071021324586 2.133785795736332
4.330999053145775 2.133800189371863
4.330927094395221 2.133814581122172
4.330855145070938 2.133828970986966
4.330783205168653 2.1338433589673445
4.330711274685467 2.133857745063943
4.330639353618027 2.1338721292773952
4.330567441962523 2.1338865116083356
4.330495539716519 2.1339008920573983
4.330423646876208 2.133915270625216
4.330351763438474 2.133929647312886
4.330279889400198 2.1339440221205774
4.330208024758266 2.133958395049386
4.330136169509337 2.133972766099016
4.330064323649612 2.133987135271027
4.329992487177124 2.134001502565586
4.329920660087623 2.1340158679833245
4.329848842378003 2.1340302315248727
4.329777034045386 2.134044593191324
4.329705235085757 2.1340589529833083
4.329633445496928 2.134073310900992
4.329561665274657 2.134087666945467
4.3294898944172155 2.134102021116899
4.329418132920138 2.134116373415916
4.3293463807807875 2.1341307238440725
4.329274637995841 2.13414507240107
4.329202904561524 2.1341594190879993
4.329131180475203 2.134173763905024
4.329059465733334 2.1341881068536956
4.32898776033283 2.1342024479341783
4.328916064270609 2.134216787146635
4.328844377543358 2.1342311244921537
4.328772700148225 2.1342454599713596
4.328701032081217 2.1342597935848775
4.3286293733401715 2.1342741253333317
4.328557723921098 2.1342884552168844
4.328486083821152 2.134302783236621
4.3284144530370305 2.1343171093936273
4.328342831565893 2.134331433688064
4.328271219403529 2.134345756120554
4.328199616548011 2.1343600766917192
4.3281280229953625 2.134374395402182
4.328056438742518 2.1343887122525635
4.327984863786416 2.134403027243947
4.327913298123994 2.1344173403760296
4.3278417417524215 2.134431651650817
4.327770194667275 2.134445961068006
4.327698656866866 2.1344602686282164
4.327627128346999 2.1344745743320677
4.327555609104851 2.134488878180641
4.327484099137371 2.1345031801740926
4.327412598441282 2.134517480313503
4.327341107012853 2.1345317785990288
4.32726962484995 2.1345460750317486
4.327198151948845 2.13456036961228
4.327126688306268 2.134574662340779
4.327055233919405 2.134588953218323
4.326983788784991 2.134603242245528
4.326912352899305 2.1346175294225493
4.326840926259994 2.1346318147504637
4.32676950886334 2.134646098229425
4.326698100706312 2.1346603798609705
4.326626701785878 2.134674659644792
4.326555312098782 2.134688937582426
4.326483931642451 2.1347032136740256
4.326412560413858 2.134717487920204
4.3263411984088425 2.134731760321114
4.326269845624382 2.1347460308778285
4.326198502057683 2.1347602995909605
4.326127167705499 2.1347745664611217
4.326055842565266 2.1347888314893844
4.325984526633513 2.1348030946754393
4.325913219906772 2.134817356020818
4.32584192238271 2.134831615526131
4.325770634057409 2.1348458731910687
4.325699354928085 2.134860129017161
4.3256280849915045 2.1348743830040977
4.325556824243979 2.134888635153868
4.325485572683184 2.1349028854661607
4.325414330305437 2.1349171339420447
4.325343097107735 2.1349313805816683
4.325271873088215 2.1349456253856394
4.325200658242742 2.1349598683550255
4.325129452567412 2.134974109489974
4.325058256060139 2.134988348791552
4.324987068717247 2.1350025862599056
4.324915890536653 2.135016821896101
4.324844721514232 2.1350310557007446
4.324773561647449 2.135045287673982
4.3247024109330905 2.1350595178168774
4.324631269368171 2.135073746129577
4.324560136948801 2.1350879726136034
4.324489013671997 2.1351021972686426
4.3244178995356855 2.1351164200957577
4.324346794536208 2.135130641095552
4.324275698670586 2.1351448602690875
4.324204611935846 2.1351590776160494
4.3241335343278795 2.135173293137958
4.324062465844847 2.135187506834497
4.323991406483097 2.1352017187067283
4.323920356239436 2.1352159287552523
4.323849315111122 2.135230136981129
4.323778283095188 2.135244343384501
4.323707260188444 2.1352585479655097
4.323636246387247 2.135272750726131
4.323565241689315 2.1352869516655892
4.3234942460912364 2.1353011507854007
4.323423259589826 2.135315348085706
4.323352282182127 2.135329543567104
4.323281313865185 2.1353437372301927
4.323210354636273 2.135357929076029
4.323139404491307 2.1353721191052104
4.323068463427565 2.1353863073178765
4.322997531443002 2.135400493714624
4.322926608533765 2.1354146782965078
4.322855694697137 2.135428861064124
4.322784789928815 2.135443042018069
4.322713894227215 2.1354572211584806
4.322643007588265 2.1354713984859544
4.322572130010157 2.1354855740015433
4.32250126148905 2.135499747705384
4.322430402022006 2.1355139195989863
4.322359551606091 2.1355280896824866
4.322288710237469 2.135542257956021
4.322217877914112 2.1355564244206406
4.322147054632413 2.1355705890769388
4.322076240388992 2.135584751925508
4.3220054351816 2.13559891296694
4.3219346390068605 2.135613072201828
4.321863851862076 2.13562722963122
4.321793073744323 2.135641385255251
4.3217223046497795 2.1356555390745116
4.321651544575526 2.1356696910891353
4.321580793519775 2.13568384130017
4.3215100514787075 2.135697989708663
4.321439318448281 2.1357121363147464
4.321368594426711 2.1357262811190103
4.321297879411087 2.1357404241225
4.321227173397596 2.1357545653248913
4.321156476383331 2.135768704727686
4.3210857883653855 2.1357828423310155
4.32101510934108 2.1357969781354673
4.320944439307512 2.1358111121420857
4.3208737782615545 2.1358252443510017
4.32080312619963 2.135839374763258
4.320732483119968 2.1358535033794412
4.320661849018317 2.135867630199681
4.320591223892234 2.1358817552245637
4.320520607738599 2.1358958784555866
4.320450000554746 2.135909999892423
4.320379402336881 2.1359241195361136
4.320308813083017 2.135938237387243
4.3202382327893645 2.1359523534459397
4.320167661452812 2.135966467713243
4.320097099070925 2.1359805801897367
4.320026545640371 2.135994690876004
4.319956001158717 2.136008799772628
4.319885465622184 2.1360229068797354
4.319814939027666 2.136037012198364
4.3197444213734135 2.136051115729096
4.31967391265565 2.1360652174725123
4.3196034128715 2.136079317429195
4.319532922018318 2.1360934156001803
4.319462440092107 2.136107511985138
4.319391967091123 2.136121606585559
4.3193215030113725 2.136135699401113
4.319251047850214 2.13614979043329
4.319180601605007 2.136163879682214
4.319110164272439 2.136177967148919
4.319039735850098 2.1361920528335294
4.318969316333999 2.136206136736623
4.318898905722407 2.1362202188587776
4.318828504011566 2.136234299201026
4.318758111198394 2.1362483777634913
4.318687727280263 2.136262454547205
4.3186173522543205 2.1362765295522896
4.318546986117714 2.1362906027797757
4.31847662886692 2.136304674229785
4.318406280499988 2.1363187439028932
4.318335941012949 2.1363328118001306
4.318265610403182 2.136346877922072
4.318195288667842 2.1363609422692926
4.318124975804088 2.136375004842367
4.3180546718090795 2.136389065641415
4.317984376679303 2.1364031246670105
4.317914090411695 2.1364171819201814
4.317843813004544 2.136431237401955
4.317773544453891 2.1364452911124503
4.317703284757352 2.136459343051786
4.3176330339109725 2.1364733932209883
4.31756279191282 2.136487441620629
4.317492558759169 2.1365014882512803
4.317422334448314 2.136515533113513
4.3173521189765305 2.1365295762078986
4.317281912340995 2.1365436175350077
4.317211714538884 2.136557657095864
4.317141525567377 2.136571694890585
4.317071345422755 2.13658573091974
4.317001174103098 2.1365997651838984
4.3169310116049155 2.1366137976836295
4.316860857925169 2.136627828419502
4.316790713061493 2.136641857392085
4.316720577010849 2.136655884602399
4.31665044976953 2.1366699100505597
4.316580331335624 2.1366839337371344
4.3165102217056495 2.1366979556631436
4.316440120877697 2.1367119758291544
4.316370028847841 2.13672599423528
4.316299945613725 2.1367400108825403
4.316229871171203 2.136754025771048
4.316159805518594 2.136768038901369
4.316089748653323 2.1367820502745216
4.3160197005716965 2.136796059890618
4.315949661270694 2.1368100677506763
4.315879630747968 2.136824073855261
4.315809609000278 2.1368380782049354
4.3157395960252805 2.136852080800264
4.315669591819959 2.136866081641358
4.31559959638063 2.1368800807292327
4.31552960970473 2.136894078063999
4.315459631790144 2.1369080736466723
4.315389662633417 2.136922067477814
4.315319702231989 2.1369360595579874
4.315249750581958 2.1369500498882052
4.3151798076814405 2.136964038468577
4.3151098735269855 2.136978025299664
4.315039948116711 2.1369920103815754
4.314970031446722 2.137005993715775
4.314900123514469 2.1370199753019192
4.314830224317401 2.1370339551410202
4.314760333851628 2.1370479332340895
4.314690452115499 2.1370619095812344
4.314620579105127 2.1370758841834654
4.314550714818863 2.1370898570404377
4.314480859253047 2.1371038281536134
4.314411012404913 2.1371177975230986
4.3143411742717 2.137131765149903
4.314271344849975 2.137145731034132
4.314201524137649 2.137159695176795
4.314131712131291 2.1371736575784475
4.314061908828147 2.1371876182387446
4.313992114226353 2.137201577159596
4.313922328321591 2.1372155343402035
4.313852551111779 2.1372294897820256
4.313782782594388 2.1372434434856173
4.313713022765552 2.137257395451083
4.313643271623862 2.137271345679428
4.3135735291654544 2.137285294171207
4.313503795387359 2.1372992409269735
4.31343407028728 2.137313185946831
4.313364353862251 2.137327129231784
4.313294646109975 2.137341070782385
4.313224947026375 2.1373550105991876
4.313155256608933 2.137368948682744
4.31308557485603 2.1373828850336065
4.313015901763815 2.137396819651877
4.312946237329551 2.137410752538557
4.312876581549837 2.1374246836946487
4.3128069344226105 2.1374386131202527
4.312737295944696 2.13745254081547
4.3126676661140335 2.137466466781751
4.312598044927227 2.1374803910191957
4.312528432381327 2.1374943135279043
4.312458828473608 2.1375082343097764
4.312389233201795 2.1375221533644613
4.312319646561828 2.1375360706925077
4.3122500685523235 2.1375499862949146
4.312180499169449 2.1375639001713305
4.312110938410486 2.137577812323203
4.312041386272942 2.137591722750181
4.311971842754104 2.1376056314541607
4.3119023078512555 2.13761953843479
4.31183278156191 2.137633443692616
