5 2
3.502006875019325 0.6748522355940183
3.502006875019325 0.6748522355940183
3.502006875019325 0.6748522355940183
-48.61301277500642 -49.51164883493673
-22.555502949993546 -24.418398299671356
-9.52674803748711 -11.871773032038668
-3.012370581233893 -5.598460398222325
0.2448181468927162 -2.4618040813141535
1.8734125109560207 -0.8934759228600675
1.8734125109560207 -0.8934759228600675
1.8734125109560207 -0.8934759228600675
-11.464993703175155 -11.538828400246379
-4.795790596109567 -6.216152161553223
-1.4611890425767733 -3.554814042206645
0.2061117341896237 -2.2241449825333564
1.0397621225728222 -1.558810452696712
1.4565873167644214 -1.2261431877783897
1.4565873167644214 -1.2261431877783897
1.4565873167644214 -1.2261431877783897
-2.5860207629468697 -2.6905343858265227
-0.5647167230912242 -1.9583387868024562
0.4459352968365986 -1.592240987290423
0.95126130680051 -1.4091920875344064
1.2039243117824658 -1.317667637656398
1.2039243117824658 -1.317667637656398
1.2039243117824658 -1.317667637656398
1.609903692246015 1.6915627270050715
1.4069140020142403 0.18694754467433672
1.305419156898353 -0.5653600464910307
1.2546717343404095 -0.9415138420737144
1.2546717343404095 -0.9415138420737144
1.2546717343404095 -0.9415138420737144
-4.154451302969797 -4.090516798841712
-1.4498897843146938 -2.516015320457713
-0.09760902498714219 -1.7287645812657138
0.5785313546766336 -1.335139211669714
0.9166015445085216 -1.1383265268717142
0.9166015445085216 -1.1383265268717142
0.9166015445085216 -1.1383265268717142
2.887684224975507 2.488874493056895
1.9021428847420143 0.6752739830925905
1.4093722146252678 -0.23152627188956187
1.1629868795668947 -0.684926399380638
1.0397942120377082 -0.9116264631261761
1.0397942120377082 -0.9116264631261761
1.0397942120377082 -0.9116264631261761
-1.3598161948161354 -1.8081403765800284
-0.1600109913892136 -1.3598834198531022
0.4398916103242473 -1.135754941489639
0.7398429111809777 -1.0236907023079076
0.8898185616093429 -0.9676585827170419
0.8898185616093429 -0.9676585827170419
0.8898185616093429 -0.9676585827170419
1.2598219772616361 0.7692150466392702
1.0748202694354894 -0.09922176803888583
0.9823194155224162 -0.5334401753779638
0.9360689885658795 -0.7505493790475029
0.9360689885658795 -0.7505493790475029
0.9360689885658795 -0.7505493790475029
-2.0895472076659063 -2.530923833233526
-0.5767391095500134 -1.6407366061405144
0.17966493950793305 -1.1956429925940086
0.5578669640369063 -0.9730961858207557
0.7469679763013929 -0.8618227824341294
0.7469679763013929 -0.8618227824341294
0.7469679763013929 -0.8618227824341294
1.655341168828805 1.1111719404442881
1.2011545725650992 0.12467457900507939
0.974061274433246 -0.368574101714525
0.8605146253673195 -0.6151984420743272
0.8037413008343561 -0.7385106122542282
0.8037413008343561 -0.7385106122542282
0.8037413008343561 -0.7385106122542282
-0.5354829200116193 -1.0808519494341777
0.1341291904113684 -0.909681280844203
0.46893524562286226 -0.8240959465492156
0.6363382732286091 -0.7813032794017218
0.6363382732286091 -0.7813032794017218
0.6363382732286091 -0.7813032794017218
2.0130846062282144 1.5236543561723088
1.3247114397284119 0.3711755383852935
0.9805248564785105 -0.20506387050821417
0.8084315648535598 -0.493183574954968
0.7223849190410845 -0.6372434271783449
0.7223849190410845 -0.6372434271783449
0.7223849190410845 -0.6372434271783449
-0.7550332024892921 -1.2838583669628427
-0.01632414172410379 -0.9605508970705938
0.35303038865849035 -0.7988971621244694
0.5377076538497874 -0.7180702946514071
0.6300462864454359 -0.6776568609148761
0.6300462864454359 -0.6776568609148761
0.6300462864454359 -0.6776568609148761
0.8460630704222672 0.3245480555749791
0.7380546784338515 -0.17655440266994848
0.6840504824396437 -0.4271056317924123
0.6570483844425399 -0.5523812463536442
0.6570483844425399 -0.5523812463536442
0.6570483844425399 -0.5523812463536442
-1.0301644145722666 -1.5100638313748365
-0.18655801506486336 -1.0312225388642404
0.23524518468883826 -0.7918018926089423
0.44614678456568907 -0.6720915694812932
0.5515975845041144 -0.6122364079174687
0.5515975845041144 -0.6122364079174687
0.5515975845041144 -0.6122364079174687
0.972039050459573 0.47691231553986957
0.7618183174818437 -0.06766204618879956
0.6567079509929791 -0.33994922705313413
0.6041527677485468 -0.4760928174853014
0.5778751761263305 -0.544164612701385
0.5778751761263305 -0.544164612701385
0.5778751761263305 -0.544164612701385
-0.1698339626281894 -0.6556690819721684
0.20402060674907058 -0.5999168473367767
0.3909478914377006 -0.5720407300190808
0.48441153378201557 -0.558102671360233
0.48441153378201557 -0.558102671360233
0.48441153378201557 -0.558102671360233
1.1178431598948353 0.6632882358286928
0.8011273468384255 0.05259278223422992
0.6427694403102204 -0.2527549445630015
0.563590487046118 -0.40542880796161723
0.5240010104140668 -0.48176573966092506
0.5240010104140668 -0.48176573966092506
0.5240010104140668 -0.48176573966092506
-0.2751523812779876 -0.7319767284868267
0.1244243145680396 -0.6068712340738759
0.3242126624910532 -0.5443184868674005
0.42410683645256 -0.5130421132641627
0.42410683645256 -0.5130421132641627
0.42410683645256 -0.5130421132641627
1.2682309488957053 0.8459815959972763
0.8461688926741326 0.1664697413665568
0.6351378645633463 -0.17328618594880296
0.5296223505079531 -0.34316414960648284
0.47686459348025656 -0.42810313143532275
0.47686459348025656 -0.42810313143532275
0.47686459348025656 -0.42810313143532275
-0.36775983242617205 -0.7861115655237946
0.054552380527042255 -0.6071073484795586
0.2657084870036494 -0.5176052399574407
0.37128654024195296 -0.4728541856963817
0.42407556686110476 -0.45047865856585223
0.42407556686110476 -0.45047865856585223
0.42407556686110476 -0.45047865856585223
0.5198088224343114 0.11298666646152766
0.4719421946477081 -0.16874599605216228
0.4480088807544064 -0.30961232730900723
0.4360422238077556 -0.38004549293742973
0.4360422238077556 -0.38004549293742973
0.4360422238077556 -0.38004549293742973
-0.47770271140875553 -0.8579461522191569
-0.02083024380049997 -0.6189958225782933
0.2076059900036278 -0.49952065775786153
0.3218241069056917 -0.43978307534764566
0.37893316535672367 -0.40991428414253767
0.37893316535672367 -0.40991428414253767
0.37893316535672367 -0.40991428414253767
0.5544749124320703 0.17975111386203818
0.46670403889439693 -0.11508158514024974
0.4228186021255603 -0.2624979346413937
0.40087588374114197 -0.3362061093919657
0.40087588374114197 -0.3362061093919657
0.40087588374114197 -0.3362061093919657
-0.5907937818655729 -0.939617010559018
-0.09495894906221547 -0.6379115599754919
0.15295846733946325 -0.4870588346837288
0.2769171755403026 -0.41163247203784725
0.3388965296407223 -0.3739192907149065
0.3388965296407223 -0.3739192907149065
0.3388965296407223 -0.3739192907149065
0.5841866653520649 0.2424094966929098
0.46154159749639356 -0.06575489701099835
0.40021906356855796 -0.21983709386295242
0.3695577966046401 -0.2968781922889294
0.3542271631226812 -0.33539874150191795
0.3542271631226812 -0.33539874150191795
0.3542271631226812 -0.33539874150191795
-0.058116657932486215 -0.3899434677007916
0.1480552525950975 -0.36267110460135477
0.2511412078588894 -0.34903492305163636
0.2511412078588894 -0.34903492305163636
0.2511412078588894 -0.34903492305163636
1.2985390147089197 1.0134833206195955
0.7748401112839046 0.3322241987839795
0.512990659571397 -0.00840536213382842
0.3820659337151432 -0.1787201425927324
0.3166035707870163 -0.2638775328221844
0.3166035707870163 -0.2638775328221844
0.3166035707870163 -0.2638775328221844
-0.4789877916061709 -0.7611326907592737
-0.0811921104095773 -0.5125051117907291
0.11770573018871949 -0.3881913223064567
0.2171546504878679 -0.32603442756432055
0.2668791106374421 -0.2949559801932525
0.2668791106374421 -0.2949559801932525
0.2668791106374421 -0.2949559801932525
0.46742709696491147 0.1941401900635601
0.3671531038011768 -0.05040789506484619
0.3170161072193094 -0.17268193762904932
0.29194760892837573 -0.2338189589111509
0.27941335978290893 -0.2643874695522017
0.27941335978290893 -0.2643874695522017
0.27941335978290893 -0.2643874695522017
-0.04544665279859805 -0.3105187420757628
0.11698335349215544 -0.28745310581398226
0.19819835663753219 -0.27592028768309196
0.19819835663753219 -0.27592028768309196
0.19819835663753219 -0.27592028768309196
1.0307703403623607 0.8016888592675084
0.6144843484999464 0.26288428579220824
0.40634135256873927 -0.00651800094544186
0.3022698546031357 -0.1412191443142669
0.250234105620334 -0.20856971599867943
0.250234105620334 -0.20856971599867943
0.250234105620334 -0.20856971599867943
-0.3772996177308784 -0.6023692784579584
-0.0635327560552722 -0.40546949722831893
0.0933506747825309 -0.30701960661349914
0.17179239020143244 -0.2577946613060893
0.21101324791088322 -0.23318218865238438
0.21101324791088322 -0.23318218865238438
0.21101324791088322 -0.23318218865238438
0.3699567881172375 0.1519493991248952
0.29048501801406035 -0.040616394763744595
0.2507491329624718 -0.13689929170806447
0.23088119043667749 -0.18504074018022443
0.22094721917378035 -0.2091114644163044
0.22094721917378035 -0.2091114644163044
0.22094721917378035 -0.2091114644163044
-0.034150926594136766 -0.24551363556749956
0.09339814628982179 -0.22731254999190198
0.15717268273180107 -0.2182120072041032
0.15717268273180107 -0.2182120072041032
0.15717268273180107 -0.2182120072041032
0.810523246149865 0.6271149772051171
0.48384796444083306 0.20445148500050694
0.32051032358631704 -0.006880261101798124
0.23884150315905905 -0.11254613415295066
0.19800709294543006 -0.16537907067852692
0.19800709294543006 -0.16537907067852692
0.19800709294543006 -0.16537907067852692
-0.29385088049144037 -0.47320700141959254
-0.04792189377300515 -0.31929303604905973
0.07504259958621246 -0.24233605336379332
0.13652484626582126 -0.20385756202116012
0.16726596960562568 -0.18461831634984352
0.16726596960562568 -0.18461831634984352
0.16726596960562568 -0.18461831634984352
0.2910113136361906 0.1172768937383741
0.22913864162090813 -0.03367071130573471
0.1982023056132669 -0.10914451382778911
0.1827341376094463 -0.1468814150888163
0.17500005360753598 -0.16574986571932993
0.17500005360753598 -0.16574986571932993
0.17500005360753598 -0.16574986571932993
-0.024905147648938586 -0.19330213843476252
0.0750474529792987 -0.17952600207704622
0.12502375329341733 -0.17263793389818807
0.12502375329341733 -0.17263793389818807
0.12502375329341733 -0.17263793389818807
0.6336035978816156 0.4870714480754219
0.3793136755875165 0.1572167570886169
0.2521687144404669 -0.007710588404785584
0.18859623386694213 -0.09017426115148683
0.15680999358017972 -0.13140609752483745
0.15680999358017972 -0.13140609752483745
0.15680999358017972 -0.13140609752483745
-0.2271514790797453 -0.3700026656051496
-0.035170742749782796 -0.25070438156499353
0.06081962541519846 -0.1910552395449155
0.1088148094976891 -0.16123066853487647
0.1328124015389344 -0.14631838302985695
0.1328124015389344 -0.14631838302985695
0.1328124015389344 -0.14631838302985695
0.22802298418105132 0.08964478778326482
0.18041769285999287 -0.028336797623296064
0.15661504719946362 -0.0873275903265765
0.14471372436919902 -0.11682298667821672
0.14471372436919902 -0.11682298667821672
0.14471372436919902 -0.11682298667821672
-0.2632251221664075 -0.3927399694617382
-0.059255698898604214 -0.2547814780699775
0.0427290127352974 -0.1858022323740971
0.09372136855224822 -0.1513126095261569
0.11921754646072362 -0.13406779810218683
0.11921754646072362 -0.13406779810218683
0.11921754646072362 -0.13406779810218683
0.2374241488362508 0.1117422495874828
0.1783208476484872 -0.011162774257352015
0.1487691970546054 -0.07261528617976942
0.13399337175766451 -0.10334154214097813
0.12660545910919407 -0.11870467012158248
0.12660545910919407 -0.11870467012158248
0.12660545910919407 -0.11870467012158248
-0.03210163548418435 -0.15387572348246653
0.04725191181250486 -0.1362901968020245
0.08692868546084948 -0.12749743346180348
0.10676707228502177 -0.12310105179169298
0.10676707228502177 -0.12310105179169298
0.10676707228502177 -0.12310105179169298
0.2492383924920028 0.13514716123824436
0.17800273238851227 0.006023054723275689
0.14238490233676704 -0.058538998534208644
0.1245759873108944 -0.09082002516295082
0.11567152979795808 -0.1069605384773219
0.11567152979795808 -0.1069605384773219
0.11567152979795808 -0.1069605384773219
-0.04709498624855191 -0.15779212129847728
0.03428827177470309 -0.1323763298878996
0.07497990078633059 -0.11966843418261075
0.09532571529214434 -0.11331448632996632
0.09532571529214434 -0.11331448632996632
0.09532571529214434 -0.11331448632996632
0.26337896241321634 0.15968559366866641
0.17935233885268034 0.023185553669350045
0.13733902707241236 -0.04506446633030814
0.11633237118227835 -0.07918947633013723
0.10582904323721135 -0.09625198133005178
0.10582904323721135 -0.09625198133005178
0.10582904323721135 -0.09625198133005178
-0.06230247322532309 -0.16287082981927375
0.021763285005944127 -0.12956140557466278
0.06379616412157774 -0.11290669345235727
0.08481260367939454 -0.10457933739120452
0.08481260367939454 -0.10457933739120452
0.08481260367939454 -0.10457933739120452
0.27946609011189993 0.18526702972612819
0.18213934689564726 0.040343846167461825
0.1334759752875209 -0.03211774561187135
0.10914428948345772 -0.06834854150153793
0.09697844658142613 -0.08646393944637124
0.09697844658142613 -0.08646393944637124
0.09697844658142613 -0.08646393944637124
-0.0779126497981765 -0.16925307823722513
0.009532898391624814 -0.12785850884179817
0.05325567248652547 -0.10716122414408472
0.0751170595339758 -0.09681258179522798
0.08604775305770096 -0.0916382606207996
0.08604775305770096 -0.0916382606207996
0.08604775305770096 -0.0916382606207996
0.10999799326556942 0.021503505410301216
0.09802287316163519 -0.035067377605249195
0.09203531310966807 -0.0633528191130244
0.08904153308368451 -0.077495539866912
0.08904153308368451 -0.077495539866912
0.08904153308368451 -0.077495539866912
-0.0943043020360439 -0.17724186762601218
-0.0026313844761796934 -0.1273687037464621
0.04320507430375241 -0.10243212180668705
0.06612330369371847 -0.08996383083679953
0.07758241838870149 -0.08372968535185576
0.07758241838870149 -0.08372968535185576
0.07758241838870149 -0.08372968535185576
0.11247298840403501 0.03205938141428884
0.09502770339636825 -0.025835151968783464
0.08630506089253487 -0.05478241866031962
0.08194373964061819 -0.06925605200608768
0.08194373964061819 -0.06925605200608768
0.08194373964061819 -0.06925605200608768
-0.11146795139562865 -0.1868237581305619
-0.014762105877505233 -0.1280399050683248
0.033590816881556476 -0.09864797853720624
0.05776727826108733 -0.08395201527164696
0.06985550895085275 -0.07660403363886732
0.06985550895085275 -0.07660403363886732
0.06985550895085275 -0.07660403363886732
0.11584066560459484 0.042794426109618366
0.0928480872777238 -0.016904803764624478
0.08135179811428828 -0.0467544187017459
0.07560365353257051 -0.06167922617030661
0.07560365353257051 -0.06167922617030661
0.07560365353257051 -0.06167922617030661
-0.1294301345977901 -0.197879270973723
-0.026913240532609795 -0.1297792485720148
0.024345206499980357 -0.09572923737116071
0.04997443001627543 -0.07870423177073366
0.06278904177442297 -0.07019172897052013
0.06278904177442297 -0.07019172897052013
0.06278904177442297 -0.07019172897052013
0.12016803250835244 0.053824800064381534
0.0914785371413877 -0.008183464453069299
0.07713378945790533 -0.03918759671179471
0.06996141561616416 -0.05468966284115742
0.06637522869529357 -0.062440695905838776
0.06637522869529357 -0.062440695905838776
0.06637522869529357 -0.062440695905838776
-0.014118592856596598 -0.07839226170342148
0.026128317919348484 -0.07041647880463012
0.046251773307321026 -0.06642858735523445
0.056313501001307296 -0.06443464163053661
0.056313501001307296 -0.06443464163053661
0.056313501001307296 -0.06443464163053661
0.12558956633818102 0.06534168808932997
0.09095153366974416 0.00045352322939667955
0.07363251733552573 -0.031990559200569965
0.06497300916841652 -0.04821260041555329
0.0606432550848619 -0.056323621023044945
0.0606432550848619 -0.056323621023044945
0.0606432550848619 -0.056323621023044945
-0.021573995800067122 -0.07996538301230667
0.01953462964239739 -0.0681445020176758
0.04008894236362964 -0.06223406152036037
0.05036609872424577 -0.05927884127170266
0.05036609872424577 -0.05927884127170266
0.05036609872424577 -0.05927884127170266
0.1321154216629478 0.07738491362073366
0.09124076019359678 0.0090530361745155
0.07080342945892128 -0.02511290254859358
0.060584764091583525 -0.04219587191014812
0.05547543140791465 -0.05073735659092539
0.05547543140791465 -0.05073735659092539
0.05547543140791465 -0.05073735659092539
-0.029162316479191874 -0.08219977413098727
0.013156557464361389 -0.06646856536095633
0.03431599443613802 -0.05860296097594086
0.044895712922026335 -0.05467015878343312
0.044895712922026335 -0.05467015878343312
0.044895712922026335 -0.05467015878343312
0.13972174125803588 0.09001063529737335
0.09230872709003111 0.017670238256970117
0.06860222000602872 -0.018499960263231502
0.05674896646402753 -0.03658505952333231
0.050822339693026936 -0.045627609153382716
0.050822339693026936 -0.045627609153382716
0.050822339693026936 -0.045627609153382716
-0.036958729783554675 -0.08512885530002762
0.00693180495473613 -0.06537823222670516
0.028877072323881533 -0.055502920690043936
0.039849706008454236 -0.05056526492171333
0.045336022850740586 -0.04809643703754802
0.045336022850740586 -0.04809643703754802
0.045336022850740586 -0.04809643703754802
0.05577750630213801 0.00911114223102865
0.050556764576439296 -0.019492647403259684
0.04794639371358994 -0.03379454222040385
0.04664120828216527 -0.040945489628975935
0.04664120828216527 -0.040945489628975935
0.04664120828216527 -0.040945489628975935
-0.045067136720155415 -0.08881422899446867
0.0007870357810049258 -0.0648798593117223
0.023714122031585096 -0.052912674470349114
0.03517766515687518 -0.04692908204966253
0.04090943671952022 -0.04393728583931923
0.04090943671952022 -0.04393728583931923
0.04090943671952022 -0.04393728583931923
0.05677739933869951 0.014387594795717017
0.04884341802910987 -0.014774845521801108
0.04487642737431505 -0.02935606568056017
0.04289293204691763 -0.0366466757599397
0.04289293204691763 -0.0366466757599397
0.04289293204691763 -0.0366466757599397
-0.053534722388957345 -0.09327130879715595
-0.005320895171019857 -0.06495899227854782
0.018786018437948887 -0.05080283401924376
0.03083947524243326 -0.04372475488959173
0.036866203644675445 -0.04018571532476571
0.036866203644675445 -0.04018571532476571
0.036866203644675445 -0.04018571532476571
0.05825806509433273 0.019756910154880007
0.047562134369504086 -0.010214402584942852
0.04221416900708977 -0.025200058954854283
0.039540186325882604 -0.032692887139809994
0.039540186325882604 -0.032692887139809994
0.039540186325882604 -0.032692887139809994
-0.06241642180857211 -0.0985072800960497
-0.011438117741344754 -0.06560008361792985
0.014051034292268925 -0.04914648537886992
0.026795610309075762 -0.040919686259339956
0.03316789831747918 -0.036806286699574975
0.03316789831747918 -0.036806286699574975
0.03316789831747918 -0.036806286699574975
0.06023693836098624 0.02526940138788586
0.04670241833923271 -0.005768442655844558
0.039935158328355945 -0.021287364677709766
0.03655152832291757 -0.02904682568864237
0.034859713320198375 -0.03292655619410867
0.034859713320198375 -0.03292655619410867
0.034859713320198375 -0.03292655619410867
-0.005780354071019775 -0.03965578904718946
0.0145396796245893 -0.03629117262064906
0.02469969647239384 -0.03460886440737887
0.029779704896296107 -0.03376771030074377
0.029779704896296107 -0.03376771030074377
0.029779704896296107 -0.03376771030074377
0.06274361913359763 0.030986088330932526
0.04626166201494687 -0.0013908109849056216
0.038020683455621485 -0.017579260642824696
0.0339001941759588 -0.025673485471784233
0.031839949536127454 -0.029720597886264
0.031839949536127454 -0.029720597886264
0.031839949536127454 -0.029720597886264
-0.009519971251462075 -0.04028858564728762
0.01115998914233269 -0.03500459176677581
0.021499969339230072 -0.0323625948265199
0.02666995943767876 -0.031041596356391955
0.02666995943767876 -0.031041596356391955
0.02666995943767876 -0.031041596356391955
0.06579229831129042 0.03694794205458835
0.04623112887448459 0.0029531728490981984
0.03645054415608168 -0.014044211753646878
0.03156025179688022 -0.022542904055019415
0.02911510561727949 -0.026792250205705685
0.02911510561727949 -0.026792250205705685
0.02911510561727949 -0.026792250205705685
-0.013322101501829161 -0.04126728892751951
0.007896502057725165 -0.0340297695666126
0.018505803837502326 -0.030411009886159142
0.02381045472739091 -0.028601630045932414
0.02381045472739091 -0.028601630045932414
0.02381045472739091 -0.028601630045932414
0.06939711192022055 0.04319979525032326
0.04660378332380573 0.007299082602195424
0.03520711902559832 -0.010651273721868495
0.029508786876494615 -0.019626451883900456
0.02665962080194276 -0.024114040964916435
0.02665962080194276 -0.024114040964916435
0.02665962080194276 -0.024114040964916435
-0.017221199578141683 -0.04260140594805016
0.004719210611900539 -0.0333577234564833
0.01568941570692165 -0.028735882210699865
0.021174518254432204 -0.02642496158780815
0.023917069528187482 -0.025269501276362294
0.023917069528187482 -0.025269501276362294
0.023917069528187482 -0.025269501276362294
0.028185947350081616 0.0035986277379767596
0.02605150843913455 -0.010835436769192767
0.024984288983661014 -0.01805246902277753
0.024984288983661014 -0.01805246902277753
0.024984288983661014 -0.01805246902277753
-0.07069578944334692 -0.09220717285766161
-0.02285575022984295 -0.05512982094021957
0.0010642693769090314 -0.036591144981498555
0.013024279180285023 -0.027321807002138043
0.01900428408197302 -0.022687138012457787
0.01900428408197302 -0.022687138012457787
0.01900428408197302 -0.022687138012457787
0.05369470631339811 0.03285284949138096
0.03634949519768556 0.005082855739461586
0.02767688963982929 -0.0088021411364981
0.023340586860901152 -0.015744639574477942
0.021172435471437087 -0.019215888793467865
0.021172435471437087 -0.019215888793467865
0.021172435471437087 -0.019215888793467865
-0.012894587100616126 -0.03308510252707497
0.004138924185410481 -0.026150495660271417
0.012655679828423784 -0.022683192226869642
0.016914057649930436 -0.020949540510168754
0.019043246560683763 -0.02008271465181831
0.019043246560683763 -0.02008271465181831
0.019043246560683763 -0.02008271465181831
0.02199429504986919 0.0024345816979339796
0.020518770805276476 -0.008824066476942165
0.01978100868298012 -0.014453390564380237
0.01978100868298012 -0.014453390564380237
0.01978100868298012 -0.014453390564380237
-0.05404424406521187 -0.07115767615285394
-0.017131617691115875 -0.04280553335861709
0.0013246954959321225 -0.028629461961498664
0.010552852089456121 -0.02154142626293945
0.01516693038621812 -0.017997408413659842
0.01516693038621812 -0.017997408413659842
0.01516693038621812 -0.017997408413659842
0.04154830177460422 0.024968203518090537
0.028357616080411166 0.0034853975522153476
0.021762273233314644 -0.007256005430722247
0.018464601809766383 -0.012626706922191044
0.016815766097992253 -0.015312057667925443
0.016815766097992253 -0.015312057667925443
0.016815766097992253 -0.015312057667925443
-0.00963783023747792 -0.025699785760012687
0.0035889679302571666 -0.020505921713969064
0.010202367014124709 -0.017908989690947254
0.01350906655605848 -0.01661052367943635
0.01350906655605848 -0.01661052367943635
0.01350906655605848 -0.01661052367943635
0.043971439042169436 0.028913699971542875
0.02874025279911396 0.006151588146053263
0.02112465967758622 -0.005229467766691543
0.017316863116822352 -0.010919995723063947
0.015412964836440415 -0.013765259701250148
0.015412964836440415 -0.013765259701250148
0.015412964836440415 -0.013765259701250148
-0.012066923607211698 -0.02665445954559552
0.0016730206146143584 -0.02020985962342283
0.008542992725527387 -0.01698755966233649
0.011977978780983901 -0.01537640968179332
0.013695471808712157 -0.014570834691521733
0.013695471808712157 -0.014570834691521733
0.013695471808712157 -0.014570834691521733
0.017351630198343335 0.003219918586609735
0.015523551003527746 -0.005675458052455999
0.014609511406119952 -0.010123146371988866
0.014152491607416055 -0.0123469905317553
0.014152491607416055 -0.0123469905317553
0.014152491607416055 -0.0123469905317553
-0.014590897509022038 -0.027839275870220996
-0.00021920295080299183 -0.02009313320098815
0.006966644328306531 -0.016220061866371725
0.010559567967861293 -0.014283526199063512
0.012356029787638674 -0.013315258365409406
0.012356029787638674 -0.013315258365409406
0.012356029787638674 -0.013315258365409406
0.017688408609482908 0.004853761659971331
0.015022219198560791 -0.0042307483527190375
0.013689124493099732 -0.00877300335906422
0.013022577140369203 -0.011044130862236814
0.013022577140369203 -0.011044130862236814
0.013022577140369203 -0.011044130862236814
-0.017230839603164728 -0.029263193933062523
-0.0021041312313977625 -0.02015366239764967
0.00545922295448572 -0.015598896629943241
0.009240900047427461 -0.013321513746090028
0.011131738593898332 -0.012182822304163421
0.011131738593898332 -0.012182822304163421
0.011131738593898332 -0.012182822304163421
0.018178591622365327 0.006522061974169697
0.01465516510813183 -0.002830380164996862
0.012893451851015082 -0.007506601234580142
0.012012595222456707 -0.00984471176937178
0.012012595222456707 -0.00984471176937178
0.012012595222456707 -0.00984471176937178
-0.020008873281572234 -0.030936742799641426
-0.003998139029557764 -0.020390727284506603
0.0040072280964494715 -0.015117719526939192
0.008009911659453089 -0.012481215648155486
0.010011253440954899 -0.011162963708763633
0.010011253440954899 -0.011162963708763633
0.010011253440954899 -0.011162963708763633
0.018825911916151197 0.008239402715509072
0.01441858267855305 -0.0014617804966272803
0.012214918059753974 -0.006312372102695456
0.011113085750354437 -0.008737667905729544
0.010562169595654668 -0.009950315807246589
0.010562169595654668 -0.009950315807246589
0.010562169595654668 -0.009950315807246589
-0.0020615359178286358 -0.01231723288790605
0.004250316838913016 -0.01113377434757632
0.007406243217283842 -0.010542045077411454
0.008984206406469256 -0.010246180442329021
0.008984206406469256 -0.010246180442329021
0.008984206406469256 -0.010246180442329021
0.019635711358750398 0.010021026318802737
0.014309958882609827 -0.00011257706176314233
0.011647082644539541 -0.005179378752046082
0.010315644525504397 -0.0077127795971875515
0.009649925465986827 -0.008979480019758287
0.009649925465986827 -0.008979480019758287
0.009649925465986827 -0.008979480019758287
-0.003220624902929835 -0.012534958040659308
0.003214650281528496 -0.010757219030208797
0.006432287873757662 -0.009868349524983541
0.008041106669872244 -0.009423914772370914
0.008041106669872244 -0.009423914772370914
0.008041106669872244 -0.009423914772370914
0.020614171157585758 0.011882027254127544
0.014327638913729 0.0012290562408783148
0.011184372791800623 -0.0040974292657463
0.009612739730836433 -0.006760672019058607
0.008826923200354338 -0.00809229339571476
0.008826923200354338 -0.00809229339571476
0.008826923200354338 -0.00809229339571476
-0.004402268545257304 -0.01286160256219508
0.002212327327548517 -0.010476947978954921
0.005519625263951427 -0.00928462068733484
0.007173274232152882 -0.0086884570415248
0.007173274232152882 -0.0086884570415248
0.007173274232152882 -0.0086884570415248
0.021768755462242183 0.013838174233118077
0.014471014847197532 0.0025748585957966388
0.010822144539675206 -0.0030567992228640803
0.008997709385914045 -0.00587262813219444
0.008085491809033464 -0.007280542586859619
0.008085491809033464 -0.007280542586859619
0.008085491809033464 -0.007280542586859619
-0.005616776314067713 -0.013299576727833462
0.0012343577474828752 -0.01029005965734654
0.004659924778258169 -0.00878530112210308
0.006372708293645816 -0.008032921854481349
0.0072291000513396405 -0.007656732220670485
0.0072291000513396405 -0.007656732220670485
0.0072291000513396405 -0.007656732220670485
0.008746076107637297 0.0013033564034886282
0.007987588079488468 -0.0031766879085909283
0.007608344065414055 -0.005416710064630707
0.007418722058376848 -0.006536721142650596
0.007418722058376848 -0.006536721142650596
0.007418722058376848 -0.006536721142650596
-0.006874804013909436 -0.013852345477115398
0.00027195902223370576 -0.010194533309882996
0.0038453405403052767 -0.008365627226266796
0.005632031299341062 -0.007451174184458696
0.0065253766788589546 -0.006993947663554646
0.0065253766788589546 -0.006993947663554646
0.0065253766788589546 -0.006993947663554646
0.008885496129789726 0.002125964002446728
0.00770543640432434 -0.002433991830553959
0.007115406541591648 -0.004713969747054302
0.006820391610225301 -0.005853958705304474
0.006820391610225301 -0.005853958705304474
0.006820391610225301 -0.005853958705304474
-0.0081871004789699 -0.014524147965356594
-0.0006833544343722991 -0.010189053335330534
0.003068518587926501 -0.008021506020317504
0.004944455099075901 -0.006937732362810989
0.005882423354650601 -0.006395845534057731
0.005882423354650601 -0.006395845534057731
0.005882423354650601 -0.006395845534057731
0.009102243042373084 0.002963203602035055
0.007492333198511842 -0.001716320966011338
0.006687378276581221 -0.004056083250034535
0.006284900815615911 -0.005225964392046133
0.006284900815615911 -0.005225964392046133
0.006284900815615911 -0.005225964392046133
-0.009564859418938337 -0.015320194251717845
-0.0016399793016612131 -0.010273079321881989
0.002322460756977349 -0.007749521856964061
0.00430368078629663 -0.006487743124505097
0.00529429080095627 -0.005856853758275615
0.00529429080095627 -0.005856853758275615
0.00529429080095627 -0.005856853758275615
0.0093978719876075 0.0038223739877543024
0.007346081394281885 -0.001017239885260656
0.006320186097619078 -0.0034370468217681353
0.005807238449287674 -0.004646950290021875
0.005550764625121972 -0.005251902024148745
0.005550764625121972 -0.005251902024148745
0.005550764625121972 -0.005251902024148745
-0.0008110159214457166 -0.006212282288534418
0.0023698743518381278 -0.0057320921563415814
0.00396031948848005 -0.005491997090245163
0.00396031948848005 -0.005491997090245163
0.00396031948848005 -0.005491997090245163
0.020360280635925453 0.01563420109375263
0.012160300062202752 0.005071102001753734
0.0080603097753414 -0.00021044754424571436
0.006010314631910726 -0.0028512223172454387
0.004985317060195388 -0.004171609703745301
0.004985317060195388 -0.004171609703745301
0.004985317060195388 -0.004171609703745301
-0.007271854184804499 -0.011850274158341587
-0.0011432685623045556 -0.008010941931043444
0.0019210242489454163 -0.006091275817394373
0.0034531706545704024 -0.005131442760569837
0.004219243857382895 -0.004651526232157569
0.004219243857382895 -0.004651526232157569
0.004219243857382895 -0.004651526232157569
0.007296994602311631 0.0028616506414986254
0.0057581192298472635 -0.0008949377953294717
0.004988681543615079 -0.0027732320137435203
0.004603962700498987 -0.0037123791229505447
0.004411603278940941 -0.004181952677554056
0.004411603278940941 -0.004181952677554056
0.004411603278940941 -0.004181952677554056
-0.0005500317139518094 -0.004846772848017679
0.0019307857824945656 -0.0045143627627858675
0.003171194530717753 -0.004348157720169962
0.003171194530717753 -0.004348157720169962
0.003171194530717753 -0.004348157720169962
0.01570915050282387 0.011949516990274264
0.00944017251677081 0.003800679635052151
0.006305683523744282 -0.00027373904255890546
0.0047384390272310175 -0.0023109483813644337
0.003954816778974386 -0.0033295530507671976
0.003954816778974386 -0.0033295530507671976
0.003954816778974386 -0.0033295530507671976
-0.005525769595349125 -0.00916793107340515
-0.0007854764081873696 -0.006248742062086175
0.001584670185393508 -0.0047891475564266865
0.002769743482183947 -0.004059350303596942
0.0033622801305791664 -0.0036944516771820696
0.0033622801305791664 -0.0036944516771820696
0.0033622801305791664 -0.0036944516771820696
0.005667190184886532 0.00213884642620182
0.004514735157732849 -0.0007778026254901247
0.003938507644156008 -0.0022361271513360974
0.003650393887367587 -0.0029652894142590835
0.003650393887367587 -0.0029652894142590835
0.003650393887367587 -0.0029652894142590835
-0.006396073432509676 -0.009703891787370883
-0.0013728397725710447 -0.006334590600814984
0.0011387770573982711 -0.0046499400075370335
0.002394585472382929 -0.0038076147108980583
0.0030224896798752583 -0.003386452062578571
0.0030224896798752583 -0.003386452062578571
0.0030224896798752583 -0.003386452062578571
0.005878786258355086 0.0026743332550843014
0.004450637969115172 -0.00035605940374713483
0.003736563824495215 -0.001871255733162853
0.0033795267521852367 -0.0026288538978707122
0.0032010082160302475 -0.0030076529802246415
0.0032010082160302475 -0.0030076529802246415
0.0032010082160302475 -0.0030076529802246415
-0.0007197698366955716 -0.003824084082107454
0.001240619189667338 -0.0034158685311660476
0.0022208137028487925 -0.0032117607556953445
0.00271091095943952 -0.003109706867959993
0.00271091095943952 -0.003109706867959993
0.00271091095943952 -0.003109706867959993
0.006141003712499276 0.0032307102885558714
0.004425957335969398 6.050171029793909e-05
0.003568434147704459 -0.001524602578831027
0.0031396725535719895 -0.0023171547233955102
0.0029252917565057547 -0.0027134307956777517
0.0029252917565057547 -0.0027134307956777517
0.0029252917565057547 -0.0027134307956777517
-0.0010796930139786798 -0.00389904294488227
0.0009227993712635375 -0.003306236870280011
0.001924045563884646 -0.003009833832978881
0.0024246686601952 -0.0028616323143283167
0.0024246686601952 -0.0028616323143283167
0.0024246686601952 -0.0028616323143283167
0.0064558955782455605 0.0038127564815885755
0.00444028211922038 0.0004755620836301294
0.0034324753897077903 -0.0011930351153490936
0.0029285720249514952 -0.0020273337148387052
0.0026766203425733475 -0.002444483014583511
0.0026766203425733475 -0.002444483014583511
0.0026766203425733475 -0.002444483014583511
-0.0014473431014075267 -0.004007886219680897
0.0006146386205829104 -0.003226184617132204
0.001645629481578129 -0.0028353338158578576
0.0021611249120757382 -0.002639908415220684
0.0021611249120757382 -0.002639908415220684
0.0021611249120757382 -0.002639908415220684
0.006825962033917688 0.004425454317625756
0.004493543472996713 0.000892772951202536
0.0033273341925362256 -0.000873567732009074
0.002744229552305982 -0.001756738073614879
0.00245267723219086 -0.0021983232444177814
0.00245267723219086 -0.0021983232444177814
0.00245267723219086 -0.0021983232444177814
-0.0018259133593153975 -0.004151406753904198
0.00031338193643773134 -0.0031748649991609895
0.0013830295843142958 -0.0026865941217893855
0.001917853408252578 -0.0024424586831035835
0.002185265320221719 -0.0023203909637606827
0.002185265320221719 -0.0023203909637606827
0.002185265320221719 -0.0023203909637606827
0.0027141384282767527 0.00046131652155794595
0.002449701874249236 -0.0009295372211013684
0.0023174835972354776 -0.0016249640924310255
0.002251374458728598 -0.0019726775280958543
0.002251374458728598 -0.0019726775280958543
0.002251374458728598 -0.0019726775280958543
-0.0022186808294868262 -0.004330701001467871
1.634681462088592e-05 -0.0031516892647818627
0.001133860636674742 -0.0025621833964388583
0.00169261754770167 -0.0022674304622673563
0.001971996003215134 -0.0021200539951816053
0.001971996003215134 -0.0021200539951816053
0.001971996003215134 -0.0021200539951816053
0.0027626924420776624 0.0007166716793116285
0.0023673442226463982 -0.0007016911579349884
0.002169670112930766 -0.0014108725765582968
0.0020708330580729503 -0.001765463285869951
0.0020708330580729503 -0.001765463285869951
0.0020708330580729503 -0.001765463285869951
-0.0026290240312097342 -0.004547167991984364
-0.00027909548656839195 -0.0031563156389271575
0.0008958687857522792 -0.0024608894623985543
0.0014833509219126149 -0.0021131763741342527
0.0017770919899927826 -0.0019393198300021019
0.0017770919899927826 -0.0019393198300021019
0.0017770919899927826 -0.0019393198300021019
0.0028352789036034144 0.000977076144136319
0.0023061854467980986 -0.0004811218429328914
0.0020416387183954405 -0.0012102208364674965
0.0019093653541941116 -0.0015747703332347992
0.0019093653541941116 -0.0015747703332347992
0.0019093653541941116 -0.0015747703332347992
-0.003060459974269214 -0.004802524547499873
-0.0005755473100375512 -0.0031886474403673365
0.0006669090220782802 -0.0023817088868010677
0.0012881371881361958 -0.0019782396100179334
0.0015987512711651537 -0.0017765049716263663
0.0015987512711651537 -0.0017765049716263663
0.0015987512711651537 -0.0017765049716263663
0.0029324190591611407 0.0012447934315429991
0.0022655851651631476 -0.0002658557700416836
0.0019321682181641505 -0.001021180370834025
0.001765459744664652 -0.0013988426712301955
0.001682105507914903 -0.001587673821428281
0.001682105507914903 -0.001587673821428281
0.001682105507914903 -0.001587673821428281
-0.0002921290528462117 -0.0019270164560824534
0.0006949882275343456 -0.0017573451387553672
0.0011885468677246243 -0.0016725094800918241
0.0014353261878197637 -0.0016300916507600526
0.0014353261878197637 -0.0016300916507600526
0.0014353261878197637 -0.0016300916507600526
0.0030548483441846658 0.001522141503238781
0.002245087266002215 -5.397507376063578e-05
0.0018402067269109891 -0.0008420333622603442
0.0016377664573653764 -0.0012360625065101984
0.00153654632259257 -0.0014330770786351254
0.00153654632259257 -0.0014330770786351254
0.00153654632259257 -0.0014330770786351254
-0.00047335875863833065 -0.001958168957129368
0.0005315937819771197 -0.0016956230178822467
0.0010340700522848449 -0.001564350048258686
0.0012853081874387075 -0.0014987135634469057
0.0012853081874387075 -0.0014987135634469057
0.0012853081874387075 -0.0014987135634469057
0.0032035182998304663 0.0018115089012710084
0.002244413243634587 0.00015639766891205136
0.0017648607155366473 -0.0006711579472674272
0.0015250844514876774 -0.0010849357553571666
0.0014051963194631925 -0.001291824659402036
0.0014051963194631925 -0.001291824659402036
0.0014051963194631925 -0.001291824659402036
-0.0006578624576459272 -0.0020063718471048037
0.00037366693090863266 -0.0016490982532534199
0.0008894316251859126 -0.001470461456327728
0.0011473139723245525 -0.001381143057864882
0.0011473139723245525 -0.001381143057864882
0.0011473139723245525 -0.001381143057864882
0.003379605721246789 0.0021153783391403193
0.002263459846785671 0.0003671176406377188
0.0017053869095551115 -0.0005070127086135816
0.001426350440939832 -0.0009440778832392317
0.0012868322066321924 -0.0011626104705520569
0.0012868322066321924 -0.0011626104705520569
0.0012868322066321924 -0.0011626104705520569
-0.0008472452553911949 -0.0020719657326853788
0.00021979347562049874 -0.0016172881016187177
0.0007533128411263456 -0.0013899492860853873
0.0010200725238792689 -0.001276279878318722
0.0011534523652557307 -0.0012194451744353895
0.0011534523652557307 -0.0012194451744353895
0.0011534523652557307 -0.0012194451744353895
0.0013686396605662422 0.00018219166765820558
0.0012610460129109866 -0.000518626753388592
0.0012072491890833586 -0.0008690359639119908
0.0012072491890833586 -0.0008690359639119908
0.0012072491890833586 -0.0008690359639119908
-0.003454934901692813 -0.004493076562105443
-0.0011238428563047273 -0.002681056263008717
4.170316638931566e-05 -0.001775046113460354
0.0006244761777363372 -0.0013220410386861722
0.000915862683409848 -0.0010955385012990815
0.000915862683409848 -0.0010955385012990815
0.000915862683409848 -0.0010955385012990815
0.0026140409354650958 0.0016083408482510154
0.0017649518094374718 0.00025640117347596695
0.0013404072464236597 -0.0004195686639115573
0.001128134964916754 -0.0007575535826053195
0.0010219988241633008 -0.0009265460419522005
0.0010219988241633008 -0.0009265460419522005
0.0010219988241633008 -0.0009265460419522005
-0.0006344342681689188 -0.0016087062230328714
0.000193782277997191 -0.001267626132492536
0.0006078905510802459 -0.0010970860872223682
0.0008149446876217734 -0.0010118160645872843
0.0009184717558925371 -0.0009691810532697424
0.0009184717558925371 -0.0009691810532697424
0.0009184717558925371 -0.0009691810532697424
0.001067747321282074 0.0001239213458875619
0.0009931095385873057 -0.00042262985369109025
0.0009557906472399214 -0.0006959054534804163
0.0009557906472399214 -0.0006959054534804163
0.0009557906472399214 -0.0006959054534804163
-0.002640727439405512 -0.003466574992066856
-0.0008424683960827953 -0.002081240222773636
5.6661125578563016e-05 -0.0013885728381270261
0.0005062258864092421 -0.0010422391458037212
0.0007310082668245817 -0.0008690722996420688
0.0007310082668245817 -0.0008690722996420688
0.0007310082668245817 -0.0008690722996420688
0.002022272408070151 0.001222232398653799
0.0013766403374473662 0.00017658004950586509
0.001053824302135974 -0.00034624612506810185
0.0008924162844802779 -0.0006076592123550853
0.0008117122756524298 -0.000738365755998577
0.0008117122756524298 -0.000738365755998577
0.0008117122756524298 -0.000738365755998577
-0.00047430225800158766 -0.0012493410150265219
0.00016870500882542108 -0.0009938533855125495
0.0004902086422389255 -0.0008661095707555633
0.0006509604589456776 -0.0008022376633770702
0.0006509604589456776 -0.0008022376633770702
0.0006509604589456776 -0.0008022376633770702
0.0021408066051486242 0.0014142078164559656
0.001395883532047151 0.0003059850765394477
0.0010234219954964143 -0.00024812629341881126
0.000837191227221046 -0.0005251819783979408
0.0007440758430833618 -0.0006637098208875055
0.0007440758430833618 -0.0006637098208875055
0.0007440758430833618 -0.0006637098208875055
-0.0005923544698272044 -0.0012962470927391332
7.586068662807869e-05 -0.0009799784568133192
0.00040996826485572023 -0.0008218441388504124
0.000577022053969541 -0.000742776979868959
0.0006605489485264513 -0.0007032434003782322
0.0006605489485264513 -0.0007032434003782322
0.0006605489485264513 -0.0007032434003782322
0.000842607834986746 0.00016071185198728564
0.0007515783917565987 -0.00027126577419547327
0.000706063670141525 -0.00048725458728685273
0.0006833063093339882 -0.0005952489938325425
0.0006833063093339882 -0.0005952489938325425
0.0006833063093339882 -0.0005952489938325425
-0.0007150347814139752 -0.00135431225130558
-1.5864236039993523e-05 -0.0009747806225690612
0.0003337210366469973 -0.0007850148082008017
0.0005085136729904927 -0.0006901319010166722
0.0005959099911622404 -0.0006426904474246073
0.0005959099911622404 -0.0006426904474246073
0.0005959099911622404 -0.0006426904474246073
0.0008593204238693662 0.00024002033777121721
0.0007276152075158033 -0.00020133505482669502
0.0006617625993390219 -0.00042201275112565114
0.0006288362952506311 -0.0005323515992751292
0.0006288362952506311 -0.0005323515992751292
0.0006288362952506311 -0.0005323515992751292
-0.0008433983072287894 -0.00142399212056554
-0.00010728100598907911 -0.0009781718599203347
0.000260777644630776 -0.000755261729597732
0.00044480696994070356 -0.0006438066644364306
0.0005368216325956674 -0.0005880791318557799
0.0005368216325956674 -0.0005880791318557799
0.0005368216325956674 -0.0005880791318557799
0.0008835007694331468 0.00032105048790614997
0.0007101612010144071 -0.00013351432197481497
0.0006234914168050372 -0.0003607967269152974
0.0005801565247003524 -0.00047443792938553866
0.0005801565247003524 -0.00047443792938553866
0.0005801565247003524 -0.00047443792938553866
-0.0009785449576536626 -0.0015058420793741237
-0.00019919421647665515 -0.0009901400043798312
0.0001904811541118486 -0.0007322889668826849
0.00038531883940610045 -0.0006033634481341118
0.0004827376820532264 -0.0005389006887598252
0.0004827376820532264 -0.0005389006887598252
0.0004827376820532264 -0.0005389006887598252
0.0009153248894200153 0.00040450578463461573
0.0006990312857366209 -6.719745206260476e-05
0.0005908844838949237 -0.000303049070411215
0.000536811082974075 -0.00042097487958552015
0.0005097743825136507 -0.0004799377841726727
0.0005097743825136507 -0.0004799377841726727
0.0005097743825136507 -0.0004799377841726727
-0.00010315203921227927 -0.0005980080490667445
0.0002033111716506857 -0.0005389729166197086
0.0003565427770821682 -0.0005094553503961906
0.00043315857979790945 -0.0004946965672844317
0.00043315857979790945 -0.0004946965672844317
0.00043315857979790945 -0.0004946965672844317
0.0009550351286288236 0.0004911076238404766
0.0006940968542133665 -1.7944717219775096e-06
0.0005636277170056379 -0.0002482455195032046
0.0004983931484017737 -0.0003714710433938181
0.00046577586409984157 -0.0004330838053391249
0.00046577586409984157 -0.0004330838053391249
0.00046577586409984157 -0.0004330838053391249
-0.0001594168058278516 -0.000608846590459742
0.00015317952913599498 -0.0005209651978994334
0.00030947769661791825 -0.00047702450161927915
0.0003876267803588799 -0.000455054153479202
0.0003876267803588799 -0.000455054153479202
0.0003876267803588799 -0.000455054153479202
0.0010029418566873884 0.000581601439621772
0.0006952843185231342 6.3273643071285e-05
0.000541455549441007 -0.0001958902552039585
0.0004645411648999435 -0.00032547220434158027
0.0004260839726294117 -0.00039026317891039113
0.0004260839726294117 -0.00039026317891039113
0.0004260839726294117 -0.00039026317891039113
-0.00021680756174277828 -0.0006249811001899745
0.0001046382054433167 -0.0005076221395501828
0.0002653610890363642 -0.000448942659230287
0.000345722530832888 -0.0004196029190703391
0.000345722530832888 -0.0004196029190703391
0.000345722530832888 -0.0004196029190703391
0.0010594259138959482 0.0006767632277096385
0.000702574222364418 0.00012858015431964972
0.000524148376598653 -0.00014551138237534468
0.0004349354537157705 -0.0002825571507228419
0.0003903289922743292 -0.0003510800348965905
0.0003903289922743292 -0.0003510800348965905
0.0003903289922743292 -0.0003510800348965905
-0.000275823010315607 -0.0006465274943129833
5.725299097936111e-05 -0.0004988037646047868
0.00022379099162684517 -0.0004249418997506887
0.0003070599919505872 -0.0003880109673236396
0.0003486944921124582 -0.00036954550111011503
0.0003486944921124582 -0.00036954550111011503
0.0003486944921124582 -0.00036954550111011503
0.00042455934577824753 6.543937601185596e-05
0.00038662691894535286 -0.00015205306254912953
0.0003676607055289055 -0.0002607992818296223
0.00035817759882068184 -0.00031517239146986863
0.00035817759882068184 -0.00031517239146986863
0.00035817759882068184 -0.00031517239146986863
-0.0003369737098591301 -0.0006736486802746797
1.0601944480775872e-05 -0.0004944105358722741
0.00018438977165072886 -0.0004047914636710714
0.00027128368523570535 -0.00035998192757047
0.00031473064202819357 -0.0003375771595201693
0.00031473064202819357 -0.0003375771595201693
0.00031473064202819357 -0.0003375771595201693
0.0004315235248328324 0.0001053696419467248
0.000373127083430513 -0.00011610375878672225
0.0003439288627293533 -0.00022684045915344578
0.00032932975237877344 -0.0002822088093368075
0.00032932975237877344 -0.0002822088093368075
0.00032932975237877344 -0.0002822088093368075
-0.0004007864542649432 -0.0007065557175008969
-3.5728350943084876e-05 -0.0004943822634188522
0.00014680070071784428 -0.0003882955363778299
0.00023806522654830884 -0.0003352521728573187
0.00028369748946354117 -0.0003087304910970631
0.00028369748946354117 -0.0003087304910970631
0.00028369748946354117 -0.0003087304910970631
0.00044224475951234663 0.0001460307823560369
0.0003629711244879439 -8.13498543705131e-05
0.00032333430697574256 -0.0001950401727337881
0.00030351589821964186 -0.00025188533191542557
0.00030351589821964186 -0.00025188533191542557
0.00030351589821964186 -0.00025188533191542557
-0.0004678088565787975 -0.0007455094581098878
-8.214647917957781e-05 -0.0004986973950126567
0.00011068470952003203 -0.0003752913634640411
0.00020710030386983695 -0.00031358834768973335
0.0002553081010447394 -0.0002827368398025795
0.0002553081010447394 -0.0002827368398025795
0.0002553081010447394 -0.0002827368398025795
0.0004567989115983185 0.00018777645146930667
0.0003560535063215289 -4.748019416663641e-05
0.00030568080368313416 -0.00016510851698460795
0.0002804944523639368 -0.00022392267839359373
0.0002679012767043381 -0.0002533297590980866
0.0002679012767043381 -0.0002533297590980866
0.0002679012767043381 -0.0002533297590980866
-4.090757943632658e-05 -0.00030152308804140624
0.00011349684863400577 -0.00027742642356974644
0.00019069906266917195 -0.0002653780913339165
0.00019069906266917195 -0.0002653780913339165
0.00019069906266917195 -0.0002653780913339165
0.0009914978738281759 0.0007634593078059218
0.000591098468248674 0.00024904060823600265
0.0003908987654589229 -8.168741548956917e-06
0.0002907989140640474 -0.0001367734164414367
0.00024074898836660969 -0.0002010757538876766
0.00024074898836660969 -0.0002010757538876766
0.00024074898836660969 -0.0002010757538876766
-0.0003557043229705103 -0.0005766166880392361
-5.74776673019503e-05 -0.00038884622096345634
9.163566053232969e-05 -0.0002949609874255665
0.0001661923244494697 -0.0002480183706566215
0.0002034706564080397 -0.00022454706227214907
0.0002034706564080397 -0.00022454706227214907
0.0002034706564080397 -0.00022454706227214907
0.00035465219635612787 0.00014064334275170148
0.00027906142638208376 -4.1951859760223795e-05
0.00024126604139506174 -0.00013324946101618643
0.0002223683489015507 -0.00017889826164416774
0.0002129195026547952 -0.00020172266195815842
0.0002129195026547952 -0.00020172266195815842
0.0002129195026547952 -0.00020172266195815842
-2.7902340675135324e-05 -0.00023522341782962643
9.250858098982994e-05 -0.00021847303989389242
0.00015271404182231257 -0.0002100978509260254
0.00015271404182231257 -0.0002100978509260254
0.00015271404182231257 -0.0002100978509260254
0.0007649627294218789 0.0005835567890371834
0.00045883838562209577 0.000186729469055579
0.00030577621372220417 -1.1684190935223204e-05
0.00022924512777225837 -0.0001108910209306243
0.00019097958479728547 -0.00016049443592832486
0.00019097958479728547 -0.00016049443592832486
0.00019097958479728547 -0.00016049443592832486
-0.0002703319958894854 -0.0004460690029554439
-3.967620554609996e-05 -0.0003032817194418844
7.565168962559275e-05 -0.00023188807768510463
0.0001333156372114391 -0.00019619125680671475
0.0001621476110043623 -0.0001783428463675198
0.0001621476110043623 -0.0001783428463675198
0.0001621476110043623 -0.0001783428463675198
0.0002754166286689856 0.00010517140310046142
0.00021878211983667394 -3.6585721633529194e-05
0.00019046486542051812 -0.0001074642840005245
0.0001763062382124402 -0.00014290356518402214
0.0001763062382124402 -0.00014290356518402214
0.0001763062382124402 -0.00014290356518402214
-0.0003126789595821754 -0.00047228385799630664
-6.818636068486758e-05 -0.0003075937115901644
5.405993876378632e-05 -0.00022524863838709326
0.00011518308848811327 -0.00018407610178555772
0.00014574466335027673 -0.00016348983348478993
0.00014574466335027673 -0.00016348983348478993
0.00014574466335027673 -0.00016348983348478993
0.0002858143722740666 0.00013119712637601132
0.00021577951781217168 -1.61463535543893e-05
0.00018076209058122422 -8.981809351958961e-05
0.00016325337696575048 -0.00012665396350218977
0.0001544990201580136 -0.00014507189849348985
0.0001544990201580136 -0.00014507189849348985
0.0001544990201580136 -0.00014507189849348985
-3.587595146252356e-05 -0.0001856614084778907
5.931153434774502e-05 -0.00016536665348569027
0.00010690527725287931 -0.00015521927598959007
0.00013070214870544646 -0.00015014558724153995
0.00013070214870544646 -0.00015014558724153995
0.00013070214870544646 -0.00015014558724153995
0.0002986723363997062 0.00015824847062152452
0.00021468724255257633 4.051441689992285e-06
0.0001726946956290114 -7.304707277577383e-05
0.00015169842216722893 -0.0001115963300086569
0.0001412002854363377 -0.0001308709586250984
0.0001412002854363377 -0.0001308709586250984
0.0001412002854363377 -0.0001308709586250984
-5.335178005913619e-05 -0.00018938740047873587
4.392425268860075e-05 -0.00016012917955191713
9.256226906246922e-05 -0.00014550006908850777
0.00011688127724940346 -0.0001381855138568031
0.00011688127724940346 -0.0001381855138568031
0.00011688127724940346 -0.0001381855138568031
0.0003140914775380476 0.00018655808360700104
0.0002154863773937255 2.4186284875098976e-05
0.00016618382732156448 -5.6999614490852056e-05
0.000141532552285484 -9.759256417382758e-05
0.00012920691476744372 -0.00011788903901531533
0.00012920691476744372 -0.00011788903901531533
0.00012920691476744372 -0.00011788903901531533
-7.121105240042718e-05 -0.00019475902807198112
2.8997931183508265e-05 -0.00015632403354364822
7.910242297547599e-05 -0.00013710653627948177
0.00010415466887145985 -0.00012749778764739855
0.00010415466887145985 -0.00012749778764739855
0.00010415466887145985 -0.00012749778764739855
0.0003321947593934549 0.0002163685324121725
0.0002181747141324574 4.4435372382386974e-05
0.00016116469150195863 -4.1531207632505786e-05
0.00013265968018670923 -8.451449763995217e-05
0.00011840717452908455 -0.00010600614264367536
0.00011840717452908455 -0.00010600614264367536
0.00011840717452908455 -0.00010600614264367536
-8.960879594798387e-05 -0.00020181545355653916
1.4399189290550339e-05 -0.00015391079810010726
6.640318190981744e-05 -0.0001299584703718913
9.240517821945099e-05 -0.00011798230650778333
0.00010540617637426777 -0.00011199422457572935
0.00010540617637426777 -0.00011199422457572935
0.00010540617637426777 -0.00011199422457572935
0.00013175966632205386 2.3059466739143398e-05
0.00011858292134816082 -4.4467378918292976e-05
0.00011199454886121429 -7.823080174701116e-05
0.00010870036261774104 -9.511251316137026e-05
0.00010870036261774104 -9.511251316137026e-05
0.00010870036261774104 -9.511251316137026e-05
-0.00010870401286602431 -0.00021061044991927563
-1.82512414163556e-09 -0.00015286148154032293
5.43492687467997e-05 -0.0001239869973508466
8.152481568227037e-05 -0.00010954975525610843
9.51125891500057e-05 -0.00010233113420873934
9.51125891500057e-05 -0.00010233113420873934
9.51125891500057e-05 -0.00010233113420873934
0.00013417883506841287 3.545697399927012e-05
0.00011464571210920928 -3.343708010473461e-05
0.0001048791506296075 -6.788410715673698e-05
9.99958698898066e-05 -8.510762068273815e-05
9.99958698898066e-05 -8.510762068273815e-05
9.99958698898066e-05 -8.510762068273815e-05
-0.0001286610560133614 -0.00022121280069201395
-1.4332593061777392e-05 -0.00015316021068737605
4.28316384140146e-05 -0.0001191339156850571
7.14137541519106e-05 -0.00010212076818389763
8.57048120208586e-05 -9.361419443331789e-05
8.57048120208586e-05 -9.361419443331789e-05
8.57048120208586e-05 -9.361419443331789e-05
0.0001377649947900383 4.810549201849802e-05
0.00011173490340544846 -2.2754351207409935e-05
9.871985771315353e-05 -5.818427282036391e-05
9.221233486700606e-05 -7.58992336268409e-05
9.221233486700606e-05 -7.58992336268409e-05
9.221233486700606e-05 -7.58992336268409e-05
-0.00014965104779446602 -0.00023370683156798431
-2.8719356463729987e-05 -0.0001548030325974126
3.174648920163804e-05 -0.00011535113311212675
6.197941203432205e-05 -9.562518336948383e-05
7.709587345066406e-05 -8.576220849816236e-05
7.709587345066406e-05 -8.576220849816236e-05
7.709587345066406e-05 -8.576220849816236e-05
0.0001425439571525075 6.111491653949138e-05
0.00010981991530158579 -1.232364597933549e-05
9.345789437612491e-05 -4.9042927238748926e-05
8.527688391339449e-05 -6.740256786845564e-05
8.118637868202927e-05 -7.6582388183309e-05
8.118637868202927e-05 -7.6582388183309e-05
8.118637868202927e-05 -7.6582388183309e-05
-1.4654696870554723e-05 -9.3539079975054e-05
3.3265840905737276e-05 -8.50607340791815e-05
5.722610979388328e-05 -8.082156113124525e-05
6.920624423795628e-05 -7.870197465727713e-05
6.920624423795628e-05 -7.870197465727713e-05
6.920624423795628e-05 -7.870197465727713e-05
0.00014855188710594013 7.459777796159406e-05
0.0001088790656719482 -2.052098347841535e-06
8.904265495495224e-05 -4.0377036502559333e-05
7.912444959645426e-05 -5.9539505579918236e-05
7.416534691720527e-05 -6.912074011859768e-05
7.416534691720527e-05 -6.912074011859768e-05
7.416534691720527e-05 -6.912074011859768e-05
-2.3452608269135125e-05 -9.509565156769845e-05
2.535636932403507e-05 -8.210819584314806e-05
4.9760858120620173e-05 -7.561446798087287e-05
6.196310251891271e-05 -7.236760404973527e-05
6.196310251891271e-05 -7.236760404973527e-05
6.196310251891271e-05 -7.236760404973527e-05
0.00015583556958348357 8.867021651519133e-05
0.00010889933605119813 8.151306232728029e-06
8.543121928505542e-05 -3.210814890850362e-05
7.369716090198407e-05 -5.223787647911945e-05
6.78301317104484e-05 -6.230274026442737e-05
6.78301317104484e-05 -6.230274026442737e-05
6.78301317104484e-05 -6.230274026442737e-05
-3.241363159903626e-05 -9.748006742507967e-05
1.7708250055706068e-05 -7.989140384475352e-05
4.276919088307723e-05 -7.109707205459044e-05
5.529966129676281e-05 -6.66999061595089e-05
5.529966129676281e-05 -6.66999061595089e-05
5.529966129676281e-05 -6.66999061595089e-05
0.00016445276895820304 0.00010345298539670057
0.00010987621512748293 1.8376539618595835e-05
8.258793821212287e-05 -2.4161683270456532e-05
6.894379975444284e-05 -4.5430794714982715e-05
6.212173052560283e-05 -5.6065350437245804e-05
6.212173052560283e-05 -5.6065350437245804e-05
6.212173052560283e-05 -5.6065350437245804e-05
-4.1615695874678614e-05 -0.00010070923622938549
1.0253017325462108e-05 -7.838729333331564e-05
3.618737392553247e-05 -6.722632188528073e-05
4.915455222556765e-05 -6.164583616126326e-05
5.563814137558524e-05 -5.885559329925453e-05
5.563814137558524e-05 -5.885559329925453e-05
5.563814137558524e-05 -5.885559329925453e-05
6.642849373755459e-05 9.181626514714822e-06
6.103331755656992e-05 -2.4836983392269855e-05
5.833572946607758e-05 -4.184628834576219e-05
5.698693542083141e-05 -5.0350940822508364e-05
5.698693542083141e-05 -5.0350940822508364e-05
5.698693542083141e-05 -5.0350940822508364e-05
-5.11384675591678e-05 -0.00010480740557694724
2.9242339308318058e-06 -7.75791731997278e-05
2.9955584675831608e-05 -6.396505701111808e-05
4.3471260048331506e-05 -5.715799891681322e-05
5.022909773458146e-05 -5.375446986966079e-05
5.022909773458146e-05 -5.375446986966079e-05
5.022909773458146e-05 -5.375446986966079e-05
6.74190144630771e-05 1.5427230735599823e-05
5.8824056098829274e-05 -1.9163619567030485e-05
5.4526576916705366e-05 -3.645904471834564e-05
5.237783732564341e-05 -4.5106757294003214e-05
5.237783732564341e-05 -4.5106757294003214e-05
5.237783732564341e-05 -4.5106757294003214e-05
-6.106404177531491e-05 -0.00010980633901220039
-4.343102224835749e-06 -7.74565481531018e-05
2.401736755040383e-05 -6.12816527235525e-05
3.819760243802362e-05 -5.3194205008777863e-05
4.5287719881833515e-05 -4.9150481151390535e-05
4.5287719881833515e-05 -4.9150481151390535e-05
4.5287719881833515e-05 -4.9150481151390535e-05
6.8996995155975e-05 2.1777894693381947e-05
5.7142357518904255e-05 -1.3686293229004294e-05
5.121503870036888e-05 -3.1418387190197415e-05
4.82513792911012e-05 -4.028443417079397e-05
4.82513792911012e-05 -4.028443417079397e-05
4.82513792911012e-05 -4.028443417079397e-05
-7.14776518394306e-05 -0.00011574555851516162
-1.1613136274164701e-05 -7.80149963429778e-05
1.831912150846825e-05 -5.9149715256885884e-05
3.3285250399784726e-05 -4.971707471383993e-05
4.0768314845442964e-05 -4.500075444231695e-05
4.0768314845442964e-05 -4.500075444231695e-05
4.0768314845442964e-05 -4.500075444231695e-05
7.117343256902452e-05 2.8288897967162092e-05
5.597087370723374e-05 -8.35592823757743e-06
4.8369594276338355e-05 -2.667834133994719e-05
4.4568954560890656e-05 -3.5839547891132074e-05
4.266863470316681e-05 -4.042015116672451e-05
4.266863470316681e-05 -4.042015116672451e-05
4.266863470316681e-05 -4.042015116672451e-05
-5.647485112403043e-06 -4.719187800964517e-05
1.8510574795381885e-05 -4.380601458818484e-05
3.058960474927435e-05 -4.211308287745468e-05
3.058960474927435e-05 -4.211308287745468e-05
3.058960474927435e-05 -4.211308287745468e-05
0.00015357653990741432 0.00011722519613783387
9.208307232834434e-05 3.7556056630189596e-05
6.133633853880934e-05 -2.27851312363254e-06
4.596297164404184e-05 -2.219579800054361e-05
3.82762881966581e-05 -3.2154440438999146e-05
3.82762881966581e-05 -3.2154440438999146e-05
3.82762881966581e-05 -3.2154440438999146e-05
-5.432402900732586e-05 -8.953939330097119e-05
-8.023870405333882e-06 -6.084691686998517e-05
1.5126208895662108e-05 -4.650067865449216e-05
2.67012485461601e-05 -3.932755954674565e-05
3.24887683714091e-05 -3.5740999992872396e-05
3.24887683714091e-05 -3.5740999992872396e-05
3.24887683714091e-05 -3.5740999992872396e-05
5.5271163634535155e-05 2.1156279475220268e-05
4.387996600297213e-05 -7.292360258826064e-06
3.818436718719061e-05 -2.151668012584923e-05
3.5336567779299855e-05 -2.8628840059360813e-05
3.5336567779299855e-05 -2.8628840059360813e-05
3.5336567779299855e-05 -2.8628840059360813e-05
-6.282444876686553e-05 -9.480715266210143e-05
-1.3743940493782836e-05 -6.171799636073112e-05
1.079631364275851e-05 -4.517341821004596e-05
2.3066440711029183e-05 -3.690112913470339e-05
2.9201504245164517e-05 -3.27649845970321e-05
2.9201504245164517e-05 -3.27649845970321e-05
2.9201504245164517e-05 -3.27649845970321e-05
5.7362516337543316e-05 2.637927193493621e-05
4.328201029135392e-05 -3.1928563310479442e-06
3.6241757268259215e-05 -1.797892046404002e-05
3.272163075671187e-05 -2.537195253053606e-05
3.0961567500938194e-05 -2.906846856378408e-05
3.0961567500938194e-05 -2.906846856378408e-05
3.0961567500938194e-05 -2.906846856378408e-05
-7.236403506760424e-06 -3.72514215222003e-05
1.1862581997088885e-05 -3.315994504299219e-05
2.141207474901354e-05 -3.1114206803388135e-05
2.6186821124975865e-05 -3.0091337683586108e-05
2.6186821124975865e-05 -3.0091337683586108e-05
2.6186821124975865e-05 -3.0091337683586108e-05
5.994760926298461e-05 3.180852987485377e-05
4.3067215193980236e-05 8.585960956338327e-07
3.462701815947805e-05 -1.4616370793976137e-05
3.0406919642226957e-05 -2.2353854238781123e-05
2.829687038360141e-05 -2.6222595961183615e-05
2.829687038360141e-05 -2.6222595961183615e-05
2.829687038360141e-05 -2.6222595961183615e-05
-1.0742857884957158e-05 -3.800259104548687e-05
8.777006249322126e-06 -3.2112593503335243e-05
1.8536938316461768e-05 -2.916759473225943e-05
2.341690435003159e-05 -2.7695095346721524e-05
2.341690435003159e-05 -2.7695095346721524e-05
2.341690435003159e-05 -2.7695095346721524e-05
6.304674413248966e-05 3.7490744295969104e-05
4.3231824241260625e-05 4.89782447462379e-06
3.332436429564611e-05 -1.1398635436048867e-05
2.8370634322838848e-05 -1.9546865391385195e-05
2.589376933643522e-05 -2.362098036905336e-05
2.589376933643522e-05 -2.362098036905336e-05
2.589376933643522e-05 -2.362098036905336e-05
-1.4326582945951329e-05 -3.9083957789718615e-05
5.783593195241946e-06 -3.135246907938599e-05
1.5838681265838583e-05 -2.7486724724219676e-05
2.08662253011369e-05 -2.555385254663652e-05
2.08662253011369e-05 -2.555385254663652e-05
2.08662253011369e-05 -2.555385254663652e-05
6.668463959393134e-05 4.3474600679423774e-05
4.3775432447534115e-05 8.96037406639363e-06
3.232082887433551e-05 -8.296739240121445e-06
2.6593527087736204e-05 -1.6925295893378984e-05
2.3729876194436554e-05 -2.123957422000775e-05
2.3729876194436554e-05 -2.123957422000775e-05
2.3729876194436554e-05 -2.123957422000775e-05
-1.801868560029844e-05 -4.050341080029953e-05
2.8555952970690573e-06 -3.0871492510153635e-05
1.3292735745752806e-05 -2.6055533365080692e-05
1.851130597009468e-05 -2.364755379254422e-05
2.1120591082265616e-05 -2.2443564006275987e-05
2.1120591082265616e-05 -2.2443564006275987e-05
2.1120591082265616e-05 -2.2443564006275987e-05
2.643597062717737e-05 4.653893089478203e-06
2.3778280854721493e-05 -8.894835458398892e-06
2.2449435968493553e-05 -1.566919973233744e-05
2.1785013525379586e-05 -1.9056381869306713e-05
2.1785013525379586e-05 -1.9056381869306713e-05
2.1785013525379586e-05 -1.9056381869306713e-05
-2.1851073115331804e-05 -4.227177080652064e-05
-3.302979497610872e-08 -3.0664076337913675e-05
1.0875991865201739e-05 -2.4860229103610194e-05
1.6330502695290662e-05 -2.195830548645845e-05
1.9057758110335126e-05 -2.0507343677882582e-05
1.9057758110335126e-05 -2.0507343677882582e-05
1.9057758110335126e-05 -2.0507343677882582e-05
2.6923905864177635e-05 7.141354974553978e-06
2.299083198725638e-05 -6.682994351664302e-06
2.1024295048795753e-05 -1.3595169014773442e-05
2.004102657956544e-05 -1.705125634632801e-05
2.004102657956544e-05 -1.705125634632801e-05
2.004102657956544e-05 -1.705125634632801e-05
-2.585672951255346e-05 -4.4402870971017204e-05
-2.9078514664940096e-06 -3.072706365867261e-05
8.566587556535715e-06 -2.388916000250031e-05
1.4303807068050577e-05 -2.047020817441416e-05
1.7172416823808007e-05 -1.8760732260371086e-05
1.7172416823808007e-05 -1.8760732260371086e-05
1.7172416823808007e-05 -1.8760732260371086e-05
2.7645993649384636e-05 9.679419110643868e-06
2.2409205236596322e-05 -4.540656574863609e-06
1.9790811030202163e-05 -1.1650694417617347e-05
1.8481613927005087e-05 -1.5205713338994217e-05
1.8481613927005087e-05 -1.5205713338994217e-05
1.8481613927005087e-05 -1.5205713338994217e-05
-3.0070000095203747e-05 -4.691366372468564e-05
-5.79419308409933e-06 -3.105968853183993e-05
6.343710421452878e-06 -2.313270093541707e-05
1.2412662174228982e-05 -1.9169207137205645e-05
1.5447138050617036e-05 -1.718746023809993e-05
1.5447138050617036e-05 -1.718746023809993e-05
1.5447138050617036e-05 -1.718746023809993e-05
2.8607435274056056e-05 1.2290136132374754e-05
2.2027286662336546e-05 -2.448662052862588e-06
1.873721235647679e-05 -9.81806114548126e-06
1.7092175203546913e-05 -1.3502760691790595e-05
1.6269656627081975e-05 -1.5345110464945262e-05
1.6269656627081975e-05 -1.5345110464945262e-05
1.6269656627081975e-05 -1.5345110464945262e-05
-2.9597256337655652e-06 -1.876710917735768e-05
6.654965496658205e-06 -1.705610982115147e-05
1.1462311061870089e-05 -1.6200610143048367e-05
1.3865983844476032e-05 -1.5772860303996815e-05
1.3865983844476032e-05 -1.5772860303996815e-05
1.3865983844476032e-05 -1.5772860303996815e-05
2.9815509436145295e-05 1.4996087364156576e-05
2.1840746640310662e-05 -3.883864699201195e-07
1.7853365242393347e-05 -8.080623386958467e-06
1.585967454343469e-05 -1.192674184547764e-05
1.4862829193955361e-05 -1.3849801074737227e-05
1.4862829193955361e-05 -1.3849801074737227e-05
1.4862829193955361e-05 -1.3849801074737227e-05
-4.724922834693171e-06 -1.9081237967418844e-05
5.068953179631095e-06 -1.6465519521078036e-05
9.96589118679323e-06 -1.5157660297907631e-05
1.2414360190374295e-05 -1.4503730686322428e-05
1.2414360190374295e-05 -1.4503730686322428e-05
1.2414360190374295e-05 -1.4503730686322428e-05
3.127962604623514e-05 1.782058060949347e-05
2.184699311830472e-05 1.6584249615855203e-06
1.7130676654339507e-05 -6.422652862368454e-06
1.4772518422356901e-05 -1.0463191774345442e-05
1.3593439306365597e-05 -1.2483461230333935e-05
1.3593439306365597e-05 -1.2483461230333935e-05
1.3593439306365597e-05 -1.2483461230333935e-05
-6.523017259940169e-06 -1.956146752709636e-05
3.535211023212714e-06 -1.6022464378715145e-05
8.564325164789156e-06 -1.4252962804524541e-05
1.1078882235577377e-05 -1.3368212017429239e-05
1.1078882235577377e-05 -1.3368212017429239e-05
1.1078882235577377e-05 -1.3368212017429239e-05
3.301139849969192e-05 2.078785137443724e-05
2.2045140367634647e-05 3.7098196785040008e-06
1.656201130160601e-05 -4.829196169462619e-06
1.3820446768591694e-05 -9.098704093445929e-06
1.2449664502084535e-05 -1.1233458055437583e-05
1.2449664502084535e-05 -1.1233458055437583e-05
1.2449664502084535e-05 -1.1233458055437583e-05
-8.36964510929418e-06 -2.021120638711502e-05
2.040009696395177e-06 -1.5722332221276303e-05
7.244837099239856e-06 -1.3477895138356941e-05
9.847250800662196e-06 -1.2355676596897262e-05
1.1148457651373365e-05 -1.1794567326167423e-05
1.1148457651373365e-05 -1.1794567326167423e-05
1.1148457651373365e-05 -1.1794567326167423e-05
1.3327544922971744e-05 1.8560324350538312e-06
1.2238001287172555e-05 -4.969267445556796e-06
1.169322946927296e-05 -8.38191738586211e-06
1.1420843560323162e-05 -1.0088242356014766e-05
1.1420843560323162e-05 -1.0088242356014766e-05
1.1420843560323162e-05 -1.0088242356014766e-05
-1.028079267220536e-05 -2.1035335629605445e-05
5.70025444058901e-07 -1.5561788992810107e-05
5.995434502191032e-06 -1.2825015674412435e-05
8.708139031257097e-06 -1.14566290152136e-05
1.006449129579013e-05 -1.0772435685614183e-05
1.006449129579013e-05 -1.0772435685614183e-05
1.006449129579013e-05 -1.0772435685614183e-05
1.3527578325592447e-05 3.109114835444551e-06
1.1796034810691288e-05 -3.831660425084816e-06
1.0930263053240708e-05 -7.302048055349499e-06
1.0497377174515419e-05 -9.03724187048184e-06
1.0497377174515419e-05 -9.03724187048184e-06
1.0497377174515419e-05 -9.03724187048184e-06
-1.2272935061579627e-05 -2.204024458353335e-05
-8.877789435321041e-07 -1.5538743227007596e-05
4.804799115491657e-06 -1.2287992548744718e-05
7.651088145003539e-06 -1.066261720961328e-05
9.074232659759478e-06 -9.84992954004756e-06
9.074232659759478e-06 -9.84992954004756e-06
9.074232659759478e-06 -9.84992954004756e-06
1.3845478893187562e-05 4.383397793688279e-06
1.145985577647352e-05 -2.7332658731796404e-06
1.0267044218116499e-05 -6.2915977066136e-06
9.670638438937988e-06 -8.07076362333058e-06
9.670638438937988e-06 -8.07076362333058e-06
9.670638438937988e-06 -8.07076362333058e-06
-1.436317856812344e-05 -2.323387959884778e-05
-2.3462700645927263e-06 -1.565232161108918e-05
3.662184187172631e-06 -1.186154261720988e-05
6.66641131305531e-06 -9.96615312027023e-06
8.16852487599665e-06 -9.018458371800405e-06
8.16852487599665e-06 -9.018458371800405e-06
8.16852487599665e-06 -9.018458371800405e-06
1.428346438752683e-05 5.6899727639434585e-06
1.122599463176174e-05 -1.664242803928473e-06
9.697259753879195e-06 -5.341350587864439e-06
8.932892314937922e-06 -7.179904479832422e-06
8.550708595467285e-06 -8.099181425816414e-06
8.550708595467285e-06 -8.099181425816414e-06
8.550708595467285e-06 -8.099181425816414e-06
-1.1429717382717177e-06 -9.467916748633525e-06
3.703868428597784e-06 -8.783549087224968e-06
6.127288512032535e-06 -8.441365256520692e-06
6.127288512032535e-06 -8.441365256520692e-06
6.127288512032535e-06 -8.441365256520692e-06
3.0832565189835355e-05 2.3548238305886633e-05
1.8479926850933944e-05 7.55343652468297e-06
1.230360768148324e-05 -4.4396436591886104e-07
9.215448096757888e-06 -4.4426648112197764e-06
7.671368304395211e-06 -6.442015033870234e-06
7.671368304395211e-06 -6.442015033870234e-06
7.671368304395211e-06 -6.442015033870234e-06
-1.091655509420375e-05 -1.7973246763155227e-05
-1.6225933949042694e-06 -1.220763089851273e-05
3.024387454745471e-06 -9.324822966191482e-06
5.347877879570341e-06 -7.883419000030857e-06
6.509623091982776e-06 -7.162717016950546e-06
6.509623091982776e-06 -7.162717016950546e-06
6.509623091982776e-06 -7.162717016950546e-06
1.1091938645537916e-05 4.255768591243057e-06
8.800780868760346e-06 -1.4534742128537446e-06
7.655201980371561e-06 -4.308095614902145e-06
7.082412536177169e-06 -5.735406315926346e-06
7.082412536177169e-06 -5.735406315926346e-06
7.082412536177169e-06 -5.735406315926346e-06
-1.2622868375051932e-05 -1.9031777800920345e-05
-2.770227919437382e-06 -1.2383592058423345e-05
2.1560923083698934e-06 -9.059499187174846e-06
4.619252422273531e-06 -7.397452751550596e-06
5.85083247922535e-06 -6.566429533738471e-06
5.85083247922535e-06 -6.566429533738471e-06
5.85083247922535e-06 -6.566429533738471e-06
1.151258089371533e-05 5.303949887370762e-06
8.681706686470339e-06 -6.312398231838546e-07
7.266269582847845e-06 -3.598834678461163e-06
6.558551031036598e-06 -5.0826321060998165e-06
6.204691755130974e-06 -5.824530819919144e-06
6.204691755130974e-06 -5.824530819919144e-06
6.204691755130974e-06 -5.824530819919144e-06
-1.4595853450645236e-06 -7.474196632462209e-06
2.3725532050332252e-06 -6.649363726190677e-06
4.2886224800821e-06 -6.236947273054911e-06
5.246657117606537e-06 -6.030739046487027e-06
5.246657117606537e-06 -6.030739046487027e-06
5.246657117606537e-06 -6.030739046487027e-06
1.2032311705348306e-05 6.393613623422667e-06
8.639484411477422e-06 1.8143728846781992e-07
6.943070764541979e-06 -2.9246508790096036e-06
6.094863941074258e-06 -4.477694962748315e-06
5.670760529340397e-06 -5.2542170046176715e-06
5.670760529340397e-06 -5.2542170046176715e-06
5.670760529340397e-06 -5.2542170046176715e-06
-2.1631420320592047e-06 -7.625630798950141e-06
1.7538092486405963e-06 -6.439923901783906e-06
3.712284888990497e-06 -5.847070453200789e-06
4.6915227091654476e-06 -5.550643728909231e-06
4.6915227091654476e-06 -5.550643728909231e-06
4.6915227091654476e-06 -5.550643728909231e-06
1.2655213591487242e-05 7.534130372539246e-06
8.673368150326345e-06 9.917433218150076e-07
6.6824454297458965e-06 -2.2794502035471115e-06
5.686984069455672e-06 -3.915046966228171e-06
5.189253389310559e-06 -4.7328453475687006e-06
5.189253389310559e-06 -4.7328453475687006e-06
5.189253389310559e-06 -4.7328453475687006e-06
-2.8822698062888334e-06 -7.843319174660993e-06
1.153491791510863e-06 -6.2880822611148466e-06
3.171372590410711e-06 -5.510463804341773e-06
4.1803129898606355e-06 -5.121654575955237e-06
4.1803129898606355e-06 -5.121654575955237e-06
4.1803129898606355e-06 -5.121654575955237e-06
1.3386255528046141e-05 8.735271745209895e-06
8.783284258953389e-06 1.8068085846273287e-06
6.4817986244070125e-06 -1.657422995663954e-06
5.3310558071338236e-06 -3.3895387858095957e-06
4.75568439849723e-06 -4.255596680882416e-06
4.75568439849723e-06 -4.255596680882416e-06
4.75568439849723e-06 -4.255596680882416e-06
-3.6232104121586073e-06 -8.12885095179514e-06
5.662369931693113e-07 -6.192223816338778e-06
2.6609606958332706e-06 -5.223910248610597e-06
3.7083225471652505e-06 -4.739753464746507e-06
4.23200347283124e-06 -4.4976750728144615e-06
4.23200347283124e-06 -4.4976750728144615e-06
4.23200347283124e-06 -4.4976750728144615e-06
5.304060936199576e-06 9.3922166342643e-07
4.768032204515408e-06 -1.7792267046940157e-06
4.500017838673324e-06 -3.1384508887542386e-06
4.366010655752282e-06 -3.81806298078435e-06
4.366010655752282e-06 -3.81806298078435e-06
4.366010655752282e-06 -3.81806298078435e-06
-4.392366771777598e-06 -8.484403589999808e-06
-1.317805801265802e-08 -6.151233285392079e-06
2.176416298869812e-06 -4.984648133088215e-06
3.271213477311047e-06 -4.401355556936282e-06
3.8186120665316645e-06 -4.109709268860316e-06
3.8186120665316645e-06 -4.109709268860316e-06
3.8186120665316645e-06 -4.109709268860316e-06
5.402472461197902e-06 1.438311793535115e-06
4.610542263864783e-06 -1.3356987376626006e-06
4.214577165198224e-06 -2.7227040032614583e-06
4.016594615864944e-06 -3.416206636060887e-06
4.016594615864944e-06 -3.416206636060887e-06
4.016594615864944e-06 -3.416206636060887e-06
-5.196358449741041e-06 -8.912759075670866e-06
-5.898819169380484e-07 -6.164482855865876e-06
1.7133563494634476e-06 -4.790344745963382e-06
2.8649754826641957e-06 -4.103275691012135e-06
3.4407850492645695e-06 -3.7597411635365108e-06
3.4407850492645695e-06 -3.7597411635365108e-06
3.4407850492645695e-06 -3.7597411635365108e-06
5.547865895886462e-06 1.947602789511107e-06
4.494325472575516e-06 -9.060691870127019e-07
3.967555260920043e-06 -2.3329051752746064e-06
3.704170155092306e-06 -3.0463231694055586e-06
3.704170155092306e-06 -3.0463231694055586e-06
3.704170155092306e-06 -3.0463231694055586e-06
-6.04207875071456e-06 -9.417325412936934e-06
-1.1689542978111267e-06 -6.231824291171246e-06
1.2676079286405897e-06 -4.639073730288402e-06
2.485889041866448e-06 -3.842698449846981e-06
3.095029598479377e-06 -3.4445108096262694e-06
3.095029598479377e-06 -3.4445108096262694e-06
3.095029598479377e-06 -3.4445108096262694e-06
5.741289332994927e-06 2.4715191289621455e-06
4.418159465737152e-06 -4.86495840332062e-07
3.756594532108264e-06 -1.9655033249791657e-06
3.425812065293821e-06 -2.7050070673027176e-06
3.2604208318865987e-06 -3.0747589384644935e-06
3.2604208318865987e-06 -3.0747589384644935e-06
3.2604208318865987e-06 -3.0747589384644935e-06
-5.977323051287659e-07 -3.765322190287389e-06
1.3313442633789164e-06 -3.4200405643759412e-06
2.2958825476327576e-06 -3.2473997514202174e-06
2.778151689759678e-06 -3.1610793449423552e-06
2.778151689759678e-06 -3.1610793449423552e-06
2.778151689759678e-06 -3.1610793449423552e-06
5.984207707065115e-06 3.0145921897324813e-06
4.381179698412396e-06 -7.324357760493695e-08
3.5796656940860374e-06 -1.617161461273646e-06
3.1789086919228577e-06 -2.3891204031080006e-06
2.9785301908412676e-06 -2.775099874025178e-06
2.9785301908412676e-06 -2.775099874025178e-06
2.9785301908412676e-06 -2.775099874025178e-06
-9.518987063784686e-07 -3.828713738796522e-06
1.0133157422313995e-06 -3.30190680641085e-06
1.9959229665363335e-06 -3.038503340218014e-06
2.4872265786888006e-06 -2.906801607121596e-06
2.4872265786888006e-06 -2.906801607121596e-06
2.4872265786888006e-06 -2.906801607121596e-06
6.278513630531373e-06 3.581499537643228e-06
4.3828701046100865e-06 3.3734896526081605e-07
3.435048341649444e-06 -1.28472632093039e-06
2.9611374601691223e-06 -2.095763964025993e-06
2.7241820194289614e-06 -2.5012827855737947e-06
2.7241820194289614e-06 -2.5012827855737947e-06
2.7241820194289614e-06 -2.5012827855737947e-06
-1.3126997965530116e-06 -3.925432199040658e-06
7.057411114379749e-07 -3.2133574923072265e-06
1.7149615654334682e-06 -2.8573201389405104e-06
2.219571792431215e-06 -2.6793014622571528e-06
2.219571792431215e-06 -2.6793014622571528e-06
2.219571792431215e-06 -2.6793014622571528e-06
6.626541934120591e-06 4.17710530679218e-06
4.423056863275903e-06 7.489019222675135e-07
3.3213143278535588e-06 -9.651997699948197e-07
2.7704430601423868e-06 -1.8222506161259863e-06
2.4950074262868006e-06 -2.2507760391915693e-06
2.4950074262868006e-06 -2.2507760391915693e-06
2.4950074262868006e-06 -2.2507760391915693e-06
-1.6832729320041489e-06 -4.05616466473111e-06
4.0586724714132585e-07 -3.1534703519613397e-06
1.4504373367140632e-06 -2.7021231955764545e-06
1.9727223815004317e-06 -2.476449617384012e-06
2.233864903893616e-06 -2.3636128282877905e-06
2.233864903893616e-06 -2.3636128282877905e-06
2.233864903893616e-06 -2.3636128282877905e-06
2.67390754467168e-06 3.7516867859442603e-07
2.453886224282648e-06 -9.942220748466822e-07
2.343875564088132e-06 -1.6789174515672364e-06
2.288870233990874e-06 -2.0212651399275132e-06
2.288870233990874e-06 -2.0212651399275132e-06
2.288870233990874e-06 -2.0212651399275132e-06
-2.0668260117690698e-06 -4.221893698717394e-06
1.1102211111090216e-07 -3.1215794193224535e-06
1.1999461725508881e-06 -2.5714222796249834e-06
1.7444082032708811e-06 -2.2963437097762485e-06
2.016639218630878e-06 -2.158804424851881e-06
2.016639218630878e-06 -2.158804424851881e-06
2.016639218630878e-06 -2.158804424851881e-06
2.714302083962825e-06 6.265802622337991e-07
2.365470651296851e-06 -7.661120813090409e-07
2.1910549349638645e-06 -1.462458253080461e-06
2.103847076797371e-06 -1.810631338966171e-06
2.103847076797371e-06 -1.810631338966171e-06
2.103847076797371e-06 -1.810631338966171e-06
-2.4666653155794414e-06 -4.423904523451544e-06
-1.814091193910351e-07 -3.1172679312088576e-06
9.61218978703168e-07 -2.463949635087514e-06
1.5325330277502696e-06 -2.1372904870268426e-06
1.8181900522738205e-06 -1.973960912996507e-06
1.8181900522738205e-06 -1.973960912996507e-06
1.8181900522738205e-06 -1.973960912996507e-06
2.778345354804769e-06 8.822698721809834e-07
2.298267703539295e-06 -5.458455204077617e-07
2.058228877906558e-06 -1.2599032167021342e-06
1.938209465090189e-06 -1.6169320648493206e-06
1.938209465090189e-06 -1.6169320648493206e-06
1.938209465090189e-06 -1.6169320648493206e-06
-2.886224070348514e-06 -4.6637948353097686e-06
-4.740073026291626e-07 -3.1403634500795447e-06
7.321010812305132e-07 -2.3786477574644323e-06
1.3351552731603512e-06 -1.9977899111568765e-06
1.63668236912527e-06 -1.8073609880030986e-06
1.63668236912527e-06 -1.8073609880030986e-06
1.63668236912527e-06 -1.8073609880030986e-06
2.8664846110925203e-06 1.1444629325387464e-06
2.251583490108895e-06 -3.314490277321761e-07
1.9441329296170826e-06 -1.0694050078676374e-06
1.7904076493711763e-06 -1.438382997935368e-06
1.7135450092482233e-06 -1.6228719929692333e-06
1.7135450092482233e-06 -1.6228719929692333e-06
1.7135450092482233e-06 -1.6228719929692333e-06
-2.3130369072711199e-07 -1.8995121918268906e-06
7.411206592605557e-07 -1.761192092398062e-06
1.2273328342543894e-06 -1.6920320426836475e-06
1.2273328342543894e-06 -1.6920320426836475e-06
1.2273328342543894e-06 -1.6920320426836475e-06
6.190056918274349e-06 4.730374479815601e-06
3.7086948762643694e-06 1.5191712185659766e-06
2.468013855259379e-06 -8.643041205883546e-08
1.8476733447568845e-06 -8.892312273712415e-07
1.537503089505637e-06 -1.2906316350274446e-06
1.537503089505637e-06 -1.2906316350274446e-06
1.537503089505637e-06 -1.2906316350274446e-06
-2.1937059089881805e-06 -3.607773271247879e-06
-3.281014097412718e-07 -2.4492024531376616e-06
6.047008398821826e-07 -1.8699170440825532e-06
1.0711019646939099e-06 -1.5802743395549988e-06
1.3043025270997734e-06 -1.4354529872912217e-06
1.3043025270997734e-06 -1.4354529872912217e-06
1.3043025270997734e-06 -1.4354529872912217e-06
2.225956785844074e-06 8.560790286568434e-07
1.7651296564719238e-06 -2.896869793171891e-07
1.5347160917858485e-06 -8.625699833042054e-07
1.419509309442811e-06 -1.1490114852977134e-06
1.419509309442811e-06 -1.1490114852977134e-06
1.419509309442811e-06 -1.1490114852977134e-06
-2.536219235022052e-06 -3.820479632386326e-06
-5.583549627896205e-07 -2.4847455588420194e-06
4.305771733265952e-07 -1.8168785220698664e-06
9.250432413847031e-07 -1.48294500368379e-06
1.172276275413757e-06 -1.3159782444907517e-06
1.172276275413757e-06 -1.3159782444907517e-06
1.172276275413757e-06 -1.3159782444907517e-06
2.3105617666278496e-06 1.0664345066832234e-06
1.7414190210208034e-06 -1.2477186890376412e-07
1.45684764821728e-06 -7.203750566972579e-07
1.3145619618155185e-06 -1.0181766505940048e-06
1.2434191186146377e-06 -1.1670774475423783e-06
1.2434191186146377e-06 -1.1670774475423783e-06
1.2434191186146377e-06 -1.1670774475423783e-06
-2.9439049356227447e-07 -1.4996387766343797e-06
4.7451431252618163e-07 -1.3333581120883789e-06
8.589667155704097e-07 -1.2502177798153786e-06
1.0511929170925238e-06 -1.2086476136788785e-06
1.0511929170925238e-06 -1.2086476136788785e-06
1.0511929170925238e-06 -1.2086476136788785e-06
2.4150528175798824e-06 1.2851325522012304e-06
1.733122867336203e-06 3.824246926117595e-08
1.3921578922143634e-06 -5.852025722088513e-07
1.2216754046534436e-06 -8.969250929438649e-07
1.1364341608729838e-06 -1.0527863533113717e-06
1.1364341608729838e-06 -1.0527863533113717e-06
1.1364341608729838e-06 -1.0527863533113717e-06
-4.355566103050916e-07 -1.5301668673914992e-06
3.504387752839461e-07 -1.2914766103514356e-06
7.43436468078465e-07 -1.1721314818314036e-06
9.399353144757244e-07 -1.1124589175713876e-06
9.399353144757244e-07 -1.1124589175713876e-06
9.399353144757244e-07 -1.1124589175713876e-06
2.5402508943833324e-06 1.5140537783663048e-06
1.7400931044295283e-06 2.007974303974586e-07
1.3400142094526265e-06 -4.5583074358696447e-07
1.1399747619641754e-06 -7.84144830579176e-07
1.0399550382199498e-06 -9.483018740752818e-07
1.0399550382199498e-06 -9.483018740752818e-07
1.0399550382199498e-06 -9.483018740752818e-07
-5.798604506280356e-07 -1.5739889067704733e-06
2.3004729379595712e-07 -1.2611453904228776e-06
6.350011660079535e-07 -1.1047236322490797e-06
8.374781021139517e-07 -1.0265127531621808e-06
8.374781021139517e-07 -1.0265127531621808e-06
8.374781021139517e-07 -1.0265127531621808e-06
2.6871548636334055e-06 1.7551594360014107e-06
1.7623164828736784e-06 3.6432334141961495e-07
1.299897292493815e-06 -3.310947058712829e-07
1.0686876973038834e-06 -6.788037295167319e-07
9.530828997089175e-07 -8.526582413394563e-07
9.530828997089175e-07 -8.526582413394563e-07
9.530828997089175e-07 -8.526582413394563e-07
-7.28554450580868e-07 -1.631425021100438e-06
1.1226422456402473e-07 -1.242041631219947e-06
5.326735621364711e-07 -1.0473499362797017e-06
7.428782309226943e-07 -9.500040888095791e-07
8.47980565315806e-07 -9.013311650745176e-07
8.47980565315806e-07 -9.013311650745176e-07
8.47980565315806e-07 -9.013311650745176e-07
1.064197479760505e-06 1.895416145704872e-07
9.560890225381554e-07 -3.5589477525201523e-07
9.020347939269807e-07 -6.286129701632665e-07
8.750076796213933e-07 -7.64972067618892e-07
8.750076796213933e-07 -7.64972067618892e-07
8.750076796213933e-07 -7.64972067618892e-07
-8.829235042209222e-07 -1.7029133778369469e-06
-3.957912299764417e-09 -1.2339427227279195e-06
4.3552488366081445e-07 -9.994573951734057e-07
6.552662816411039e-07 -8.822147313961489e-07
7.651369806312486e-07 -8.235933995075205e-07
7.651369806312486e-07 -8.235933995075205e-07
7.651369806312486e-07 -8.235933995075205e-07
1.084045516829078e-06 2.8968032676441034e-07
9.245912487301634e-07 -2.6695653637155506e-07
8.44864114680706e-07 -5.452749679395378e-07
8.050005476559774e-07 -6.844341837235292e-07
8.050005476559774e-07 -6.844341837235292e-07
8.050005476559774e-07 -6.844341837235292e-07
-1.0442960933628041e-06 -1.7890134590489172e-06
-1.196477728534134e-07 -1.2367238213862232e-06
3.42676387401282e-07 -9.60579002554876e-07
5.738384675286297e-07 -8.225065931392027e-07
6.894195075923035e-07 -7.534703884313659e-07
6.894195075923035e-07 -7.534703884313659e-07
6.894195075923035e-07 -7.534703884313659e-07
1.113320323863225e-06 3.918753758557266e-07
9.013699157277642e-07 -1.8079750628781966e-07
7.953947116600339e-07 -4.671339473595928e-07
7.424071096261687e-07 -6.103021678954793e-07
7.424071096261687e-07 -6.103021678954793e-07
7.424071096261687e-07 -6.103021678954793e-07
-1.214055745956444e-06 -1.8904103847140574e-06
-2.358243181651377e-07 -1.2503562763047683e-06
2.532913957305155e-07 -9.303292221001239e-07
4.978492526783422e-07 -7.703156949978016e-07
6.201281811522554e-07 -6.903089314466405e-07
6.201281811522554e-07 -6.903089314466405e-07
6.201281811522554e-07 -6.903089314466405e-07
1.1522330941072197e-06 4.970145378117651e-07
8.861806376297376e-07 -9.664719681743767e-08
7.531544093909965e-07 -3.9347806413203906e-07
6.86641295271626e-07 -5.418934977893397e-07
6.533847382119406e-07 -6.161012146179901e-07
6.533847382119406e-07 -6.161012146179901e-07
6.533847382119406e-07 -6.161012146179901e-07
-1.207099140227488e-07 -7.554528904343211e-07
2.663374120945959e-07 -6.857770525261556e-07
4.5986107515326825e-07 -6.509391335720729e-07
5.566229066826044e-07 -6.335201740950315e-07
5.566229066826044e-07 -6.335201740950315e-07
5.566229066826044e-07 -6.335201740950315e-07
1.2010786622890112e-06 6.060071219038743e-07
8.788507844858079e-07 -1.3756526095578599e-08
7.177368455842061e-07 -3.23638350095305e-07
6.371798761334053e-07 -4.785792620951683e-07
5.969013914080049e-07 -5.560497180950999e-07
5.969013914080049e-07 -5.560497180950999e-07
5.969013914080049e-07 -5.560497180950999e-07
-1.9176938405202743e-07 -7.682449388005283e-07
2.0256600367798873e-07 -6.621473284478141e-07
3.9973369754299683e-07 -6.09098523271457e-07
4.983175444755009e-07 -5.825741206832785e-07
4.983175444755009e-07 -5.825741206832785e-07
4.983175444755009e-07 -5.825741206832785e-07
1.2602376867297777e-06 7.197918541537979e-07
8.792776156026394e-07 6.860886673525969e-08
6.887975800390701e-07 -2.569826269740094e-07
5.935575622572854e-07 -4.1977837382864396e-07
5.459375533663932e-07 -5.011762472559612e-07
5.459375533663932e-07 -5.011762472559612e-07
5.459375533663932e-07 -5.011762472559612e-07
-2.641668966430472e-07 -7.877237969514878e-07
1.40885328361673e-07 -6.444500221037245e-07
3.4341144086403307e-07 -5.728131346798429e-07
4.4467449711521314e-07 -5.36994690967902e-07
4.4467449711521314e-07 -5.36994690967902e-07
4.4467449711521314e-07 -5.36994690967902e-07
1.3301795747886559e-06 8.39344980750266e-07
8.874270359519345e-07 1.5117514489118197e-07
6.660507665335738e-07 -1.9290977303836003e-07
5.553626318243935e-07 -3.64952232003131e-07
5.000185644698033e-07 -4.509734614855165e-07
5.000185644698033e-07 -4.509734614855165e-07
5.000185644698033e-07 -4.509734614855165e-07
-3.3853195357748535e-07 -8.140279665526955e-07
8.074330544615898e-08 -6.32500714019106e-07
2.903809349579811e-07 -5.417370877523113e-07
3.951997497138922e-07 -4.963552746189138e-07
4.476091570918478e-07 -4.7366436805221517e-07
4.476091570918478e-07 -4.7366436805221517e-07
4.476091570918478e-07 -4.7366436805221517e-07
5.364671100692934e-07 7.583034749996252e-08
4.920381335805706e-07 -1.9891701027612633e-07
4.6982364533620924e-07 -3.362906891641707e-07
4.587164012140285e-07 -4.0497752860819295e-07
4.587164012140285e-07 -4.0497752860819295e-07
4.587164012140285e-07 -4.0497752860819295e-07
-4.1550827066386024e-07 -8.473552355727877e-07
2.1604065275084124e-08 -6.261663820904903e-07
2.401602332445563e-07 -5.155719553493416e-07
3.494383172292924e-07 -4.602747419787673e-07
4.0407735922166043e-07 -4.326261352934801e-07
4.0407735922166043e-07 -4.326261352934801e-07
4.0407735922166043e-07 -4.326261352934801e-07
5.446239924717193e-07 1.2627224521662378e-07
4.743506758466898e-07 -1.5317694503842817e-07
4.392140175341751e-07 -2.9290154016595415e-07
4.216456883779178e-07 -3.6276383772971713e-07
4.216456883779178e-07 -3.6276383772971713e-07
4.216456883779178e-07 -3.6276383772971713e-07
-4.957593635902037e-07 -8.879641266420835e-07
-3.7056837606142974e-08 -6.253639821859003e-07
1.922944253858874e-07 -4.940639099578087e-07
3.069700568819026e-07 -4.284138738437629e-07
3.6430787262991015e-07 -3.9558885578674e-07
3.6430787262991015e-07 -3.9558885578674e-07
3.6430787262991015e-07 -3.9558885578674e-07
5.575257341960417e-07 1.775773699899881e-07
4.609168034129759e-07 -1.0900574289837596e-07
4.12612338021443e-07 -2.5229729934255796e-07
3.884601053256766e-07 -3.23943077564649e-07
3.884601053256766e-07 -3.23943077564649e-07
3.884601053256766e-07 -3.23943077564649e-07
-5.799742804701628e-07 -9.361758719136162e-07
-9.57570875722431e-08 -6.300594747391326e-07
1.4635150887671674e-07 -4.770012761518908e-07
2.674058071011967e-07 -4.004721768582699e-07
3.279329562134366e-07 -3.622076272114595e-07
3.279329562134366e-07 -3.622076272114595e-07
3.279329562134366e-07 -3.622076272114595e-07
5.752625300821915e-07 2.3019223837183184e-07
4.5159774314781404e-07 -6.600769441981382e-08
3.897653496806253e-07 -2.1410766081563665e-07
3.5884915294703097e-07 -2.8815764401354806e-07
3.433910545802338e-07 -3.251826356125038e-07
3.433910545802338e-07 -3.251826356125038e-07
3.433910545802338e-07 -3.251826356125038e-07
-4.6805500323336684e-08 -3.8109234541791114e-07
1.4829277712844855e-07 -3.5313749051520747e-07
2.458419158543412e-07 -3.3916006306385563e-07
2.458419158543412e-07 -3.3916006306385563e-07
2.458419158543412e-07 -3.3916006306385563e-07
1.242738724440559e-06 9.502377349835189e-07
7.442903201474502e-07 3.055388359598316e-07
4.950661180008957e-07 -1.681061355201201e-08
3.7045401692761844e-07 -1.7798533830793382e-07
3.081479663909798e-07 -2.5857270068589474e-07
3.081479663909798e-07 -2.5857270068589474e-07
3.081479663909798e-07 -2.5857270068589474e-07
-4.408292052660641e-07 -7.241895388031331e-07
-6.634061943754214e-08 -4.913811197445139e-07
1.2090367347671884e-07 -3.749769102152043e-07
2.1452581993384933e-07 -3.1677480545054954e-07
2.613368931624146e-07 -2.8767375306822214e-07
2.613368931624146e-07 -2.8767375306822214e-07
2.613368931624146e-07 -2.8767375306822214e-07
4.467107654502632e-07 1.7220544233660265e-07
3.540238293063389e-07 -5.7734155365809746e-08
3.076803612343767e-07 -1.7270395421701593e-07
2.8450862719839565e-07 -2.3018885364261904e-07
2.8450862719839565e-07 -2.3018885364261904e-07
2.8450862719839565e-07 -2.3018885364261904e-07
-5.095829690705916e-07 -7.669317094898977e-07
-1.1253717093609796e-07 -4.985602815662584e-07
8.598572813114884e-08 -3.643745676044387e-07
1.8524717766477223e-07 -2.9728171062352883e-07
2.3487790243158394e-07 -2.6373528213307395e-07
2.3487790243158394e-07 -2.6373528213307395e-07
2.3487790243158394e-07 -2.6373528213307395e-07
4.6372750763308507e-07 2.1442091535228383e-07
3.493027050323345e-07 -2.465718339039506e-08
2.9209030373195924e-07 -1.441962327617345e-07
2.634841030817716e-07 -2.0396575744740424e-07
2.4918100275667777e-07 -2.338505197902391e-07
2.4918100275667777e-07 -2.338505197902391e-07
2.4918100275667777e-07 -2.338505197902391e-07
-5.937529421942544e-08 -3.008910554915973e-07
9.490285426862616e-08 -2.6737078764091816e-07
1.7204192851265198e-07 -2.5061065371557865e-07
2.1061146563466487e-07 -2.4223058675290887e-07
2.1061146563466487e-07 -2.4223058675290887e-07
2.1061146563466487e-07 -2.4223058675290887e-07
4.847351862357185e-07 2.583141600433435e-07
3.476733259351917e-07 8.04178664521732e-09
2.791423957849283e-07 -1.1709440005384578e-07
2.448769307097966e-07 -1.796624934033773e-07
2.2774419817223074e-07 -2.109465400781431e-07
2.2774419817223074e-07 -2.109465400781431e-07
2.2774419817223074e-07 -2.109465400781431e-07
-8.769979804338495e-08 -3.0704516716741683e-07
7.002220006442289e-08 -2.5899585362278e-07
1.488831991183268e-07 -2.3497119685046151e-07
1.8831369864527877e-07 -2.229588684643023e-07
1.8831369864527877e-07 -2.229588684643023e-07
1.8831369864527877e-07 -2.229588684643023e-07
5.098988871504198e-07 3.0426260359693744e-07
3.4910629289784924e-07 4.065186756631755e-08
2.68709995771564e-07 -9.115350044899238e-08
2.285118472084214e-07 -1.5705618445664735e-07
2.0841277292685007e-07 -1.9000752646047481e-07
2.0841277292685007e-07 -1.9000752646047481e-07
2.0841277292685007e-07 -1.9000752646047481e-07
-1.1665657113348e-07 -3.1586672082610694e-07
4.587810089668504e-08 -2.5293712364329085e-07
1.2714543691176756e-07 -2.2147232505188283e-07
1.677791049193088e-07 -2.0573992575617882e-07
1.677791049193088e-07 -2.0573992575617882e-07
1.677791049193088e-07 -2.0573992575617882e-07
5.394194025016283e-07 3.5265988716510196e-07
3.535992537104685e-07 7.345998070446156e-08
2.6068917931488865e-07 -6.613997252585863e-08
2.1423414211709873e-07 -1.3593994914101872e-07
1.9100662351820377e-07 -1.7083993744859878e-07
1.9100662351820377e-07 -1.7083993744859878e-07
1.9100662351820377e-07 -1.7083993744859878e-07
-1.4649692107651764e-07 -3.274202015589936e-07
2.225485122084306e-08 -2.491300695037962e-07
1.0663073736952341e-07 -2.099850034761975e-07
1.488186804438636e-07 -1.9041247046239813e-07
1.6991265198103366e-07 -1.8062620395549847e-07
1.6991265198103366e-07 -1.8062620395549847e-07
1.6991265198103366e-07 -1.8062620395549847e-07
2.1351894968369722e-07 3.8249521716462366e-08
1.9171580083236544e-07 -7.118834111951805e-08
1.8081422640669955e-07 -1.2590727253750826e-07
1.753634391938666e-07 -1.5326673824650336e-07
1.753634391938666e-07 -1.5326673824650336e-07
1.753634391938666e-07 -1.5326673824650336e-07
-1.7747869177174584e-07 -3.4179378049110763e-07
-1.057626288939616e-09 -2.475302593688055e-07
8.71529064524635e-08 -2.0039849880765444e-07
1.3125817282316505e-07 -1.768326185270789e-07
1.5331080600851583e-07 -1.6504967838679115e-07
1.5331080600851583e-07 -1.6504967838679115e-07
1.5331080600851583e-07 -1.6504967838679115e-07
2.1752187154319698e-07 5.8341629346489e-08
1.854163387758564e-07 -5.335402452015107e-08
1.6936357239218612e-07 -1.0920185145347111e-07
1.61337189200351e-07 -1.3712576492013112e-07
1.61337189200351e-07 -1.3712576492013112e-07
1.61337189200351e-07 -1.3712576492013112e-07
-2.0986849676274751e-07 -3.5909997382225955e-07
-2.4265653781198263e-08 -2.4811286937119535e-07
6.853576770957636e-08 -1.9261931714566322e-07
1.1493647845496367e-07 -1.6487254103289717e-07
1.3813683382765732e-07 -1.5099915297651415e-07
1.3813683382765732e-07 -1.5099915297651415e-07
1.3813683382765732e-07 -1.5099915297651415e-07
2.2341624669977713e-07 7.884825329856009e-08
1.8077654026371723e-07 -3.6075449838977027e-08
1.594566870456873e-07 -9.353730140774559e-08
1.487967604366723e-07 -1.2226822719212986e-07
1.487967604366723e-07 -1.2226822719212986e-07
1.487967604366723e-07 -1.2226822719212986e-07
-2.43944018716424e-07 -3.7947651253018323e-07
-4.757362913987582e-08 -2.508723698611565e-07
5.061156564839824e-08 -1.865702985266432e-07
9.970416304253528e-08 -1.5441926285938652e-07
1.2425046173960378e-07 -1.383437450257582e-07
1.2425046173960378e-07 -1.383437450257582e-07
1.2425046173960378e-07 -1.383437450257582e-07
2.3124463030334813e-07 9.994752692146649e-08
1.7774754602147594e-07 -1.919810905214586e-08
1.5099900388053988e-07 -7.877092703895204e-08
1.3762473281007181e-07 -1.0855733603235512e-07
1.309375972748378e-07 -1.2345054052905666e-07
1.309375972748378e-07 -1.2345054052905666e-07
1.309375972748378e-07 -1.2345054052905666e-07
-2.4375882312218622e-08 -1.515699512134855e-07
5.3280857481309594e-08 -1.3751024587127107e-07
9.210922737807371e-08 -1.3048039320016388e-07
1.1152341232645576e-07 -1.2696546686461025e-07
1.1152341232645576e-07 -1.2696546686461025e-07
1.1152341232645576e-07 -1.2696546686461025e-07
2.4106636062079845e-07 1.2182192102600354e-07
1.7629488647362712e-07 -2.5717729193033583e-09
1.4390914940004144e-07 -6.47686198919568e-08
1.2771628086324859e-07 -9.586704337828353e-08
1.1961984659485219e-07 -1.1141625512144689e-07
1.1961984659485219e-07 -1.1141625512144689e-07
1.1961984659485219e-07 -1.1141625512144689e-07
-3.863317438367495e-08 -1.541512252412129e-07
4.049333610558862e-08 -1.327837401813299e-07
8.00565913502204e-08 -1.220999976513884e-07
9.983821897253629e-08 -1.1675812638641765e-07
9.983821897253629e-08 -1.1675812638641765e-07
9.983821897253629e-08 -1.1675812638641765e-07
2.529579984525829e-07 1.4465982577378906e-07
1.7639810871255957e-07 1.3950849693685704e-08
1.3811816384254794e-07 -5.140363834636597e-08
1.1897819140754212e-07 -8.408088236639181e-08
1.094082051900392e-07 -1.0041950437640474e-07
1.094082051900392e-07 -1.0041950437640474e-07
1.094082051900392e-07 -1.0041950437640474e-07
-5.316030716880706e-08 -1.5807416195148052e-07
2.812394901061607e-08 -1.2924683316394261e-07
6.876607710032763e-08 -1.1483316877017369e-07
8.908714114518342e-08 -1.0762633657328921e-07
8.908714114518342e-08 -1.0762633657328921e-07
8.908714114518342e-08 -1.0762633657328921e-07
2.6701391570961855e-07 1.686571768510168e-07
1.7805052842740099e-07 3.0515420138863806e-08
1.3356883478629222e-07 -3.85554582172127e-08
1.1132798796573782e-07 -7.309089739525096e-08
1.0020756455546062e-07 -9.035861698427008e-08
1.0020756455546062e-07 -9.035861698427008e-08
1.0020756455546062e-07 -9.035861698427008e-08
-6.80835885767468e-08 -1.6336667934612157e-07
1.606198798935691e-08 -1.268626481651958e-07
5.8134776272408766e-08 -1.0861063257473296e-07
7.91711704139347e-08 -9.948462477950152e-08
8.968936748469766e-08 -9.492162088188579e-08
8.968936748469766e-08 -9.492162088188579e-08
8.968936748469766e-08 -9.492162088188579e-08
1.0763172450839824e-07 1.532623032564776e-08
9.866054599654795e-08 -3.9797695278119015e-08
9.41749567406228e-08 -6.73596580800024e-08
9.193216211266024e-08 -8.11406394809441e-08
9.193216211266024e-08 -8.11406394809441e-08
9.193216211266024e-08 -8.11406394809441e-08
-8.353219052443371e-08 -1.7006859132079863e-07
4.199985794113263e-09 -1.2560461540087136e-07
4.806607395338675e-08 -1.0337262744090773e-07
6.99991180330235e-08 -9.225663346092592e-08
8.096564007284187e-08 -8.669863647093501e-08
8.096564007284187e-08 -8.669863647093501e-08
8.096564007284187e-08 -8.669863647093501e-08
1.0927877681334747e-07 2.5446638541955026e-08
9.512220844309467e-08 -3.062599896448999e-08
8.804392425796827e-08 -5.86623177177125e-08
8.450478216540508e-08 -7.268047709432376e-08
8.450478216540508e-08 -7.268047709432376e-08
8.450478216540508e-08 -7.268047709432376e-08
-9.963926977042462e-08 -1.78231899399901e-07
-7.567243802509771e-09 -1.254561882471124e-07
3.8468769181447654e-08 -9.906833267071807e-08
6.148677567342636e-08 -8.587440488252092e-08
7.299577891941573e-08 -7.927744098842233e-08
7.299577891941573e-08 -7.927744098842233e-08
7.299577891941573e-08 -7.927744098842233e-08
1.1187783428761225e-07 3.574122433414842e-08
9.243680660351399e-08 -2.1768108327136957e-08
8.271629276146486e-08 -5.0522774657779644e-08
7.785603584044029e-08 -6.490010782310098e-08
7.785603584044029e-08 -6.490010782310098e-08
7.785603584044029e-08 -6.490010782310098e-08
-1.1654311828798538e-07 -1.8792119011941344e-07
-1.9343541223772546e-08 -1.264106489712572e-07
2.9256247308333873e-08 -9.56553783971791e-08
5.3556141574387086e-08 -8.027774311014003e-08
6.570608870741368e-08 -7.25889254666205e-08
6.570608870741368e-08 -7.25889254666205e-08
6.570608870741368e-08 -7.25889254666205e-08
1.1544708546402759e-07 4.629957837742919e-08
9.057658708572064e-08 -1.3144673544595659e-08
7.814133789656716e-08 -4.286679950560808e-08
7.192371330199043e-08 -5.7727862486114294e-08
6.881490100470205e-08 -6.51583939763674e-08
6.881490100470205e-08 -6.51583939763674e-08
6.881490100470205e-08 -6.51583939763674e-08
-9.470633837803833e-09 -7.645728132797908e-08
2.9672133583449107e-08 -7.080783765217324e-08
4.924351729407558e-08 -6.798311581427032e-08
4.924351729407558e-08 -6.798311581427032e-08
4.924351729407558e-08 -6.798311581427032e-08
2.4949694088921743e-07 1.9088362433545707e-07
1.4937022909164653e-07 6.145025426059337e-08
9.930687319286106e-08 -3.2664307768384756e-09
7.427519524346832e-08 -3.56247732955544e-08
6.175935626877194e-08 -5.180394455491236e-08
6.175935626877194e-08 -5.180394455491236e-08
6.175935626877194e-08 -5.180394455491236e-08
-8.858526243203596e-08 -1.45366912843604e-07
-1.341295308163201e-08 -9.858542869925817e-08
2.4173201593569967e-08 -7.519468662708527e-08
4.296627893117096e-08 -6.349931559099881e-08
5.236281759997145e-08 -5.765163007295559e-08
5.236281759997145e-08 -5.765163007295559e-08
5.236281759997145e-08 -5.765163007295559e-08
8.96471584756676e-08 3.463993463953636e-08
7.100498803781952e-08 -1.1505847716709614e-08
6.168390281889549e-08 -3.45787388948326e-08
5.702336020943347e-08 -4.61151844838941e-08
5.702336020943347e-08 -4.61151844838941e-08
5.702336020943347e-08 -4.61151844838941e-08
-1.0238642860184994e-07 -1.5395570094827313e-07
-2.2681534196208235e-08 -1.0003544271608361e-07
1.7170913006612618e-08 -7.307531359998886e-08
3.709713660802305e-08 -5.959524904194148e-08
4.7060248408728257e-08 -5.2855216762917786e-08
4.7060248408728257e-08 -5.2855216762917786e-08
4.7060248408728257e-08 -5.2855216762917786e-08
9.306974445452091e-08 4.311201186900403e-08
7.006499643162459e-08 -4.871602446956877e-09
5.856262242017642e-08 -2.8863409604937332e-08
5.281143541445234e-08 -4.085931318392756e-08
4.9935841911590295e-08 -4.6857264973422676e-08
4.9935841911590295e-08 -4.6857264973422676e-08
4.9935841911590295e-08 -4.6857264973422676e-08
-1.1975002302316065e-08 -6.037155574456484e-08
1.8980419804637115e-08 -5.3614410358993757e-08
3.4458130858113705e-08 -5.023583766620821e-08
4.2196986384852e-08 -4.8546551319815445e-08
4.2196986384852e-08 -4.8546551319815445e-08
4.2196986384852e-08 -4.8546551319815445e-08
9.729327241187883e-08 5.192150355982804e-08
6.974512939836542e-08 1.6874761200062979e-09
5.5971057891608705e-08 -2.3429537599904573e-08
4.9084022138230356e-08 -3.598804445986001e-08
4.5640504261541174e-08 -4.226729788983773e-08
4.5640504261541174e-08 -4.226729788983773e-08
4.5640504261541174e-08 -4.226729788983773e-08
-1.765822432976061e-08 -6.161212540521852e-08
1.3991139965890282e-08 -5.1939711647528125e-08
2.981582211371573e-08 -4.7103504768682926e-08
3.772816318762845e-08 -4.4685401329260326e-08
3.772816318762845e-08 -4.4685401329260326e-08
3.772816318762845e-08 -4.4685401329260326e-08
1.0235093929329621e-07 6.114415703511412e-08
7.003955124046233e-08 8.229377852926892e-09
5.388385721404539e-08 -1.8228011738166717e-08
4.580601020083692e-08 -3.145670653371352e-08
4.176708669423269e-08 -3.807105393148693e-08
4.176708669423269e-08 -3.807105393148693e-08
4.176708669423269e-08 -3.807105393148693e-08
-2.3468849805913393e-08 -6.338792011856573e-08
9.149118444159649e-09 -5.0729487025026326e-08
2.545810256919617e-08 -4.440027047825663e-08
3.361259463171443e-08 -4.123566220487178e-08
3.361259463171443e-08 -4.123566220487178e-08
3.361259463171443e-08 -4.123566220487178e-08
1.0828310819365203e-07 7.085897977560294e-08
7.094785141268324e-08 1.4811658785365584e-08
5.228022302219883e-08 -1.3212001709753096e-08
4.294640882695663e-08 -2.7223831957312437e-08
3.827950172933553e-08 -3.422974708109211e-08
3.827950172933553e-08 -3.422974708109211e-08
3.827950172933553e-08 -3.422974708109211e-08
-2.945730491432537e-08 -6.57119293193539e-08
4.41109840750508e-09 -4.9970838200223e-08
2.1345300068420304e-08 -4.210029264065755e-08
2.981240089887791e-08 -3.816501986087483e-08
3.4045951314106724e-08 -3.619738347098347e-08
3.4045951314106724e-08 -3.619738347098347e-08
3.4045951314106724e-08 -3.619738347098347e-08
4.284016153949468e-08 7.71849414715626e-09
3.84430564268007e-08 -1.4239444661913604e-08
3.6244503870453714e-08 -2.5218414066448538e-08
3.5145227592280216e-08 -3.0707898768716e-08
3.5145227592280216e-08 -3.0707898768716e-08
3.5145227592280216e-08 -3.0707898768716e-08
-3.567533208669467e-08 -6.860189526702789e-08
-2.6505224720722683e-10 -4.9654897017871946e-08
1.7440087672536494e-08 -4.0181397893293974e-08
2.6292657632408353e-08 -3.544464833100499e-08
3.0718942612344285e-08 -3.307627354986049e-08
3.0718942612344285e-08 -3.307627354986049e-08
3.0718942612344285e-08 -3.307627354986049e-08
4.364744255629373e-08 1.1749834475380833e-08
3.7183192584319006e-08 -1.066321953723983e-08
3.395106759833165e-08 -2.1869746543550163e-08
3.2335005105337967e-08 -2.7473010046705328e-08
3.2335005105337967e-08 -2.7473010046705328e-08
3.2335005105337967e-08 -2.7473010046705328e-08
-4.21764381509797e-08 -7.208044572685528e-08
-4.920716522820866e-09 -4.977672788678031e-08
1.370714429125855e-08 -3.862486896674282e-08
2.3021074698298258e-08 -3.304893950672407e-08
2.7678039901818112e-08 -3.02609747767147e-08
2.7678039901818112e-08 -3.02609747767147e-08
2.7678039901818112e-08 -3.02609747767147e-08
4.4834238449601184e-08 1.5864731110508842e-08
3.6256139175709645e-08 -7.1981218331029295e-09
3.196708953876388e-08 -1.8729548304908817e-08
2.9822564720291e-08 -2.449526154081176e-08
2.9822564720291e-08 -2.449526154081176e-08
2.9822564720291e-08 -2.449526154081176e-08
-4.9016355793655635e-08 -7.617526892407844e-08
-9.596895536682318e-09 -5.03352652324451e-08
1.011283459180434e-08 -3.741526338662843e-08
1.9967699656047668e-08 -3.09552624637201e-08
2.4895132188169333e-08 -2.7725262002265928e-08
2.4895132188169333e-08 -2.7725262002265928e-08
2.4895132188169333e-08 -2.7725262002265928e-08
4.6409123863182224e-08 2.009892676812483e-08
3.5652128025675774e-08 -3.813167617070549e-09
3.0273630106922555e-08 -1.576921480966824e-08
2.7584381147545943e-08 -2.1747238405967082e-08
2.623975666785764e-08 -2.4736250204116505e-08
2.623975666785764e-08 -2.4736250204116505e-08
2.623975666785764e-08 -2.4736250204116505e-08
-4.922199231017622e-09 -3.041020266686843e-08
1.0658778718420009e-08 -2.7573226435492465e-08
1.8449267693138824e-08 -2.6154738319804483e-08
2.234451218049823e-08 -2.5445494261960496e-08
2.234451218049823e-08 -2.5445494261960496e-08
2.234451218049823e-08 -2.5445494261960496e-08
4.8384041067739536e-08 2.448903784665808e-08
3.536427662411888e-08 -4.782282076512082e-10
2.8854394402308557e-08 -1.2961861234805852e-08
2.5599453291403394e-08 -1.9203677748383173e-08
2.3971982735950812e-08 -2.2324586005171834e-08
2.3971982735950812e-08 -2.2324586005171834e-08
2.3971982735950812e-08 -2.2324586005171834e-08
-7.782769401419823e-09 -3.093105377185865e-08
8.094606667265495e-09 -2.662781988851524e-08
1.6033294701608153e-08 -2.4476202946843536e-08
2.000263871877948e-08 -2.3400394476007685e-08
2.000263871877948e-08 -2.3400394476007685e-08
2.000263871877948e-08 -2.3400394476007685e-08
5.077438844607572e-08 2.907287184881907e-08
3.5388513582427604e-08 2.8362386864056917e-09
2.769557615060354e-08 -1.0282077894800997e-08
2.384910743469151e-08 -1.6841236185404343e-08
2.1925873076735497e-08 -2.0120815330706014e-08
2.1925873076735497e-08 -2.0120815330706014e-08
2.1925873076735497e-08 -2.0120815330706014e-08
-1.0697756414028681e-08 -3.1721100617639566e-08
5.614058331353408e-09 -2.5920957974172788e-08
1.3769965704044452e-08 -2.30208866524394e-08
1.7847919390389974e-08 -2.1570850991572708e-08
1.7847919390389974e-08 -2.1570850991572708e-08
1.7847919390389974e-08 -2.1570850991572708e-08
5.3599138909339096e-08 3.388975371848497e-08
3.5723529149864535e-08 6.159451363456131e-09
2.6785724270127255e-08 -7.705699814058288e-09
2.2316821830258614e-08 -1.4638275402815498e-08
2.0082370610324296e-08 -1.8104563197194103e-08
2.0082370610324296e-08 -1.8104563197194103e-08
2.0082370610324296e-08 -1.8104563197194103e-08
-1.369250365243835e-08 -3.278597055609926e-08
3.194933478942973e-09 -2.544526687664668e-08
1.1638652044633634e-08 -2.1774915036920393e-08
1.5860511327478963e-08 -1.9939739117057248e-08
1.797144096890163e-08 -1.9022151157125675e-08
1.797144096890163e-08 -1.9022151157125675e-08
1.797144096890163e-08 -1.9022151157125675e-08
2.1594242743097567e-08 3.0974466801923823e-09
1.9782841855999596e-08 -7.962352238466647e-09
1.8877141412450613e-08 -1.3492251697796161e-08
1.8424291190676123e-08 -1.625720142746092e-08
1.8424291190676123e-08 -1.625720142746092e-08
1.8424291190676123e-08 -1.625720142746092e-08
-1.6792931563278466e-08 -3.413367787225939e-08
8.156798136988283e-10 -2.5195439649860154e-08
9.619985502187476e-09 -2.0726320538660537e-08
1.40221383464318e-08 -1.849176098306073e-08
1.6223214768553963e-08 -1.7374481205260824e-08
1.6223214768553963e-08 -1.7374481205260824e-08
1.6223214768553963e-08 -1.7374481205260824e-08
2.192680462472107e-08 5.127956637913066e-09
1.9075009696637516e-08 -6.123262283673879e-09
1.764911223259574e-08 -1.1748871744467352e-08
1.6936163500574852e-08 -1.4561676474864088e-08
1.6936163500574852e-08 -1.4561676474864088e-08
1.6936163500574852e-08 -1.4561676474864088e-08
-2.0025762558272047e-08 -3.5774682545913766e-08
-1.5447995288485977e-09 -2.516817951038893e-08
7.695681985863127e-09 -1.986492799262651e-08
1.2315922743218989e-08 -1.72133022337453e-08
1.462604312189692e-08 -1.5887489354304692e-08
1.462604312189692e-08 -1.5887489354304692e-08
1.462604312189692e-08 -1.5887489354304692e-08
2.2450376349806644e-08 7.193610111797069e-09
1.853820973585178e-08 -4.346939621253812e-09
1.658212642887435e-08 -1.0117214487779251e-08
1.5604084775385635e-08 -1.3002351921041972e-08
1.5604084775385635e-08 -1.3002351921041972e-08
1.5604084775385635e-08 -1.3002351921041972e-08
-2.3418751864457923e-08 -3.7721970212603115e-08
-3.907333544536144e-09 -2.5362161066822542e-08
5.848375615424746e-09 -1.9182256493932256e-08
1.072623019540519e-08 -1.6092304207487113e-08
1.3165157485395413e-08 -1.4547328064264543e-08
1.3165157485395413e-08 -1.4547328064264543e-08
1.3165157485395413e-08 -1.4547328064264543e-08
2.3168625689095015e-08 9.312382914348954e-09
1.8166891587245214e-08 -2.617472574957795e-09
1.5666024536320315e-08 -8.582400319611169e-09
1.4415591010857864e-08 -1.1564864191937855e-08
1.3790374248126638e-08 -1.30560961281012e-08
1.3790374248126638e-08 -1.30560961281012e-08
1.3790374248126638e-08 -1.30560961281012e-08
-1.916150316269854e-09 -1.5339385504311746e-08
5.937111965928392e-09 -1.4197740816206474e-08
9.863743107027515e-09 -1.3626918472153837e-08
9.863743107027515e-09 -1.3626918472153837e-08
9.863743107027515e-09 -1.3626918472153837e-08
5.0089975934998096e-08 3.8344645145490124e-08
2.997685952101281e-08 1.2358863336668142e-08
1.9920301314020163e-08 -6.340275677428477e-10
1.4892022210523838e-08 -7.1304730199483425e-09
1.2377882658775676e-08 -1.037869574605109e-08
1.2377882658775676e-08 -1.037869574605109e-08
1.2377882658775676e-08 -1.037869574605109e-08
-1.7801301623328623e-08 -2.9179590825687104e-08
-2.7117094822764723e-09 -1.9779143285869097e-08
4.833086588249602e-09 -1.5078919515960094e-08
8.60548462351264e-09 -1.2728807631005592e-08
1.0491683641144158e-08 -1.1553751688528342e-08
1.0491683641144158e-08 -1.1553751688528342e-08
1.0491683641144158e-08 -1.1553751688528342e-08
1.799065838915668e-08 6.967940724387014e-09
1.4241171015150418e-08 -2.292905482070664e-09
1.2366427328147289e-08 -6.923328585299503e-09
1.1429055484645723e-08 -9.238540136913922e-09
1.1429055484645723e-08 -9.238540136913922e-09
1.1429055484645723e-08 -9.238540136913922e-09
-2.0571656430477615e-08 -3.090545424120925e-08
-4.571300472915946e-09 -2.0071997189061587e-08
3.4288775058648887e-09 -1.4655268662987755e-08
7.428966495255306e-09 -1.194690439995084e-08
9.429010989950515e-09 -1.0592722268432381e-08
9.429010989950515e-09 -1.0592722268432381e-08
9.429010989950515e-09 -1.0592722268432381e-08
1.867904083673409e-08 8.66817420760401e-09
1.4054025913342302e-08 -9.622740304141857e-10
1.1741518451646408e-08 -5.777498149423283e-09
1.0585264720798462e-08 -8.185110208927832e-09
1.0007137855374489e-08 -9.388916238680106e-09
1.0007137855374489e-08 -9.388916238680106e-09
1.0007137855374489e-08 -9.388916238680106e-09
-2.4150904726653596e-09 -1.2113117519641013e-08
3.7960236913545645e-09 -1.075101687916056e-08
6.901580773364526e-09 -1.0069966558920333e-08
8.454359314369508e-09 -9.72944139880022e-09
8.454359314369508e-09 -9.72944139880022e-09
8.454359314369508e-09 -9.72944139880022e-09
1.9528164670331552e-08 1.043626431380339e-08
1.399126199235053e-08 3.534114575015847e-10
1.1222810653360018e-08 -4.688014970649318e-09
9.838584983864763e-09 -7.208728184724769e-09
9.146472149117136e-09 -8.469084791762494e-09
9.146472149117136e-09 -8.469084791762494e-09
9.146472149117136e-09 -8.469084791762494e-09
-3.5554122137151295e-09 -1.2363190684108558e-08
2.795529967701003e-09 -1.0416137737935527e-08
5.971001058409069e-09 -9.44261126484901e-09
7.558736603763103e-09 -8.955848028305752e-09
7.558736603763103e-09 -8.955848028305752e-09
7.558736603763103e-09 -8.955848028305752e-09
2.0544705396373202e-08 1.2287413080391343e-08
1.4051721000068153e-08 1.6657825260427956e-09
1.0805228801915628e-08 -3.6450327511314783e-09
9.181982702839365e-09 -6.300440389718615e-09
8.370359653301234e-09 -7.628144209012184e-09
8.370359653301234e-09 -7.628144209012184e-09
8.370359653301234e-09 -7.628144209012184e-09
-4.7214055048341195e-09 -1.272065743594927e-08
1.8244770742335574e-09 -1.0174400822480727e-08
5.097418363767396e-09 -8.901272515746456e-09
6.7338890085343155e-09 -8.26470836237932e-09
6.7338890085343155e-09 -8.26470836237932e-09
6.7338890085343155e-09 -8.26470836237932e-09
2.1736776750388526e-08 1.4237478064980616e-08
1.4235332879461421e-08 2.9863848513006477e-09
1.0484610943997868e-08 -2.6391617555393365e-09
8.609249976266092e-09 -5.451935058959329e-09
7.671569492400203e-09 -6.858321710669325e-09
7.671569492400203e-09 -6.858321710669325e-09
7.671569492400203e-09 -6.858321710669325e-09
-5.923188634584865e-09 -1.3188134236082504e-08
8.74190428907669e-10 -1.0023227973375915e-08
4.272879960653936e-09 -8.44077484202262e-09
5.9722247265270694e-09 -7.649548276345972e-09
6.821897109463636e-09 -7.253934993507649e-09
6.821897109463636e-09 -7.253934993507649e-09
6.821897109463636e-09 -7.253934993507649e-09
8.595403163244009e-09 1.5574871117997795e-09
7.708650136353823e-09 -2.8482239408539346e-09
7.2652736229087294e-09 -5.051079467180792e-09
7.043585366186183e-09 -6.15250723034422e-09
7.043585366186183e-09 -6.15250723034422e-09
7.043585366186183e-09 -6.15250723034422e-09
-7.1711449470233244e-09 -1.376919124525549e-08
-6.377979041857082e-11 -9.960849237799855e-09
3.489902787883806e-09 -8.056678234072037e-09
5.266744077034994e-09 -7.104592732208129e-09
6.155164721610589e-09 -6.628549981276174e-09
6.155164721610589e-09 -6.628549981276174e-09
6.155164721610589e-09 -6.628549981276174e-09
8.758205476777707e-09 2.3663481253723008e-09
7.456685099194148e-09 -2.131100927951937e-09
6.8059249104023685e-09 -4.379825454614056e-09
6.480544816006478e-09 -5.504187717945115e-09
6.480544816006478e-09 -5.504187717945115e-09
6.480544816006478e-09 -5.504187717945115e-09
-8.47601276874452e-09 -1.4468379035691061e-08
-9.977339763690212e-10 -9.986283376818088e-09
2.7414054198187286e-09 -7.745235547381602e-09
4.610975117912604e-09 -6.624711632663359e-09
5.545759966959541e-09 -6.064449675304237e-09
5.545759966959541e-09 -6.064449675304237e-09
5.545759966959541e-09 -6.064449675304237e-09
8.997156483602704e-09 3.192051662505696e-09
7.271458225281123e-09 -1.4361990063992704e-09
6.408609096120332e-09 -3.7503243408517535e-09
5.9771845315399365e-09 -4.907387008077995e-09
5.9771845315399365e-09 -4.907387008077995e-09
5.9771845315399365e-09 -4.907387008077995e-09
-9.848978015783398e-09 -1.529126378556661e-08
-1.93589674212173e-09 -1.0099325396822304e-08
2.020643894709103e-09 -7.503356202450149e-09
3.99891421312452e-09 -6.2053716052640725e-09
4.9880493723322285e-09 -5.556379306671033e-09
4.9880493723322285e-09 -5.556379306671033e-09
4.9880493723322285e-09 -5.556379306671033e-09
9.31398389821943e-09 4.041769558749916e-09
7.1510166352758296e-09 -7.573048739605588e-10
6.069533003804029e-09 -3.156842090315796e-09
5.528791188068129e-09 -4.356610698493415e-09
5.258420280200179e-09 -4.956495002582224e-09
5.258420280200179e-09 -4.956495002582224e-09
5.258420280200179e-09 -4.956495002582224e-09
-9.938931913259396e-10 -6.101350832689842e-09
2.1322635444371195e-09 -5.528922917636033e-09
3.695341912318649e-09 -5.242708960109128e-09
4.476881096259414e-09 -5.099601981345677e-09
4.476881096259414e-09 -5.099601981345677e-09
4.476881096259414e-09 -5.099601981345677e-09
9.711091169153478e-09 4.922849630380577e-09
7.093986132706446e-09 -8.837617548254995e-11
5.78543361448293e-09 -2.5939890784141133e-09
5.131157355371173e-09 -3.846795529879895e-09
4.8040192258152935e-09 -4.4731987556127855e-09
4.8040192258152935e-09 -4.4731987556127855e-09
4.8040192258152935e-09 -4.4731987556127855e-09
-1.567836029531971e-09 -6.2064450202214614e-09
1.6180915981416612e-09 -5.3398218879171235e-09
3.2110554119784774e-09 -4.906510321764955e-09
4.007537318896886e-09 -4.68985453868887e-09
4.007537318896886e-09 -4.68985453868887e-09
4.007537318896886e-09 -4.68985453868887e-09
1.0191575296941741e-08 5.842879368176311e-09
7.099556307919313e-09 5.765124147437202e-10
5.5535468134081e-09 -2.056671061972575e-09
4.780542066152493e-09 -3.3732628003307226e-09
4.394039692524689e-09 -4.031558669509796e-09
4.394039692524689e-09 -4.031558669509796e-09
4.394039692524689e-09 -4.031558669509796e-09
-2.1527524299249262e-09 -6.365551610920153e-09
1.1206436312998815e-09 -5.198555140214975e-09
2.757341661912285e-09 -4.6150569048623854e-09
3.575690677218487e-09 -4.32330778718609e-09
3.575690677218487e-09 -4.32330778718609e-09
3.575690677218487e-09 -4.32330778718609e-09
1.0759250658210709e-08 6.809751426033917e-09
7.167470667714598e-09 1.2432218194239134e-09
5.371580672466543e-09 -1.5400429838810884e-09
4.473635674842515e-09 -2.9316753855335894e-09
4.024663176030501e-09 -3.62749158635984e-09
4.024663176030501e-09 -3.62749158635984e-09
4.024663176030501e-09 -3.62749158635984e-09
-2.753727488040336e-09 -6.579804869215818e-09
6.354678439950826e-10 -5.103648227787829e-09
2.3300655100127916e-09 -4.365569907073835e-09
3.1773643430216463e-09 -3.996530746716837e-09
3.601013759526074e-09 -3.812011166538339e-09
3.601013759526074e-09 -3.812011166538339e-09
3.601013759526074e-09 -3.812011166538339e-09
4.332475763901845e-09 6.259633008913773e-10
3.96674476171396e-09 -1.5930239328234808e-09
3.783879260620017e-09 -2.7025175496809096e-09
3.6924465100730454e-09 -3.2572643581096243e-09
3.6924465100730454e-09 -3.2572643581096243e-09
3.6924465100730454e-09 -3.2572643581096243e-09
-3.375962568531363e-09 -6.850818002605147e-09
1.582419707708413e-10 -5.054041180357385e-09
1.9253442404219433e-09 -4.155652769233505e-09
2.8088953752474944e-09 -3.7064585636715646e-09
3.25067094266027e-09 -3.4818614608905944e-09
3.25067094266027e-09 -3.4818614608905944e-09
3.25067094266027e-09 -3.4818614608905944e-09
4.399621690086366e-09 1.0333554883308523e-09
3.825146316373318e-09 -1.224252986279871e-09
3.537908629516794e-09 -2.3530572235852326e-09
3.394289786088532e-09 -2.9174593422379135e-09
3.394289786088532e-09 -2.9174593422379135e-09
3.394289786088532e-09 -2.9174593422379135e-09
-4.0248204331692265e-09 -7.180694997316873e-09
-3.152653235403472e-10 -5.049077169777394e-09
1.5395122312740924e-09 -3.9832682560076535e-09
2.4669010086813124e-09 -3.4503637991227837e-09
2.9305953973849222e-09 -3.1839115706803484e-09
2.9305953973849222e-09 -3.1839115706803484e-09
2.9305953973849222e-09 -3.1839115706803484e-09
4.5050917782305336e-09 1.447838294216182e-09
3.717843587807728e-09 -8.680366382320832e-10
3.324219492596325e-09 -2.0259741044562158e-09
3.1274074449906236e-09 -2.604942837568282e-09
3.1274074449906236e-09 -2.604942837568282e-09
3.1274074449906236e-09 -2.604942837568282e-09
-4.70587156657817e-09 -7.572046707843879e-09
-7.892320607937731e-10 -5.08849477270608e-09
1.1690876920984253e-09 -3.846718805137181e-09
2.1482475685445245e-09 -3.2258308213527312e-09
2.637827506767574e-09 -2.9153868294605065e-09
2.637827506767574e-09 -2.9153868294605065e-09
2.637827506767574e-09 -2.9153868294605065e-09
4.649625625692516e-09 1.8730184575952954e-09
3.6437265662300445e-09 -5.211841859326056e-10
3.140777036498809e-09 -1.718285507696556e-09
2.8893022716331915e-09 -2.316836168578531e-09
2.7635648892003827e-09 -2.616111499019519e-09
2.7635648892003827e-09 -2.616111499019519e-09
2.7635648892003827e-09 -2.616111499019519e-09
-3.876582375757639e-10 -3.0774964316712826e-09
1.1879533258123094e-09 -2.8468039653454008e-09
1.975759107506346e-09 -2.73145773218246e-09
1.975759107506346e-09 -2.73145773218246e-09
1.975759107506346e-09 -2.73145773218246e-09
1.0056263049860223e-08 7.702654630032399e-09
6.016011078683284e-09 2.4855984489249693e-09
3.995885093094815e-09 -1.2292964162874526e-10
2.9858221003005807e-09 -1.4271936869056025e-09
2.480790603903463e-09 -2.079325709544031e-09
2.480790603903463e-09 -2.079325709544031e-09
2.480790603903463e-09 -2.079325709544031e-09
-3.577183430365741e-09 -5.857241587078491e-09
-5.481964132311389e-10 -3.968283648311261e-09
9.662970953361621e-10 -3.023804678927646e-09
1.7235438496198125e-09 -2.5515651942358385e-09
2.102167226761638e-09 -2.315445451889935e-09
2.102167226761638e-09 -2.315445451889935e-09
2.102167226761638e-09 -2.315445451889935e-09
3.6104223149152505e-09 1.4016159756028057e-09
2.856294770838444e-09 -4.569147381435646e-10
2.4792309988000408e-09 -1.3861800950167498e-09
2.2906991127808393e-09 -1.8508127734533424e-09
2.2906991127808393e-09 -1.8508127734533424e-09
2.2906991127808393e-09 -1.8508127734533424e-09
-4.133286515543312e-09 -6.204042458650748e-09
-9.212937013812363e-10 -4.027427616052045e-09
6.847027056998015e-10 -2.939120194752694e-09
1.4877009092403205e-09 -2.394966484103018e-09
1.8892000110105797e-09 -2.1228896287781803e-09
1.8892000110105797e-09 -2.1228896287781803e-09
1.8892000110105797e-09 -2.1228896287781803e-09
3.748875418711773e-09 1.7428305988296938e-09
2.8190377148611764e-09 -1.9002951497424328e-10
2.354118862935878e-09 -1.1564595718762118e-09
2.121659436973229e-09 -1.639674600327196e-09
2.0054297239919043e-09 -1.881282114552688e-09
2.0054297239919043e-09 -1.881282114552688e-09
2.0054297239919043e-09 -1.881282114552688e-09
-4.870564512786503e-10 -2.4304123705405957e-09
7.59186636356627e-10 -2.1558472425466416e-09
1.3823081801742656e-09 -2.018564678549665e-09
1.693868952083085e-09 -1.9499233965511764e-09
1.693868952083085e-09 -1.9499233965511764e-09
1.693868952083085e-09 -1.9499233965511764e-09
3.919587809654282e-09 2.0976916353485176e-09
2.8067283808686837e-09 7.388411939867062e-11
2.2502986664758843e-09 -9.380196385762529e-10
1.9720838092794846e-09 -1.4439715175637145e-09
1.8329763806812848e-09 -1.6969474570574455e-09
1.8329763806812848e-09 -1.6969474570574455e-09
1.8329763806812848e-09 -1.6969474570574455e-09
-7.158588931490394e-10 -2.4808208120091123e-09
5.585587437661227e-10 -2.088884134533279e-09
1.1957675622237036e-09 -1.892915795795362e-09
1.5143719714524943e-09 -1.7949316264264037e-09
1.5143719714524943e-09 -1.7949316264264037e-09
1.5143719714524943e-09 -1.7949316264264037e-09
4.1239018454091314e-09 2.469250046480217e-09
2.8191369084308127e-09 3.3715921002690663e-10
2.1667544399416533e-09 -7.288862081997485e-10
1.840563205697074e-09 -1.2619089173130762e-09
1.6774675885747842e-09 -1.52842027186974e-09
1.6774675885747842e-09 -1.52842027186974e-09
1.6774675885747842e-09 -1.52842027186974e-09
-9.498340061763763e-10 -2.55277793639031e-09
3.638167911992039e-10 -2.040599104130025e-09
1.020642189886994e-09 -1.7845096879998824e-09
1.3490548892308892e-09 -1.6564649799348113e-09
1.3490548892308892e-09 -1.6564649799348113e-09
1.3490548892308892e-09 -1.6564649799348113e-09
4.363448533058755e-09 2.860688598485712e-09
2.856251711144822e-09 6.021118092754503e-10
2.102653300187856e-09 -5.271765853296805e-10
1.7258540947093725e-09 -1.0918207826322459e-09
1.5374544919701309e-09 -1.3741428812835287e-09
1.5374544919701309e-09 -1.3741428812835287e-09
1.5374544919701309e-09 -1.3741428812835287e-09
-1.1910120822570566e-09 -2.6468107688764507e-09
1.7322120485653714e-10 -2.0104768250799897e-09
8.55337848413334e-10 -1.6923098531817592e-09
1.1963961701917324e-09 -1.533226367232644e-09
1.3669253310809315e-09 -1.4536846242580863e-09
1.3669253310809315e-09 -1.4536846242580863e-09
1.3669253310809315e-09 -1.4536846242580863e-09
1.7245741836631387e-09 3.142692060019292e-10
1.5457497573720351e-09 -5.697077091280786e-10
1.4563375442264832e-09 -1.0116961666930825e-09
1.4116314376537074e-09 -1.2326903954755844e-09
1.4116314376537074e-09 -1.2326903954755844e-09
1.4116314376537074e-09 -1.2326903954755844e-09
-1.441476787313194e-09 -2.7636377038712188e-09
-1.4922674829743287e-11 -1.9981640496734015e-09
6.98354381411982e-10 -1.615427222574493e-09
1.0549929095328446e-09 -1.4240588090250386e-09
1.233312173593276e-09 -1.3283746022503116e-09
1.233312173593276e-09 -1.3283746022503116e-09
1.233312173593276e-09 -1.3283746022503116e-09
1.757405230678129e-09 4.765618427639498e-10
1.4953587021357025e-09 -4.2590637974318093e-10
1.3643354378644891e-09 -8.771404909967463e-10
1.2988238057288826e-09 -1.102757546623529e-09
1.2988238057288826e-09 -1.102757546623529e-09
1.2988238057288826e-09 -1.102757546623529e-09
-1.7033832064020909e-09 -2.904173882572434e-09
-2.0227970033660415e-10 -2.0034657145979815e-09
5.482720526961392e-10 -1.5531116306107553e-09
9.235479292125109e-10 -1.3279345886171422e-09
1.1111858674706967e-09 -1.2153460676203356e-09
1.1111858674706967e-09 -1.2153460676203356e-09
1.1111858674706967e-09 -1.2153460676203356e-09
1.8055153355283415e-09 6.422493679898157e-10
1.458350601499519e-09 -2.8654834981525996e-10
1.284768234485108e-09 -7.509472087177978e-10
1.1979770509779024e-09 -9.831466381690667e-10
1.1979770509779024e-09 -9.831466381690667e-10
1.1979770509779024e-09 -9.831466381690667e-10
-1.9789764282190828e-09 -3.06953827278741e-09
-3.904996886205902e-10 -2.0263424554782383e-09
4.0373868117865607e-10 -1.5047445468236526e-09
8.008578660782792e-10 -1.2439455924963596e-09
9.994174585280907e-10 -1.1135461153327132e-09
9.994174585280907e-10 -1.1135461153327132e-09
9.994174585280907e-10 -1.1135461153327132e-09
1.869252610917049e-09 8.127708239930854e-10
1.43433503472257e-09 -1.5038764566981394e-10
1.2168762466253302e-09 -6.319668805012636e-10
1.1081468525767106e-09 -8.727564979169884e-10
1.0537821555524006e-09 -9.931513066248509e-10
1.0537821555524006e-09 -9.931513066248509e-10
1.0537821555524006e-09 -9.931513066248509e-10
-2.0067910935651318e-10 -1.22414584043967e-09
4.265515230979437e-10 -1.1086485735322605e-09
7.401668393251721e-10 -1.0508999400785556e-09
8.969744974387863e-10 -1.0220256233517033e-09
8.969744974387863e-10 -1.0220256233517033e-09
8.969744974387863e-10 -1.0220256233517033e-09
1.94910075967212e-09 9.89600699282817e-10
1.4230376285554532e-09 -1.6212462034443155e-11
1.1600060629971196e-09 -5.191190426930732e-10
1.028490280217953e-09 -7.705723330223883e-10
9.627323888283697e-10 -8.962989781870458e-10
9.627323888283697e-10 -8.962989781870458e-10
9.627323888283697e-10 -8.962989781870458e-10
-3.158347332836166e-10 -1.2453504167864088e-09
3.2344882777237657e-10 -1.0708246974867272e-09
6.430906083003731e-10 -9.835618378368865e-10
8.029114985643714e-10 -9.399304080119662e-10
8.029114985643714e-10 -9.399304080119662e-10
8.029114985643714e-10 -9.399304080119662e-10
2.0456826626512145e-09 1.1742617093685481e-09
1.4242970806077928e-09 1.1716565067829098e-10
1.1136042895860822e-09 -4.113823786668376e-10
9.582578940752267e-10 -6.756563933394019e-10
8.805846963197991e-10 -8.07793400675684e-10
8.805846963197991e-10 -8.07793400675684e-10
8.805846963197991e-10 -8.07793400675684e-10
-4.332031995711874e-10 -1.2773922480645179e-09
2.2369074837430587e-10 -1.042592824370101e-09
5.521377223470525e-10 -9.251931125228926e-10
7.163612093334258e-10 -8.664932565992883e-10
7.163612093334258e-10 -8.664932565992883e-10
7.163612093334258e-10 -8.664932565992883e-10
2.159765171855104e-09 1.368337938893858e-09
1.438063190594265e-09 2.509223411472849e-10
1.0772121999638453e-09 -3.077854577260017e-10
8.967867046486357e-10 -5.871393571626449e-10
8.065739569910307e-10 -7.268163068809666e-10
8.065739569910307e-10 -7.268163068809666e-10
8.065739569910307e-10 -7.268163068809666e-10
-5.5380482282678e-10 -1.3204999547588343e-09
1.2638456708212537e-10 -1.0236581308199005e-09
4.664792620365781e-10 -8.752372188504336e-10
6.365266095138044e-10 -8.010267628657e-10
7.215502832524176e-10 -7.639215348733333e-10
7.215502832524176e-10 -7.639215348733333e-10
7.215502832524176e-10 -7.639215348733333e-10
8.692301610755178e-10 1.26494252016995e-10
7.953902221639677e-10 -3.1871364142816916e-10
7.584702527081927e-10 -5.413175881507513e-10
7.400102679803051e-10 -6.526195615120423e-10
7.400102679803051e-10 -6.526195615120423e-10
7.400102679803051e-10 -6.526195615120423e-10
-6.78683343630371e-10 -1.3749982583730292e-09
3.0663462174967074e-11 -1.0138089099425357e-09
3.853368650776361e-10 -8.33214235727289e-10
5.626735665289706e-10 -7.429168986196656e-10
6.513419172546378e-10 -6.97768230065854e-10
6.513419172546378e-10 -6.97768230065854e-10
6.513419172546378e-10 -6.97768230065854e-10
8.827867123603694e-10 2.0823163870411588e-10
7.670643148075036e-10 -2.4476829568086904e-10
7.092031160310707e-10 -4.712682628733614e-10
6.802725166428542e-10 -5.845182464696077e-10
6.802725166428542e-10 -5.845182464696077e-10
6.802725166428542e-10 -5.845182464696077e-10
-8.089149837587427e-10 -1.4413103653118549e-09
-6.432123355794426e-11 -1.0129143058907313e-09
3.07975641542455e-10 -7.987162761801696e-10
4.941240790926545e-10 -6.916172613248886e-10
5.871982978677544e-10 -6.380677538972482e-10
5.871982978677544e-10 -6.380677538972482e-10
5.871982978677544e-10 -6.380677538972482e-10
9.040326212863829e-10 2.913995954075465e-10
7.456154595770686e-10 -1.7333407924485083e-10
6.664068787224115e-10 -4.057009165710495e-10
6.26802588295083e-10 -5.218843352341488e-10
6.26802588295083e-10 -5.218843352341488e-10
6.26802588295083e-10 -5.218843352341488e-10
-9.456177425847394e-10 -1.519961204346599e-09
-1.5940757714482817e-10 -1.0209227697903738e-09
2.336975055751274e-10 -7.714035525122614e-10
4.3025004693510517e-10 -6.466439438732051e-10
5.28526317615094e-10 -5.84264139553677e-10
5.28526317615094e-10 -5.84264139553677e-10
5.28526317615094e-10 -5.84264139553677e-10
9.331170220692419e-10 3.767217934882269e-10
7.308216698421679e-10 -1.0377117303272504e-10
6.29673993728631e-10 -3.44017656293201e-10
5.791001556718625e-10 -4.6414089792343895e-10
5.538132366434782e-10 -5.24202518738558e-10
5.538132366434782e-10 -5.24202518738558e-10
5.538132366434782e-10 -5.24202518738558e-10
-7.842199653842806e-11 -6.174298742265553e-10
2.376956200525251e-10 -5.708161964825566e-10
3.9575442834800166e-10 -5.475093576105573e-10
3.9575442834800166e-10 -5.475093576105573e-10
3.9575442834800166e-10 -5.475093576105573e-10
2.0189363653234035e-09 1.547304472347451e-09
1.2073453968357026e-09 4.998975573684468e-10
8.015499125918522e-10 -2.3805900121055276e-11
5.986521704699269e-10 -2.856576288658063e-10
4.972032994089643e-10 -4.165834932381818e-10
4.972032994089643e-10 -4.165834932381818e-10
4.972032994089643e-10 -4.165834932381818e-10
-7.188360243457646e-10 -1.1757294206671347e-09
-1.1081636246840016e-10 -7.961564569526582e-10
1.9319346847028205e-10 -6.0636997509542e-10
3.4519838393962316e-10 -5.114767341668009e-10
4.212008416742937e-10 -4.6403011370249136e-10
4.212008416742937e-10 -4.6403011370249136e-10
4.212008416742937e-10 -4.6403011370249136e-10
7.245516851744779e-10 2.8193620748875853e-10
5.728762634243857e-10 -9.104695310686641e-11
4.970385525493398e-10 -2.775385334046789e-10
4.5911969711181676e-10 -3.707843235535851e-10
4.5911969711181676e-10 -3.707843235535851e-10
4.5911969711181676e-10 -3.707843235535851e-10
-8.30464634143639e-10 -1.2454166444744043e-09
-1.856724685159111e-10 -8.081004840139948e-10
1.3672361429795283e-10 -5.8944240378379e-10
2.979216557048848e-10 -4.801133636686876e-10
3.785206764083508e-10 -4.2544884361113634e-10
3.785206764083508e-10 -4.2544884361113634e-10
3.785206764083508e-10 -4.2544884361113634e-10
7.52398344636658e-10 3.504135846293766e-10
5.654595105225044e-10 -3.7517629490879877e-11
4.719900934654276e-10 -2.314832365510081e-10
4.252553849368892e-10 -3.284660400810722e-10
4.0188803067262e-10 -3.7695744184610426e-10
4.0188803067262e-10 -3.7695744184610426e-10
4.0188803067262e-10 -3.7695744184610426e-10
-9.822305058268292e-11 -4.876457868399709e-10
1.5183249004496855e-10 -4.323016143430376e-10
2.768602603587943e-10 -4.046295280945709e-10
3.3937414551570714e-10 -3.907934849703376e-10
3.3937414551570714e-10 -3.907934849703376e-10
3.3937414551570714e-10 -3.907934849703376e-10
7.86719146212545e-10 4.2163533097180175e-10
5.630466458641261e-10 1.5420923000732087e-11
4.5121039568991665e-10 -1.8768628098480275e-10
3.9529227060281187e-10 -2.8923988297757016e-10
3.6733320805925953e-10 -3.4001668397395384e-10
3.6733320805925953e-10 -3.4001668397395384e-10
3.6733320805925953e-10 -3.4001668397395384e-10
-1.441316849947684e-10 -4.978066310095137e-10
1.1160076153224557e-10 -4.1891165749173377e-10
2.394669847957526e-10 -3.794641707328438e-10
3.0340009642750603e-10 -3.597404273533988e-10
3.0340009642750603e-10 -3.597404273533988e-10
3.0340009642750603e-10 -3.597404273533988e-10
8.277840193236536e-10 4.962137574353127e-10
5.655920578755798e-10 6.823666504095696e-11
4.3449607715154293e-10 -1.4575188115622092e-10
3.689480867895245e-10 -2.5274615425480986e-10
3.3617409160851527e-10 -3.0624329080410433e-10
3.3617409160851527e-10 -3.0624329080410433e-10
3.3617409160851527e-10 -3.0624329080410433e-10
-1.9108256384932133e-10 -5.122912550539606e-10
7.254576387959697e-11 -4.092672729290325e-10
2.0435992774405612e-10 -3.577552818665684e-10
2.702670096762857e-10 -3.319992863353364e-10
2.702670096762857e-10 -3.319992863353364e-10
2.702670096762857e-10 -3.319992863353364e-10
8.759208247459997e-10 5.74787676742155e-10
5.730939172111427e-10 1.213941952034093e-10
4.216804634437142e-10 -1.0530254556596354e-10
3.4597373655999996e-10 -2.1865091595064997e-10
3.0812037311814284e-10 -2.7532510114299316e-10
3.0812037311814284e-10 -2.7532510114299316e-10
3.0812037311814284e-10 -2.7532510114299316e-10
-2.3948307714330405e-10 -5.312058142723834e-10
3.4318647987419396e-11 -4.032654577076883e-10
1.7121951055278112e-10 -3.3929527942534075e-10
2.39669941835462e-10 -3.0731019028416696e-10
2.738951574768024e-10 -2.9131764571358006e-10
2.738951574768024e-10 -2.9131764571358006e-10
2.738951574768024e-10 -2.9131764571358006e-10
3.460174375790899e-10 6.341103598555975e-11
3.099562975279461e-10 -1.1395330486401016e-10
2.9192572750237425e-10 -2.026354752887951e-10
2.8291044248958834e-10 -2.469765605011876e-10
2.8291044248958834e-10 -2.469765605011876e-10
2.8291044248958834e-10 -2.469765605011876e-10
-2.897513626165391e-10 -5.546948641105992e-10
-3.4204600634753653e-12 -4.008357123058934e-10
1.397449912130565e-10 -3.239061364035405e-10
2.1132771685132243e-10 -2.85441348452364e-10
2.471190796704554e-10 -2.662089544767758e-10
2.471190796704554e-10 -2.662089544767758e-10
2.471190796704554e-10 -2.662089544767758e-10
3.5263803751047607e-10 9.597402043838489e-11
2.9987855859046573e-10 -8.511746701919545e-11
2.7349881913046056e-10 -1.7566321074798564e-10
2.6030894940045797e-10 -2.2093608261238072e-10
2.6030894940045797e-10 -2.2093608261238072e-10
2.6030894940045797e-10 -2.2093608261238072e-10
-3.4231992675716296e-10 -5.82942442762408e-10
-4.1005488678352495e-11 -4.019392626873944e-10
1.0965173036105274e-10 -3.1143767264988754e-10
1.8498033988075536e-10 -2.661868776311341e-10
2.2264464464060665e-10 -2.4356148012175743e-10
2.2264464464060665e-10 -2.4356148012175743e-10
2.2264464464060665e-10 -2.4356148012175743e-10
3.6232434809357625e-10 1.2922128571379667e-10
2.9248449636709145e-10 -5.717009720398038e-11
2.57564570503849e-10 -1.503657886628689e-10
2.4010460757222784e-10 -1.9696363439231318e-10
2.4010460757222784e-10 -1.9696363439231318e-10
2.4010460757222784e-10 -1.9696363439231318e-10
-3.976393743732578e-10 -6.161734953544958e-10
-7.876738340051498e-11 -4.065685648734045e-10
8.066861208585643e-11 -3.0176609963285886e-10
1.6038660982904213e-10 -2.49364867012586e-10
2.0024560870063499e-10 -2.231642507024496e-10
2.0024560870063499e-10 -2.231642507024496e-10
2.0024560870063499e-10 -2.231642507024496e-10
3.751465083716036e-10 1.6344157867135018e-10
2.876960585361193e-10 -2.986133601554971e-11
2.4397083361837716e-10 -1.2651279335899966e-10
2.2210822115950606e-10 -1.7483852203072464e-10
2.1117691493007054e-10 -1.990013863665871e-10
2.1117691493007054e-10 -1.990013863665871e-10
2.1117691493007054e-10 -1.990013863665871e-10
-4.0517885297191925e-11 -2.456070359444287e-10
8.53295148164393e-11 -2.223042111555079e-10
1.4825321487325492e-10 -2.106527987610475e-10
1.7971506490166272e-10 -2.048270925638173e-10
1.7971506490166272e-10 -2.048270925638173e-10
1.7971506490166272e-10 -2.048270925638173e-10
3.912018643962333e-10 1.9893078566468694e-10
2.85458464648948e-10 -2.9481534495651798e-12
2.3258676477530536e-10 -1.0388762300669124e-10
2.0615091483848404e-10 -1.5435735778525426e-10
1.9293298987007338e-10 -1.795922251745358e-10
1.9293298987007338e-10 -1.795922251745358e-10
1.9293298987007338e-10 -1.795922251745358e-10
-6.362268141181063e-11 -2.4988528893312825e-10
6.465515422913138e-11 -2.14738757053832e-10
1.2879407204960238e-10 -1.971654911141839e-10
1.6086353095983788e-10 -1.8837885814435984e-10
1.6086353095983788e-10 -1.8837885814435984e-10
1.6086353095983788e-10 -1.8837885814435984e-10
4.106156916937646e-10 2.3599449714276944e-10
2.857396113268012e-10 2.38078194992048e-11
2.2330157114331956e-10 -8.228551932257752e-11
1.9208255105157872e-10 -1.3533218873346868e-10
1.764730410057083e-10 -1.6185552343891426e-10
1.764730410057083e-10 -1.6185552343891426e-10
1.764730410057083e-10 -1.6185552343891426e-10
-8.717369029902677e-11 -2.5633797252045274e-10
4.4649675353340767e-11 -2.090967479796835e-10
1.1056135817952453e-10 -1.8547613570929888e-10
1.4351719959261642e-10 -1.736658295741066e-10
1.4351719959261642e-10 -1.736658295741066e-10
1.4351719959261642e-10 -1.736658295741066e-10
4.3354215957380205e-10 2.7495064499146763e-10
2.8852967958320924e-10 5.064240770868052e-11
2.1602343958791283e-10 -6.151171093271303e-11
1.7977031959026463e-10 -1.175887702534098e-10
1.6164375959144052e-10 -1.456272999137582e-10
1.6164375959144052e-10 -1.456272999137582e-10
1.6164375959144052e-10 -1.456272999137582e-10
-1.1137563633677865e-10 -2.650111660885876e-10
2.513406162733094e-11 -2.053192330011729e-10
9.338891060938573e-11 -1.7547326645746554e-10
1.2751633510041313e-10 -1.6055028318561188e-10
1.4458004734592682e-10 -1.5308879154968506e-10
1.4458004734592682e-10 -1.5308879154968506e-10
1.4458004734592682e-10 -1.5308879154968506e-10
1.7439495411773213e-10 2.556053467079979e-11
1.5948750073182948e-10 -6.376412843944263e-11
1.5203377403887815e-10 -1.0842645999456385e-10
1.4830691069240248e-10 -1.3075762577212444e-10
1.4830691069240248e-10 -1.3075762577212444e-10
1.4830691069240248e-10 -1.3075762577212444e-10
-1.3643796369741222e-10 -2.7597023192896996e-10
5.934473497495129e-12 -2.033639288505472e-10
7.71206920949488e-11 -1.670607773113358e-10
1.1271380139367564e-10 -1.4890920154173013e-10
1.3051035604303906e-10 -1.398334136569273e-10
1.3051035604303906e-10 -1.398334136569273e-10
1.3051035604303906e-10 -1.398334136569273e-10
1.7713186938787466e-10 4.195998453868966e-11
1.5382111271545686e-10 -4.893671455911882e-11
1.4216573437924796e-10 -9.438506410802306e-11
1.363380452111435e-10 -1.1710923888247516e-10
1.363380452111435e-10 -1.1710923888247516e-10
1.363380452111435e-10 -1.1710923888247516e-10
-1.6257665333871004e-10 -2.893002953848918e-10
-1.3119304063783265e-11 -2.0320476713368348e-10
6.160937057368012e-11 -1.6015700300807933e-10
9.897370789241181e-11 -1.3863312094527725e-10
1.1765587655177766e-10 -1.278711799138762e-10
1.1765587655177766e-10 -1.278711799138762e-10
1.1765587655177766e-10 -1.278711799138762e-10
1.814115786207823e-10 5.864805038869302e-11
1.4953372758627996e-10 -3.461156476259159e-11
1.335948020690288e-10 -8.12413723382339e-11
1.2562533931040324e-10 -1.0455627612605506e-10
1.2562533931040324e-10 -1.0455627612605506e-10
1.2562533931040324e-10 -1.0455627612605506e-10
-1.900160885571995e-10 -3.051068962748745e-10
-3.2195374623398136e-11 -2.0483158620046477e-10
4.671498234350255e-11 -1.5469393116325993e-10
8.617016082695289e-11 -1.296251036446575e-10
1.0589775006867806e-10 -1.1709068988535626e-10
1.0589775006867806e-10 -1.1709068988535626e-10
1.0589775006867806e-10 -1.1709068988535626e-10
1.8726415283421532e-10 7.576993285787178e-11
1.465809514514467e-10 -2.066037851374224e-11
1.2623935076006237e-10 -6.887553419954925e-11
1.1606855041437022e-10 -9.298311204245276e-11
1.1098315024152415e-10 -1.0503690096390451e-10
1.1098315024152415e-10 -1.0503690096390451e-10
1.1098315024152415e-10 -1.0503690096390451e-10
-1.5863416210899163e-11 -1.2387344181303616e-10
4.755986701531249e-11 -1.1445517138847034e-10
7.927150862841832e-11 -1.0974603617618742e-10
7.927150862841832e-11 -1.0974603617618742e-10
7.927150862841832e-11 -1.0974603617618742e-10
4.053300848871904e-10 3.108213124855552e-10
2.4230079675780435e-10 1.0053763815468388e-10
1.6078615269311136e-10 -4.604199010751774e-12
1.2002883066076483e-10 -5.71751175934696e-11
9.965016964459158e-11 -8.346057688482851e-11
9.965016964459158e-11 -8.346057688482851e-11
9.965016964459158e-11 -8.346057688482851e-11
-1.444500282950342e-10 -2.3600540155930285e-10
-2.2399929325221308e-11 -1.597329892220657e-10
3.862512015968514e-11 -1.215967830534471e-10
6.913764490213837e-11 -1.0252867996913781e-10
8.439390727336497e-11 -9.299462842698315e-11
8.439390727336497e-11 -9.299462842698315e-11
8.439390727336497e-11 -9.299462842698315e-11
1.454056074798996e-10 5.671133963025978e-11
1.1489975737663228e-10 -1.8141644398361686e-11
9.964683232499864e-11 -5.556813641267242e-11
9.20203697991818e-11 -7.428138241982779e-11
8.820713853627339e-11 -8.363800542340546e-11
8.820713853627339e-11 -8.363800542340546e-11
8.820713853627339e-11 -8.363800542340546e-11
-1.0726028086443081e-11 -9.664860006582201e-11
3.8740555224915156e-11 -9.014330274461374e-11
6.347384688059427e-11 -8.68906540840096e-11
6.347384688059427e-11 -8.68906540840096e-11
6.347384688059427e-11 -8.68906540840096e-11
3.127386098810783e-10 2.3755635939930596e-10
1.881062283808363e-10 7.533285265764817e-11
1.257900376307153e-10 -5.778900713180716e-12
9.463194225565478e-11 -4.633477739859516e-11
7.905289456812453e-11 -6.661271574130237e-11
7.905289456812453e-11 -6.661271574130237e-11
7.905289456812453e-11 -6.661271574130237e-11
-1.097556986379358e-10 -1.8258850379229666e-10
-1.5351402034905638e-11 -1.2460060976679953e-10
3.1850746266609445e-11 -9.560666275405095e-11
5.5451820417366984e-11 -8.110968924767665e-11
6.725235749274576e-11 -7.386120249448951e-11
6.725235749274576e-11 -7.386120249448951e-11
6.725235749274576e-11 -7.386120249448951e-11
1.1293231876713565e-10 4.237553877394147e-11
9.00923381299407e-11 -1.5742831860274023e-11
7.867234781134323e-11 -4.480201717738177e-11
7.296235265204449e-11 -5.933160983593564e-11
7.296235265204449e-11 -5.933160983593564e-11
7.296235265204449e-11 -5.933160983593564e-11
-1.270877374674057e-10 -1.9323471871108407e-10
-2.7062692407680603e-11 -1.2628316427350985e-10
2.2949830122181945e-11 -9.280738705472275e-11
4.795609138711322e-11 -7.60694984453292e-11
6.045922201957886e-11 -6.770055414063242e-11
6.045922201957886e-11 -6.770055414063242e-11
6.045922201957886e-11 -6.770055414063242e-11
1.171255964622809e-10 5.304570838256593e-11
8.879240924092987e-11 -7.327422879033244e-12
7.462581563025437e-11 -3.751398850983283e-11
6.75425188249166e-11 -5.2607271325232626e-11
6.400087042224773e-11 -6.015391273293252e-11
6.400087042224773e-11 -6.015391273293252e-11
6.400087042224773e-11 -6.015391273293252e-11
-1.4163057060773703e-11 -7.624044863803229e-11
2.4918906680737014e-11 -6.819718068548241e-11
4.445988855149237e-11 -6.417554670920746e-11
5.423037948687005e-11 -6.216472972106999e-11
5.423037948687005e-11 -6.216472972106999e-11
5.423037948687005e-11 -6.216472972106999e-11
1.2232739255370465e-10 6.412983795009605e-11
8.827888602028735e-11 9.825541145130297e-13
7.12546327535787e-11 -3.059108780327848e-11
6.274250612022438e-11 -4.637790876217424e-11
5.848644280354721e-11 -5.4271319241622115e-11
5.848644280354721e-11 -5.4271319241622115e-11
5.848644280354721e-11 -5.4271319241622115e-11
-2.1338261341443767e-11 -7.77171423637333e-11
1.857409073105172e-11 -6.599423080267771e-11
3.8530266767299464e-11 -6.013277502214992e-11
4.8508354785423335e-11 -5.720204713188601e-11
4.8508354785423335e-11 -5.720204713188601e-11
4.8508354785423335e-11 -5.720204713188601e-11
1.2857848555013834e-10 7.572328459181364e-11
8.854342016778084e-11 9.26061872996381e-12
6.852588747660209e-11 -2.39707142009611e-11
5.851712113101271e-11 -4.0586380666423557e-11
5.3512737958218023e-11 -4.889421389915478e-11
5.3512737958218023e-11 -4.889421389915478e-11
5.3512737958218023e-11 -4.889421389915478e-11
-2.8665919729748623e-11 -7.986939565817102e-11
1.24234091142347e-11 -6.43818047786629e-11
3.296807353622636e-11 -5.663800933890884e-11
4.324040574722219e-11 -5.276611161903181e-11
4.324040574722219e-11 -5.276611161903181e-11
4.324040574722219e-11 -5.276611161903181e-11
1.359286733352195e-10 8.792541465240487e-11
8.958453954122084e-11 1.757965151668653e-11
6.641247264422152e-11 -1.759323005117264e-11
5.4826439195721853e-11 -3.517967083510223e-11
4.9033422471472026e-11 -4.3972891227067016e-11
4.9033422471472026e-11 -4.3972891227067016e-11
4.9033422471472026e-11 -4.3972891227067016e-11
-3.620966369721959e-11 -8.271282054624985e-11
6.411879387126219e-12 -6.334285588665844e-11
2.7722650929299123e-11 -5.3657873556862724e-11
3.837803670038558e-11 -4.8815382391964873e-11
4.37057295859288e-11 -4.639413680951594e-11
4.37057295859288e-11 -4.639413680951594e-11
4.37057295859288e-11 -4.639413680951594e-11
5.4113751475913494e-11 9.063818278454378e-12
4.8909740530921146e-11 -1.8665159265530782e-11
4.630773505842497e-11 -3.252964803752336e-11
4.5006732322176886e-11 -3.946189242351965e-11
4.5006732322176886e-11 -3.946189242351965e-11
4.5006732322176886e-11 -3.946189242351965e-11
-4.403471262287675e-11 -8.626902499551357e-11
4.860098496500689e-13 -6.286545870951661e-11
2.2746371085913477e-11 -5.116367556651813e-11
3.3876551704045185e-11 -4.5312783995018894e-11
3.944164201311103e-11 -4.238733820926927e-11
3.944164201311103e-11 -4.238733820926927e-11
3.944164201311103e-11 -4.238733820926927e-11
5.5069175360353536e-11 1.4154685249409218e-11
4.7255408686732284e-11 -1.4116326479930027e-11
4.334852534992166e-11 -2.825183234459965e-11
4.139508368151635e-11 -3.531958527693446e-11
4.139508368151635e-11 -3.531958527693446e-11
4.139508368151635e-11 -3.531958527693446e-11
-5.220843901429036e-11 -9.056577349332608e-11
-5.406677666387007e-12 -6.294267938513027e-11
1.799420300756467e-11 -4.9131132331032366e-11
2.969464334454051e-11 -4.222535880398341e-11
3.554486351302843e-11 -3.877247204045893e-11
3.554486351302843e-11 -3.877247204045893e-11
3.554486351302843e-11 -3.877247204045893e-11
5.6503734085580445e-11 1.9345066309060007e-11
4.602429879930444e-11 -9.713702865699463e-12
4.0784581156166435e-11 -2.4243087453079198e-11
3.816472233459743e-11 -3.150777974676907e-11
3.816472233459743e-11 -3.150777974676907e-11
3.816472233459743e-11 -3.150777974676907e-11
-6.080094988669632e-11 -9.5637200927218e-11
-1.1318113776049447e-11 -6.357249033699353e-11
1.3423304279273993e-11 -4.75401350418813e-11
2.579401330693571e-11 -3.9523957394325185e-11
3.1979367820766575e-11 -3.5515868570547126e-11
3.1979367820766575e-11 -3.5515868570547126e-11
3.1979367820766575e-11 -3.5515868570547126e-11
5.842769290768558e-11 2.4680074712235475e-11
4.520353036422607e-11 -5.417896929155826e-12
3.859144909249633e-11 -2.0466882749851476e-11
3.528540845663145e-11 -2.79913756601993e-11
3.3632388138699015e-11 -3.175362211537322e-11
3.3632388138699015e-11 -3.175362211537322e-11
3.3632388138699015e-11 -3.175362211537322e-11
-5.728998210638544e-12 -3.842200333749916e-11
1.3951694964030236e-11 -3.508781272643619e-11
2.3792041551364625e-11 -3.34207174209047e-11
2.871221484503182e-11 -3.2587169768138956e-11
2.871221484503182e-11 -3.2587169768138956e-11
2.871221484503182e-11 -3.2587169768138956e-11
6.08555664997291e-11 3.02058741933289e-11
4.4783890672380465e-11 -1.1906477874050284e-12
3.674805275870614e-11 -1.6888908777771992e-11
3.273013380186898e-11 -2.4738039272955474e-11
3.07211743234504e-11 -2.8662604520547214e-11
3.07211743234504e-11 -2.8662604520547214e-11
3.07211743234504e-11 -2.8662604520547214e-11
-9.34225047317282e-12 -3.903413989501494e-11
1.0689461925138788e-11 -3.3848372207781077e-11
2.0705318124294592e-11 -3.125548836416414e-11
2.5713246223872495e-11 -2.995904644235568e-11
2.5713246223872495e-11 -2.995904644235568e-11
2.5713246223872495e-11 -2.995904644235568e-11
6.380622573366801e-11 3.5970079400726814e-11
4.475973597877025e-11 3.005516479185568e-12
3.5236491101321375e-11 -1.3476764981585055e-11
3.047486866259693e-11 -2.1717905711970366e-11
2.8094057443234714e-11 -2.5838476077163024e-11
2.8094057443234714e-11 -2.5838476077163024e-11
2.8094057443234714e-11 -2.5838476077163024e-11
-1.3019947671304396e-11 -3.9986214431360525e-11
7.537054885965159e-12 -3.291234525426177e-11
1.7815556164599936e-11 -2.93754106657124e-11
2.2954806803917325e-11 -2.760694337143771e-11
2.2954806803917325e-11 -2.760694337143771e-11
2.2954806803917325e-11 -2.760694337143771e-11
6.730304221213388e-11 4.2022167124617646e-11
4.5128924508025603e-11 7.207611876589966e-12
3.4041865655971464e-11 -1.0199665747423872e-11
2.8498336229944395e-11 -1.8903304559430793e-11
2.572657151693086e-11 -2.325512396543425e-11
2.572657151693086e-11 -2.325512396543425e-11
2.572657151693086e-11 -2.325512396543425e-11
-1.679408485954936e-11 -4.128493260060655e-11
4.466243328690751e-12 -3.22700282830204e-11
1.5096407422810806e-11 -2.7762576124227326e-11
2.0411489469870832e-11 -2.5508850044830788e-11
2.3069030493400847e-11 -2.438198700513252e-11
2.3069030493400847e-11 -2.438198700513252e-11
2.3069030493400847e-11 -2.438198700513252e-11
2.7289993387431785e-11 3.5644846383030143e-12
2.5179511940416316e-11 -1.0408751183414753e-11
2.412427121690858e-11 -1.7395369094273637e-11
2.412427121690858e-11 -1.7395369094273637e-11
2.412427121690858e-11 -1.7395369094273637e-11
-6.868468986320149e-11 -8.944451001870891e-11
-2.2280209323146453e-11 -5.341993955649127e-11
9.220309468810634e-13 -3.5407654325382454e-11
1.2523151081894822e-11 -2.6401511709828047e-11
1.8323711149401702e-11 -2.189844040205084e-11
1.8323711149401702e-11 -2.189844040205084e-11
1.8323711149401702e-11 -2.189844040205084e-11
5.205860660644207e-11 3.194753083084642e-11
3.519115887792189e-11 5.024545214397789e-12
2.6757435013661795e-11 -8.436947593826526e-12
2.254057308153175e-11 -1.5167693997938683e-11
2.0432142115466726e-11 -1.8533067199994762e-11
2.0432142115466726e-11 -1.8533067199994762e-11
2.0432142115466726e-11 -1.8533067199994762e-11
-1.2572827927970262e-11 -3.2055432585599306e-11
3.929657093748232e-12 -2.5294249892797032e-11
1.218089960460748e-11 -2.19136585463959e-11
1.6306520860037103e-11 -2.022336287319533e-11
1.8369331487751913e-11 -1.9378215036595044e-11
1.8369331487751913e-11 -1.9378215036595044e-11
1.8369331487751913e-11 -1.9378215036595044e-11
2.1291268329947593e-11 2.417495067884714e-12
1.9830299908849753e-11 -8.480359984355165e-12
1.9099815698300833e-11 -1.3929287510475105e-11
1.9099815698300833e-11 -1.3929287510475105e-11
1.9099815698300833e-11 -1.3929287510475105e-11
-5.249643040478704e-11 -6.901098200910779e-11
-1.6698307353243102e-11 -4.147013475979145e-11
1.2007541725288655e-12 -2.7699711135133275e-11
1.015028493541485e-11 -2.081449932280419e-11
1.4625050316857842e-11 -1.7371893416639647e-11
1.4625050316857842e-11 -1.7371893416639647e-11
1.4625050316857842e-11 -1.7371893416639647e-11
4.027464235577497e-11 2.427617048912839e-11
2.7449846336316403e-11 3.452138536244371e-12
2.1037448326587123e-11 -6.959877440197638e-12
1.7831249321722482e-11 -1.2165885428418643e-11
1.6228149819290162e-11 -1.4768889422529146e-11
1.6228149819290162e-11 -1.4768889422529146e-11
1.6228149819290162e-11 -1.4768889422529146e-11
-9.397049851523362e-12 -2.489556947235309e-11
3.4155499838834e-12 -1.983222944744112e-11
9.821849901586781e-12 -1.7300559434985133e-11
1.3024999860438471e-11 -1.603472442875714e-11
1.3024999860438471e-11 -1.603472442875714e-11
1.3024999860438471e-11 -1.603472442875714e-11
4.262919475000057e-11 2.8099332605497337e-11
2.782709730521952e-11 6.032304088370099e-12
2.0426048582828998e-11 -5.00121017019352e-12
1.6725524221633734e-11 -1.051796729947533e-11
1.4875262041036104e-11 -1.3276345864116235e-11
1.4875262041036104e-11 -1.3276345864116235e-11
1.4875262041036104e-11 -1.3276345864116235e-11
-1.1749363102540626e-11 -2.582516705504413e-11
1.5629494692477388e-12 -1.955075645958018e-11
8.21910575514192e-12 -1.641355116184821e-11
1.1547183898089012e-11 -1.4844948512982222e-11
1.3211222969562559e-11 -1.4060647188549229e-11
1.3211222969562559e-11 -1.4060647188549229e-11
1.3211222969562559e-11 -1.4060647188549229e-11
1.679870211258238e-11 3.1627670336088327e-12
1.500496254107247e-11 -5.448940077470198e-12
1.4108092755317514e-11 -9.754793633009713e-12
1.3659657862440036e-11 -1.1907720410779472e-11
1.3659657862440036e-11 -1.1907720410779472e-11
1.3659657862440036e-11 -1.1907720410779472e-11
-1.4193420488722024e-11 -2.697710962526919e-11
-2.66881313140994e-13 -1.944241501802433e-11
6.696388274649521e-12 -1.5675067714401903e-11
1.0178023068544779e-11 -1.3791394062590688e-11
1.1918840465492408e-11 -1.284955723668508e-11
1.1918840465492408e-11 -1.284955723668508e-11
1.1918840465492408e-11 -1.284955723668508e-11
1.7128021487033674e-11 4.7438226360160765e-12
1.4523430976263041e-11 -4.0528673003345016e-12
1.3221135720877726e-11 -8.45121226850979e-12
1.2569988093185067e-11 -1.0650384752597435e-11
1.2569988093185067e-11 -1.0650384752597435e-11
1.2569988093185067e-11 -1.0650384752597435e-11
-1.6750246040483153e-11 -2.836043246331904e-11
-2.090128973649043e-12 -1.9505408607958238e-11
5.239929559768012e-12 -1.5077896680277835e-11
8.904958826476539e-12 -1.2864140716437637e-11
1.0737473459830803e-11 -1.1757262734517536e-11
1.0737473459830803e-11 -1.1757262734517536e-11
1.0737473459830803e-11 -1.1757262734517536e-11
1.7606208026139065e-11 6.358839929031959e-12
1.4171840742984934e-11 -2.6992114027427885e-12
1.2454657101407868e-11 -7.228237068630162e-12
1.1596065280619335e-11 -9.492749901573849e-12
1.1596065280619335e-11 -9.492749901573849e-12
1.1596065280619335e-11 -9.492749901573849e-12
-1.9441751908254667e-11 -2.998615949930247e-11
-3.922843313817667e-12 -1.9739454700438157e-11
3.836610983400834e-12 -1.4616102301006003e-11
7.716338132010085e-12 -1.2054426101289926e-11
9.65620170631471e-12 -1.0773588001431887e-11
9.65620170631471e-12 -1.0773588001431887e-11
9.65620170631471e-12 -1.0773588001431887e-11
1.823673639453632e-11 8.021841540723638e-12
1.3946469050425513e-11 -1.3758732303541245e-12
1.1801335378370112e-11 -6.074730615893006e-12
1.072876854234241e-11 -8.424159308662447e-12
1.019248512432856e-11 -9.598873655047167e-12
1.019248512432856e-11 -9.598873655047167e-12
1.019248512432856e-11 -9.598873655047167e-12
-2.0270950692310737e-12 -1.192277445886524e-11
4.082695027548743e-12 -1.0760824056956204e-11
7.137590075938652e-12 -1.0179848856001686e-11
8.665037600133606e-12 -9.889361255524426e-12
8.665037600133606e-12 -9.889361255524426e-12
8.665037600133606e-12 -9.889361255524426e-12
1.9024402664731624e-11 9.747203236958832e-12
1.3844720132432616e-11 -7.10790092827973e-14
1.125487886628311e-11 -4.980220132403612e-12
9.959958233208358e-12 -7.43479069396402e-12
9.312497916670982e-12 -8.662075974744223e-12
9.312497916670982e-12 -8.662075974744223e-12
9.312497916670982e-12 -8.662075974744223e-12
-3.148814344801358e-12 -1.2136101290460969e-11
3.0818417859348123e-12 -1.0399088632602595e-11
6.197169851302897e-12 -9.530582303673409e-12
7.75483388398694e-12 -9.096329139208817e-12
7.75483388398694e-12 -9.096329139208817e-12
7.75483388398694e-12 -9.096329139208817e-12
1.997536000463159e-11 1.1549778493090007e-11
1.3865096944309264e-11 1.2267246769405953e-12
1.0809965414148102e-11 -3.934802231134111e-12
9.28239964906752e-12 -6.515565685171464e-12
8.51861676652723e-12 -7.80594741219014e-12
8.51861676652723e-12 -7.80594741219014e-12
8.51861676652723e-12 -7.80594741219014e-12
-4.292723868786617e-12 -1.2455005958104144e-11
2.1129464488703065e-12 -1.0130476685147142e-11
5.315781607698768e-12 -8.968212048668641e-12
6.917199187112999e-12 -8.38707973042939e-12
6.917199187112999e-12 -8.38707973042939e-12
6.917199187112999e-12 -8.38707973042939e-12
2.1097166113331546e-11 1.3445026654613644e-11
1.4007182650222272e-11 2.528973462092127e-12
1.0462190918667636e-11 -2.9290531341686316e-12
8.689695052890317e-12 -5.658066432299011e-12
7.803447120001658e-12 -7.0225730813642e-12
7.803447120001658e-12 -7.0225730813642e-12
7.803447120001658e-12 -7.0225730813642e-12
-5.468764903658836e-12 -1.2881775004304191e-11
1.167341108171411e-12 -9.952174042834196e-12
4.4853941140865345e-12 -8.487373562099199e-12
6.144420617044096e-12 -7.7549733217317e-12
6.973933868522877e-12 -7.38877320154795e-12
6.973933868522877e-12 -7.38877320154795e-12
6.973933868522877e-12 -7.38877320154795e-12
8.465038930538186e-12 1.2836853955489677e-12
7.71948639953053e-12 -3.052543902999491e-12
7.346710134026705e-12 -5.2206585522737204e-12
7.160322001274791e-12 -6.304715876910835e-12
7.160322001274791e-12 -6.304715876910835e-12
7.160322001274791e-12 -6.304715876910835e-12
-6.6871124917401456e-12 -1.3419631430799667e-11
2.366047547673225e-13 -9.862173653855251e-12
3.6984633780210566e-12 -8.083444765383043e-12
5.4293926896479236e-12 -7.194080321146939e-12
6.294857345461357e-12 -6.7493980990288875e-12
6.294857345461357e-12 -6.7493980990288875e-12
6.294857345461357e-12 -6.7493980990288875e-12
8.601917715517068e-12 2.0797899933109983e-12
7.448387530489212e-12 -2.3348040528589446e-12
6.871622437975285e-12 -4.5421010759439165e-12
6.583239891718321e-12 -5.645749587486402e-12
6.583239891718321e-12 -5.645749587486402e-12
6.583239891718321e-12 -5.645749587486402e-12
-7.958263704942446e-12 -1.4072758444511484e-11
-6.875119066120622e-13 -9.859254015998944e-12
2.9478639925531294e-12 -7.752501801742673e-12
4.765551942135725e-12 -6.6991256946145375e-12
5.674395916927023e-12 -6.172437641050469e-12
5.674395916927023e-12 -6.172437641050469e-12
5.674395916927023e-12 -6.172437641050469e-12
8.813698647941824e-12 2.890281868986038e-12
7.244047282434423e-12 -1.6410778860322158e-12
6.459221599680723e-12 -3.9067577635413426e-12
6.066808758303873e-12 -5.039597702295906e-12
6.066808758303873e-12 -5.039597702295906e-12
6.066808758303873e-12 -5.039597702295906e-12
-9.293128292955254e-12 -1.484633152322767e-11
-1.6131597673256903e-12 -9.942964612761787e-12
2.2268244954890915e-12 -7.491281157528845e-12
4.146816626896483e-12 -6.2654394299123765e-12
5.106812692600178e-12 -5.652518566104141e-12
5.106812692600178e-12 -5.652518566104141e-12
5.106812692600178e-12 -5.652518566104141e-12
9.101876828335509e-12 3.7222111990149665e-12
7.104344760467844e-12 -9.651536835445874e-13
6.105578726534011e-12 -3.3088361248243643e-12
5.606195709567094e-12 -4.480677345464252e-12
5.356504201083636e-12 -5.066597955784197e-12
5.356504201083636e-12 -5.066597955784197e-12
5.356504201083636e-12 -5.066597955784197e-12
-8.006228430544939e-13 -6.0121739214581734e-12
2.277940679014571e-12 -5.539385938621185e-12
3.817222440049103e-12 -5.3029919472026906e-12
3.817222440049103e-12 -5.3029919472026906e-12
3.817222440049103e-12 -5.3029919472026906e-12
1.9737845305861093e-11 1.5177738112265966e-11
1.1777533872955097e-11 4.937373082531637e-12
7.7973781565021e-12 -1.828094323355267e-13
5.807300298275602e-12 -2.7429006897691086e-12
4.812261369162352e-12 -4.022946318485899e-12
4.812261369162352e-12 -4.022946318485899e-12
4.812261369162352e-12 -4.022946318485899e-12
-7.065649923550741e-12 -1.1483253767351805e-11
-1.1266942771941943e-12 -7.753100042918853e-12
1.842783545984079e-12 -5.888023180702375e-12
3.3275224575732155e-12 -4.955484749594137e-12
4.069891913367784e-12 -4.4892155340400186e-12
4.069891913367784e-12 -4.4892155340400186e-12
4.069891913367784e-12 -4.4892155340400186e-12
7.06682940473587e-12 2.787275681059855e-12
5.5683606590518264e-12 -8.509699264900818e-13
4.819126286209805e-12 -2.67009273026505e-12
4.444509099788795e-12 -3.579654132152534e-12
4.257200506578289e-12 -4.034434833096276e-12
4.257200506578289e-12 -4.034434833096276e-12
4.257200506578289e-12 -4.034434833096276e-12
-5.445878285049139e-13 -4.690405498318155e-12
1.8563063390366876e-12 -4.362420165707216e-12
3.0567534228074886e-12 -4.198427499401746e-12
3.0567534228074886e-12 -4.198427499401746e-12
3.0567534228074886e-12 -4.198427499401746e-12
1.522846563052417e-11 1.1600875169445738e-11
9.142609526665829e-12 3.701223835021996e-12
6.099681474736659e-12 -2.486018321898747e-13
4.578217448772073e-12 -2.2235146657958102e-12
3.817485435789781e-12 -3.2109710825987778e-12
3.817485435789781e-12 -3.2109710825987778e-12
3.817485435789781e-12 -3.2109710825987778e-12
-5.36942952040612e-12 -8.883657779583671e-12
-7.759720423081694e-13 -6.047314431091225e-12
1.520756696740806e-12 -4.629142756845001e-12
2.669121066265294e-12 -3.92005691972189e-12
3.2433032510275376e-12 -3.5655140011603338e-12
3.2433032510275376e-12 -3.5655140011603338e-12
3.2433032510275376e-12 -3.5655140011603338e-12
5.488180627092319e-12 2.083772001019978e-12
4.365741939059928e-12 -7.408710000701779e-13
3.804522595043733e-12 -2.153192500615256e-12
3.5239129230356352e-12 -2.859353250887795e-12
3.5239129230356352e-12 -2.859353250887795e-12
3.5239129230356352e-12 -2.859353250887795e-12
-6.212759604273193e-12 -9.404392691217787e-12
-1.344423340618779e-12 -6.131872971052791e-12
1.089744791208428e-12 -4.495613110970293e-12
2.306828857122032e-12 -3.677483180929044e-12
2.9153708900788333e-12 -3.2684182159084192e-12
2.9153708900788333e-12 -3.2684182159084192e-12
2.9153708900788333e-12 -3.2684182159084192e-12
5.694253354990629e-12 2.602358802017723e-12
4.304812122534731e-12 -3.330297069453482e-13
3.6100915063067825e-12 -1.8007239614268837e-12
3.262731198192808e-12 -2.5345710886676515e-12
3.0890510441358204e-12 -2.901494652288035e-12
3.0890510441358204e-12 -2.901494652288035e-12
3.0890510441358204e-12 -2.901494652288035e-12
-7.061511801115206e-13 -3.701424028308351e-12
1.1914499320121499e-12 -3.3014593402981933e-12
2.140250488073985e-12 -3.101476996293114e-12
2.6146507661049028e-12 -3.0014858242905747e-12
2.6146507661049028e-12 -3.0014858242905747e-12
2.6146507661049028e-12 -3.0014858242905747e-12
5.949346081268232e-12 3.141277786088983e-12
4.281998423686567e-12 6.989598089920417e-14
3.448324594895735e-12 -1.4657949216956852e-12
3.031487680500319e-12 -2.23364037299313e-12
2.823069223302611e-12 -2.6175630986418524e-12
2.823069223302611e-12 -2.6175630986418524e-12
2.823069223302611e-12 -2.6175630986418524e-12
-1.0545388842709735e-12 -3.774855045232399e-12
8.842651695158187e-13 -3.196209071937126e-12
1.8536671964092147e-12 -2.906886085289489e-12
2.3383682098559128e-12 -2.7622245919656708e-12
2.3383682098559128e-12 -2.7622245919656708e-12
2.3383682098559128e-12 -2.7622245919656708e-12
6.255460690241539e-12 3.705164289345858e-12
4.296914450048726e-12 4.714698486900938e-13
3.3176413299523194e-12 -1.1453773716377885e-12
2.828004769904116e-12 -1.95380098180173e-12
2.5831864898800143e-12 -2.3580127868837003e-12
2.5831864898800143e-12 -2.3580127868837003e-12
2.5831864898800143e-12 -2.3580127868837003e-12
-1.4104911910186202e-12 -3.881090829387949e-12
5.863476494306971e-13 -3.1195518081358248e-12
1.5847670696553557e-12 -2.7387822975097626e-12
2.083976779767685e-12 -2.5483975421967312e-12
2.083976779767685e-12 -2.5483975421967312e-12
2.083976779767685e-12 -2.5483975421967312e-12
6.6150375390276425e-12 4.298850378061085e-12
4.349507159397663e-12 8.752264179321767e-13
3.216741969582674e-12 -8.365855621322773e-13
2.6503593746751794e-12 -1.6924915521645041e-12
2.3671680772214323e-12 -2.120444547180618e-12
2.3671680772214323e-12 -2.120444547180618e-12
2.3671680772214323e-12 -2.120444547180618e-12
-1.7770983218794462e-12 -4.020904634066589e-12
2.9503487767099305e-13 -3.0706745906236037e-12
1.3311014774462127e-12 -2.5955595689021106e-12
1.8491347773338224e-12 -2.3580020580413643e-12
2.1081514272776274e-12 -2.2392233026109913e-12
2.1081514272776274e-12 -2.2392233026109913e-12
2.1081514272776274e-12 -2.2392233026109913e-12
2.6269382176399807e-12 4.532508527065802e-13
2.367544822458804e-12 -8.929862249522055e-13
2.2378481248682157e-12 -1.5661047637815983e-12
2.1729997760729215e-12 -1.902664033196295e-12
2.1729997760729215e-12 -1.902664033196295e-12
2.1729997760729215e-12 -1.902664033196295e-12
-2.1575290264855944e-12 -4.19536093110769e-12
7.735374793663554e-15 -3.049012482151992e-12
1.0903675754332925e-12 -2.4758382576741438e-12
1.631683675753107e-12 -2.189251145435219e-12
1.9023417259130143e-12 -2.0459575893157573e-12
1.9023417259130143e-12 -2.0459575893157573e-12
1.9023417259130143e-12 -2.0459575893157573e-12
2.6745612237819072e-12 7.004115661772439e-13
2.2884514748474608e-12 -6.727730115692567e-13
2.0953966003802375e-12 -1.359365300442507e-12
1.9988691631466257e-12 -1.7026614448791322e-12
1.9988691631466257e-12 -1.7026614448791322e-12
1.9988691631466257e-12 -1.7026614448791322e-12
-2.5550580376498816e-12 -4.405823341654601e-12
-2.7809443725162793e-13 -3.054242393266867e-12
8.603873629474989e-13 -2.3784519190729994e-12
1.4296282630470623e-12 -2.0405566819760657e-12
1.7142487130968439e-12 -1.871609063427599e-12
1.7142487130968439e-12 -1.871609063427599e-12
1.7142487130968439e-12 -1.871609063427599e-12
2.7454485605137775e-12 9.52519672263846e-13
2.2298486368053107e-12 -4.595446955818764e-13
1.9720486749510775e-12 -1.1655768795047377e-12
1.8431486940239605e-12 -1.5185929714661683e-12
1.8431486940239605e-12 -1.5185929714661683e-12
1.8431486940239605e-12 -1.5185929714661683e-12
-2.9730943236839507e-12 -4.653965156420747e-12
-5.649728148299951e-13 -3.086279063943457e-12
6.390879395969827e-13 -2.302436017704813e-12
1.2411183168104716e-12 -1.9105144945854905e-12
1.542133505417216e-12 -1.7145537330258295e-12
1.542133505417216e-12 -1.7145537330258295e-12
1.542133505417216e-12 -1.7145537330258295e-12
2.8401094840083598e-12 1.2117658647987014e-12
2.191121494712788e-12 -2.5139393411356403e-13
1.866627500065002e-12 -9.829738335696968e-13
1.7043805027411089e-12 -1.3487637832977631e-12
1.6232570040791624e-12 -1.5316587581617964e-12
1.6232570040791624e-12 -1.5316587581617964e-12
1.6232570040791624e-12 -1.5316587581617964e-12
-2.8755044897310513e-13 -1.865008330087734e-12
6.678532775530286e-13 -1.6983335441247652e-12
1.1455551408160954e-12 -1.6149961511432808e-12
1.384406072447629e-12 -1.5733274546525386e-12
1.384406072447629e-12 -1.5733274546525386e-12
1.384406072447629e-12 -1.5733274546525386e-12
2.9592596226817208e-12 1.4803928591427477e-12
2.171832847564675e-12 -4.646729775489546e-14
1.778119460006152e-12 -8.09897376203717e-13
1.5812627662268904e-12 -1.1916124154281279e-12
1.4828344193372596e-12 -1.3824699350403332e-12
1.4828344193372596e-12 -1.3824699350403332e-12
1.4828344193372596e-12 -1.3824699350403332e-12
-4.629566019020822e-13 -1.8956087790796907e-12
5.099389087175887e-13 -1.6390393570600119e-12
9.963866640274242e-13 -1.5107546460501726e-12
1.239610541682342e-12 -1.4466122905452528e-12
1.239610541682342e-12 -1.4466122905452528e-12
1.239610541682342e-12 -1.4466122905452528e-12
3.1038262571838055e-12 1.760714841078354e-12
2.1717183994330738e-12 1.5705127526655062e-13
1.7056644705577079e-12 -6.447805076393511e-13
1.4726375061200249e-12 -1.045696399092302e-12
1.3561240239011834e-12 -1.2461543448187773e-12
1.3561240239011834e-12 -1.2461543448187773e-12
1.3561240239011834e-12 -1.2461543448187773e-12
-6.41574137033992e-13 -1.9427133213889004e-12
3.572749434335957e-13 -1.5944338331038389e-12
8.566994836673896e-13 -1.420294088961308e-12
1.1064117537842864e-12 -1.3332242168900426e-12
1.1064117537842864e-12 -1.3332242168900426e-12
1.1064117537842864e-12 -1.3332242168900426e-12
3.2749554341517524e-12 2.0551374488221156e-12
2.1906835939680194e-12 3.609566159660364e-13
1.648547673876153e-12 -4.861338004620031e-13
1.3774797138302197e-12 -9.096790086760228e-13
1.241945733807253e-12 -1.1214516127830328e-12
1.241945733807253e-12 -1.1214516127830328e-12
1.241945733807253e-12 -1.1214516127830328e-12
-8.24956585394917e-13 -2.0066552586854994e-12
2.08494574206168e-13 -1.5640534357342662e-12
7.252201540067105e-13 -1.3427525242586494e-12
9.835829439069818e-13 -1.2321020685208412e-12
1.1127643388571173e-12 -1.176776840651937e-12
1.1127643388571173e-12 -1.176776840651937e-12
1.1127643388571173e-12 -1.176776840651937e-12
1.3245321909495522e-12 1.7976160120362428e-13
1.2186482649033348e-12 -4.985076197241563e-13
1.1657063018802261e-12 -8.376422301880466e-13
1.1657063018802261e-12 -8.376422301880466e-13
1.1657063018802261e-12 -8.376422301880466e-13
-3.3539157093716444e-12 -4.355589975405101e-12
-1.0941047037457091e-12 -2.5966161027965737e-12
3.5800799067258506e-14 -1.7171291664923102e-12
6.007535504737423e-13 -1.2773856983401785e-12
8.832299261769842e-13 -1.0575139642641126e-12
8.832299261769842e-13 -1.0575139642641126e-12
8.832299261769842e-13 -1.0575139642641126e-12
2.5330234201308987e-12 1.562651474913435e-12
1.7081266731539415e-12 2.5256875532466125e-13
1.2956782996654628e-12 -4.0247260446972566e-13
1.0894541129212235e-12 -7.299932843669191e-13
9.86342019549104e-13 -8.937536243155159e-13
9.86342019549104e-13 -8.937536243155159e-13
9.86342019549104e-13 -8.937536243155159e-13
-6.178897330331235e-13 -1.5579375549609575e-12
1.8422614325799021e-13 -1.2258455896382368e-12
5.852840814035471e-13 -1.0597996069768762e-12
7.858130504763255e-13 -9.76776615646196e-13
8.860775350127147e-13 -9.35265119980856e-13
8.860775350127147e-13 -9.35265119980856e-13
8.860775350127147e-13 -9.35265119980856e-13
1.0332897871244697e-12 1.2261845963004038e-13
9.596836610685921e-13 -4.063233301754078e-13
9.228805980406534e-13 -6.707942250781318e-13
9.228805980406534e-13 -6.707942250781318e-13
9.228805980406534e-13 -6.707942250781318e-13
-2.5635961765303313e-12 -3.3604335880888933e-12
-8.20357789244839e-13 -2.0156139065835127e-12
5.1261404397907196e-14 -1.3432040658308222e-12
4.870710012192803e-13 -1.0069991454544771e-12
7.049757996299668e-13 -8.388966852663045e-13
7.049757996299668e-13 -8.388966852663045e-13
7.049757996299668e-13 -8.388966852663045e-13
1.959538527445797e-12 1.1876022850035417e-12
1.3322571635378818e-12 1.743527998686186e-13
1.0186164815839242e-12 -3.3227194269884294e-13
8.617961406069455e-13 -5.855843139825737e-13
7.833859701184562e-13 -7.122404996244391e-13
7.833859701184562e-13 -7.122404996244391e-13
7.833859701184562e-13 -7.122404996244391e-13
-4.6205266087445e-13 -1.209865895740061e-12
1.6066665462200309e-13 -9.6105319768225e-13
4.720263123702296e-13 -8.366468486533446e-13
6.277061412443429e-13 -7.744436741388918e-13
6.277061412443429e-13 -7.744436741388918e-13
6.277061412443429e-13 -7.744436741388918e-13
2.074703465358496e-12 1.3736285576720142e-12
1.3512048033014195e-12 2.995924417665612e-13
9.894554722728812e-13 -2.3742561618616533e-13
8.08580806758612e-13 -5.059346451625285e-13
7.181434740014775e-13 -6.401891596507102e-13
7.181434740014775e-13 -6.401891596507102e-13
7.181434740014775e-13 -6.401891596507102e-13
-5.763800352039914e-13 -1.2555463520238393e-12
7.088171939874303e-14 -9.478677558372748e-13
3.9451259670011026e-13 -7.940284577439925e-13
5.563280353507939e-13 -7.171088086973513e-13
6.372357546761357e-13 -6.786489841740307e-13
6.372357546761357e-13 -6.786489841740307e-13
6.372357546761357e-13 -6.786489841740307e-13
8.155766313205961e-13 1.5763426189987738e-13
7.264061929983659e-13 -2.6050736113707667e-13
6.818209738372508e-13 -4.695781726555537e-13
6.595283642566933e-13 -5.741135784147922e-13
6.595283642566933e-13 -5.741135784147922e-13
6.595283642566933e-13 -5.741135784147922e-13
-6.952132479875779e-13 -1.3120342193198731e-12
-1.7842441865442296e-14 -9.430738988673326e-13
3.208429611956255e-13 -7.585937386410625e-13
4.901856627261595e-13 -6.663536585279273e-13
5.748570134914264e-13 -6.202336184713597e-13
5.748570134914264e-13 -6.202336184713597e-13
5.748570134914264e-13 -6.202336184713597e-13
8.319477665075391e-13 2.344024505307863e-13
7.034023899994827e-13 -1.9291558397028671e-13
6.391297017454545e-13 -4.0657460122082325e-13
6.069933576184405e-13 -5.134041098460914e-13
6.069933576184405e-13 -5.134041098460914e-13
6.069933576184405e-13 -5.134041098460914e-13
-8.195742944688008e-13 -1.3797730281978102e-12
-1.0629046842518016e-13 -9.465885690219509e-13
2.503514445966302e-13 -7.299963394340211e-13
4.2867240110753537e-13 -6.217002246400563e-13
5.178328793629879e-13 -5.675521672430739e-13
5.178328793629879e-13 -5.675521672430739e-13
5.178328793629879e-13 -5.675521672430739e-13
8.555478942434106e-13 3.128553709462537e-13
6.866903868031993e-13 -1.273483981484101e-13
6.022616330830937e-13 -3.4745028269574203e-13
5.600472562230408e-13 -4.57501224969408e-13
5.600472562230408e-13 -4.57501224969408e-13
5.600472562230408e-13 -4.57501224969408e-13
-9.505287469259905e-13 -1.4593029875203158e-12
-1.952407453514749e-13 -9.584021062448619e-13
1.8240325543578293e-13 -7.079516656071349e-13
3.7122525582941184e-13 -5.827264452882714e-13
4.656362560262263e-13 -5.201138351288397e-13
4.656362560262263e-13 -5.201138351288397e-13
4.656362560262263e-13 -5.201138351288397e-13
8.865490772411874e-13 3.9367403166879965e-13
6.760926666337068e-13 -6.321990173002003e-14
5.708644613299666e-13 -2.9166686842942987e-13
5.182503586780964e-13 -4.058903517791348e-13
4.919433073521614e-13 -4.630020934539872e-13
4.919433073521614e-13 -4.630020934539872e-13
4.919433073521614e-13 -4.630020934539872e-13
-1.0132291310115137e-13 -5.787956135011774e-13
1.9531019712550503e-13 -5.208988534775823e-13
3.4362675223883326e-13 -4.919504734657848e-13
4.1778502979549734e-13 -4.77476283459886e-13
4.1778502979549734e-13 -4.77476283459886e-13
4.1778502979549734e-13 -4.77476283459886e-13
9.25187558865684e-13 4.775569022413767e-13
6.714862943305907e-13 4.0309390745355394e-17
5.44635662063044e-13 -2.387179870345703e-13
4.812103459292707e-13 -3.5809713524722815e-13
4.49497687862384e-13 -4.1778670935355707e-13
4.49497687862384e-13 -4.1778670935355707e-13
4.49497687862384e-13 -4.1778670935355707e-13
-1.5578289817169692e-13 -5.894250967795523e-13
1.4685739484534354e-13 -5.036059030665546e-13
2.981775413538638e-13 -4.606963062100559e-13
3.738376146081239e-13 -4.3924150778180644e-13
3.738376146081239e-13 -4.3924150778180644e-13
3.738376146081239e-13 -4.3924150778180644e-13
9.717655253919564e-13 5.652259641992376e-13
6.728015700000402e-13 6.299222820871558e-14
5.23319592304082e-13 -1.8812463978654543e-13
4.4857860345610297e-13 -3.1368307378417596e-13
4.1120810903211343e-13 -3.764622907829912e-13
4.1120810903211343e-13 -3.764622907829912e-13
4.1120810903211343e-13 -3.764622907829912e-13
-2.1134576447178636e-13 -6.051809643792108e-13
9.993117228016353e-14 -4.90821627581101e-13
2.555696406561385e-13 -4.3364195918204606e-13
3.3338887484412594e-13 -4.0505212498251863e-13
3.3338887484412594e-13 -4.0505212498251863e-13
3.3338887484412594e-13 -4.0505212498251863e-13
1.0266534390769066e-12 6.574329391682621e-13
6.800211569605163e-13 1.2619040709287172e-13
5.067050159023211e-13 -1.3943085894482345e-13
4.200469453732235e-13 -2.7224149196367107e-13
3.7671791010867476e-13 -3.3864680847309485e-13
3.7671791010867476e-13 -3.3864680847309485e-13
3.7671791010867476e-13 -3.3864680847309485e-13
-2.684942645676085e-13 -6.261766238594915e-13
5.4111822770533126e-14 -4.824117161662932e-13
2.1541486643960394e-13 -4.10529262319694e-13
2.960663882741394e-13 -3.7458803539639443e-13
3.3639214919140704e-13 -3.5661742193474464e-13
3.3639214919140704e-13 -3.5661742193474464e-13
3.3639214919140704e-13 -3.5661742193474464e-13
4.108993475145976e-13 6.439456195088203e-14
3.736457483530023e-13 -1.461114299919313e-13
3.550189487722047e-13 -2.51364425963338e-13
3.4570554898180585e-13 -3.039909239490413e-13
3.4570554898180585e-13 -3.039909239490413e-13
3.4570554898180585e-13 -3.039909239490413e-13
-3.2772272589472e-13 -6.525709623587798e-13
8.991411543542935e-15 -4.782809431539105e-13
1.773484802626744e-13 -3.9113593355147593e-13
2.615270146222401e-13 -3.475634287502586e-13
3.03616281802023e-13 -3.2577717634964997e-13
3.03616281802023e-13 -3.2577717634964997e-13
3.03616281802023e-13 -3.2577717634964997e-13
4.1773887548201567e-13 1.0304214640883077e-13
3.6067757864201934e-13 -1.113675149704096e-13
3.321469302220212e-13 -2.185723456600298e-13
3.1788160601202207e-13 -2.7217476100483986e-13
3.1788160601202207e-13 -2.7217476100483986e-13
3.1788160601202207e-13 -2.7217476100483986e-13
-3.895413370725289e-13 -6.8456952057814e-13
-3.582986553025342e-14 -4.783721407914899e-13
1.4102587024088432e-13 -3.752734508981649e-13
2.294537381264532e-13 -3.2372410595150236e-13
2.7366767206923765e-13 -2.979494334781711e-13
2.7366767206923765e-13 -2.979494334781711e-13
2.7366767206923765e-13 -2.979494334781711e-13
4.2821497293899826e-13 1.424064201688077e-13
3.50941322504118e-13 -7.77715066546817e-14
3.123044972866778e-13 -1.878604700664264e-13
2.9298608467795773e-13 -2.4290495177229877e-13
2.9298608467795773e-13 -2.4290495177229877e-13
2.9298608467795773e-13 -2.4290495177229877e-13
-4.544805525327988e-13 -7.224260707602704e-13
-8.074723392742052e-14 -4.826655112662846e-13
1.0611942537526861e-13 -3.6278523151929165e-13
1.9955275502661317e-13 -3.028450916457952e-13
2.4626941985228545e-13 -2.72875021709047e-13
2.4626941985228545e-13 -2.72875021709047e-13
2.4626941985228545e-13 -2.72875021709047e-13
4.424019322167347e-13 1.8282971143726605e-13
3.4433567603451007e-13 -4.502265513589047e-14
2.953025479433978e-13 -1.5894883842246873e-13
2.707859838978416e-13 -2.1591193006575786e-13
2.5852770187506355e-13 -2.4439347588740245e-13
2.5852770187506355e-13 -2.4439347588740245e-13
2.5852770187506355e-13 -2.4439347588740245e-13
-4.0346860927978265e-14 -2.9180744980705456e-13
1.0909042047354264e-13 -2.681004628472285e-13
1.8380906117430308e-13 -2.5624696936731545e-13
2.2116838152468332e-13 -2.5032022262735895e-13
2.2116838152468332e-13 -2.5032022262735895e-13
2.2116838152468332e-13 -2.5032022262735895e-13
4.604062839912887e-13 2.2466198191528728e-13
3.40787332757986e-13 -1.2829120356035836e-14
2.8097785714133467e-13 -1.315746714916974e-13
2.51073119333009e-13 -1.9094744705952817e-13
2.3612075042884613e-13 -2.2063383484344356e-13
2.3612075042884613e-13 -2.2063383484344356e-13
2.3612075042884613e-13 -2.2063383484344356e-13
-6.778261180696389e-14 -2.961599044448095e-13
8.416906931094112e-14 -2.583968696441265e-13
1.6014490986989364e-13 -2.3951535224378503e-13
1.9813283014936988e-13 -2.300745935436143e-13
1.9813283014936988e-13 -2.300745935436143e-13
1.9813283014936988e-13 -2.300745935436143e-13
4.823675758088783e-13 2.6826386396409834e-13
3.402502029791241e-13 1.909463521024201e-14
2.69191516564247e-13 -1.0548997916668616e-13
2.336621733568084e-13 -1.6778228635515025e-13
2.1589750175308916e-13 -1.9892843994938229e-13
2.1589750175308916e-13 -1.9892843994938229e-13
2.1589750175308916e-13 -1.9892843994938229e-13
-9.56799907696391e-14 -3.0309296161733474e-13
6.010875549172503e-14 -2.5101070078335853e-13
1.380031286224071e-13 -2.249695703663704e-13
1.7695031518774813e-13 -2.1194900515787635e-13
1.7695031518774813e-13 -2.1194900515787635e-13
1.7695031518774813e-13 -2.1194900515787635e-13
5.084594372248442e-13 3.140097770531111e-13
3.4270487620629614e-13 5.1030385947617394e-14
2.5982759569702215e-13 -8.045930960512948e-14
2.1838895544238515e-13 -1.462041573815029e-13
1.9766963531506663e-13 -1.7907658126968964e-13
1.9766963531506663e-13 -1.7907658126968964e-13
1.9766963531506663e-13 -1.7907658126968964e-13
-1.2428183088616644e-13 -3.1265493917816524e-13
3.669390221445009e-14 -2.4586576022392744e-13
1.1718176876475836e-13 -2.1247117074680854e-13
1.574257020399125e-13 -1.957738760082491e-13
1.7754766867748957e-13 -1.8742522863896937e-13
1.7754766867748957e-13 -1.8742522863896937e-13
1.7754766867748957e-13 -1.8742522863896937e-13
2.0730455387824583e-13 2.4818105218012978e-14
1.924261112778677e-13 -8.13035617104782e-14
1.8498688997767864e-13 -1.343643951747238e-13
1.8498688997767864e-13 -1.343643951747238e-13
1.8498688997767864e-13 -1.343643951747238e-13
-5.14976492645802e-13 -6.746521352229273e-13
-1.6499480133406172e-13 -4.0450826519882555e-13
9.996044321808461e-15 -2.6943633018677465e-13
9.749146714974355e-14 -2.0190036268074925e-13
1.412391785637111e-13 -1.6813237892773652e-13
1.412391785637111e-13 -1.6813237892773652e-13
1.412391785637111e-13 -1.6813237892773652e-13
3.9333799365121904e-13 2.386522149065648e-13
2.6728858610746507e-13 3.5259917989414164e-14
2.0426388233558807e-13 -6.643623046916118e-14
1.727515304496496e-13 -1.1728430469844885e-13
1.5699535450668034e-13 -1.4270834181309269e-13
1.5699535450668034e-13 -1.4270834181309269e-13
1.5699535450668034e-13 -1.4270834181309269e-13
-9.294647507198234e-14 -2.427983232298163e-13
3.2024439717349e-14 -1.927533325214545e-13
9.450989711201467e-14 -1.6773083716727358e-13
1.257526258093475e-13 -1.5521958949018313e-13
1.257526258093475e-13 -1.5521958949018313e-13
1.257526258093475e-13 -1.5521958949018313e-13
4.1647987707825694e-13 2.7599376942778896e-13
2.711162514438022e-13 6.03870899688029e-14
1.9843443862657486e-13 -4.7416249760690116e-14
1.620935322179612e-13 -1.0131791962543662e-13
1.4392307901365435e-13 -1.2826875455780988e-13
1.4392307901365435e-13 -1.2826875455780988e-13
1.4392307901365435e-13 -1.2826875455780988e-13
-1.1589035397220955e-13 -2.519862707542666e-13
1.40163625207224e-14 -1.9012751265603822e-13
7.896972076718838e-14 -1.5919813360692405e-13
1.1144639989042136e-13 -1.4373344408236697e-13
1.2768473945203785e-13 -1.3600109932008844e-13
1.2768473945203785e-13 -1.3600109932008844e-13
1.2768473945203785e-13 -1.3600109932008844e-13
1.636386881380656e-13 3.179576875593757e-14
1.4566171379505173e-13 -5.2102665282075436e-14
1.366732266235448e-13 -9.405188230108194e-14
1.3217898303779132e-13 -1.1502649081058518e-13
1.3217898303779132e-13 -1.1502649081058518e-13
1.3217898303779132e-13 -1.1502649081058518e-13
-1.3974041521038264e-13 -2.633431521361756e-13
-3.78071608629566e-15 -1.891848214733804e-13
6.419913347574783e-14 -1.521056561419828e-13
9.818905825676957e-14 -1.3356607347628397e-13
1.1518402064728044e-13 -1.242962821434346e-13
1.1518402064728044e-13 -1.242962821434346e-13
1.1518402064728044e-13 -1.242962821434346e-13
1.6693914827422905e-13 4.719899687841575e-14
1.4106158446075475e-13 -3.854864263250942e-14
1.281228025540176e-13 -8.142246238797201e-14
1.2165341160064903e-13 -1.028593722657033e-13
1.2165341160064903e-13 -1.028593722657033e-13
1.2165341160064903e-13 -1.028593722657033e-13
-1.6470176622209814e-13 -2.769581581545598e-13
-2.1524177310724553e-14 -1.8990876521013155e-13
5.006461714496224e-14 -1.4638406873791743e-13
8.585901437280563e-14 -1.2462172050181037e-13
1.0375621298672733e-13 -1.1374054638375684e-13
1.0375621298672733e-13 -1.1374054638375684e-13
1.0375621298672733e-13 -1.1374054638375684e-13
1.7169010725567054e-13 6.294172757129474e-14
1.3772316012119893e-13 -2.539940940623105e-14
1.2073968655396314e-13 -6.956997789499395e-14
1.1224794977034523e-13 -9.16552621393754e-14
1.1224794977034523e-13 -9.16552621393754e-14
1.1224794977034523e-13 -9.16552621393754e-14
-1.9098827667660533e-13 -2.92939882632646e-13
-3.937016345313005e-14 -1.922975723860107e-13
3.643889315860759e-14 -1.4197641726269305e-13
7.43434214644764e-14 -1.1681583970103423e-13
9.329568561741081e-14 -1.042355509202048e-13
9.329568561741081e-14 -1.042355509202048e-13
9.329568561741081e-14 -1.042355509202048e-13
1.7792622644359162e-13 7.916060817343126e-14
1.3561095603050122e-13 -1.2537471373386771e-14
1.1445332082395602e-13 -5.838651114679579e-14
1.0387450322068342e-13 -8.131103103350029e-14
9.858509441904712e-14 -9.277329097685255e-14
9.858509441904712e-14 -9.277329097685255e-14
9.858509441904712e-14 -9.277329097685255e-14
-2.0449094091470116e-14 -1.1612828679257776e-13
3.90680001637885e-14 -1.0445078888471515e-13
6.882654729141781e-14 -9.861203993078385e-14
8.370582085523245e-14 -9.56926654538182e-14
8.370582085523245e-14 -9.56926654538182e-14
8.370582085523245e-14 -9.56926654538182e-14
1.8569504561018503e-13 9.599580245506139e-14
1.3470043323270875e-13 1.515685006215937e-16
1.092031270439706e-13 -4.77705484765983e-14
9.645447394960153e-14 -7.173160696520825e-14
9.008014740241699e-14 -8.371213620951322e-14
9.008014740241699e-14 -8.371213620951322e-14
9.008014740241699e-14 -8.371213620951322e-14
-3.137606060546636e-14 -1.1827220241355767e-13
2.9352043398475315e-14 -1.0099216931153545e-13
5.971609540044615e-14 -9.235215276052434e-14
7.489812140143157e-14 -8.803214448501878e-14
7.489812140143157e-14 -8.803214448501878e-14
7.489812140143157e-14 -8.803214448501878e-14
1.9505733769649498e-13 1.1359220475593352e-13
1.3497772954896328e-13 1.2780030135457368e-14
1.0493792547519742e-13 -3.7626057174780707e-14
8.991802343831449e-14 -6.282910082989974e-14
8.240807241987303e-14 -7.543062265745926e-14
8.240807241987303e-14 -7.543062265745926e-14
8.240807241987303e-14 -7.543062265745926e-14
-4.2525360941934794e-14 -1.2144470848071356e-13
1.9941355738969117e-14 -9.843766556908641e-14
5.117471407942107e-14 -8.693414411327283e-14
6.679139324964704e-14 -8.118238338536604e-14
6.679139324964704e-14 -8.118238338536604e-14
6.679139324964704e-14 -8.118238338536604e-14
2.060875782434119e-13 1.3210068992805758e-13
1.3643948574652948e-13 2.5459153271345767e-14
1.0161543949808826e-13 -2.786161505701014e-14
8.420341637386765e-14 -5.4521999221188095e-14
7.549740481175735e-14 -6.785219130327707e-14
7.549740481175735e-14 -6.785219130327707e-14
7.549740481175735e-14 -6.785219130327707e-14
-5.399385969947216e-14 -1.2566865775529548e-13
1.0751772556142597e-14 -9.676042452928627e-14
4.3124588683949976e-14 -8.230630791628168e-14
5.931099674785367e-14 -7.507924960977937e-14
6.740420077980551e-14 -7.146572045652822e-14
6.740420077980551e-14 -7.146572045652822e-14
6.740420077980551e-14 -7.146572045652822e-14
8.244033650449762e-14 1.3005375885723589e-14
7.492226864215156e-14 -2.9230172285402315e-14
7.116323471097853e-14 -5.0347946370965266e-14
6.928371774539202e-14 -6.090683341374674e-14
6.928371774539202e-14 -6.090683341374674e-14
6.928371774539202e-14 -6.090683341374674e-14
-6.588075310960443e-14 -1.3097602869221355e-13
1.701482317893798e-15 -9.594143105298015e-14
3.549260003164291e-14 -7.842413223336344e-14
5.2388158888517465e-14 -6.966548282355508e-14
6.083593831695474e-14 -6.528615811865092e-14
6.083593831695474e-14 -6.528615811865092e-14
6.083593831695474e-14 -6.528615811865092e-14
8.382060678460628e-14 2.0759558565138156e-14
7.23282725507805e-14 -2.226329977675638e-14
6.658210543386763e-14 -4.3774728947703646e-14
6.370902187541118e-14 -5.453044353317728e-14
6.370902187541118e-14 -5.453044353317728e-14
6.370902187541118e-14 -5.453044353317728e-14
-7.828842917155107e-14 -1.3740816187384792e-13
-7.289703648069942e-15 -9.59693027035126e-14
2.820965911367062e-14 -7.524987311834494e-14
4.59593404945409e-14 -6.489015832576111e-14
5.4834181184976046e-14 -5.971030092946919e-14
5.4834181184976046e-14 -5.971030092946919e-14
5.4834181184976046e-14 -5.971030092946919e-14
8.593052752889324e-14 2.8658286470963637e-14
7.038235435693464e-14 -1.5526007229252777e-14
6.260826777095534e-14 -3.7618154079360984e-14
5.872122447796569e-14 -4.866422750441509e-14
5.872122447796569e-14 -4.866422750441509e-14
5.872122447796569e-14 -4.866422750441509e-14
-9.132335144311431e-14 -1.450160774359042e-13
-1.6301063482574307e-14 -9.684015247015965e-14
2.1210080497695693e-14 -7.275218998728736e-14
3.9965652487830693e-14 -6.070820874585123e-14
4.9343438482898193e-14 -5.468621812513316e-14
4.9343438482898193e-14 -5.468621812513316e-14
4.9343438482898193e-14 -5.468621812513316e-14
8.878507494248924e-14 3.677024663833728e-14
6.906425671269372e-14 -8.95798574339794e-15
5.920384759779595e-14 -3.182210193426555e-14
5.427364304034707e-14 -4.325416002969935e-14
5.1808540761622636e-14 -4.8970189077416256e-14
5.1808540761622636e-14 -4.8970189077416256e-14
5.1808540761622636e-14 -4.8970189077416256e-14
-8.15594983486e-15 -5.854531475178561e-14
2.1826295463381318e-14 -5.375775191460093e-14
3.681741811250198e-14 -5.1363970496008594e-14
4.4312979437062303e-14 -5.0167079786712425e-14
4.4312979437062303e-14 -5.0167079786712425e-14
4.4312979437062303e-14 -5.0167079786712425e-14
9.240569391841765e-14 4.5165664300890333e-14
6.835933667773998e-14 -2.500707742911046e-15
5.633615805740114e-14 -2.6333893764811735e-14
5.032456874723172e-14 -3.825048677576208e-14
4.731877409214701e-14 -4.420878328123725e-14
4.731877409214701e-14 -4.420878328123725e-14
4.731877409214701e-14 -4.420878328123725e-14
-1.3660502684002465e-14 -5.942428137084199e-14
1.6829135704072274e-14 -5.181653232603962e-14
3.2073954898109644e-14 -4.801265780363844e-14
3.969636449512833e-14 -4.6110720542437844e-14
3.969636449512833e-14 -4.6110720542437844e-14
3.969636449512833e-14 -4.6110720542437844e-14
9.682045481349797e-14 5.3916912290938547e-14
6.825840965431315e-14 3.903095874250352e-15
5.397738707472074e-14 -2.1103812334093746e-14
4.6836875784924534e-14 -3.3607266438265795e-14
4.326662014002643e-14 -3.9858993490351816e-14
4.326662014002643e-14 -3.9858993490351816e-14
4.326662014002643e-14 -3.9858993490351816e-14
-1.9258209722733465e-14 -6.082101653649448e-14
1.2004205208646483e-14 -5.0340005013423146e-14
2.7635412674336457e-14 -4.509949925188748e-14
3.5451016407181446e-14 -4.247924637111965e-14
3.5451016407181446e-14 -4.247924637111965e-14
3.5451016407181446e-14 -4.247924637111965e-14
1.0206426777239346e-13 6.309913638264874e-14
6.875764208978745e-14 1.0309945005764547e-14
5.210432924848445e-14 -1.608465068267755e-14
4.377767282783295e-14 -2.92819485268986e-14
3.96143446175072e-14 -3.588059744900912e-14
3.96143446175072e-14 -3.588059744900912e-14
3.96143446175072e-14 -3.588059744900912e-14
-2.499779371864915e-14 -6.274526474861946e-14
7.308275449429025e-15 -4.93129310988143e-14
2.346131003346811e-14 -4.259676427391171e-14
3.1537827325487655e-14 -3.9238680861460415e-14
3.557608597149743e-14 -3.7559639155234764e-14
3.557608597149743e-14 -3.7559639155234764e-14
3.557608597149743e-14 -3.7559639155234764e-14
4.1590681188115596e-14 5.022818627467825e-15
3.858338357980651e-14 -1.626841026388347e-14
3.707973477565197e-14 -2.6914024709559117e-14
3.707973477565197e-14 -2.6914024709559117e-14
3.707973477565197e-14 -2.6914024709559117e-14
-1.0344865340553486e-13 -1.3544553314961113e-13
-3.318445931494145e-14 -8.117977892958512e-14
1.9476377303552602e-15 -5.404690181957212e-14
1.9513686253003614e-14 -4.048046326456562e-14
2.829671051432779e-14 -3.369724398706237e-14
2.829671051432779e-14 -3.369724398706237e-14
2.829671051432779e-14 -3.369724398706237e-14
7.895475692401604e-14 4.79577796732108e-14
5.3625733719171916e-14 7.130267843074216e-15
4.096122211674985e-14 -1.3283488071994076e-14
3.462896631553882e-14 -2.3490366029528222e-14
3.1462838414933307e-14 -2.859380500829529e-14
3.1462838414933307e-14 -2.859380500829529e-14
3.1462838414933307e-14 -2.859380500829529e-14
-1.869698167262444e-14 -4.872530338231712e-14
6.382928371154433e-15 -3.865955419530621e-14
1.892288339304387e-14 -3.362667960180075e-14
2.5192860903988588e-14 -3.111024230504802e-14
2.5192860903988588e-14 -3.111024230504802e-14
2.5192860903988588e-14 -3.111024230504802e-14
8.36050072691188e-14 5.545345566237296e-14
5.4398934086553695e-14 1.2171606678662472e-14
3.979589749527114e-14 -9.469317813192774e-15
3.249437919962987e-14 -2.0289780059120395e-14
2.884362005180923e-14 -2.5700011182084207e-14
2.884362005180923e-14 -2.5700011182084207e-14
2.884362005180923e-14 -2.5700011182084207e-14
-2.3301496411300585e-14 -5.057331202818805e-14
2.771061820254321e-15 -3.8136661605136125e-14
1.5807340936031774e-14 -3.1918336393610164e-14
2.2325480493920502e-14 -2.8809173787847184e-14
2.5584550272864865e-14 -2.7254592484965697e-14
2.5584550272864865e-14 -2.7254592484965697e-14
2.5584550272864865e-14 -2.7254592484965697e-14
3.28327816893473e-14 6.41321031131367e-15
2.9208665981106084e-14 -1.0420691086826013e-14
2.7396608126985474e-14 -1.8837641785895855e-14
2.649057919992517e-14 -2.3046117135430774e-14
2.649057919992517e-14 -2.3046117135430774e-14
2.649057919992517e-14 -2.3046117135430774e-14
-2.8088255178094212e-14 -5.2856603345740097e-14
-7.988379890845204e-16 -3.7951360240585436e-14
1.2845870605420325e-14 -3.04987386880081e-14
1.966822490267275e-14 -2.677242791171944e-14
2.307940205129896e-14 -2.4909272523575108e-14
2.307940205129896e-14 -2.4909272523575108e-14
2.307940205129896e-14 -2.4909272523575108e-14
3.3498146686886827e-14 9.503809401805557e-15
2.8288774369092895e-14 -7.702731560884775e-15
2.5684088210195926e-14 -1.6306002042229942e-14
2.4381745130747445e-14 -2.0607637282902525e-14
2.4381745130747445e-14 -2.0607637282902525e-14
2.4381745130747445e-14 -2.0607637282902525e-14
-3.309842160537434e-14 -5.559311281638214e-14
-4.358338237313448e-15 -3.8100375049642334e-14
1.0011703446716998e-14 -2.935400616627243e-14
1.719672428873222e-14 -2.4980821724587477e-14
2.0789234709739833e-14 -2.2794229503745002e-14
2.0789234709739833e-14 -2.2794229503745002e-14
2.0789234709739833e-14 -2.2794229503745002e-14
3.445455487653487e-14 1.2662822769124599e-14
2.762189479313735e-14 -5.065703367310202e-15
2.4205564751438592e-14 -1.3929966435527602e-14
2.2497399730589214e-14 -1.8362097969636303e-14
2.2497399730589214e-14 -1.8362097969636303e-14
2.2497399730589214e-14 -1.8362097969636303e-14
-3.8374921272947535e-14 -5.880467012391011e-14
-7.93876077117916e-15 -3.858338404677321e-14
7.279319479705027e-15 -2.8472741008204756e-14
1.488835960514712e-14 -2.3417419488920528e-14
1.8692879667868168e-14 -2.0889758729278417e-14
1.8692879667868168e-14 -2.0889758729278417e-14
1.8692879667868168e-14 -2.0889758729278417e-14
3.5708988574783063e-14 1.591766937600804e-14
2.7200934121325614e-14 -2.486044676635189e-15
2.294690689459689e-14 -1.1687901702956803e-14
2.081989328123253e-14 -1.628883021611761e-14
1.975638647455035e-14 -1.8589294472698014e-14
1.975638647455035e-14 -1.8589294472698014e-14
1.975638647455035e-14 -1.8589294472698014e-14
-4.126910799431179e-15 -2.3299751272056884e-14
7.814737837559585e-15 -2.094452287237745e-14
1.3785562156054968e-14 -1.976690867253773e-14
1.6770974315302657e-14 -1.9178101572617872e-14
1.6770974315302657e-14 -1.9178101572617872e-14
1.6770974315302657e-14 -1.9178101572617872e-14
3.727101424897563e-14 1.9296476305874395e-14
2.7020994282139144e-14 5.918736662826153e-17
2.18959842987209e-14 -9.559457102994805e-15
1.933347930701178e-14 -1.4368779337806337e-14
1.805222681115722e-14 -1.6773440455212106e-14
1.805222681115722e-14 -1.6773440455212106e-14
1.805222681115722e-14 -1.6773440455212106e-14
-6.319322862118193e-15 -2.3732156495881685e-14
5.866451974519513e-15 -2.0252798475546896e-14
1.1959339392838367e-14 -1.85131194653795e-14
1.5005783101997793e-14 -1.7643279960295805e-14
1.5005783101997793e-14 -1.7643279960295805e-14
1.5005783101997793e-14 -1.7643279960295805e-14
3.9152853848867673e-14 2.2828322321036593e-14
2.707931847543273e-14 2.5925211803703942e-15
2.1042550788715262e-14 -7.525379389962705e-15
1.802416694535653e-14 -1.2584329675129256e-14
1.651497502367716e-14 -1.511380481771253e-14
1.651497502367716e-14 -1.511380481771253e-14
1.651497502367716e-14 -1.511380481771253e-14
-8.55655495878325e-15 -2.4370944882358052e-14
3.9792100324469544e-15 -1.974237485003529e-14
1.0247092528062058e-14 -1.742808983387391e-14
1.3381033775869608e-14 -1.627094732579322e-14
1.3381033775869608e-14 -1.627094732579322e-14
1.3381033775869608e-14 -1.627094732579322e-14
4.1369479485252725e-14 2.654348893595453e-14
2.7375256630561167e-14 5.1362708050806555e-15
2.0378145203215388e-14 -5.5673382603562825e-15
1.6879589489542498e-14 -1.0919142793074751e-14
1.5130311632706055e-14 -1.3595045059433985e-14
1.5130311632706055e-14 -1.3595045059433985e-14
1.5130311632706055e-14 -1.3595045059433985e-14
-1.0858043063076513e-14 -2.5220721406081718e-14
2.136134284814771e-15 -1.9407883232757852e-14
8.633222958760413e-15 -1.6501464146095917e-14
1.1881767295733234e-14 -1.5048254602764953e-14
1.3506039464219644e-14 -1.4321649831099467e-14
1.3506039464219644e-14 -1.4321649831099467e-14
1.3506039464219644e-14 -1.4321649831099467e-14
1.654034413076345e-14 2.6264994826376287e-15
1.5023191797491547e-14 -5.847575174230919e-15
1.4264615630855596e-14 -1.0084612502665194e-14
1.388532754753762e-14 -1.220313116688233e-14
1.388532754753762e-14 -1.220313116688233e-14
1.388532754753762e-14 -1.220313116688233e-14
-1.3243692788454241e-14 -2.62879221463482e-14
3.208173795416892e-16 -1.9245526656615264e-14
7.1030724635396544e-15 -1.5724328911748797e-14
1.0494200005538637e-14 -1.3963730039315564e-14
1.2189763776538128e-14 -1.3083430603098947e-14
1.2189763776538128e-14 -1.3083430603098947e-14
1.2189763776538128e-14 -1.3083430603098947e-14
1.6818883811999928e-14 4.18228661990601e-15
1.4504323794269026e-14 -4.450571991596469e-15
1.3347043785403577e-14 -8.767001297347708e-15
1.2768403780970853e-14 -1.0925215950223328e-14
1.2768403780970853e-14 -1.0925215950223328e-14
1.2768403780970853e-14 -1.0925215950223328e-14
-1.5734052084362113e-14 -2.758086194707668e-14
-1.4828241516956296e-15 -1.9253038948650004e-14
5.642789814637612e-15 -1.5089127449436665e-14
9.205596797804233e-15 -1.3007171699829998e-14
1.0987000289387542e-14 -1.1966193825026663e-14
1.0987000289387542e-14 -1.1966193825026663e-14
1.0987000289387542e-14 -1.1966193825026663e-14
1.7243822580087918e-14 5.767225520657506e-15
1.411541143473773e-14 -3.0994841521845788e-15
1.2551205862062636e-14 -7.532838988605621e-15
1.1769103075725089e-14 -9.749516406816141e-15
1.1769103075725089e-14 -9.749516406816141e-15
1.1769103075725089e-14 -9.749516406816141e-15
-1.8350488485841085e-14 -2.9109798230744e-14
-3.290692705057997e-15 -1.9429657318780068e-14
4.239205185333546e-15 -1.4589586862798105e-14
8.004154130529318e-15 -1.2169551634807123e-14
9.886628603127203e-15 -1.0959534020811632e-14
9.886628603127203e-15 -1.0959534020811632e-14
9.886628603127203e-15 -1.0959534020811632e-14
1.781817930491236e-14 7.395097993020644e-15
1.3852403954019783e-14 -1.782218013895494e-15
1.1869516278573493e-14 -6.370876017353563e-15
1.0878072440850348e-14 -8.665205019082597e-15
1.0382350521988775e-14 -9.812369519947115e-15
1.0382350521988775e-14 -9.812369519947115e-15
1.0382350521988775e-14 -9.812369519947115e-15
-1.6485967628179293e-15 -1.1745956783973858e-14
4.366876879585423e-15 -1.0779163151960487e-14
7.374613700787099e-15 -1.0295766335953801e-14
8.878482111387937e-15 -1.0054067927950457e-14
8.878482111387937e-15 -1.0054067927950457e-14
8.878482111387937e-15 -1.0054067927950457e-14
1.8546270851063127e-14 9.07999583322984e-15
1.3712376481225534e-14 -4.870360473603089e-16
1.1295429296306735e-14 -5.270551987655383e-15
1.0086955703847336e-14 -7.662309957802921e-15
9.482718907617636e-15 -8.85818894287669e-15
9.482718907617636e-15 -8.85818894287669e-15
9.482718907617636e-15 -8.85818894287669e-15
-2.7530001257785548e-15 -1.1923454049999016e-14
3.3648593909195406e-15 -1.0390821496437852e-14
6.423789149268588e-15 -9.62450521965727e-15
7.953254028443112e-15 -9.24134708126698e-15
7.953254028443112e-15 -9.24134708126698e-15
7.953254028443112e-15 -9.24134708126698e-15
1.9433743658815317e-14 1.0836443101738319e-14
1.3693498843629215e-14 7.975480102356691e-16
1.0823376436036163e-14 -4.221899535515656e-15
9.388315232239638e-15 -6.731623308391318e-15
8.670784630341375e-15 -7.98648519482915e-15
8.670784630341375e-15 -7.98648519482915e-15
8.670784630341375e-15 -7.98648519482915e-15
-3.8762009124570485e-15 -1.2204835823317938e-14
2.397291858942163e-15 -1.0095660509073544e-14
5.5340382446417694e-15 -9.041072851951348e-15
7.102411437491572e-15 -8.513779023390249e-15
7.102411437491572e-15 -8.513779023390249e-15
7.102411437491572e-15 -8.513779023390249e-15
2.0487616751524046e-14 1.2679521520231741e-14
1.3795014094507809e-14 2.082871248420746e-15
1.0448712765999692e-14 -3.2154538874847516e-15
8.775562101745631e-15 -5.8646164554375e-15
7.938986769618601e-15 -7.189197739413875e-15
7.938986769618601e-15 -7.189197739413875e-15
7.938986769618601e-15 -7.189197739413875e-15
-5.0279749807851125e-15 -1.2592067237273727e-14
1.4555058944167445e-15 -9.8906324883438e-15
4.697246332017673e-15 -8.539915113878837e-15
6.318116550818137e-15 -7.864556426646356e-15
7.128551660218368e-15 -7.526877083030115e-15
7.128551660218368e-15 -7.526877083030115e-15
7.128551660218368e-15 -7.526877083030115e-15
8.344180899941693e-15 1.0164665311580845e-15
7.73636628008003e-15 -3.2552052759360154e-15
7.432458970149199e-15 -5.391041179483066e-15
7.432458970149199e-15 -5.391041179483066e-15
7.432458970149199e-15 -5.391041179483066e-15
-2.0780783997798483e-14 -2.7192534076195305e-14
-6.674162513824642e-15 -1.6291787627839185e-14
3.791482281622785e-16 -1.0841414403661126e-14
3.905803599155739e-15 -8.116227791572096e-15
5.669131284652469e-15 -6.753634485527581e-15
5.669131284652469e-15 -6.753634485527581e-15
5.669131284652469e-15 -6.753634485527581e-15
1.584860405900722e-14 9.637221170401878e-15
1.0758867671829845e-14 1.441793342437149e-15
8.213999478241157e-15 -2.655920571545216e-15
6.941565381446813e-15 -4.704777528536398e-15
6.305348333049641e-15 -5.7292060070319895e-15
6.305348333049641e-15 -5.7292060070319895e-15
6.305348333049641e-15 -5.7292060070319895e-15
-3.761033740660995e-15 -9.778310909545651e-15
1.272157296194323e-15 -7.75375845828882e-15
3.788752814621982e-15 -6.741482232660405e-15
5.0470505738358114e-15 -6.2353441198461975e-15
5.0470505738358114e-15 -6.2353441198461975e-15
5.0470505738358114e-15 -6.2353441198461975e-15
1.6783047827584285e-14 1.1141850482320752e-14
1.0915049200710048e-14 2.4532531812372767e-15
7.98104988727293e-15 -1.8910454693044604e-15
6.5140502305543706e-15 -4.063194794575329e-15
5.780550402195091e-15 -5.149269457210763e-15
5.780550402195091e-15 -5.149269457210763e-15
5.780550402195091e-15 -5.149269457210763e-15
-4.685096137678003e-15 -1.0150006067258988e-14
5.477271322585439e-16 -7.649637762234876e-15
3.1641387672268175e-15 -6.399453609722819e-15
4.472344584710954e-15 -5.774361533466791e-15
5.1264474934530224e-15 -5.461815495338777e-15
5.1264474934530224e-15 -5.461815495338777e-15
5.1264474934530224e-15 -5.461815495338777e-15
6.587639777813845e-15 1.2935082842678987e-15
5.8570436356334336e-15 -2.0841536055354392e-15
5.491745564543228e-15 -3.772984550437108e-15
5.3090965289981254e-15 -4.617400022887943e-15
5.3090965289981254e-15 -4.617400022887943e-15
5.3090965289981254e-15 -4.617400022887943e-15
-5.645809798698106e-15 -1.0609058074571164e-14
-1.6835663484999026e-16 -7.613229048729553e-15
2.5703699470740676e-15 -6.1153145358087484e-15
3.939733238036097e-15 -5.366357279348345e-15
4.624414883517111e-15 -4.9918786511181445e-15
4.624414883517111e-15 -4.9918786511181445e-15
4.624414883517111e-15 -4.9918786511181445e-15
6.721772646787441e-15 1.9136258774247764e-15
5.6730937651522756e-15 -1.539126386846684e-15
5.1487543243346936e-15 -3.2655025189824143e-15
4.886584603925902e-15 -4.128690585050279e-15
4.886584603925902e-15 -4.128690585050279e-15
4.886584603925902e-15 -4.128690585050279e-15
-6.651435925288e-15 -1.1159073519292811e-14
-8.824256606810493e-16 -7.643882052171544e-15
2.0020794716224262e-15 -5.8862863186109125e-15
3.444332037774164e-15 -5.007488451830596e-15
4.165458320850033e-15 -4.5680895184404375e-15
4.165458320850033e-15 -4.5680895184404375e-15
4.165458320850033e-15 -4.5680895184404375e-15
6.914303528777764e-15 2.5475296092589936e-15
5.5398809248138985e-15 -1.010279954590722e-15
4.852669622831966e-15 -2.7891847365155797e-15
4.5090639718409994e-15 -3.6786371274780084e-15
4.5090639718409994e-15 -3.6786371274780084e-15
4.5090639718409994e-15 -3.6786371274780084e-15
-7.710590141194825e-15 -1.1804440695075955e-14
-1.6007630846769132e-15 -7.741538911276982e-15
1.4541504435820431e-15 -5.710088019377496e-15
2.9816072077115213e-15 -4.694362573427752e-15
3.74533558977626e-15 -4.18649985045288e-15
3.74533558977626e-15 -4.18649985045288e-15
3.74533558977626e-15 -4.18649985045288e-15
7.166638928559464e-15 3.2007212090368176e-15
5.4559872591678624e-15 -4.928893207080312e-16
4.600661424472062e-15 -2.3396945855804556e-15
4.172998507124161e-15 -3.263097218016668e-15
3.959167048450211e-15 -3.724798534234774e-15
3.959167048450211e-15 -3.724798534234774e-15
3.959167048450211e-15 -3.724798534234774e-15
-8.3283865199575e-16 -4.674821446600835e-15
1.5631641982272303e-15 -4.199809990417804e-15
2.7611656233387203e-15 -3.962304262326289e-15
3.3601663358944655e-15 -3.843551398280531e-15
3.3601663358944655e-15 -3.843551398280531e-15
3.3601663358944655e-15 -3.843551398280531e-15
7.480703918239723e-15 3.878845050322617e-15
5.420435127067094e-15 1.7646826021042766e-17
4.39030073148078e-15 -1.9129522861297443e-15
3.8752335336876224e-15 -2.878251842205138e-15
3.617699934791044e-15 -3.3609016202428346e-15
3.617699934791044e-15 -3.3609016202428346e-15
3.617699934791044e-15 -3.3609016202428346e-15
-1.2727298079480684e-15 -4.76203058903789e-15
1.1724850634214877e-15 -4.061466104640362e-15
2.395092499106266e-15 -3.7111838624415984e-15
3.006396216948655e-15 -3.5360427413422165e-15
3.006396216948655e-15 -3.5360427413422165e-15
3.006396216948655e-15 -3.5360427413422165e-15
7.858956400385249e-15 4.587736922116468e-15
5.4326763086669525e-15 5.258470903871254e-16
4.2195362628078035e-15 -1.5050978254775456e-15
3.612966239878229e-15 -2.520570283409881e-15
3.309681228413442e-15 -3.0283065123760486e-15
3.309681228413442e-15 -3.0283065123760486e-15
3.309681228413442e-15 -3.0283065123760486e-15
-1.721655977161904e-15 -4.8906498484671525e-15
7.94012625625769e-16 -3.959478180421601e-15
2.0518469270196056e-15 -3.4938923463988248e-15
2.6807640777165236e-15 -3.2610994293874367e-15
2.6807640777165236e-15 -3.2610994293874367e-15
2.6807640777165236e-15 -3.2610994293874367e-15
8.304406263767505e-15 5.333474510084276e-15
5.492585170742014e-15 1.0361875403484194e-15
4.086674624229269e-15 -1.1124559445195086e-15
3.3837193509728964e-15 -2.186777686953473e-15
3.03224171434471e-15 -2.7239385581704546e-15
3.03224171434471e-15 -2.7239385581704546e-15
3.03224171434471e-15 -2.7239385581704546e-15
-2.1835170044300624e-15 -5.06160714141732e-15
4.2436235495732383e-16 -3.892772849793887e-15
1.728302034651017e-15 -3.3083557039821706e-15
2.3802718744978636e-15 -3.0161471310763128e-15
2.7062567944212866e-15 -2.8700428446233835e-15
2.7062567944212866e-15 -2.8700428446233835e-15
2.7062567944212866e-15 -2.8700428446233835e-15
3.3185610028203945e-15 5.304111859825697e-16
3.0124088986208406e-15 -1.1698158293204069e-15
2.8593328465210636e-15 -2.0199293369718953e-15
2.782794820471175e-15 -2.444986090797639e-15
2.782794820471175e-15 -2.444986090797639e-15
2.782794820471175e-15 -2.444986090797639e-15
-2.662307351392914e-15 -5.276197808222413e-15
6.024373453913058e-17 -3.860591949510026e-15
1.4215192775051528e-15 -3.1527890201538325e-15
2.102157048988164e-15 -2.798887555475736e-15
2.4424759347296693e-15 -2.6219368231366876e-15
2.4424759347296693e-15 -2.6219368231366876e-15
2.4424759347296693e-15 -2.6219368231366876e-15
3.374768630200675e-15 8.425622495576798e-16
2.908622282465172e-15 -8.89687286789504e-16
2.6755491085974207e-15 -1.7558120549630958e-15
2.5590125216635452e-15 -2.1888744390498916e-15
2.5590125216635452e-15 -2.1888744390498916e-15
2.5590125216635452e-15 -2.1888744390498916e-15
-3.1621507364843106e-15 -5.536094215761517e-15
-3.015691074103827e-16 -3.862484327405704e-15
1.1287217071265813e-15 -3.025679383227798e-15
1.843867114395063e-15 -2.6072769111388448e-15
2.201439818029304e-15 -2.398075675094368e-15
2.201439818029304e-15 -2.398075675094368e-15
2.201439818029304e-15 -2.398075675094368e-15
3.4603501988819027e-15 1.1605924517735476e-15
2.8308950084556032e-15 -6.187416116604102e-16
2.516167413242454e-15 -1.508408643377389e-15
2.358803615635879e-15 -1.9532421592358783e-15
2.358803615635879e-15 -1.9532421592358783e-15
2.358803615635879e-15 -1.9532421592358783e-15
-3.6873356655442214e-15 -5.843358552391881e-15
-6.642660249541715e-16 -3.89830035581388e-15
8.472687953408537e-16 -2.925771257524879e-15
1.6030362054883662e-15 -2.4395067083803785e-15
1.9809199105621224e-15 -2.1963744338081284e-15
1.9809199105621224e-15 -2.1963744338081284e-15
1.9809199105621224e-15 -2.1963744338081284e-15
3.575914225936058e-15 1.4872670566424655e-15
2.77841706824909e-15 -3.5455368858283144e-16
2.3796684894056065e-15 -1.27546406119548e-15
2.1802941999838644e-15 -1.7359192475018043e-15
2.0806070552729934e-15 -1.9661468406549663e-15
2.0806070552729934e-15 -1.9661468406549663e-15
2.0806070552729934e-15 -1.9661468406549663e-15
-3.3321904609631677e-16 -2.3565959991835187e-15
8.736940045883383e-16 -2.1613714199192423e-15
1.4771505299306659e-15 -2.0637591302871043e-15
1.7788787926018298e-15 -2.0149529854710355e-15
1.7788787926018298e-15 -2.0149529854710355e-15
1.7788787926018298e-15 -2.0149529854710355e-15
3.722329709005882e-15 1.8254138184149764e-15
2.7506042508038558e-15 -9.476958352802956e-17
2.264741521702843e-15 -1.0548612844995326e-15
2.0218101571523364e-15 -1.534907134985284e-15
1.900344474877083e-15 -1.7749300602281597e-15
1.900344474877083e-15 -1.7749300602281597e-15
1.900344474877083e-15 -1.7749300602281597e-15
-5.548007423461797e-16 -2.392438013057518e-15
6.727718662654516e-16 -2.0836840366428388e-15
1.2865581705712671e-15 -1.929307048435499e-15
1.593451322724175e-15 -1.8521185543318294e-15
1.593451322724175e-15 -1.8521185543318294e-15
1.593451322724175e-15 -1.8521185543318294e-15
3.90073243603859e-15 2.1779474984894555e-15
2.7470918793813823e-15 1.6291447207881306e-16
2.170271601052779e-15 -8.4460204112650815e-16
1.881861461888477e-15 -1.3483602977291689e-15
1.737656392306326e-15 -1.6002394260304991e-15
1.737656392306326e-15 -1.6002394260304991e-15
1.737656392306326e-15 -1.6002394260304991e-15
-7.801754056565991e-16 -2.449123313149944e-15
4.787404933248634e-16 -2.0246813695902216e-15
1.1081984428155947e-15 -1.8124603978103606e-15
1.4229274175609603e-15 -1.7063499119204296e-15
1.4229274175609603e-15 -1.7063499119204296e-15
1.4229274175609603e-15 -1.7063499119204296e-15
4.112533640076619e-15 2.547894974376195e-15
2.7677305288187897e-15 4.207725312278828e-16
2.095328973189875e-15 -6.427886903462734e-16
1.7591281953754177e-15 -1.1745693011333515e-15
1.591027806468189e-15 -1.4404596065268906e-15
1.591027806468189e-15 -1.4404596065268906e-15
1.591027806468189e-15 -1.4404596065268906e-15
-1.0113044855218525e-15 -2.5270481909389187e-15
2.8986166047316827e-16 -1.983753898732905e-15
9.404447334706786e-16 -1.7121067526298977e-15
1.2657362699694338e-15 -1.5762831795783941e-15
1.4283820382188114e-15 -1.5083713930526423e-15
1.4283820382188114e-15 -1.5083713930526423e-15
1.4283820382188114e-15 -1.5083713930526423e-15
1.6740632795133979e-15 2.0568656351158811e-16
1.5512226588661047e-15 -6.513424147705271e-16
1.489802348542458e-15 -1.0798569039115847e-15
1.489802348542458e-15 -1.0798569039115847e-15
1.489802348542458e-15 -1.0798569039115847e-15
-4.174444162616848e-15 -5.459273790452868e-15
-1.3423209070371951e-15 -3.269565347182226e-15
7.374072075263144e-17 -2.1747111255469054e-15
7.817715346475447e-16 -1.6272840147292451e-15
1.1357869415950014e-15 -1.3535704593204148e-15
1.1357869415950014e-15 -1.3535704593204148e-15
1.1357869415950014e-15 -1.3535704593204148e-15
3.181295678255614e-15 1.936616977716769e-15
2.158541309925308e-15 2.915232591981772e-16
1.6471641257601544e-15 -5.310236000611188e-16
1.391475533677578e-15 -9.422970296907668e-16
1.2636312376362897e-15 -1.1479337445055907e-15
1.2636312376362897e-15 -1.1479337445055907e-15
1.2636312376362897e-15 -1.1479337445055907e-15
-7.565542910187721e-16 -1.9623367831545854e-15
2.535384733087588e-16 -1.555135263830088e-15
7.585848554725242e-16 -1.3515345041678394e-15
1.011108046554407e-15 -1.249734124336715e-15
1.011108046554407e-15 -1.249734124336715e-15
1.011108046554407e-15 -1.249734124336715e-15
3.3690669483712802e-15 2.2386458660499985e-15
2.1900874974628436e-15 4.944558708566417e-16
1.6005977720086253e-15 -3.7763912674003667e-16
1.3058529092815161e-15 -8.136866255383759e-16
1.1584804779179615e-15 -1.0317103749375454e-15
1.1584804779179615e-15 -1.0317103749375454e-15
1.1584804779179615e-15 -1.0317103749375454e-15
-9.420009964640534e-16 -2.0370964220180235e-15
1.0823974072695407e-16 -1.5344033984777844e-15
6.333601093224578e-16 -1.283056886707665e-15
8.959202936202096e-16 -1.1573836308226052e-15
1.0272003857690857e-15 -1.0945470028800753e-15
1.0272003857690857e-15 -1.0945470028800753e-15
1.0272003857690857e-15 -1.0945470028800753e-15
1.3217596029017007e-15 2.608859049281083e-16
1.174479994335393e-15 -4.168305489759835e-16
1.1008401900522395e-15 -7.556887759280295e-16
1.0640202879106625e-15 -9.251178894040524e-16
1.0640202879106625e-15 -9.251178894040524e-16
1.0640202879106625e-15 -9.251178894040524e-16
-1.1348186390713946e-15 -2.1293877266223773e-15
-3.5399175580366047e-17 -1.5272528080132148e-15
5.143105561651482e-16 -1.2261853487086337e-15
7.891654220379054e-16 -1.075651619056343e-15
9.26592854974284e-16 -1.0003847542301976e-15
9.26592854974284e-16 -1.0003847542301976e-15
9.26592854974284e-16 -1.0003847542301976e-15
1.3487992225742733e-15 3.8531041566721763e-16
1.1376960387742786e-15 -3.0753716928149e-16
1.0321444468742813e-15 -6.539609617558437e-16
9.793686509242825e-16 -8.271728579930207e-16
9.793686509242825e-16 -8.271728579930207e-16
9.793686509242825e-16 -8.271728579930207e-16
-1.3366651888481212e-15 -2.2399359450955885e-15
-1.7864826896191937e-16 -1.5335544015443047e-15
4.0036019098118157e-16 -1.1803636297686626e-15
6.898644209527321e-16 -1.0037682438808417e-15
8.346165359385073e-16 -9.154705509369312e-16
8.346165359385073e-16 -9.154705509369312e-16
8.346165359385073e-16 -9.154705509369312e-16
1.3875564493325628e-15 5.125129075967155e-16
1.1110864926355349e-15 -2.0147882167010786e-16
9.728515142870211e-16 -5.584746863035196e-16
9.037340251127642e-16 -7.369726186202254e-16
9.037340251127642e-16 -7.369726186202254e-16
9.037340251127642e-16 -7.369726186202254e-16
-1.5492698713108729e-15 -2.3696231923554584e-15
-3.2276792309905436e-16 -1.553297905487842e-15
2.904830510068549e-16 -1.1451352620540336e-15
5.971085380598095e-16 -9.410539403371296e-16
7.504212815862869e-16 -8.390132794786775e-16
7.504212815862869e-16 -8.390132794786775e-16
7.504212815862869e-16 -8.390132794786775e-16
1.4383146142498572e-15 6.435973314643242e-16
1.094367947918072e-15 -9.770797400717668e-17
9.223946147521795e-16 -4.683606267429271e-16
8.364079481692332e-16 -6.536869531108023e-16
7.934146148777601e-16 -7.463501162947399e-16
7.934146148777601e-16 -7.463501162947399e-16
7.934146148777601e-16 -7.463501162947399e-16
-1.680666655637908e-16 -9.379490318268728e-16
3.1267397465698463e-16 -8.421495740608064e-16
5.530442947673723e-16 -7.942498451777732e-16
6.732294548225662e-16 -7.702999807362565e-16
6.732294548225662e-16 -7.702999807362565e-16
6.732294548225662e-16 -7.702999807362565e-16
1.5014610383924304e-15 7.796963214360828e-16
1.0873452466074984e-15 4.69817034991315e-18
8.802873507150323e-16 -3.828009051931717e-16
7.767584027687992e-16 -5.765504429647141e-16
7.249939287956828e-16 -6.734252118504853e-16
7.249939287956828e-16 -6.734252118504853e-16
7.249939287956828e-16 -6.734252118504853e-16
-2.563276409429006e-16 -9.555372078586318e-16
2.343331439263911e-16 -8.144812098545586e-16
4.796635363610369e-16 -7.43953210852522e-16
6.023287325783598e-16 -7.086892113515036e-16
6.023287325783598e-16 -7.086892113515036e-16
6.023287325783598e-16 -7.086892113515036e-16
1.5774901170658501e-15 9.219811432873848e-16
1.0899094248221049e-15 1.0664596596794052e-16
8.461190787002323e-16 -3.0102162269178156e-16
7.242239056392961e-16 -5.048554170216426e-16
6.63276319108828e-16 -6.067723141865732e-16
6.63276319108828e-16 -6.067723141865732e-16
6.63276319108828e-16 -6.067723141865732e-16
-3.464099058000396e-16 -9.814342236674505e-16
1.5843320665439417e-16 -7.941032689270119e-16
4.1085476288161106e-16 -7.004377915567925e-16
5.370655409952195e-16 -6.536050528716828e-16
5.370655409952195e-16 -6.536050528716828e-16
5.370655409952195e-16 -6.536050528716828e-16
1.6670069061599243e-15 1.0716716102305675e-15
1.102036223577572e-15 2.0903327867944238e-16
8.195508822863957e-16 -2.2228588709612024e-16
6.783082116408076e-16 -4.3794546998390154e-16
6.076868763180136e-16 -5.457752614277922e-16
6.076868763180136e-16 -5.457752614277922e-16
6.076868763180136e-16 -5.457752614277922e-16
-4.3909594564602553e-16 -1.0158270146271385e-15
8.429546533599404e-17 -7.808011380274653e-16
3.459911708270038e-16 -6.632881997276288e-16
4.768390235725087e-16 -6.045317305777105e-16
5.422629499452612e-16 -5.751534960027513e-16
5.422629499452612e-16 -5.751534960027513e-16
5.422629499452612e-16 -5.751534960027513e-16
6.658180288218849e-16 1.0710980801482987e-16
6.04040489383573e-16 -2.3402184399396073e-16
5.731517196644171e-16 -4.04587669998356e-16
5.577073348048391e-16 -4.898705830005536e-16
5.577073348048391e-16 -4.898705830005536e-16
5.577073348048391e-16 -4.898705830005536e-16
-5.35187347866766e-16 -1.0589763096177342e-15
1.125999346903655e-17 -7.744234463091439e-16
2.844836641369378e-16 -6.321470146548488e-16
4.2109549947088846e-16 -5.610087988277013e-16
4.894014171378638e-16 -5.254396909141275e-16
4.894014171378638e-16 -5.254396909141275e-16
4.894014171378638e-16 -5.254396909141275e-16
6.77159991167623e-16 1.6973943783517702e-16
5.832807041527434e-16 -1.7785012653947522e-16
5.363410606453036e-16 -3.516449087268013e-16
5.128712388915837e-16 -4.385422998204644e-16
5.128712388915837e-16 -4.385422998204644e-16
5.128712388915837e-16 -4.385422998204644e-16
-6.355116498481528e-16 -1.1112184208892543e-15
-6.132020547828453e-17 -7.748803603548594e-16
2.257755167066496e-16 -6.067113300876619e-16
3.6932337779911667e-16 -5.226268149540631e-16
4.410973083453502e-16 -4.805845573872638e-16
4.410973083453502e-16 -4.805845573872638e-16
4.410973083453502e-16 -4.805845573872638e-16
6.943956406585188e-16 2.335547107088242e-16
5.677464745019345e-16 -1.2351492333921977e-16
5.044218914236424e-16 -3.0204974036324175e-16
4.727595998844963e-16 -3.9131714887525276e-16
4.727595998844963e-16 -3.9131714887525276e-16
4.727595998844963e-16 -3.9131714887525276e-16
-7.409296283501144e-16 -1.1729680026056399e-15
-1.340850142328091e-16 -7.821425757404463e-16
1.6933729282584358e-16 -5.867298623078496e-16
3.210484463551699e-16 -4.890235055915512e-16
3.9690402311983308e-16 -4.4017032723340194e-16
3.9690402311983308e-16 -4.4017032723340194e-16
3.9690402311983308e-16 -4.4017032723340194e-16
7.176476607422181e-16 2.991104826402666e-16
5.572758419310256e-16 -7.052992229656766e-17
4.770899325254294e-16 -2.553501247649848e-16
4.369969778226312e-16 -3.4776022599919337e-16
4.1695050047123214e-16 -3.9396527661629763e-16
4.1695050047123214e-16 -3.9396527661629763e-16
4.1695050047123214e-16 -3.9396527661629763e-16
-6.734743617772764e-17 -4.728053240798999e-16
1.7480153214675225e-16 -4.3338530034809876e-16
2.958760163089922e-16 -4.136752884821982e-16
3.5641325839011215e-16 -4.038202825492479e-16
3.5641325839011215e-16 -4.038202825492479e-16
3.5641325839011215e-16 -4.038202825492479e-16
7.470909230870806e-16 3.6697415403478314e-16
5.517520907385964e-16 -1.8423064257232387e-17
4.540826745643543e-16 -2.1112167340324015e-16
4.052479664772332e-16 -3.07470977976244e-16
3.808306124336727e-16 -3.5564563026274597e-16
3.808306124336727e-16 -3.5564563026274597e-16
3.808306124336727e-16 -3.5564563026274597e-16
-1.118044734732217e-16 -4.800425945417396e-16
1.345130694802255e-16 -4.178441124022428e-16
2.576718409569491e-16 -3.867448713324944e-16
3.192512266953109e-16 -3.711952507976202e-16
3.192512266953109e-16 -3.711952507976202e-16
3.192512266953109e-16 -3.711952507976202e-16
7.829539038187857e-16 4.377306643700722e-16
5.511025652570483e-16 3.3267706786225996e-17
4.351768959761796e-16 -1.689637720056971e-16
3.7721406133574526e-16 -2.7007951140165864e-16
3.4823264401552807e-16 -3.206373810996394e-16
3.4823264401552807e-16 -3.206373810996394e-16
3.4823264401552807e-16 -3.206373810996394e-16
-1.570268335225848e-16 -4.914618482820295e-16
9.560290524647164e-17 -4.0604961469083445e-16
2.2191777463099986e-16 -3.6334349789523693e-16
2.8507520932326395e-16 -3.419904394974382e-16
2.8507520932326395e-16 -3.419904394974382e-16
2.8507520932326395e-16 -3.419904394974382e-16
8.255203626969754e-16 5.1198753768779545e-16
5.552977860101196e-16 8.499854909517863e-17
4.201864976666918e-16 -1.2849594520112978e-16
3.5263085349497785e-16 -2.35243192349284e-16
3.1885303140912093e-16 -2.8861681592336107e-16
3.1885303140912093e-16 -2.8861681592336107e-16
3.1885303140912093e-16 -2.8861681592336107e-16
-2.0340807821131966e-16 -5.0714299984013255e-16
5.772247659890063e-17 -3.9787990788174684e-16
1.8828775400401078e-16 -3.4324836190255393e-16
2.5357039270656587e-16 -3.1593258891295753e-16
2.8621171205784337e-16 -3.022747024181593e-16
2.8621171205784337e-16 -3.022747024181593e-16
2.8621171205784337e-16 -3.022747024181593e-16
