5 2
-3.0995217692655626 -5.164961565119536
3.0446849350355754 1.4342160087242588
0.08040522495368041 -1.2404108566667977
0.60992885616477 -0.5051568746793813
0.48116675829988875 -0.4785696778591775
0.418982284886253 -0.4186972363249185
0.3695491482895678 -0.3694990382982386
0.3288308262288571 -0.32881934964320253
0.2946814507629531 -0.29467831616074036
0.26565107297174234 -0.26565009999215994
0.24069903440281962 -0.24069870113655184
0.21905333822126935 -0.21905321471205427
0.2001270711668437 -0.20012702237066576
0.18346503130055924 -0.18346501096132178
0.16870817515803424 -0.16870816624259102
0.15556917753716085 -0.15556917349945548
0.1438151918379894 -0.1438151899464413
0.13325541941778235 -0.13325541850069594
0.12373197355900535 -0.12373197309119485
0.11511305105384607 -0.11511305081309484
0.10728775190035551 -0.10728775177039784
0.1001620961921712 -0.10016209610860478
0.0936559245415228 -0.09365592450332792
0.08770045971260648 -0.08770045969661973
0.08223636907795985 -0.08223636906559967
0.07721221115065334 -0.0772122111418493
0.07258317964162646 -0.0725831796363121
0.06831008016680808 -0.06831008016834729
0.06435849064629874 -0.06435849064783795
0.060698067845082304 -0.06069806784662152
0.05730197113607262 -0.05730197113761183
0.05414638091445221 -0.05414638091599142
0.05121009397709582 -0.05121009397863503
0.04847418185993013 -0.048474181861469345
0.045921700997191235 -0.045921700997197945
0.043537445760110524 -0.043537445760117234
0.041307737137834324 -0.041307737137095776
0.03922024121742119 -0.03922024121668264
0.03726381269391668 -0.03726381269317813
0.035428359468933364 -0.035428359468194816
0.033704725107573164 -0.03370472510612665
0.03208458649255328 -0.03208458649180626
0.030560364415569436 -0.030560364414822416
0.029125145268639695 -0.029125145267892675
0.0277726122615075 -0.027772612261098367
0.026496984846670964 -0.026496984845927638
0.025292965244634275 -0.025292965244221567
0.02415569112123237 -0.024155691121146818
0.023080693614960908 -0.023080693614875355
0.02206386002844718 -0.02206386002804108
0.021101400592257635 -0.021101400592010232
0.020189818805483803 -0.0201898188052364
0.019325884905736626 -0.019325884905644894
0.01850661210290356 -0.018506612102811827
0.01772923524705505 -0.017729235246963317
0.01699119164760841 -0.016991191647668123
0.01629010379937159 -0.016290103799431306
0.015623763800067844 -0.01562376380027637
0.01499011927340149 -0.014990119273536244
0.014387260629503809 -0.014387260629565407
0.013813409524128633 -0.013813409524190232
0.013266908384674161 -0.01326690838473576
0.012746210894371878 -0.012746210894433476
0.012249873333740523 -0.012249873333731289
0.011776546693254765 -0.011776546693245531
0.011324969479502534 -0.0113249694794933
0.010893961145282337 -0.010893961145273103
0.01048241608371613 -0.010482416083706897
0.010089298130437229 -0.010089298130427995
0.009713635526711362 -0.009713635526702128
0.0093545162989163 -0.009354516298873442
0.00901108401594186 -0.009011084015899002
0.008682533890065743 -0.008682533890022884
0.008368109189256108 -0.00836810918921325
0.008067097933389967 -0.008067097933347108
0.007778829848987501 -0.007778829848977142
0.007502673559677377 -0.007502673559683162
0.007238033991967683 -0.007238033991973468
0.006984349977433727 -0.006984349977439512
0.006741092035132986 -0.006741092035138771
0.006507760318506517 -0.006507760318496562
0.006283882713485171 -0.00628388271349086
0.006069013074900709 -0.006069013074906397
0.005862729590262689 -0.005862729590268377
0.005664633260300871 -0.005664633260306559
0.005474346487167272 -0.005474346487157685
0.005291511761520842 -0.005291511761511254
0.005115790440808365 -0.005115790440798777
0.004946861611736924 -0.004946861611719828
0.004784421030243278 -0.004784421030226182
0.004628180133270968 -0.004628180133253872
0.004477865116679337 -0.004477865116662242
0.004333216074479366 -0.004333216074469615
0.004193986194810099 -0.004193986194807654
0.004059941008402804 -0.004059941008407625
0.0039308576857519624 -0.003930857685756784
0.0038065243794574333 -0.003806524379462255
0.003686739608482193 -0.0036867396084870148
0.0035713116813733113 -0.0035713116813745737
0.0034600581555716547 -0.003460058155572917
0.0033528053304896304 -0.003352805330490893
0.003249387771796818 -0.0032493877717980806
0.0031496478649019463 -0.0031496478649032087
0.0030534353955676955 -0.003053435395565485
0.002960607155836179 -0.0029606071558339686
0.002871026573586859 -0.0028710265735880885
0.002784563364082417 -0.0027845633640836464
0.0027010932021170643 -0.002701093202118294
0.0026204974133445477 -0.002620497413345777
0.0025426626835992334 -0.0025426626836021512
0.0024674807849943653 -0.002467480784995602
0.002394848317722756 -0.0023948483177239927
0.0023246664665935142 -0.002324666466594751
0.002256840771325779 -0.0022568407713253573
0.002191280909754271 -0.0021912809097538494
0.0021279004931327792 -0.002127900493130713
0.0020666168727937083 -0.002066616872791642
0.0020073509574629333 -0.0020073509574624975
0.0019500270405504179 -0.0019500270405516053
0.0018945726368523187 -0.001894572636853506
0.0018409183280574456 -0.001840918328057828
0.001788997616553281 -0.0017889976165536634
0.0017387467870350788 -0.0017387467870346631
0.0016901047754379337 -0.001690104775437518
0.0016430130447786268 -0.001643013044779003
0.0015974154675009065 -0.0015974154675012827
0.0015532582139367323 -0.0015532582139371085
0.0015104896465358958 -0.0015104896465354895
0.00146906021953843 -0.0014690602195380237
0.0014289223837736249 -0.0014289223837732185
0.0013900304962907299 -0.0013900304962903235
0.0013523407345599236 -0.0013523407345595172
0.001315811014976404 -0.0013158110149767653
0.0012804009154413845 -0.0012804009154413635
0.0012460716017792044 -0.0012460716017791834
0.0012127857577886162 -0.0012127857577882157
0.0011805075187328556 -0.001180507518732077
0.0011492024080717884 -0.0011492024080710097
0.0011188372772680674 -0.0011188372772672887
0.0010893802484981225 -0.0010893802484973438
0.0010608006601170103 -0.0010608006601166044
0.0010330690147262766 -0.0010330690147258707
0.0010061569297095696 -0.0010061569297091636
0.0009800370901087887 -0.0009800370901083828
0.0009546832037110142 -0.0009546832037106083
0.0009300699582401099 -0.000930069958239704
0.000906172980539155 -0.0009061729805387491
0.0008829687976404667 -0.0008829687976400608
0.0008604347996327751 -0.0008604347996323692
0.0008385492042249217 -0.0008385492042245157
0.000817291022928269 -0.0008172910229280433
0.0007966400287739867 -0.000796640028773761
0.0007765767254853103 -0.0007765767254850846
0.0007570823180359783 -0.0007570823180357525
0.0007381386845250896 -0.0007381386845248638
0.0007197283493024484 -0.0007197283493020454
0.0007018344572840871 -0.0007018344572838608
0.0006844407494003004 -0.000684440749399898
0.0006675315391187839 -0.0006675315391184692
0.0006510916899943595 -0.0006510916899941324
0.000635106594192418 -0.0006351065941923653
0.0006195621519427636 -0.000619562151942711
0.0006044447518761507 -0.000604444751876098
0.0005897412522050599 -0.0005897412522050072
0.0005754389627064362 -0.0005754389627063835
0.0005615256274687829 -0.0005615256274686443
0.0005479894083701988 -0.0005479894083701459
0.0005348188692505174 -0.0005348188692504645
0.0005220029607472128 -0.0005220029607471599
0.0005095310057636117 -0.0005095310057636436
0.0004973926855406441 -0.0004973926855407606
0.00048557802630488917 -0.0004855780263050056
0.00047407738646643085 -0.0004740773864665473
0.0004628814443408573 -0.00046288144434097374
0.0004519811863735344 -0.0004519811863736927
0.0004413678958420247 -0.00044136789584214126
0.0004310331420160429 -0.00043103314201615946
0.0004209687697542884 -0.00042096876975440494
0.0004111668895192583 -0.00041116688951937485
0.00040161986779100423 -0.0004016198677911208
0.00039232031786258503 -0.0003923203178627016
0.0003832610910008915 -0.000383261091000926
0.00037443526795618757 -0.0003744352679562221
0.00036583615080591455 -0.00036583615080590826
0.0003574572551180903 -0.00035745725511808404
0.00034929230242039847 -0.0003492923024203922
0.0003413352129619627 -0.0003413352129619564
0.0003335800987557403 -0.0003335800987557138
0.000326021256888794 -0.00032602125688878765
0.00031865316309010605 -0.0003186531630900997
0.0003114704655439665 -0.00031147046554396015
0.0003044679789398786 -0.00030446797893985225
0.000297640678747752 -0.00029764067874772567
0.0002909836957105076 -0.0002909836957104813
0.0002844923105434938 -0.0002844923105434675
0.0002781619488334733 -0.00027816194883346673
0.0002719881761283753 -0.00027198817612836875
0.00026596669320983537 -0.0002659666932098288
0.0002600933315415471 -0.00026009333154154056
0.00025436404888604325 -0.0002543640488860367
0.0002487749250828609 -0.00024877492508285434
0.00024332215798207967 -0.00024332215798209258
0.000238002059526442 -0.0002380020595264549
0.00023281105197653633 -0.00023281105197652986
0.00022774566427308566 -0.00022774566427307918
0.00022280252853099477 -0.00022280252853099794
0.00021797837665994427 -0.00021797837665993782
0.0002132700371064035 -0.00021327003710639705
0.0002086744317125315 -0.00020867443171253462
0.00020418857268713174 -0.00020418857268714443
0.00019980955968448014 -0.00019980955968449283
0.00019553457698666879 -0.00019553457698668147
0.00019136089078561583 -0.000191360890785638
0.00018728584656080231 -0.00018728584656082449
0.00018330686654903912 -0.0001833068665490613
0.00017942144730274658 -0.00017942144730276875
0.00017562715733347096 -0.00017562715733348373
0.0001719216348371673 -0.0001719216348371707
0.00016830258549838938 -0.00016830258549839277
0.00016476778037023294 -0.00016476778037023633
0.00016131505382728463 -0.00016131505382728801
0.00015794230158873679 -0.0001579423015887448
0.0001546474788091342 -0.00015464747880914224
0.0001514285982341497 -0.00015142859823415771
0.00014828372841905771 -0.00014828372841906113
0.0001452109920074928 -0.00014521099200749164
0.0001422085640683558 -0.00014220856406835464
0.000139274670488608 -0.00013927467048860682
0.00013640758642004315 -0.00013640758642004199
0.00013360563477798665 -0.00013360563477798093
0.00013086718479000102 -0.0001308671847899953
0.0001281906505928549 -0.00012819065059284918
0.00012557448987595056 -0.00012557448987594484
0.0001230172025695699 -0.00012301720256956418
0.00012051732957629922 -0.0001205173295762935
0.00011807345154409907 -0.00011807345154409785
0.00011568418767954446 -0.00011568418767954324
0.00011334819459973598 -0.00011334819459973476
0.00011106416522161836 -0.00011106416522161714
0.00010883082768729434 -0.00010883082768729088
0.00010664694432407035 -0.00010664694432406913
0.00010451131063807326 -0.00010451131063807427
0.00010242275434017691 -0.00010242275434017792
0.00010038013440319013 -0.00010038013440319113
9.838234014912674e-05 -9.838234014912774e-05
9.642829036561739e-05 -9.642829036562059e-05
9.451693245035293e-05 -9.451693245035394e-05
9.264724158263787e-05 -9.264724158264107e-05
9.081821992114852e-05 -9.081821992114953e-05
8.902889582691951e-05 -8.902889582692271e-05
8.727832311076902e-05 -8.727832311077221e-05
8.556558030428504e-05 -8.556558030428607e-05
8.38897699535775e-05 -8.388976995357852e-05
8.225001793504935e-05 -8.225001793505038e-05
8.06454727923904e-05 -8.064547279239035e-05
7.907530509413256e-05 -7.90753050941325e-05
7.753870681104317e-05 -7.753870681104204e-05
7.603489071268424e-05 -7.603489071268312e-05
7.456308978252908e-05 -7.456308978252795e-05
7.312255665098295e-05 -7.312255665098183e-05
7.171256304573546e-05 -7.171256304573434e-05
7.03323992588493e-05 -7.033239925885031e-05
6.898137363006117e-05 -6.89813736300611e-05
6.765881204572181e-05 -6.765881204572281e-05
6.636405745289647e-05 -6.636405745289748e-05
6.509646938810312e-05 -6.509646938810412e-05
6.385542352022402e-05 -6.38554235202261e-05
6.264031120712769e-05 -6.264031120712976e-05
6.145053906553286e-05 -6.145053906553493e-05
6.0285528553731784e-05 -6.02855285537328e-05
5.9144715566701346e-05 -5.9144715566701834e-05
5.802755004324313e-05 -5.802755004324362e-05
5.693349558475055e-05 -5.693349558475104e-05
5.5862029085222927e-05 -5.5862029085223414e-05
5.4812640372180714e-05 -5.4812640372181724e-05
5.378483185812964e-05 -5.378483185813013e-05
5.277811820222283e-05 -5.277811820222332e-05
5.1792025981824786e-05 -5.1792025981825274e-05
5.0826093373639716e-05 -5.0826093373640204e-05
4.987986984411431e-05 -4.9879869844114795e-05
4.895291584881454e-05 -4.895291584881555e-05
4.8044802540507644e-05 -4.8044802540508654e-05
4.715511148566023e-05 -4.715511148566175e-05
4.628343438910401e-05 -4.6283434389105026e-05
4.5429372826602844e-05 -4.5429372826603345e-05
4.459253798508125e-05 -4.459253798508175e-05
4.377255041028097e-05 -4.3772550410281474e-05
4.296903976160176e-05 -4.296903976160226e-05
4.218164457392385e-05 -4.2181644573924104e-05
4.1410012026178845e-05 -4.1410012026179096e-05
4.065379771647332e-05 -4.065379771647332e-05
3.991266544356142e-05 -3.991266544356142e-05
3.918628699447089e-05 -3.918628699447089e-05
3.847434193809676e-05 -3.847434193809676e-05
3.7776517424582136e-05 -3.7776517424582136e-05
3.709250799030551e-05 -3.709250799030551e-05
3.642201536831281e-05 -3.642201536831281e-05
3.5764748304022843e-05 -3.5764748304022843e-05
3.5120422376053345e-05 -3.5120422376053345e-05
3.44887598220061e-05 -3.44887598220061e-05
3.3869489369071664e-05 -3.3869489369071664e-05
3.326234606930396e-05 -3.326234606930396e-05
3.266707113942546e-05 -3.266707113942546e-05
3.208341180503175e-05 -3.208341180503175e-05
3.151112114906152e-05 -3.151112114906152e-05
3.0949957964406454e-05 -3.0949957964406454e-05
3.039968661054103e-05 -3.039968661054103e-05
2.986007687405124e-05 -2.986007687405124e-05
2.9330903832947608e-05 -2.9330903832947608e-05
2.881194772465365e-05 -2.881194772465365e-05
2.8302993817560738e-05 -2.8302993817560738e-05
2.780383228604554e-05 -2.780383228604554e-05
2.7314258088848337e-05 -2.7314258088848337e-05
2.683407085071749e-05 -2.683407085071749e-05
2.636307474722124e-05 -2.636307474722124e-05
2.5901078392639485e-05 -2.5901078392639485e-05
2.5447894730843145e-05 -2.5447894730843145e-05
2.50033409290762e-05 -2.50033409290762e-05
2.456723827455971e-05 -2.456723827455971e-05
2.4139412073832187e-05 -2.4139412073832187e-05
2.3719691554751935e-05 -2.3719691554751935e-05
2.3307909771083845e-05 -2.3307909771083845e-05
2.290390350959715e-05 -2.290390350959715e-05
2.2507513199603124e-05 -2.2507513199603124e-05
2.211858282486339e-05 -2.211858282486339e-05
2.1736959837801836e-05 -2.1736959837801836e-05
2.1362495075955037e-05 -2.1362495075955037e-05
2.09950426805996e-05 -2.09950426805996e-05
2.0634460017491814e-05 -2.0634460017491814e-05
2.0280607599664676e-05 -2.0280607599664676e-05
1.9933349012221745e-05 -1.9933349012221745e-05
1.95925508390733e-05 -1.95925508390733e-05
1.9258082591560585e-05 -1.9258082591560585e-05
1.89298166389153e-05 -1.89298166389153e-05
1.8607628140504437e-05 -1.8607628140504437e-05
1.8291394979809725e-05 -1.8291394979809725e-05
1.798099770009489e-05 -1.798099770009489e-05
1.7676319441713836e-05 -1.7676319441713836e-05
1.7377245881014252e-05 -1.7377245881014252e-05
1.7083665170794376e-05 -1.7083665170794376e-05
1.679546788226777e-05 -1.679546788226777e-05
1.6512546948497893e-05 -1.6512546948497893e-05
1.6234797609259958e-05 -1.6234797609259958e-05
1.596211735729312e-05 -1.596211735729312e-05
1.569440588590374e-05 -1.569440588590374e-05
1.5431565037884295e-05 -1.5431565037884295e-05
1.517349875571177e-05 -1.517349875571177e-05
1.4920113032990944e-05 -1.4920113032990944e-05
1.4671315867109548e-05 -1.4671315867109548e-05
1.442701721307241e-05 -1.442701721307241e-05
1.4187128938482687e-05 -1.4187128938482687e-05
1.3951564779640499e-05 -1.3951564779640499e-05
1.3720240298727896e-05 -1.3720240298727896e-05
1.3493072842051877e-05 -1.3493072842051877e-05
1.3269981499317486e-05 -1.3269981499317486e-05
1.3050887063903273e-05 -1.3050887063903273e-05
1.2835711994112678e-05 -1.2835711994112678e-05
1.262438037537551e-05 -1.262438037537551e-05
1.2416817883374519e-05 -1.2416817883374519e-05
1.2212951748072825e-05 -1.2212951748072825e-05
1.2012710718618345e-05 -1.2012710718618345e-05
1.1816025029102285e-05 -1.1816025029102285e-05
1.162282636514932e-05 -1.162282636514932e-05
1.1433047831317651e-05 -1.1433047831317651e-05
1.1246623919288191e-05 -1.1246623919288191e-05
1.1063490476821954e-05 -1.1063490476821954e-05
1.0883584677465813e-05 -1.0883584677465813e-05
1.0706844990987224e-05 -1.0706844990987224e-05
1.0533211154519287e-05 -1.0533211154519287e-05
1.036262414439739e-05 -1.036262414439739e-05
1.0195026148669975e-05 -1.0195026148669975e-05
1.0030360540265842e-05 -1.0030360540265842e-05
9.868571850801407e-06 -9.868571850801407e-06
9.709605745011098e-06 -9.709605745011098e-06
9.55340899578553e-06 -9.55340899578553e-06
9.399929459801358e-06 -9.399929459801358e-06
9.249116053728189e-06 -9.249116053728189e-06
9.100918730997486e-06 -9.100918730997486e-06
8.955288459119733e-06 -8.955288459119733e-06
8.812177197535204e-06 -8.812177197535204e-06
8.671537875985856e-06 -8.671537875985856e-06
8.533324373394003e-06 -8.533324373394003e-06
8.39749149723613e-06 -8.39749149723613e-06
8.263994963398592e-06 -8.263994963398592e-06
8.132791376503589e-06 -8.132791376503589e-06
8.003838210693313e-06 -8.003838210693313e-06
7.87709379086101e-06 -7.87709379086101e-06
7.752517274317787e-06 -7.752517274317787e-06
7.6300686328841e-06 -7.6300686328841e-06
7.509708635395733e-06 -7.509708635395733e-06
7.391398830613573e-06 -7.391398830613573e-06
7.275101530527477e-06 -7.275101530527477e-06
7.160779794044378e-06 -7.160779794044378e-06
7.048397411051032e-06 -7.048397411051032e-06
6.937918886842376e-06 -6.937918886842376e-06
6.829309426906372e-06 -6.829309426906372e-06
6.72253492205656e-06 -6.72253492205656e-06
6.617561933903978e-06 -6.617561933903978e-06
6.51435768065984e-06 -6.51435768065984e-06
6.4128900232612054e-06 -6.4128900232612054e-06
6.313127451811525e-06 -6.313127451811525e-06
6.215039072328566e-06 -6.215039072328566e-06
6.1185945937921e-06 -6.1185945937921e-06
6.02376431548425e-06 -6.02376431548425e-06
5.930519114615228e-06 -5.930519114615228e-06
5.838830434227704e-06 -5.838830434227704e-06
5.74867027137299e-06 -5.74867027137299e-06
5.660011165552604e-06 -5.660011165552604e-06
5.572826187418649e-06 -5.572826187418649e-06
5.487088927726991e-06 -5.487088927726991e-06
5.4027734865370646e-06 -5.4027734865370646e-06
5.319854462652396e-06 -5.319854462652396e-06
5.238306943296166e-06 -5.238306943296166e-06
5.158106494016171e-06 -5.158106494016171e-06
5.079229148813678e-06 -5.079229148813678e-06
5.001651400490931e-06 -5.001651400490924e-06
4.925350191212051e-06 -4.925350191212048e-06
4.850302903272392e-06 -4.850302903272389e-06
4.776487350071205e-06 -4.776487350071205e-06
4.703881767283064e-06 -4.703881767283064e-06
4.63246480422319e-06 -4.63246480422319e-06
4.562215515402211e-06 -4.562215515402211e-06
4.493113352265831e-06 -4.493113352265831e-06
4.425138155115147e-06 -4.425138155115147e-06
4.358270145203335e-06 -4.358270145203335e-06
4.292489917004597e-06 -4.292489917004597e-06
4.227778430651361e-06 -4.227778430651361e-06
4.164117004535777e-06 -4.164117004535777e-06
4.101487308071756e-06 -4.101487308071756e-06
4.039871354613751e-06 -4.039871354613751e-06
3.979251494528682e-06 -3.979251494528682e-06
3.9196104084174816e-06 -3.9196104084174816e-06
3.860931100482731e-06 -3.860931100482731e-06
3.803196892039125e-06 -3.803196892039125e-06
3.746391415163372e-06 -3.746391415163372e-06
3.6904986064803794e-06 -3.6904986064803794e-06
3.635502701082583e-06 -3.635502701082583e-06
3.5813882265793697e-06 -3.5813882265793697e-06
3.528139997273604e-06 -3.528139997273604e-06
3.475743108462385e-06 -3.475743108462385e-06
3.42418293085915e-06 -3.42418293085915e-06
3.3734451051344243e-06 -3.3734451051344243e-06
3.3235155365724503e-06 -3.3235155365724503e-06
3.2743803898411167e-06 -3.2743803898411167e-06
3.2260260838726103e-06 -3.2260260838726103e-06
3.178439286852252e-06 -3.178439286852252e-06
3.131606911313112e-06 -3.131606911313112e-06
3.085516109334004e-06 -3.085516109334004e-06
3.0401542678385045e-06 -3.0401542678385045e-06
2.9955090039927668e-06 -2.9955090039927668e-06
2.951568160699888e-06 -2.951568160699888e-06
2.90831980218866e-06 -2.90831980218866e-06
2.8657522096945983e-06 -2.8657522096945983e-06
2.8238538772311837e-06 -2.8238538772311837e-06
2.782613507449309e-06 -2.782613507449309e-06
2.7420200075829535e-06 -2.7420200075829535e-06
2.702062485479182e-06 -2.702062485479182e-06
2.66273024571057e-06 -2.66273024571057e-06
2.6240127857682567e-06 -2.6240127857682567e-06
2.585899792333815e-06 -2.585899792333815e-06
2.5483811376282084e-06 -2.5483811376282084e-06
2.5114468758361262e-06 -2.5114468758361262e-06
2.4750872396040414e-06 -2.4750872396040414e-06
2.4392926366103525e-06 -2.4392926366103525e-06
2.404053646206048e-06 -2.404053646206048e-06
2.369361016124322e-06 -2.369361016124322e-06
2.3352056592576454e-06 -2.3352056592576454e-06
2.301578650500805e-06 -2.301578650500805e-06
2.2684712236584807e-06 -2.2684712236584807e-06
2.2358747684159364e-06 -2.2358747684159364e-06
2.2037808273714663e-06 -2.2037808273714663e-06
2.172181093129239e-06 -2.172181093129239e-06
2.1410674054512364e-06 -2.1410674054512364e-06
2.1104317484669944e-06 -2.1104317484669944e-06
2.0802662479399053e-06 -2.0802662479399053e-06
2.0505631685888536e-06 -2.0505631685888536e-06
2.0213149114639848e-06 -2.0213149114639848e-06
1.9925140113754483e-06 -1.9925140113754483e-06
1.9641531343739606e-06 -1.9641531343739606e-06
1.9362250752820897e-06 -1.9362250752820897e-06
1.9087227552751617e-06 -1.9087227552751617e-06
1.8816392195107255e-06 -1.8816392195107255e-06
1.8549676348055374e-06 -1.8549676348055374e-06
1.8287012873590501e-06 -1.8287012873590501e-06
1.8028335805224145e-06 -1.8028335805224145e-06
1.7773580326120134e-06 -1.7773580326120134e-06
1.752268274766596e-06 -1.752268274766596e-06
1.727558048847071e-06 -1.727558048847071e-06
1.7032212053780577e-06 -1.7032212053780577e-06
1.6792517015303119e-06 -1.6792517015303119e-06
1.6556435991431597e-06 -1.6556435991431597e-06
1.6323910627860875e-06 -1.6323910627860875e-06
1.6094883578586742e-06 -1.6094883578586742e-06
1.5869298487280395e-06 -1.5869298487280395e-06
1.564709996903037e-06 -1.564709996903037e-06
1.5428233592444025e-06 -1.5428233592444025e-06
1.521264586210117e-06 -1.521264586210117e-06
1.500028420135235e-06 -1.500028420135235e-06
1.4791096935454598e-06 -1.4791096935454598e-06
1.4585033275037648e-06 -1.4585033275037648e-06
1.4382043299893616e-06 -1.4382043299893616e-06
1.4182077943083498e-06 -1.4182077943083498e-06
1.3985088975353816e-06 -1.3985088975353816e-06
1.3791028989856973e-06 -1.3791028989856973e-06
1.3599851387169062e-06 -1.3599851387169062e-06
1.3411510360598893e-06 -1.3411510360598893e-06
1.322596088178222e-06 -1.322596088178222e-06
1.3043158686555312e-06 -1.3043158686555312e-06
1.286306026110204e-06 -1.286306026110204e-06
1.268562282836889e-06 -1.2685622828368889e-06
1.2510804334742311e-06 -1.251080433474231e-06
1.2338563436983087e-06 -1.2338563436983084e-06
1.2168859489412391e-06 -1.2168859489412387e-06
1.2001652531344369e-06 -1.2001652531344366e-06
1.1836903274760217e-06 -1.1836903274760215e-06
1.1674573092218804e-06 -1.1674573092218802e-06
1.1514624004998971e-06 -1.151462400499897e-06
1.1357018671468847e-06 -1.1357018671468847e-06
1.1201720375677496e-06 -1.1201720375677496e-06
1.1048693016164383e-06 -1.1048693016164383e-06
1.0897901094982239e-06 -1.0897901094982239e-06
1.0749309706928996e-06 -1.0749309706928996e-06
1.060288452898454e-06 -1.060288452898454e-06
1.0458591809948133e-06 -1.0458591809948133e-06
1.0316398360272457e-06 -1.0316398360272457e-06
1.0176271542090308e-06 -1.0176271542090308e-06
1.003817925943004e-06 -1.003817925943004e-06
9.90208994861597e-07 -9.90208994861597e-07
9.767972568850015e-07 -9.767972568850015e-07
9.63579659297093e-07 -9.63579659297093e-07
9.505531998387564e-07 -9.505531998387564e-07
9.377149258182673e-07 -9.377149258182673e-07
9.250619332383833e-07 -9.250619332383833e-07
9.125913659398176e-07 -9.125913659398176e-07
9.003004147607615e-07 -9.003004147607615e-07
8.881863167121391e-07 -8.881863167121391e-07
8.762463541682812e-07 -8.762463541682812e-07
8.644778540727098e-07 -8.644778540727098e-07
8.528781871587337e-07 -8.528781871587337e-07
8.414447671845644e-07 -8.414447671845644e-07
8.301750501826574e-07 -8.301750501826574e-07
8.19066533723006e-07 -8.19066533723006e-07
8.081167561901054e-07 -8.081167561901054e-07
7.973232960733205e-07 -7.973232960733205e-07
7.866837712703918e-07 -7.866837712703918e-07
7.761958384038213e-07 -7.761958384038213e-07
7.658571921498848e-07 -7.658571921498848e-07
7.556655645800228e-07 -7.556655645800228e-07
7.456187245143675e-07 -7.456187245143675e-07
7.357144768871666e-07 -7.357144768871666e-07
7.259506621238735e-07 -7.259506621238735e-07
7.163251555296733e-07 -7.163251555296733e-07
7.068358666892241e-07 -7.068358666892241e-07
6.974807388773921e-07 -6.974807388773921e-07
6.882577484807689e-07 -6.882577484807689e-07
6.791649044297595e-07 -6.791649044297595e-07
6.702002476410365e-07 -6.702002476410365e-07
6.613618504701601e-07 -6.613618504701601e-07
6.526478161741643e-07 -6.526478161741643e-07
6.440562783839203e-07 -6.440562783839203e-07
6.355854005860844e-07 -6.355854005860844e-07
6.272333756144474e-07 -6.272333756144474e-07
6.189984251505042e-07 -6.189984251505041e-07
6.108787992330648e-07 -6.108787992330647e-07
6.028727757767343e-07 -6.028727757767342e-07
5.949786600990894e-07 -5.949786600990893e-07
5.871947844563876e-07 -5.871947844563875e-07
5.795195075876421e-07 -5.795195075876421e-07
5.71951214266905e-07 -5.71951214266905e-07
5.644883148635994e-07 -5.644883148635994e-07
5.571292449107499e-07 -5.571292449107499e-07
5.498724646809566e-07 -5.498724646809566e-07
5.427164587699689e-07 -5.427164587699689e-07
5.356597356877127e-07 -5.356597356877127e-07
5.287008274566284e-07 -5.287008274566284e-07
5.218382892171835e-07 -5.218382892171835e-07
5.150706988404206e-07 -5.150706988404206e-07
5.083966565474107e-07 -5.083966565474107e-07
5.018147845354781e-07 -5.018147845354781e-07
4.953237266110714e-07 -4.953237266110714e-07
4.889221478291536e-07 -4.889221478291536e-07
4.826087341389893e-07 -4.826087341389893e-07
4.76382192036207e-07 -4.76382192036207e-07
4.702412482210214e-07 -4.7024124822102137e-07
4.6418464926249683e-07 -4.641846492624968e-07
4.582111612687396e-07 -4.5821116126873947e-07
4.523195695629091e-07 -4.5231956956290897e-07
4.465086783649374e-07 -4.465086783649373e-07
4.407773104788508e-07 -4.407773104788507e-07
4.351243069855894e-07 -4.3512430698558927e-07
4.295485269412209e-07 -4.2954852694122087e-07
4.240488470804498e-07 -4.2404884708044975e-07
4.18624161525321e-07 -4.1862416152532097e-07
4.13273381499024e-07 -4.13273381499024e-07
4.079954350447004e-07 -4.079954350447004e-07
4.0278926674916375e-07 -4.0278926674916375e-07
3.9765383747143955e-07 -3.9765383747143955e-07
3.925881240760367e-07 -3.925881240760367e-07
3.875911191708626e-07 -3.875911191708626e-07
3.8266183084969664e-07 -3.8266183084969664e-07
3.7779928243913724e-07 -3.7779928243913724e-07
3.730025122499407e-07 -3.730025122499407e-07
3.6827057333267046e-07 -3.6827057333267046e-07
3.6360253323757774e-07 -3.6360253323757774e-07
3.5899747377863606e-07 -3.5899747377863606e-07
3.544544908016531e-07 -3.544544908016531e-07
3.4997269395638493e-07 -3.4997269395638493e-07
3.455512064725802e-07 -3.455512064725802e-07
3.411891649398816e-07 -3.411891649398816e-07
3.3688571909151437e-07 -3.3688571909151437e-07
3.32640031591693e-07 -3.32640031591693e-07
3.284512778266782e-07 -3.284512778266782e-07
3.2431864569941733e-07 -3.2431864569941733e-07
3.202413354277037e-07 -3.202413354277037e-07
3.162185593457906e-07 -3.162185593457906e-07
3.122495417093969e-07 -3.122495417093969e-07
3.0833351850404385e-07 -3.0833351850404385e-07
3.044697372566613e-07 -3.044697372566613e-07
3.0065745685040544e-07 -3.0065745685040544e-07
2.968959473426295e-07 -2.968959473426295e-07
2.931844897859505e-07 -2.931844897859505e-07
2.8952237605235617e-07 -2.8952237605235617e-07
2.859089086602976e-07 -2.859089086602976e-07
2.8234340060471373e-07 -2.8234340060471373e-07
2.7882517518993473e-07 -2.7882517518993473e-07
2.7535356586541314e-07 -2.7535356586541314e-07
2.7192791606423145e-07 -2.7192791606423145e-07
2.6854757904433705e-07 -2.6854757904433705e-07
2.6521191773245506e-07 -2.6521191773245506e-07
2.619203045706316e-07 -2.619203045706316e-07
2.586721213653605e-07 -2.586721213653605e-07
2.554667591392473e-07 -2.554667591392473e-07
2.523036179851651e-07 -2.523036179851651e-07
2.4918210692285857e-07 -2.4918210692285857e-07
2.4610164375795154e-07 -2.4610164375795154e-07
2.4306165494331674e-07 -2.4306165494331674e-07
2.4006157544276455e-07 -2.4006157544276455e-07
2.3710084859701064e-07 -2.3710084859701064e-07
2.3417892599188166e-07 -2.3417892599188166e-07
2.3129526732871922e-07 -2.3129526732871922e-07
2.2844934029694392e-07 -2.2844934029694392e-07
2.2564062044874066e-07 -2.2564062044874066e-07
2.2286859107582838e-07 -2.2286859107582838e-07
2.201327430882771e-07 -2.2013274308827708e-07
2.1743257489533638e-07 -2.1743257489533635e-07
2.1476759228823992e-07 -2.1476759228823992e-07
2.1213730832495164e-07 -2.1213730832495164e-07
2.0954124321681877e-07 -2.0954124321681877e-07
2.0697892421709916e-07 -2.0697892421709916e-07
2.0444988551132958e-07 -2.0444988551132958e-07
2.0195366810950288e-07 -2.0195366810950288e-07
1.9948981974002243e-07 -1.9948981974002243e-07
1.97057894745403e-07 -1.97057894745403e-07
1.9465745397968725e-07 -1.9465745397968725e-07
1.9228806470754843e-07 -1.9228806470754843e-07
1.8994930050504954e-07 -1.8994930050504954e-07
1.8764074116203035e-07 -1.8764074116203035e-07
1.8536197258609399e-07 -1.8536197258609399e-07
1.8311258670816546e-07 -1.8311258670816546e-07
1.8089218138959455e-07 -1.8089218138959455e-07
1.787003603307768e-07 -1.787003603307768e-07
1.7653673298126599e-07 -1.7653673298126599e-07
1.744009144513523e-07 -1.744009144513523e-07
1.722925254250814e-07 -1.722925254250814e-07
1.7021119207468882e-07 -1.7021119207468882e-07
1.681565459764259e-07 -1.681565459764259e-07
1.6612822402775304e-07 -1.6612822402775304e-07
1.641258683658769e-07 -1.641258683658769e-07
1.6214912628760825e-07 -1.6214912628760825e-07
1.6019765017051805e-07 -1.6019765017051805e-07
1.582710973953695e-07 -1.582710973953695e-07
1.56369130269804e-07 -1.56369130269804e-07
1.5449141595325988e-07 -1.5449141595325988e-07
1.526376263831024e-07 -1.526376263831024e-07
1.5080743820194492e-07 -1.5080743820194492e-07
1.4900053268614044e-07 -1.4900053268614044e-07
1.472165956754238e-07 -1.472165956754238e-07
1.4545531750368487e-07 -1.4545531750368487e-07
1.437163929308536e-07 -1.437163929308536e-07
1.4199952107587788e-07 -1.4199952107587788e-07
1.4030440535077593e-07 -1.4030440535077593e-07
1.3863075339574467e-07 -1.3863075339574467e-07
1.369782770153064e-07 -1.369782770153064e-07
1.353466921154763e-07 -1.353466921154763e-07
1.337357186419331e-07 -1.337357186419331e-07
1.3214508051917656e-07 -1.3214508051917656e-07
1.305745055906546e-07 -1.305745055906546e-07
1.2902372555984398e-07 -1.2902372555984398e-07
1.2749247593226846e-07 -1.2749247593226846e-07
1.2598049595843857e-07 -1.2598049595843857e-07
1.244875285776977e-07 -1.244875285776977e-07
1.2301332036295898e-07 -1.2301332036295898e-07
1.2155762146631836e-07 -1.2155762146631836e-07
1.2012018556552896e-07 -1.2012018556552896e-07
1.1870076981132238e-07 -1.1870076981132238e-07
1.1729913477556268e-07 -1.1729913477556268e-07
1.1591504440021937e-07 -1.1591504440021937e-07
1.145482659471454e-07 -1.145482659471454e-07
1.1319856994864703e-07 -1.1319856994864703e-07
1.1186573015883225e-07 -1.1186573015883225e-07
1.1054952350572464e-07 -1.1054952350572464e-07
1.0924973004413035e-07 -1.0924973004413035e-07
1.0796613290924517e-07 -1.0796613290924517e-07
1.0669851827098983e-07 -1.0669851827098983e-07
1.0544667528906129e-07 -1.0544667528906129e-07
1.0421039606868804e-07 -1.0421039606868804e-07
1.0298947561707801e-07 -1.0298947561707801e-07
1.0178371180054736e-07 -1.0178371180054736e-07
1.005929053023192e-07 -1.005929053023192e-07
9.941685958098084e-08 -9.941685958098084e-08
9.825538082958908e-08 -9.825538082958908e-08
9.71082779354125e-08 -9.71082779354125e-08
9.597536244030054e-08 -9.597536244030054e-08
9.485644850166897e-08 -9.485644850166897e-08
9.375135285409153e-08 -9.375135285409153e-08
9.265989477148798e-08 -9.265989477148798e-08
9.158189602989854e-08 -9.158189602989854e-08
9.051718087083541e-08 -9.051718087083541e-08
8.946557596520161e-08 -8.946557596520161e-08
8.842691037776807e-08 -8.842691037776807e-08
8.740101553219983e-08 -8.740101553219983e-08
8.638772517662223e-08 -8.638772517662223e-08
8.538687534971852e-08 -8.538687534971852e-08
8.439830434735006e-08 -8.439830434735006e-08
8.342185268969059e-08 -8.342185268969059e-08
8.24573630888664e-08 -8.24573630888664e-08
8.150468041709388e-08 -8.150468041709388e-08
8.05636516753067e-08 -8.05636516753067e-08
7.963412596226443e-08 -7.963412596226443e-08
7.871595444413492e-08 -7.871595444413492e-08
7.780899032454268e-08 -7.780899032454268e-08
7.69130888150759e-08 -7.691308881507591e-08
7.602810710624446e-08 -7.602810710624447e-08
7.515390433888177e-08 -7.515390433888178e-08
7.429034157598339e-08 -7.42903415759834e-08
7.34372817749751e-08 -7.343728177497511e-08
7.25945897604038e-08 -7.259458976040382e-08
7.176213219704432e-08 -7.176213219704433e-08
7.093977756341532e-08 -7.093977756341533e-08
7.012739612569798e-08 -7.012739612569799e-08
6.932485991205078e-08 -6.93248599120508e-08
6.85320426873142e-08 -6.853204268731422e-08
6.774881992809887e-08 -6.774881992809888e-08
6.697506879825129e-08 -6.69750687982513e-08
6.621066812469094e-08 -6.621066812469095e-08
6.545549837361282e-08 -6.545549837361283e-08
6.470944162704969e-08 -6.470944162704969e-08
6.397238155978816e-08 -6.397238155978816e-08
6.324420341663313e-08 -6.324420341663313e-08
6.252479399001488e-08 -6.252479399001488e-08
6.181404159793346e-08 -6.181404159793346e-08
6.111183606223504e-08 -6.111183606223504e-08
6.041806868721482e-08 -6.041806868721482e-08
5.973263223854147e-08 -5.973263223854147e-08
5.9055420922497895e-08 -5.9055420922497895e-08
5.83863303655334e-08 -5.83863303655334e-08
5.772525759412225e-08 -5.772525759412225e-08
5.707210101492381e-08 -5.707210101492381e-08
5.642676039523955e-08 -5.642676039523955e-08
5.578913684376213e-08 -5.578913684376213e-08
5.515913279161207e-08 -5.515913279161207e-08
5.4536651973657397e-08 -5.45366519736574e-08
5.3921599410111826e-08 -5.392159941011183e-08
5.3313881388407125e-08 -5.331388138840713e-08
5.271340544533534e-08 -5.2713405445335345e-08
5.212008034945662e-08 -5.212008034945663e-08
5.153381608376853e-08 -5.153381608376854e-08
5.095452382863267e-08 -5.095452382863268e-08
5.038211594495467e-08 -5.0382115944954675e-08
4.9816505957613515e-08 -4.981650595761352e-08
4.9257608539136356e-08 -4.925760853913636e-08
4.8705339493614926e-08 -4.870533949361493e-08
4.8159615740859825e-08 -4.815961574085983e-08
4.762035530078897e-08 -4.762035530078897e-08
4.708747727804651e-08 -4.708747727804651e-08
4.6560901846848705e-08 -4.6560901846848705e-08
4.604055023605311e-08 -4.604055023605311e-08
4.552634471444778e-08 -4.552634471444778e-08
4.5018208576256856e-08 -4.5018208576256856e-08
4.451606612685938e-08 -4.451606612685938e-08
4.4019842668717876e-08 -4.4019842668717876e-08
4.352946448751359e-08 -4.352946448751359e-08
4.304485883848503e-08 -4.304485883848503e-08
4.2565953932966796e-08 -4.2565953932966796e-08
4.209267892512558e-08 -4.209267892512558e-08
4.1624963898890225e-08 -4.1624963898890225e-08
4.116273985507291e-08 -4.116273985507291e-08
4.070593869867849e-08 -4.070593869867849e-08
4.0254493226399154e-08 -4.0254493226399154e-08
3.980833711429143e-08 -3.980833711429143e-08
3.936740490563285e-08 -3.936740490563285e-08
3.893163199895545e-08 -3.893163199895545e-08
3.850095463625342e-08 -3.850095463625342e-08
3.8075309891362196e-08 -3.8075309891362196e-08
3.7654635658506457e-08 -3.7654635658506457e-08
3.7238870641014303e-08 -3.7238870641014303e-08
3.682795434019519e-08 -3.682795434019519e-08
3.642182704437906e-08 -3.642182704437906e-08
3.6020429818114265e-08 -3.6020429818114265e-08
3.562370449152172e-08 -3.562370449152172e-08
3.5231593649803106e-08 -3.5231593649803106e-08
3.484404062290061e-08 -3.484404062290061e-08
3.4460989475305954e-08 -3.446098947530596e-08
3.40823849960165e-08 -3.4082384996016504e-08
3.3708172688636054e-08 -3.370817268863606e-08
3.333829876161832e-08 -3.333829876161833e-08
3.2972710118650774e-08 -3.297271011865078e-08
3.2611354349176786e-08 -3.261135434917679e-08
3.225417971905399e-08 -3.2254179719054e-08
3.1901135161346775e-08 -3.190113516134678e-08
3.155217026725088e-08 -3.1552170267250884e-08
3.1207235277148083e-08 -3.120723527714809e-08
3.0866281071789106e-08 -3.086628107178911e-08
3.052925916360264e-08 -3.052925916360265e-08
3.019612168812875e-08 -3.0196121688128756e-08
2.9866821395574694e-08 -2.98668213955747e-08
2.954131164249135e-08 -2.9541311642491358e-08
2.9219546383568405e-08 -2.9219546383568412e-08
2.890148016354655e-08 -2.8901480163546557e-08
2.858706810924493e-08 -2.8587068109244935e-08
2.8276265921702088e-08 -2.827626592170209e-08
2.7969029868428718e-08 -2.796902986842872e-08
2.7665316775770575e-08 -2.7665316775770578e-08
2.7365084021379837e-08 -2.736508402137984e-08
2.7068289526793362e-08 -2.7068289526793365e-08
2.6774891750116193e-08 -2.6774891750116197e-08
2.6484849678808763e-08 -2.6484849678808766e-08
2.619812282257625e-08 -2.6198122822576254e-08
2.5914671206358552e-08 -2.5914671206358556e-08
2.5634455363419396e-08 -2.56344553634194e-08
2.5357436328533084e-08 -2.5357436328533087e-08
2.508357563126745e-08 -2.5083575631267452e-08
2.4812835289361568e-08 -2.481283528936157e-08
2.4545177802196846e-08 -2.454517780219685e-08
2.428056614436007e-08 -2.428056614436007e-08
2.4018963759297072e-08 -2.4018963759297072e-08
2.3760334553055664e-08 -2.3760334553055664e-08
2.3504642888116516e-08 -2.3504642888116516e-08
2.3251853577310692e-08 -2.3251853577310692e-08
2.3001931877822533e-08 -2.3001931877822533e-08
2.275484348527666e-08 -2.275484348527666e-08
2.2510554527907834e-08 -2.2510554527907834e-08
2.2269031560812453e-08 -2.2269031560812453e-08
2.2030241560280498e-08 -2.2030241560280498e-08
2.179415191820672e-08 -2.179415191820672e-08
2.1560730436579926e-08 -2.1560730436579926e-08
2.1329945322049198e-08 -2.1329945322049198e-08
2.110176518056592e-08 -2.110176518056592e-08
2.0876159012100516e-08 -2.0876159012100516e-08
2.0653096205432754e-08 -2.0653096205432754e-08
2.0432546533014616e-08 -2.0432546533014616e-08
2.0214480145904594e-08 -2.0214480145904594e-08
1.999886756877242e-08 -1.999886756877242e-08
1.978567969497317e-08 -1.978567969497317e-08
1.9574887781689734e-08 -1.9574887781689734e-08
1.936646344514268e-08 -1.936646344514268e-08
1.9160378655866477e-08 -1.9160378655866477e-08
1.895660573405117e-08 -1.895660573405117e-08
1.8755117344948486e-08 -1.8755117344948486e-08
1.855588649434151e-08 -1.855588649434151e-08
1.835888652407695e-08 -1.835888652407695e-08
1.8164091107659064e-08 -1.8164091107659064e-08
1.7971474245904456e-08 -1.7971474245904456e-08
1.778101026265673e-08 -1.778101026265673e-08
1.7592673800560216e-08 -1.7592673800560216e-08
1.740643981689188e-08 -1.740643981689188e-08
1.7222283579450598e-08 -1.7222283579450598e-08
1.7040180662502932e-08 -1.7040180662502932e-08
1.686010694278462e-08 -1.686010694278462e-08
1.668203859555696e-08 -1.668203859555696e-08
1.65059520907173e-08 -1.65059520907173e-08
1.6331824188962844e-08 -1.6331824188962844e-08
1.615963193800704e-08 -1.615963193800704e-08
1.598935266884773e-08 -1.598935266884773e-08
1.5820963992086375e-08 -1.5820963992086375e-08
1.5654443794297604e-08 -1.5654443794297604e-08
1.5489770234448345e-08 -1.5489770234448345e-08
1.5326921740365837e-08 -1.5326921740365837e-08
1.516587700525384e-08 -1.516587700525384e-08
1.5006614984256317e-08 -1.5006614984256317e-08
1.4849114891067941e-08 -1.4849114891067941e-08
1.4693356194590732e-08 -1.4693356194590732e-08
1.4539318615636176e-08 -1.4539318615636178e-08
1.4386982123672175e-08 -1.4386982123672176e-08
1.4236326933614179e-08 -1.423632693361418e-08
1.4087333502659885e-08 -1.4087333502659886e-08
1.3939982527166862e-08 -1.3939982527166863e-08
1.3794254939572507e-08 -1.3794254939572507e-08
1.3650131905355717e-08 -1.3650131905355717e-08
1.3507594820039692e-08 -1.3507594820039692e-08
1.3366625306235275e-08 -1.3366625306235275e-08
1.3227205210724258e-08 -1.3227205210724258e-08
1.3089316601582091e-08 -1.3089316601582091e-08
1.295294176533942e-08 -1.295294176533942e-08
1.281806320418192e-08 -1.281806320418192e-08
1.2684663633187869e-08 -1.2684663633187869e-08
1.2552725977602926e-08 -1.2552725977602926e-08
1.242223337015161e-08 -1.242223337015161e-08
1.2293169148384921e-08 -1.2293169148384921e-08
1.216551685206363e-08 -1.216551685206363e-08
1.2039260220576708e-08 -1.2039260220576708e-08
1.1914383190394418e-08 -1.1914383190394418e-08
1.1790869892555562e-08 -1.1790869892555562e-08
1.1668704650188421e-08 -1.1668704650188421e-08
1.1547871976064891e-08 -1.1547871976064891e-08
1.1428356570187371e-08 -1.1428356570187371e-08
1.1310143317407928e-08 -1.1310143317407928e-08
1.1193217285079289e-08 -1.1193217285079289e-08
1.1077563720737213e-08 -1.1077563720737213e-08
1.09631680498138e-08 -1.09631680498138e-08
1.0850015873381313e-08 -1.0850015873381313e-08
1.0738092965926066e-08 -1.0738092965926066e-08
1.0627385273151987e-08 -1.0627385273151987e-08
1.0517878909813404e-08 -1.0517878909813404e-08
1.0409560157576676e-08 -1.0409560157576676e-08
1.0302415462910249e-08 -1.0302415462910249e-08
1.0196431435002746e-08 -1.0196431435002746e-08
1.0091594843708702e-08 -1.0091594843708702e-08
9.987892617521552e-09 -9.987892617521552e-09
9.885311841573493e-09 -9.885311841573493e-09
9.783839755661854e-09 -9.783839755661854e-09
9.683463752301596e-09 -9.683463752301596e-09
9.584171374803584e-09 -9.584171374803584e-09
9.485950315378267e-09 -9.485950315378267e-09
9.388788413264423e-09 -9.388788413264423e-09
9.292673652882607e-09 -9.292673652882607e-09
9.197594162012978e-09 -9.197594162012978e-09
9.103538209997146e-09 -9.103538209997146e-09
9.010494205963727e-09 -9.010494205963725e-09
8.918450697077255e-09 -8.918450697077255e-09
8.827396366810161e-09 -8.827396366810161e-09
8.737320033237459e-09 -8.737320033237459e-09
8.648210647353857e-09 -8.648210647353857e-09
8.560057291412975e-09 -8.560057291412975e-09
8.472849177288362e-09 -8.472849177288362e-09
8.386575644856004e-09 -8.386575644856004e-09
8.30122616039805e-09 -8.30122616039805e-09
8.21679031502744e-09 -8.21679031502744e-09
8.133257823133157e-09 -8.133257823133157e-09
8.050618520845831e-09 -8.050618520845831e-09
7.96886236452339e-09 -7.96886236452339e-09
7.887979429256506e-09 -7.887979429256506e-09
7.80795990739355e-09 -7.80795990739355e-09
7.728794107084803e-09 -7.728794107084803e-09
7.650472450845643e-09 -7.650472450845643e-09
7.572985474138456e-09 -7.572985474138456e-09
7.496323823973018e-09 -7.496323823973018e-09
7.420478257525094e-09 -7.420478257525094e-09
7.3454396407729964e-09 -7.3454396407729964e-09
7.271198947151869e-09 -7.271198947151869e-09
7.197747256225452e-09 -7.197747256225452e-09
7.125075752375085e-09 -7.125075752375085e-09
7.053175723505716e-09 -7.053175723505716e-09
6.9820385597686895e-09 -6.9820385597686895e-09
6.911655752301076e-09 -6.911655752301076e-09
6.842018891981326e-09 -6.842018891981326e-09
6.77311966820102e-09 -6.77311966820102e-09
6.704949867652508e-09 -6.704949867652508e-09
6.637501373132206e-09 -6.637501373132206e-09
6.570766162359349e-09 -6.570766162359349e-09
6.504736306809991e-09 -6.504736306809991e-09
6.439403970566034e-09 -6.439403970566034e-09
6.374761409179103e-09 -6.374761409179103e-09
6.310800968549047e-09 -6.310800968549046e-09
6.24751508381687e-09 -6.247515083816869e-09
6.184896278271918e-09 -6.184896278271917e-09
6.122937162273102e-09 -6.1229371622731015e-09
6.061630432183985e-09 -6.061630432183984e-09
6.000968869321537e-09 -6.0009688693215365e-09
5.940945338918387e-09 -5.940945338918386e-09
5.881552789098371e-09 -5.88155278909837e-09
5.8227842498652135e-09 -5.822784249865213e-09
5.76463283210416e-09 -5.76463283210416e-09
5.707091726596387e-09 -5.707091726596387e-09
5.6501542030460095e-09 -5.6501542030460095e-09
5.593813609119539e-09 -5.593813609119539e-09
5.538063369497601e-09 -5.538063369497601e-09
5.482896984938758e-09 -5.482896984938758e-09
5.428308031355281e-09 -5.428308031355281e-09
5.3742901589007005e-09 -5.3742901589007005e-09
5.320837091068986e-09 -5.320837091068986e-09
5.2679426238051905e-09 -5.2679426238051905e-09
5.215600624627421e-09 -5.215600624627421e-09
5.163805031759967e-09 -5.163805031759967e-09
5.11254985327745e-09 -5.11254985327745e-09
5.061829166259844e-09 -5.061829166259844e-09
5.011637115958222e-09 -5.011637115958222e-09
4.961967914971081e-09 -4.961967914971081e-09
4.912815842431116e-09 -4.912815842431116e-09
4.8641752432022895e-09 -4.8641752432022895e-09
4.816040527087074e-09 -4.816040527087074e-09
4.7684061680437255e-09 -4.7684061680437255e-09
4.721266703413447e-09 -4.721266703413447e-09
4.674616733157332e-09 -4.674616733157332e-09
4.628450919102935e-09 -4.628450919102935e-09
4.582763984200355e-09 -4.582763984200355e-09
4.53755071178771e-09 -4.53755071178771e-09
4.492805944865858e-09 -4.492805944865858e-09
4.448524585382268e-09 -4.448524585382268e-09
4.404701593523903e-09 -4.404701593523903e-09
4.3613319870189985e-09 -4.3613319870189985e-09
4.318410840447626e-09 -4.318410840447626e-09
4.27593328456092e-09 -4.27593328456092e-09
4.233894505608854e-09 -4.233894505608854e-09
4.192289744676455e-09 -4.192289744676454e-09
4.151114297028346e-09 -4.151114297028345e-09
4.110363511461506e-09 -4.110363511461505e-09
4.070032789666138e-09 -4.070032789666138e-09
4.030117585594544e-09 -4.030117585594544e-09
3.99061340483789e-09 -3.99061340483789e-09
3.951515804010773e-09 -3.951515804010773e-09
3.912820390143478e-09 -3.912820390143478e-09
3.8745228200818244e-09 -3.8745228200818244e-09
3.836618799894507e-09 -3.836618799894507e-09
3.79910408428783e-09 -3.79910408428783e-09
3.761974476027735e-09 -3.761974476027735e-09
3.72522582536904e-09 -3.72522582536904e-09
3.6888540294917737e-09 -3.6888540294917737e-09
3.6528550319445376e-09 -3.6528550319445376e-09
3.6172248220947816e-09 -3.6172248220947816e-09
3.581959434585919e-09 -3.581959434585919e-09
3.5470549488011845e-09 -3.5470549488011845e-09
3.512507488334146e-09 -3.512507488334146e-09
3.4783132204657916e-09 -3.4783132204657916e-09
3.4444683556480964e-09 -3.4444683556480964e-09
3.4109691469939917e-09 -3.4109691469939917e-09
3.377811889773651e-09 -3.377811889773651e-09
3.3449929209170114e-09 -3.3449929209170114e-09
3.3125086185224497e-09 -3.3125086185224497e-09
3.280355401371531e-09 -3.280355401371531e-09
3.2485297284497564e-09 -3.2485297284497564e-09
3.217028098473226e-09 -3.217028098473226e-09
3.185847049421145e-09 -3.185847049421145e-09
3.154983158074095e-09 -3.154983158074095e-09
3.1244330395580002e-09 -3.1244330395580002e-09
3.094193346893705e-09 -3.094193346893705e-09
3.0642607705521044e-09 -3.0642607705521044e-09
3.034632038014744e-09 -3.034632038014744e-09
3.0053039133398255e-09 -3.0053039133398255e-09
2.976273196733545e-09 -2.976273196733545e-09
2.9475367241266976e-09 -2.9475367241266976e-09
2.9190913667564774e-09 -2.9190913667564774e-09
2.890934030753412e-09 -2.890934030753412e-09
2.863061656733357e-09 -2.8630616567333572e-09
2.8354712193944943e-09 -2.8354712193944947e-09
2.808159727119264e-09 -2.8081597271192643e-09
2.7811242215811667e-09 -2.781124221581167e-09
2.75436177735638e-09 -2.75436177735638e-09
2.7278695015401187e-09 -2.7278695015401187e-09
2.701644533367686e-09 -2.701644533367686e-09
2.6756840438401478e-09 -2.6756840438401478e-09
2.6499852353545803e-09 -2.6499852353545803e-09
2.6245453413388228e-09 -2.6245453413388228e-09
2.5993616258906854e-09 -2.5993616258906854e-09
2.5744313834215504e-09 -2.5744313834215504e-09
2.5497519383043142e-09 -2.5497519383043142e-09
2.525320644525613e-09 -2.525320644525613e-09
2.5011348853422776e-09 -2.5011348853422776e-09
2.4771920729419623e-09 -2.4771920729419623e-09
2.4534896481078987e-09 -2.4534896481078987e-09
2.430025079887718e-09 -2.430025079887718e-09
2.406795865266291e-09 -2.406795865266291e-09
2.3837995288425375e-09 -2.3837995288425375e-09
2.3610336225101483e-09 -2.3610336225101483e-09
2.3384957251421787e-09 -2.3384957251421787e-09
2.3161834422794572e-09 -2.3161834422794572e-09
2.294094405822766e-09 -2.294094405822766e-09
2.2722262737287402e-09 -2.2722262737287402e-09
2.2505767297094458e-09 -2.2505767297094458e-09
2.229143482935582e-09 -2.229143482935582e-09
2.2079242677432686e-09 -2.2079242677432686e-09
2.18691684334437e-09 -2.18691684334437e-09
2.166118993540311e-09 -2.1661189935403105e-09
2.1455285264393407e-09 -2.1455285264393403e-09
2.1251432741772036e-09 -2.1251432741772032e-09
2.1049610926411697e-09 -2.1049610926411693e-09
2.084979861197386e-09 -2.0849798611973855e-09
2.065197482421505e-09 -2.0651974824215045e-09
2.0456118818325496e-09 -2.045611881832549e-09
2.0262210076299764e-09 -2.026221007629976e-09
2.0070228304338905e-09 -2.00702283043389e-09
1.9880153430283788e-09 -1.9880153430283784e-09
1.9691965601079208e-09 -1.9691965601079204e-09
1.9505645180268357e-09 -1.9505645180268353e-09
1.932117274551732e-09 -1.9321172745517315e-09
1.913852908616917e-09 -1.9138529086169167e-09
1.8957695200827353e-09 -1.895769520082735e-09
1.8778652294967916e-09 -1.877865229496791e-09
1.8601381778580314e-09 -1.8601381778580312e-09
1.842586526383635e-09 -1.8425865263836348e-09
1.8252084562786945e-09 -1.8252084562786942e-09
1.808002168508638e-09 -1.8080021685086377e-09
1.790965883574367e-09 -1.7909658835743669e-09
1.7740978412900727e-09 -1.7740978412900727e-09
1.7573963005636971e-09 -1.7573963005636971e-09
1.7408595391800073e-09 -1.7408595391800073e-09
1.7244858535862503e-09 -1.7244858535862503e-09
1.7082735586803546e-09 -1.7082735586803546e-09
1.69222098760165e-09 -1.69222098760165e-09
1.6763264915240708e-09 -1.6763264915240708e-09
1.6605884394518128e-09 -1.6605884394518128e-09
1.6450052180174159e-09 -1.6450052180174159e-09
1.6295752312822386e-09 -1.6295752312822386e-09
1.6142969005392975e-09 -1.6142969005392975e-09
1.5991686641184402e-09 -1.5991686641184402e-09
1.5841889771938254e-09 -1.5841889771938254e-09
1.5693563115936784e-09 -1.5693563115936784e-09
1.554669155612297e-09 -1.554669155612297e-09
1.540126013824278e-09 -1.540126013824278e-09
1.5257254069009375e-09 -1.5257254069009375e-09
1.5114658714288974e-09 -1.5114658714288974e-09
1.4973459597308119e-09 -1.4973459597308119e-09
1.483364239688208e-09 -1.483364239688208e-09
1.4695192945664124e-09 -1.4695192945664124e-09
1.4558097228415413e-09 -1.4558097228415413e-09
1.4422341380295252e-09 -1.4422341380295252e-09
1.4287911685171454e-09 -1.4287911685171454e-09
1.4154794573950573e-09 -1.4154794573950573e-09
1.402297662292775e-09 -1.402297662292775e-09
1.3892444552155944e-09 -1.3892444552155944e-09
1.3763185223834304e-09 -1.3763185223834304e-09
1.3635185640715437e-09 -1.3635185640715437e-09
1.3508432944531364e-09 -1.3508432944531364e-09
1.3382914414437912e-09 -1.3382914414437912e-09
1.3258617465477327e-09 -1.3258617465477327e-09
1.3135529647058889e-09 -1.3135529647058889e-09
1.3013638641457285e-09 -1.3013638641457285e-09
1.2892932262328564e-09 -1.2892932262328564e-09
1.2773398453243417e-09 -1.2773398453243417e-09
1.2655025286237594e-09 -1.2655025286237594e-09
1.2537800960379242e-09 -1.2537800960379242e-09
1.2421713800352968e-09 -1.2421713800352968e-09
1.2306752255060398e-09 -1.2306752255060398e-09
1.2192904896237054e-09 -1.2192904896237054e-09
1.2080160417085348e-09 -1.2080160417085348e-09
1.196850763092348e-09 -1.196850763092348e-09
1.1857935469850065e-09 -1.1857935469850065e-09
1.1748432983424288e-09 -1.1748432983424288e-09
1.16399893373614e-09 -1.16399893373614e-09
1.1532593812243373e-09 -1.1532593812243373e-09
1.1426235802244515e-09 -1.1426235802244515e-09
1.1320904813871887e-09 -1.1320904813871887e-09
1.1216590464720326e-09 -1.1216590464720326e-09
1.111328248224189e-09 -1.111328248224189e-09
1.1010970702529574e-09 -1.1010970702529574e-09
1.0909645069115108e-09 -1.0909645069115108e-09
1.0809295631780664e-09 -1.0809295631780664e-09
1.0709912545384309e-09 -1.0709912545384309e-09
1.0611486068699047e-09 -1.0611486068699047e-09
1.0514006563265268e-09 -1.0514006563265268e-09
1.0417464492256454e-09 -1.0417464492256452e-09
1.0321850419357968e-09 -1.0321850419357968e-09
1.0227155007658807e-09 -1.0227155007658807e-09
1.0133369018556097e-09 -1.0133369018556097e-09
1.004048331067224e-09 -1.004048331067224e-09
9.948488838784527e-10 -9.948488838784527e-10
9.857376652767074e-10 -9.857376652767074e-10
9.767137896544926e-10 -9.767137896544926e-10
9.677763807060203e-10 -9.677763807060203e-10
9.589245713250122e-10 -9.589245713250122e-10
9.501575035036755e-10 -9.501575035036755e-10
9.4147432823284e-10 -9.4147432823284e-10
9.328742054032405e-10 -9.328742054032405e-10
9.243563037079314e-10 -9.243563037079314e-10
9.159198005458199e-10 -9.159198005458199e-10
9.075638819263062e-10 -9.075638819263061e-10
8.992877423750133e-10 -8.992877423750132e-10
8.910905848405982e-10 -8.91090584840598e-10
8.829716206026272e-10 -8.829716206026272e-10
8.749300691805069e-10 -8.749300691805069e-10
8.669651582434533e-10 -8.669651582434533e-10
8.590761235214919e-10 -8.590761235214919e-10
8.51262208717472e-10 -8.51262208717472e-10
8.435226654200859e-10 -8.435226654200859e-10
8.358567530178801e-10 -8.358567530178802e-10
8.282637386142466e-10 -8.282637386142467e-10
8.207428969433819e-10 -8.20742896943382e-10
8.132935102872049e-10 -8.13293510287205e-10
8.059148683932181e-10 -8.059148683932181e-10
7.98606268393305e-10 -7.98606268393305e-10
7.913670147234498e-10 -7.913670147234498e-10
7.841964190443696e-10 -7.841964190443696e-10
7.770938001630481e-10 -7.770938001630481e-10
7.7005848395516e-10 -7.7005848395516e-10
7.63089803288376e-10 -7.63089803288376e-10
7.561870979465365e-10 -7.561870979465365e-10
7.493497145546858e-10 -7.493497145546858e-10
7.425770065049555e-10 -7.425770065049555e-10
7.358683338832861e-10 -7.358683338832861e-10
7.292230633969793e-10 -7.292230633969793e-10
7.226405683030688e-10 -7.226405683030688e-10
7.161202283375014e-10 -7.161202283375015e-10
7.096614296451181e-10 -7.096614296451181e-10
7.032635647104259e-10 -7.032635647104259e-10
6.969260322891513e-10 -6.969260322891513e-10
6.906482373405666e-10 -6.906482373405666e-10
6.844295909605778e-10 -6.844295909605778e-10
6.782695103155683e-10 -6.782695103155683e-10
6.72167418576987e-10 -6.72167418576987e-10
6.66122744856673e-10 -6.66122744856673e-10
6.601349241429083e-10 -6.601349241429083e-10
6.542033972371903e-10 -6.542033972371903e-10
6.483276106917138e-10 -6.483276106917138e-10
6.425070167475567e-10 -6.425070167475567e-10
6.367410732735598e-10 -6.367410732735598e-10
6.310292437058922e-10 -6.310292437058922e-10
6.25370996988295e-10 -6.25370996988295e-10
6.197658075129957e-10 -6.197658075129957e-10
6.142131550622837e-10 -6.142131550622837e-10
6.087125247507412e-10 -6.087125247507412e-10
6.032634069681211e-10 -6.032634069681211e-10
5.978652973228635e-10 -5.978652973228635e-10
5.925176965862446e-10 -5.925176965862446e-10
5.872201106371493e-10 -5.872201106371493e-10
5.819720504074625e-10 -5.819720504074626e-10
5.767730318280681e-10 -5.767730318280683e-10
5.716225757754534e-10 -5.716225757754536e-10
5.665202080189069e-10 -5.665202080189071e-10
5.614654591683066e-10 -5.614654591683068e-10
5.564578646224897e-10 -5.564578646224899e-10
5.514969645181978e-10 -5.51496964518198e-10
5.465823036795902e-10 -5.465823036795904e-10
5.417134315683198e-10 -5.4171343156832e-10
5.368899022341635e-10 -5.368899022341637e-10
5.321112742662025e-10 -5.321112742662027e-10
5.273771107445449e-10 -5.273771107445451e-10
5.226869791925839e-10 -5.226869791925841e-10
5.180404515297871e-10 -5.180404515297873e-10
5.134371040250094e-10 -5.134371040250096e-10
5.088765172503229e-10 -5.088765172503231e-10
5.043582760353601e-10 -5.043582760353603e-10
4.998819694221619e-10 -4.998819694221621e-10
4.954471906205263e-10 -4.954471906205265e-10
4.910535369638509e-10 -4.910535369638511e-10
4.867006098654647e-10 -4.867006098654649e-10
4.823880147754419e-10 -4.823880147754422e-10
4.781153611378943e-10 -4.781153611378945e-10
4.738822623487338e-10 -4.73882262348734e-10
4.696883357139034e-10 -4.696883357139036e-10
4.6553320240806755e-10 -4.6553320240806776e-10
4.6141648743375913e-10 -4.614164874337593e-10
4.5733781958097657e-10 -4.5733781958097667e-10
4.532968313872264e-10 -4.532968313872265e-10
4.4929315909800604e-10 -4.492931590980062e-10
4.4532644262772147e-10 -4.4532644262772157e-10
4.4139632552103503e-10 -4.4139632552103514e-10
4.375024549146388e-10 -4.375024549146389e-10
4.336444814994478e-10 -4.3364448149944784e-10
4.2982205948320857e-10 -4.2982205948320867e-10
4.260348465535194e-10 -4.260348465535195e-10
4.2228250384125506e-10 -4.2228250384125516e-10
4.1856469588439435e-10 -4.1856469588439445e-10
4.148810905922434e-10 -4.148810905922435e-10
4.112313592100515e-10 -4.112313592100516e-10
4.0761517628401473e-10 -4.0761517628401483e-10
4.0403221962666285e-10 -4.0403221962666295e-10
4.00482170282625e-10 -4.004821702826251e-10
3.9696471249476984e-10 -3.9696471249477e-10
3.934795336707166e-10 -3.9347953367071674e-10
3.900263243497113e-10 -3.9002632434971146e-10
3.8660477816986577e-10 -3.8660477816986593e-10
3.8321459183575365e-10 -3.8321459183575375e-10
3.798554650863606e-10 -3.798554650863607e-10
3.7652710066338417e-10 -3.765271006633842e-10
3.7322920427987903e-10 -3.732292042798791e-10
3.699614845892442e-10 -3.6996148458924427e-10
3.667236531545481e-10 -3.6672365315454816e-10
3.635154244181876e-10 -3.6351542441818767e-10
3.603365156718773e-10 -3.6033651567187735e-10
3.571866470269653e-10 -3.5718664702696533e-10
3.540655413850718e-10 -3.5406554138507184e-10
3.5097292440904674e-10 -3.509729244090468e-10
3.4790852449424294e-10 -3.47908524494243e-10
3.4487207274010127e-10 -3.4487207274010127e-10
3.418633029220438e-10 -3.4186330292204386e-10
3.3888195146367275e-10 -3.3888195146367275e-10
3.3592775740926965e-10 -3.3592775740926965e-10
3.3300046239659356e-10 -3.3300046239659356e-10
3.3009981062997353e-10 -3.3009981062997353e-10
3.272255488536923e-10 -3.272255488536923e-10
3.243774263256585e-10 -3.243774263256585e-10
3.2155519479136284e-10 -3.2155519479136284e-10
3.1875860845811673e-10 -3.187586084581167e-10
3.159874239695689e-10 -3.159874239695688e-10
3.1324140038049716e-10 -3.132414003804971e-10
3.105202991318728e-10 -3.1052029913187273e-10
3.078238840261933e-10 -3.0782388402619326e-10
3.051519212030822e-10 -3.0515192120308214e-10
3.025041791151508e-10 -3.0250417911515073e-10
2.99880428504121e-10 -2.9988042850412095e-10
2.9728044237720497e-10 -2.972804423772049e-10
2.9470399598373885e-10 -2.947039959837388e-10
2.9215086679206844e-10 -2.921508667920684e-10
2.8962083446668293e-10 -2.8962083446668293e-10
2.87113680845595e-10 -2.87113680845595e-10
2.846291899179638e-10 -2.846291899179638e-10
2.821671478019578e-10 -2.821671478019578e-10
2.797273427228565e-10 -2.797273427228565e-10
2.773095649913857e-10 -2.7730956499138566e-10
2.7491360698228635e-10 -2.7491360698228624e-10
2.725392631131123e-10 -2.7253926311311216e-10
2.701863298232558e-10 -2.7018632982325566e-10
2.6785460555319766e-10 -2.678546055531975e-10
2.655438907239791e-10 -2.6554389072397893e-10
2.6325398771689356e-10 -2.632539877168934e-10
2.609847008533961e-10 -2.6098470085339594e-10
2.5873583637522694e-10 -2.587358363752268e-10
2.565072024247478e-10 -2.5650720242474763e-10
2.542986090254882e-10 -2.5429860902548803e-10
2.521098680628994e-10 -2.5210986806289925e-10
2.499407932653141e-10 -2.4994079326531395e-10
2.477912001851084e-10 -2.477912001851083e-10
2.4566090618006554e-10 -2.4566090618006543e-10
2.435497303949378e-10 -2.435497303949377e-10
2.4145749374320465e-10 -2.4145749374320454e-10
2.3938401888902563e-10 -2.3938401888902553e-10
2.3732913022938463e-10 -2.373291302293845e-10
2.3529265387642476e-10 -2.3529265387642466e-10
2.3327441763997064e-10 -2.332744176399706e-10
2.3127425101023664e-10 -2.3127425101023656e-10
2.2929198514071856e-10 -2.2929198514071849e-10
2.2732745283126725e-10 -2.2732745283126718e-10
2.2538048851134186e-10 -2.2538048851134173e-10
2.234509282234403e-10 -2.2345092822344018e-10
2.2153860960670623e-10 -2.215386096067061e-10
2.1964337188070883e-10 -2.1964337188070875e-10
2.1776505582939517e-10 -2.1776505582939511e-10
2.1590350378521217e-10 -2.1590350378521217e-10
2.140585596133966e-10 -2.1405855961339657e-10
2.1223006869643131e-10 -2.1223006869643131e-10
2.10417877918666e-10 -2.1041787791866603e-10
2.086218356511003e-10 -2.0862183565110036e-10
2.0684179173632791e-10 -2.0684179173632797e-10
2.0507759747363926e-10 -2.050775974736393e-10
2.033291056042819e-10 -2.0332910560428196e-10
2.0159617029687637e-10 -2.015961702968764e-10
1.998786471329854e-10 -1.9987864713298543e-10
1.9817639309283579e-10 -1.9817639309283584e-10
1.9648926654119043e-10 -1.9648926654119048e-10
1.9481712721336918e-10 -1.9481712721336915e-10
1.9315983620141682e-10 -1.931598362014168e-10
1.915172559404168e-10 -1.9151725594041678e-10
1.8988925019494866e-10 -1.8988925019494866e-10
1.8827568404568804e-10 -1.8827568404568801e-10
1.8667642387614712e-10 -1.866764238761471e-10
1.8509133735955493e-10 -1.8509133735955493e-10
1.8352029344587494e-10 -1.8352029344587494e-10
1.8196316234895892e-10 -1.8196316234895895e-10
1.8041981553383586e-10 -1.8041981553383586e-10
1.7889012570413362e-10 -1.788901257041336e-10
1.773739667896331e-10 -1.7737396678963308e-10
1.7587121393395213e-10 -1.7587121393395213e-10
1.743817434823589e-10 -1.743817434823589e-10
1.729054329697122e-10 -1.729054329697122e-10
1.7144216110852869e-10 -1.7144216110852869e-10
1.6999180777717428e-10 -1.6999180777717428e-10
1.6855425400817925e-10 -1.685542540081792e-10
1.6712938197667517e-10 -1.6712938197667512e-10
1.6571707498895313e-10 -1.6571707498895308e-10
1.6431721747114077e-10 -1.6431721747114072e-10
1.629296949579978e-10 -1.6292969495799774e-10
1.6155439408182824e-10 -1.6155439408182819e-10
1.6019120256150827e-10 -1.6019120256150827e-10
1.588400091916286e-10 -1.5884000919162863e-10
1.5750070383174957e-10 -1.575007038317496e-10
1.561731773957683e-10 -1.561731773957683e-10
1.5485732184139653e-10 -1.5485732184139653e-10
1.5355303015974784e-10 -1.5355303015974784e-10
1.5226019636503308e-10 -1.5226019636503308e-10
1.5097871548436317e-10 -1.5097871548436317e-10
1.4970848354765718e-10 -1.4970848354765718e-10
1.4844939757765602e-10 -1.4844939757765602e-10
1.4720135558003924e-10 -1.4720135558003921e-10
1.459642565336442e-10 -1.4596425653364423e-10
1.4473800038078755e-10 -1.447380003807876e-10
1.4352248801768585e-10 -1.4352248801768592e-10
1.4231762128497638e-10 -1.4231762128497649e-10
1.411233029583356e-10 -1.4112330295833566e-10
1.399394367391947e-10 -1.3993943673919475e-10
1.3876592724555173e-10 -1.3876592724555178e-10
1.3760268000287822e-10 -1.3760268000287824e-10
1.364496014351199e-10 -1.3644960143511996e-10
1.3530659885579083e-10 -1.3530659885579083e-10
1.3417358045915874e-10 -1.3417358045915874e-10
1.3305045531152225e-10 -1.3305045531152225e-10
1.3193713334257742e-10 -1.3193713334257742e-10
1.3083352533687376e-10 -1.3083352533687376e-10
1.2973954292535805e-10 -1.2973954292535805e-10
1.2865509857700573e-10 -1.2865509857700573e-10
1.275801055905379e-10 -1.275801055905379e-10
1.265144780862243e-10 -1.2651447808622427e-10
1.2545813099776988e-10 -1.254581309977699e-10
1.244109800642858e-10 -1.244109800642858e-10
1.233729418223421e-10 -1.233729418223421e-10
1.2234393359810256e-10 -1.2234393359810256e-10
1.2132387349954027e-10 -1.2132387349954027e-10
1.2031268040873317e-10 -1.203126804087332e-10
1.1931027397423874e-10 -1.1931027397423872e-10
1.1831657460354663e-10 -1.1831657460354658e-10
1.1733150345560908e-10 -1.1733150345560903e-10
1.1635498243344805e-10 -1.16354982433448e-10
1.1538693417683735e-10 -1.1538693417683734e-10
1.1442728205506072e-10 -1.144272820550607e-10
1.1347595015974337e-10 -1.1347595015974336e-10
1.1253286329775713e-10 -1.1253286329775709e-10
1.1159794698419817e-10 -1.1159794698419814e-10
1.1067112743543678e-10 -1.1067112743543678e-10
1.0975233156223766e-10 -1.0975233156223769e-10
1.0884148696295103e-10 -1.0884148696295105e-10
1.0793852191677297e-10 -1.07938521916773e-10
1.0704336537707462e-10 -1.0704336537707467e-10
1.0615594696479986e-10 -1.0615594696479992e-10
1.0527619696192947e-10 -1.0527619696192952e-10
1.0440404630501289e-10 -1.0440404630501294e-10
1.0353942657876528e-10 -1.0353942657876533e-10
1.0268227000972992e-10 -1.0268227000972998e-10
1.0183250946000548e-10 -1.0183250946000554e-10
1.009900784210367e-10 -1.0099007842103677e-10
1.0015491100746852e-10 -1.0015491100746858e-10
9.932694195106257e-11 -9.932694195106264e-11
9.850610659467571e-11 -9.850610659467579e-11
9.769234088629958e-11 -9.769234088629966e-11
9.68855813731607e-11 -9.688558137316076e-11
9.608576519588046e-11 -9.608576519588051e-11
9.529283008269461e-11 -9.529283008269466e-11
9.450671434373111e-11 -9.450671434373116e-11
9.372735686534624e-11 -9.37273568653463e-11
9.295469710451784e-11 -9.295469710451789e-11
9.218867508329564e-11 -9.218867508329569e-11
9.142923138330767e-11 -9.142923138330768e-11
9.067630714032217e-11 -9.067630714032218e-11
8.992984403886487e-11 -8.992984403886488e-11
8.918978430689032e-11 -8.918978430689034e-11
8.845607071050736e-11 -8.845607071050741e-11
8.772864654875791e-11 -8.772864654875797e-11
8.700745564844821e-11 -8.700745564844828e-11
8.62924423590326e-11 -8.629244235903267e-11
8.558355154754879e-11 -8.558355154754886e-11
8.48807285936042e-11 -8.488072859360424e-11
8.418391938441298e-11 -8.418391938441302e-11
8.349307030988291e-11 -8.349307030988298e-11
8.280812825775213e-11 -8.280812825775218e-11
8.212904060877433e-11 -8.212904060877436e-11
8.145575523195282e-11 -8.145575523195285e-11
8.078822047982259e-11 -8.078822047982261e-11
8.012638518377959e-11 -8.01263851837796e-11
7.947019864945702e-11 -7.947019864945704e-11
7.881961065214851e-11 -7.881961065214854e-11
7.817457143227661e-11 -7.817457143227663e-11
7.753503169090721e-11 -7.753503169090728e-11
7.690094258530922e-11 -7.690094258530928e-11
7.627225572455805e-11 -7.627225572455812e-11
7.564892316518408e-11 -7.564892316518414e-11
7.503089740686405e-11 -7.503089740686412e-11
7.441813138815623e-11 -7.441813138815629e-11
7.381057848227768e-11 -7.381057848227772e-11
7.320819249292437e-11 -7.320819249292441e-11
7.26109276501329e-11 -7.261092765013294e-11
7.201873860618364e-11 -7.201873860618367e-11
7.143158043154475e-11 -7.143158043154479e-11
7.084940861085708e-11 -7.084940861085711e-11
7.027217903895874e-11 -7.027217903895878e-11
6.969984801694978e-11 -6.96998480169498e-11
6.913237224829595e-11 -6.913237224829598e-11
6.856970883497154e-11 -6.856970883497156e-11
6.801181527364042e-11 -6.801181527364045e-11
6.745864945187545e-11 -6.745864945187548e-11
6.691016964441544e-11 -6.691016964441546e-11
6.636633450945938e-11 -6.636633450945943e-11
6.582710308499778e-11 -6.582710308499783e-11
6.529243478518033e-11 -6.529243478518039e-11
6.476228939671982e-11 -6.476228939671987e-11
6.423662707533175e-11 -6.42366270753318e-11
6.371540834220952e-11 -6.371540834220958e-11
6.319859408053453e-11 -6.319859408053456e-11
6.268614553202092e-11 -6.268614553202096e-11
6.21780242934948e-11 -6.217802429349486e-11
6.16741923135073e-11 -6.167419231350737e-11
6.117461188898132e-11 -6.117461188898141e-11
6.067924566189154e-11 -6.067924566189163e-11
6.018805661597717e-11 -6.018805661597726e-11
5.970100807348768e-11 -5.97010080734877e-11
5.921806369196039e-11 -5.921806369196039e-11
5.873918746103012e-11 -5.873918746103012e-11
5.82643436992707e-11 -5.82643436992707e-11
5.77934970510672e-11 -5.77934970510672e-11
5.732661248351952e-11 -5.7326612483519535e-11
5.686365528337651e-11 -5.6863655283376524e-11
5.640459105400027e-11 -5.6404591054000245e-11
5.5949385712360556e-11 -5.594938571236053e-11
5.5498005486058954e-11 -5.549800548605893e-11
5.505041691038236e-11 -5.5050416910382336e-11
5.460658682538531e-11 -5.460658682538528e-11
5.4166482373001565e-11 -5.416648237300155e-11
5.3730070994183764e-11 -5.373007099418375e-11
5.329732042607149e-11 -5.329732042607149e-11
5.2868198699187183e-11 -5.2868198699187183e-11
5.2442674134659777e-11 -5.244267413465973e-11
5.202071534147523e-11 -5.202071534147521e-11
5.1602291213755044e-11 -5.1602291213755024e-11
5.118737092806037e-11 -5.118737092806036e-11
5.077592394072362e-11 -5.0775923940723614e-11
5.0367919985205866e-11 -5.036791998520586e-11
4.996332906948002e-11 -4.9963329069480015e-11
4.9562121473440305e-11 -4.956212147344031e-11
4.916426774633654e-11 -4.916426774633657e-11
4.876973870423416e-11 -4.876973870423417e-11
4.837850542749852e-11 -4.837850542749849e-11
4.799053925830452e-11 -4.7990539258304486e-11
4.760581179817024e-11 -4.7605811798170196e-11
4.722429490551484e-11 -4.7224294905514794e-11
4.684596069324055e-11 -4.684596069324053e-11
4.6470781526337965e-11 -4.647078152633792e-11
4.60987300195152e-11 -4.6098730019515115e-11
4.572977903484973e-11 -4.572977903484967e-11
4.5363901679463987e-11 -4.536390167946394e-11
4.500107130322277e-11 -4.500107130322275e-11
4.4641261496453846e-11 -4.4641261496453827e-11
4.428444608769031e-11 -4.428444608769032e-11
4.393059914143559e-11 -4.393059914143557e-11
4.357969495594947e-11 -4.357969495594945e-11
4.323170806105656e-11 -4.323170806105653e-11
4.2886613215975426e-11 -4.2886613215975394e-11
4.2544385407169485e-11 -4.254438540716945e-11
4.220499984621831e-11 -4.2204999846218275e-11
4.1868431967710145e-11 -4.1868431967710087e-11
4.153465742715436e-11 -4.153465742715435e-11
4.1203652098915084e-11 -4.120365209891507e-11
4.087539207416401e-11 -4.0875392074164026e-11
4.054985365885373e-11 -4.0549853658853743e-11
4.022701337171051e-11 -4.0227013371710534e-11
3.990684794224682e-11 -3.9906847942246874e-11
3.9589334308792836e-11 -3.958933430879289e-11
3.927444961654718e-11 -3.927444961654722e-11
3.896217121564688e-11 -3.896217121564694e-11
3.865247665925557e-11 -3.865247665925561e-11
3.8345343701670536e-11 -3.8345343701670574e-11
3.804075029644805e-11 -3.80407502964481e-11
3.773867459454702e-11 -3.773867459454707e-11
3.7439094942490206e-11 -3.743909494249026e-11
3.7141989880543835e-11 -3.714198988054389e-11
3.6847338140914304e-11 -3.684733814091433e-11
3.655511864596249e-11 -3.655511864596252e-11
3.62653105064358e-11 -3.62653105064358e-11
3.5977893019716315e-11 -3.597789301971634e-11
3.5692845668087094e-11 -3.569284566808712e-11
3.541014811701412e-11 -3.5410148117014144e-11
3.512978021344567e-11 -3.512978021344569e-11
3.4851721984127516e-11 -3.4851721984127516e-11
3.457595363393468e-11 -3.457595363393468e-11
3.430245554421941e-11 -3.430245554421938e-11
3.4031208271174643e-11 -3.403120827117462e-11
3.3762192544213783e-11 -3.3762192544213783e-11
3.349538926436564e-11 -3.349538926436564e-11
3.32307795026851e-11 -3.3230779502685085e-11
3.296834449867902e-11 -3.296834449867898e-11
3.270806565874712e-11 -3.270806565874708e-11
3.244992455463827e-11 -3.244992455463823e-11
3.21939029219212e-11 -3.219390292192116e-11
3.193998265847012e-11 -3.1939982658470093e-11
3.1688145822964923e-11 -3.16881458229649e-11
3.143837463340576e-11 -3.1438374633405736e-11
3.1190651465641757e-11 -3.119065146564173e-11
3.0944958851913963e-11 -3.094495885191394e-11
3.070127947941246e-11 -3.070127947941244e-11
3.045959618884694e-11 -3.0459596188846914e-11
3.021989197303118e-11 -3.021989197303117e-11
2.998214997548123e-11 -2.998214997548122e-11
2.97463534890268e-11 -2.97463534890268e-11
2.951248595443599e-11 -2.9512485954435975e-11
2.928053095905331e-11 -2.92805309590533e-11
2.9050472235450667e-11 -2.905047223545063e-11
2.8822293660091062e-11 -2.8822293660091036e-11
2.8595979252005578e-11 -2.8595979252005552e-11
2.837151317148248e-11 -2.8371513171482453e-11
2.8148879718769007e-11 -2.814887971876898e-11
2.7928063332785676e-11 -2.792806333278565e-11
2.770904858985291e-11 -2.77090485898529e-11
2.7491820202429514e-11 -2.74918202024295e-11
2.7276363017863517e-11 -2.7276363017863543e-11
2.706266201715483e-11 -2.7062662017154857e-11
2.6850702313729422e-11 -2.685070231372946e-11
2.664046915222578e-11 -2.664046915222582e-11
2.6431947907292214e-11 -2.6431947907292252e-11
2.622512408239617e-11 -2.622512408239624e-11
2.601998330864483e-11 -2.6019983308644872e-11
2.5816511343616497e-11 -2.5816511343616526e-11
2.5614694070203456e-11 -2.561469407020351e-11
2.5414517495466013e-11 -2.5414517495466068e-11
2.5215967749496895e-11 -2.521596774949695e-11
2.5019031084296827e-11 -2.5019031084296882e-11
2.4823693872660748e-11 -2.482369387266083e-11
2.4629942607074645e-11 -2.4629942607074713e-11
2.443776389862248e-11 -2.4437763898622534e-11
2.424714447590405e-11 -2.4247144475904083e-11
2.4058071183962697e-11 -2.4058071183962716e-11
2.3870530983223304e-11 -2.3870530983223323e-11
2.368451094844052e-11 -2.3684510948440552e-11
2.3499998267656574e-11 -2.3499998267656607e-11
2.3316980241169466e-11 -2.331698024116951e-11
2.3135444280510462e-11 -2.3135444280510482e-11
2.2955377907431353e-11 -2.29553779074314e-11
2.2776768752901726e-11 -2.2776768752901745e-11
2.2599604556115105e-11 -2.2599604556115124e-11
2.24238731635049e-11 -2.242387316350492e-11
2.2249562527769426e-11 -2.2249562527769445e-11
2.20766607069063e-11 -2.2076660706906332e-11
2.1905155863255904e-11 -2.1905155863255936e-11
2.1735036262553852e-11 -2.1735036262553884e-11
2.1566290272992317e-11 -2.1566290272992324e-11
2.139890636429026e-11 -2.1398906364290294e-11
2.123287310677277e-11 -2.1232873106772763e-11
2.1068179170458363e-11 -2.1068179170458356e-11
2.090481332415561e-11 -2.0904813324155616e-11
2.07427644345678e-11 -2.0742764434567807e-11
2.05820214654062e-11 -2.0582021465406207e-11
2.0422573476511665e-11 -2.0422573476511707e-11
2.026440962298457e-11 -2.026440962298461e-11
2.0107519154322697e-11 -2.01075191543227e-11
1.995189141356736e-11 -1.9951891413567403e-11
1.979751583645785e-11 -1.979751583645789e-11
1.9644381950593277e-11 -1.964438195059332e-11
1.9492479374602665e-11 -1.9492479374602707e-11
1.9341797817322624e-11 -1.9341797817322666e-11
1.9192327076982975e-11 -1.919232707698299e-11
1.904405704039984e-11 -1.904405704039983e-11
1.889697768217614e-11 -1.8896977682176142e-11
1.8751079063910125e-11 -1.875107906391013e-11
1.8606351333410715e-11 -1.8606351333410718e-11
1.846278472392055e-11 -1.846278472392058e-11
1.8320369553346252e-11 -1.832036955334628e-11
1.8179096223495756e-11 -1.8179096223495785e-11
1.8038955219322966e-11 -1.8038955219322982e-11
1.7899937108179317e-11 -1.7899937108179333e-11
1.776203253907249e-11 -1.7762032539072492e-11
1.762523224193186e-11 -1.7625232241931862e-11
1.7489527026881086e-11 -1.7489527026881077e-11
1.7354907783517117e-11 -1.7354907783517108e-11
1.722136548019627e-11 -1.7221365480196288e-11
1.7088891163326898e-11 -1.7088891163326914e-11
1.6957475956668353e-11 -1.6957475956668343e-11
1.682711106063703e-11 -1.6827111060637006e-11
1.669778775161838e-11 -1.669778775161837e-11
1.6569497381285625e-11 -1.6569497381285628e-11
1.6442231375924713e-11 -1.6442231375924717e-11
1.6315981235765553e-11 -1.6315981235765543e-11
1.6190738534319498e-11 -1.619073853431949e-11
1.6066494917723064e-11 -1.6066494917723054e-11
1.5943242104087548e-11 -1.5943242104087525e-11
1.5820971882855013e-11 -1.582097188285499e-11
1.5699676114159977e-11 -1.5699676114159954e-11
1.557934672819707e-11 -1.5579346728197033e-11
1.5459975724594758e-11 -1.5459975724594722e-11
1.5341555171794745e-11 -1.534155517179471e-11
1.5224077206436976e-11 -1.5224077206436953e-11
1.5107534032750664e-11 -1.510753403275064e-11
1.4991917921950815e-11 -1.4991917921950827e-11
1.4877221211640402e-11 -1.4877221211640415e-11
1.4763436305217806e-11 -1.476343630521782e-11
1.465055567129017e-11 -1.4650555671290183e-11
1.4538571843091932e-11 -1.4538571843091932e-11
1.442747741790878e-11 -1.4427477417908767e-11
1.4317265056507013e-11 -1.4317265056506963e-11
1.4207927482567984e-11 -1.4207927482567908e-11
1.4099457482128033e-11 -1.4099457482127957e-11
1.3991847903023462e-11 -1.3991847903023386e-11
1.3885091654340774e-11 -1.3885091654340698e-11
1.3779181705871537e-11 -1.3779181705871461e-11
1.367411108757295e-11 -1.3674111087572887e-11
1.356987288903299e-11 -1.3569872889032927e-11
1.3466460258940406e-11 -1.3466460258940318e-11
1.336386640455983e-11 -1.3363866404559767e-11
1.3262084591211949e-11 -1.3262084591211886e-11
1.316110814175766e-11 -1.3161108141757597e-11
1.3060930436087947e-11 -1.3060930436087884e-11
1.2961544910617861e-11 -1.2961544910617774e-11
1.2862945057785127e-11 -1.2862945057785064e-11
1.2765124425553853e-11 -1.2765124425553814e-11
1.266807661692233e-11 -1.2668076616922328e-11
1.2571795289435673e-11 -1.2571795289435672e-11
1.2476274154702541e-11 -1.247627415470254e-11
1.238150697791683e-11 -1.2381506977916802e-11
1.2287487577383413e-11 -1.228748757738336e-11
1.2194209824048296e-11 -1.2194209824048217e-11
1.2101667641033046e-11 -1.2101667641032967e-11
1.2009855003173827e-11 -1.2009855003173748e-11
1.1918765936564118e-11 -1.1918765936564038e-11
1.1828394518101941e-11 -1.1828394518101862e-11
1.1738734875041442e-11 -1.1738734875041363e-11
1.1649781184548025e-11 -1.1649781184547959e-11
1.1561527673258215e-11 -1.1561527673258149e-11
1.1473968616842968e-11 -1.1473968616842902e-11
1.1387098339575381e-11 -1.1387098339575315e-11
1.1300911213902114e-11 -1.1300911213902048e-11
1.1215401660018963e-11 -1.1215401660018922e-11
1.1130564145450223e-11 -1.1130564145450182e-11
1.104639318463156e-11 -1.104639318463152e-11
1.0962883338497416e-11 -1.0962883338497376e-11
1.0880029214071458e-11 -1.088002921407143e-11
1.0797825464061276e-11 -1.0797825464061236e-11
1.0716266786456437e-11 -1.0716266786456384e-11
1.0635347924130528e-11 -1.0635347924130475e-11
1.0555063664446448e-11 -1.0555063664446384e-11
1.0475408838865758e-11 -1.0475408838865693e-11
1.0396378322561187e-11 -1.0396378322561123e-11
1.0317967034032846e-11 -1.0317967034032831e-11
1.0240169934728077e-11 -1.0240169934728063e-11
1.0162982028664385e-11 -1.016298202866437e-11
1.0086398362056267e-11 -1.0086398362056265e-11
1.001041402294506e-11 -1.0010414022945059e-11
9.935024140832243e-12 -9.935024140832265e-12
9.86022388631645e-12 -9.860223886316473e-12
9.786008470733192e-12 -9.786008470733178e-12
9.712373145798064e-12 -9.712373145798063e-12
9.63931320325353e-12 -9.639313203253542e-12
9.566823974518612e-12 -9.566823974518623e-12
9.494900830341634e-12 -9.494900830341645e-12
9.42353918045637e-12 -9.42353918045638e-12
9.352734473241288e-12 -9.352734473241288e-12
9.282482195381725e-12 -9.282482195381738e-12
9.212777871535262e-12 -9.212777871535275e-12
9.143617064000256e-12 -9.143617064000269e-12
9.074995372386894e-12 -9.074995372386907e-12
9.00690843329187e-12 -9.006908433291895e-12
8.939351919975464e-12 -8.93935191997549e-12
8.872321542041947e-12 -8.872321542041973e-12
8.805813045122644e-12 -8.805813045122646e-12
8.739822210561755e-12 -8.739822210561757e-12
8.674344855105444e-12 -8.674344855105459e-12
8.609376830593342e-12 -8.609376830593356e-12
8.54491402365309e-12 -8.544914023653092e-12
8.48095235539732e-12 -8.480952355397345e-12
8.417487781123862e-12 -8.417487781123888e-12
8.354516290018047e-12 -8.354516290018072e-12
8.292033904858372e-12 -8.292033904858398e-12
8.23003668172419e-12 -8.230036681724215e-12
8.168520709706538e-12 -8.168520709706588e-12
8.10748211062136e-12 -8.107482110621373e-12
8.046917038725038e-12 -8.046917038725051e-12
7.986821680433001e-12 -7.986821680433014e-12
7.927192254040716e-12 -7.927192254040716e-12
7.86802500944681e-12 -7.868025009446823e-12
7.809316227879332e-12 -7.809316227879319e-12
7.751062221623706e-12 -7.751062221623706e-12
7.693259333753978e-12 -7.693259333753978e-12
7.635903937865761e-12 -7.635903937865761e-12
7.57899243781205e-12 -7.578992437812064e-12
7.522521267441082e-12 -7.522521267441095e-12
7.466486890336883e-12 -7.466486890336896e-12
7.410885799561703e-12 -7.410885799561742e-12
7.3557145174014e-12 -7.35571451740144e-12
7.300969595112336e-12 -7.300969595112399e-12
7.246647612671266e-12 -7.246647612671304e-12
7.192745178526826e-12 -7.192745178526864e-12
7.139258929353977e-12 -7.139258929354027e-12
7.086185529809903e-12 -7.086185529809941e-12
7.033521672292557e-12 -7.033521672292595e-12
6.981264076701244e-12 -6.981264076701282e-12
6.929409490199375e-12 -6.929409490199413e-12
6.8779546869792975e-12 -6.8779546869793355e-12
6.82689646802923e-12 -6.826896468029268e-12
6.776231660902342e-12 -6.776231660902355e-12
6.725957119487844e-12 -6.725957119487857e-12
6.676069723784169e-12 -6.676069723784182e-12
6.626566379674078e-12 -6.626566379674091e-12
6.57744401870194e-12 -6.577444018701977e-12
6.528699597852962e-12 -6.528699597852975e-12
6.480330099334083e-12 -6.480330099334096e-12
6.432332530357392e-12 -6.432332530357405e-12
6.3847039229248885e-12 -6.3847039229249135e-12
6.337441333615618e-12 -6.337441333615656e-12
6.29054184337455e-12 -6.290541843374588e-12
6.24400255730308e-12 -6.244002557303118e-12
6.197820604451912e-12 -6.197820604451937e-12
6.151993137615345e-12 -6.15199313761537e-12
6.106517333127495e-12 -6.10651733312752e-12
6.061390390660604e-12 -6.061390390660629e-12
6.0166095330247755e-12 -6.0166095330248005e-12
5.9721720059695685e-12 -5.9721720059695815e-12
5.928075077987538e-12 -5.928075077987551e-12
5.88431604011944e-12 -5.884316040119453e-12
5.840892205761093e-12 -5.840892205761106e-12
5.797800910471939e-12 -5.79780091047194e-12
5.755039511785452e-12 -5.755039511785453e-12
5.712605389021073e-12 -5.7126053890210866e-12
5.670495943098007e-12 -5.670495943098033e-12
5.628708596350401e-12 -5.62870859635039e-12
5.587240792344353e-12 -5.587240792344342e-12
5.546089995696584e-12 -5.546089995696573e-12
5.505253691894461e-12 -5.50525369189445e-12
5.464729387117963e-12 -5.4647293871179645e-12
5.424514608062996e-12 -5.424514608062997e-12
5.3846069017661504e-12 -5.384606901766188e-12
5.345003835431549e-12 -5.345003835431563e-12
5.305702996258364e-12 -5.30570299625839e-12
5.266701991270818e-12 -5.266701991270844e-12
5.22799844714894e-12 -5.227998447148966e-12
5.189590010061259e-12 -5.189590010061285e-12
5.151474345498647e-12 -5.151474345498673e-12
5.113649138109897e-12 -5.113649138109947e-12
5.076112091538774e-12 -5.076112091538812e-12
5.038860928262182e-12 -5.038860928262183e-12
5.001893389429981e-12 -5.001893389429983e-12
4.965207234706426e-12 -4.9652072347064394e-12
4.928800242112491e-12 -4.928800242112505e-12
4.8926702078700715e-12 -4.892670207870049e-12
4.856814946247156e-12 -4.856814946247133e-12
4.821232289404808e-12 -4.8212322894047855e-12
4.785920087245103e-12 -4.78592008724508e-12
4.750876207260582e-12 -4.750876207260535e-12
4.716098534384927e-12 -4.71609853438488e-12
4.681584970845187e-12 -4.6815849708451404e-12
4.647333436014945e-12 -4.64733343601491e-12
4.613341866269218e-12 -4.613341866269183e-12
4.579608214840081e-12 -4.579608214840022e-12
4.5461304516740265e-12 -4.546130451673943e-12
4.512906563290499e-12 -4.51290656329044e-12
4.479934552641403e-12 -4.479934552641344e-12
4.447212438972193e-12 -4.447212438972134e-12
4.414738257683895e-12 -4.414738257683836e-12
4.3825100601964665e-12 -4.3825100601964075e-12
4.350525913813516e-12 -4.350525913813445e-12
4.318783901587787e-12 -4.318783901587692e-12
4.287282122188216e-12 -4.287282122188121e-12
4.256018689768023e-12 -4.256018689767952e-12
4.224991733833927e-12 -4.224991733833856e-12
4.194199399116517e-12 -4.194199399116421e-12
4.1636398454418125e-12 -4.163639845441717e-12
4.133311247603775e-12 -4.133311247603679e-12
4.10321179523822e-12 -4.103211795238125e-12
4.0733396926976e-12 -4.073339692697493e-12
4.043693158926984e-12 -4.043693158926853e-12
4.014270427341045e-12 -4.0142704273409145e-12
3.985069745702223e-12 -3.985069745702092e-12
3.956089375999808e-12 -3.956089375999689e-12
3.927327594330363e-12 -3.9273275943302446e-12
3.898782690778784e-12 -3.898782690778677e-12
3.870452969300768e-12 -3.870452969300685e-12
3.842336747606029e-12 -3.842336747605947e-12
3.81443235704272e-12 -3.814432357042637e-12
3.786738142482777e-12 -3.786738142482695e-12
3.759252462208358e-12 -3.759252462208251e-12
3.731973687799002e-12 -3.731973687798895e-12
3.7049002040201356e-12 -3.704900204020029e-12
3.678030408712401e-12 -3.678030408712258e-12
3.651362712681725e-12 -3.65136271268157e-12
3.6248955395906856e-12 -3.6248955395905547e-12
3.5986273258507577e-12 -3.598627325850651e-12
3.572556520515179e-12 -3.5725565205150484e-12
3.5466815851731346e-12 -3.546681585173028e-12
3.5210009938447792e-12 -3.5210009938446843e-12
3.4955132328770557e-12 -3.4955132328769487e-12
3.4702168008402874e-12 -3.4702168008401925e-12
3.445110208426046e-12 -3.445110208425963e-12
3.4201919783457167e-12 -3.420191978345634e-12
3.395460645229854e-12 -3.395460645229771e-12
3.370914755528428e-12 -3.370914755528333e-12
3.346552867412095e-12 -3.346552867412e-12
3.3223735506742485e-12 -3.3223735506741536e-12
3.2983753866338867e-12 -3.2983753866337917e-12
3.2745569680391637e-12 -3.2745569680390926e-12
3.250916898972209e-12 -3.2509168989721258e-12
3.2274537947543014e-12 -3.227453794754218e-12
3.204166281852062e-12 -3.204166281851979e-12
3.1810529977846764e-12 -3.181052997784593e-12
3.1581125910315015e-12 -3.1581125910314183e-12
3.135343720940734e-12 -3.1353437209406507e-12
3.1127450576387722e-12 -3.112745057638677e-12
3.0903152819404684e-12 -3.090315281940373e-12
3.0680530852600836e-12 -3.0680530852599765e-12
3.0459571695229165e-12 -3.0459571695228095e-12
3.024026247077941e-12 -3.024026247077834e-12
3.0022590406109035e-12 -3.0022590406108203e-12
2.9806542830583736e-12 -2.980654283058326e-12
2.95921071752247e-12 -2.959210717522458e-12
2.9379270971864786e-12 -2.9379270971864664e-12
2.916802185230698e-12 -2.916802185230686e-12
2.8958347547497273e-12 -2.895834754749739e-12
2.8750235886697853e-12 -2.875023588669821e-12
2.854367479667387e-12 -2.8543674796674226e-12
2.833865230088073e-12 -2.8338652300881087e-12
2.8135156518663515e-12 -2.813515651866399e-12
2.793317566446059e-12 -2.7933175664460945e-12
2.7732698047014416e-12 -2.7732698047014893e-12
2.753371206859003e-12 -2.753371206859074e-12
2.7336206224200283e-12 -2.7336206224200755e-12
2.714016910083567e-12 -2.714016910083626e-12
2.6945589376703293e-12 -2.6945589376704e-12
2.6752455820471275e-12 -2.675245582047198e-12
2.6560757290519496e-12 -2.6560757290520085e-12
2.6370482734197173e-12 -2.6370482734197524e-12
2.6181621187085517e-12 -2.618162118708575e-12
2.599416177226986e-12 -2.5994161772269977e-12
2.5808093699614214e-12 -2.5808093699614452e-12
2.562340626504457e-12 -2.562340626504481e-12
2.5440088849837682e-12 -2.5440088849837682e-12
2.525813091991466e-12 -2.5258130919914896e-12
2.507752202514336e-12 -2.50775220251436e-12
2.4898251798644017e-12 -2.4898251798644373e-12
2.47203099561041e-12 -2.4720309956104216e-12
2.454368629509251e-12 -2.4543686295092743e-12
2.4368370694388323e-12 -2.4368370694388796e-12
2.419435311330847e-12 -2.4194353113308943e-12
2.402162359104579e-12 -2.402162359104603e-12
2.3850172246007944e-12 -2.385017224600818e-12
2.36799892751671e-12 -2.3679989275167222e-12
2.3511064953410854e-12 -2.3511064953410737e-12
2.3343389632901297e-12 -2.334338963290118e-12
2.3176953742439515e-12 -2.317695374243928e-12
2.301174778683332e-12 -2.3011747786833088e-12
2.2847762346272354e-12 -2.2847762346272475e-12
2.2684988075709705e-12 -2.2684988075709826e-12
2.2523415704244777e-12 -2.2523415704244898e-12
2.236303603451407e-12 -2.2363036034514427e-12
2.220383994208835e-12 -2.220383994208859e-12
2.204581837487112e-12 -2.204581837487136e-12
2.188896235250773e-12 -2.188896235250785e-12
2.173326296579269e-12 -2.1733262965792813e-12
2.1578711376087603e-12 -2.1578711376087725e-12
2.142529881474235e-12 -2.142529881474247e-12
2.1273016582519338e-12 -2.127301658251946e-12
2.11218560490269e-12 -2.1121856049027023e-12
2.097180865215146e-12 -2.097180865215158e-12
2.0822865897500363e-12 -2.0822865897500246e-12
2.0675019357844926e-12 -2.0675019357845043e-12
2.052826067257385e-12 -2.052826067257397e-12
2.0382581547143422e-12 -2.038258154714354e-12
2.0237973752538564e-12 -2.023797375253892e-12
2.0094429124737694e-12 -2.009442912473805e-12
1.99519395641783e-12 -1.9951939564178657e-12
1.981049703523245e-12 -1.981049703523269e-12
1.9670093565681337e-12 -1.9670093565681224e-12
1.953072124619855e-12 -1.9530721246198203e-12
1.9392372229835822e-12 -1.9392372229835475e-12
1.9255038731513677e-12 -1.925503873151333e-12
1.911871302751598e-12 -1.9118713027515282e-12
1.898338745498727e-12 -1.8983387454986805e-12
1.884905441143863e-12 -1.8849054411438167e-12
1.871570635425345e-12 -1.87157063542531e-12
1.8583335800199425e-12 -1.858333580019931e-12
1.8451935324944924e-12 -1.845193532494481e-12
1.8321497562576568e-12 -1.832149756257622e-12
1.8192015205125418e-12 -1.8192015205124836e-12
1.8063481002093496e-12 -1.806348100209268e-12
1.7935887759985485e-12 -1.7935887759984786e-12
1.7809228341846228e-12 -1.7809228341845764e-12
1.768349566679933e-12 -1.7683495666799098e-12
1.7558682709589534e-12 -1.7558682709589536e-12
1.7434782500132627e-12 -1.743478250013263e-12
1.7311788123064438e-12 -1.731178812306444e-12
1.7189692717296177e-12 -1.718969271729618e-12
1.7068489475575157e-12 -1.7068489475575394e-12
1.6948171644045894e-12 -1.6948171644046248e-12
1.6828732521815068e-12 -1.6828732521815539e-12
1.6710165460523955e-12 -1.6710165460524426e-12
1.6592463863919233e-12 -1.6592463863919237e-12
1.647562118743159e-12 -1.6475621187431593e-12
1.6359630937756198e-12 -1.6359630937756202e-12
1.6244486672437254e-12 -1.6244486672437258e-12
1.613018199945377e-12 -1.6130181999453775e-12
1.6016710576811773e-12 -1.601671057681166e-12
1.5904066112139589e-12 -1.5904066112139476e-12
1.5792242362283823e-12 -1.5792242362283942e-12
1.5681233132913553e-12 -1.5681233132913672e-12
1.5571032278121565e-12 -1.557103227812157e-12
1.5461633700033827e-12 -1.546163370003383e-12
1.535303134842132e-12 -1.535303134842144e-12
1.5245219220314404e-12 -1.5245219220314638e-12
1.5138191359619306e-12 -1.5138191359619423e-12
1.5031941856739214e-12 -1.5031941856739331e-12
1.4926464848200056e-12 -1.4926464848200173e-12
1.4821754516276427e-12 -1.4821754516276544e-12
1.4717805088621294e-12 -1.4717805088621062e-12
1.4614610837901288e-12 -1.4614610837900824e-12
1.4512166081430642e-12 -1.451216608143006e-12
1.4410465180813972e-12 -1.4410465180813275e-12
1.4309502541585944e-12 -1.430950254158513e-12
1.4209272612858618e-12 -1.4209272612858036e-12
1.4109769886969148e-12 -1.4109769886968566e-12
1.4010988899131435e-12 -1.4010988899130853e-12
1.3912924227090447e-12 -1.3912924227089866e-12
1.3815570490778981e-12 -1.38155704907784e-12
1.3718922351979386e-12 -1.3718922351978804e-12
1.3622974513984024e-12 -1.3622974513983443e-12
1.3527721721263468e-12 -1.3527721721262887e-12
1.343315875913329e-12 -1.3433158759132708e-12
1.3339280453426277e-12 -1.3339280453425695e-12
1.3246081670165323e-12 -1.324608167016474e-12
1.3153557315242059e-12 -1.3153557315241477e-12
1.3061702334095127e-12 -1.3061702334094546e-12
1.2970511711391645e-12 -1.2970511711391063e-12
1.287998047071337e-12 -1.2879980470712673e-12
1.2790103674243062e-12 -1.279010367424248e-12
1.2700876422454836e-12 -1.2700876422454717e-12
1.2612293853807014e-12 -1.2612293853806895e-12
1.2524351144436649e-12 -1.252435114443653e-12
1.2437043507857577e-12 -1.2437043507857573e-12
1.2350366194660028e-12 -1.2350366194660254e-12
1.2264314492214202e-12 -1.2264314492214428e-12
1.21788837243746e-12 -1.217888372437471e-12
1.2094069251187964e-12 -1.2094069251187845e-12
1.2009866468602308e-12 -1.2009866468602189e-12
1.1926270808181167e-12 -1.1926270808180817e-12
1.1843277736816153e-12 -1.1843277736815803e-12
1.1760882756446351e-12 -1.1760882756445887e-12
1.1679081403776464e-12 -1.1679081403776e-12
1.1597869249998561e-12 -1.1597869249998097e-12
1.1517241900516497e-12 -1.1517241900516032e-12
1.1437194994672424e-12 -1.143719499467196e-12
1.135772420547596e-12 -1.1357724205475496e-12
1.1278825239333493e-12 -1.1278825239332685e-12
1.1200493835782665e-12 -1.1200493835781627e-12
1.1122725767227445e-12 -1.1122725767226177e-12
1.10455168386755e-12 -1.1045516838674232e-12
1.096886288747764e-12 -1.0968862887476372e-12
1.0892759783071164e-12 -1.0892759783069666e-12
1.0817203426721253e-12 -1.0817203426719526e-12
1.0742189751268325e-12 -1.0742189751266599e-12
1.0667714720877563e-12 -1.0667714720875836e-12
1.059377433078762e-12 -1.0593774330786122e-12
1.052036460706345e-12 -1.0520364607062065e-12
1.0447481606349916e-12 -1.044748160634853e-12
1.0375121415629275e-12 -1.0375121415628003e-12
1.0303280151979336e-12 -1.0303280151978293e-12
1.0231953962333072e-12 -1.0231953962332488e-12
1.0161139023242562e-12 -1.0161139023241978e-12
1.0090831540641066e-12 -1.0090831540640712e-12
1.0021027749612054e-12 -1.002102774961147e-12
9.95172391415442e-13 -9.951723914154294e-13
9.882916326955663e-13 -9.882916326955538e-13
9.814601309160693e-13 -9.81460130916068e-13
9.746775210148688e-13 -9.746775210148563e-13
9.67943440730742e-13 -9.679434407307067e-13
9.61257530580877e-13 -9.612575305809216e-13
9.546194338393444e-13 -9.54619433839389e-13
9.480287965146744e-13 -9.48028796514719e-13
9.41485267328523e-13 -9.41485267328579e-13
9.34988497693899e-13 -9.34988497693955e-13
9.285381416939791e-13 -9.285381416940235e-13
9.22133856060847e-13 -9.221338560608915e-13
9.157753001545926e-13 -9.15775300154637e-13
9.094621359424252e-13 -9.094621359424468e-13
9.031940279780217e-13 -9.031940279780661e-13
8.969706433811728e-13 -8.969706433812172e-13
8.907916518171618e-13 -8.907916518172063e-13
8.846567254769204e-13 -8.846567254769649e-13
8.785655390569495e-13 -8.785655390569712e-13
8.725177697393798e-13 -8.725177697394015e-13
8.665130971724912e-13 -8.665130971725129e-13
8.605512034511316e-13 -8.60551203451176e-13
8.546317730974583e-13 -8.546317730975027e-13
8.487544930415328e-13 -8.487544930415772e-13
8.429190526025554e-13 -8.429190526026113e-13
8.371251434698859e-13 -8.371251434699417e-13
8.313724596843149e-13 -8.313724596843707e-13
8.256606976196227e-13 -8.256606976196444e-13
8.199895559639337e-13 -8.19989555963944e-13
8.143587357016515e-13 -8.143587357016846e-13
8.087679400954185e-13 -8.087679400954402e-13
8.032168746679389e-13 -8.032168746679379e-13
7.97705247184166e-13 -7.977052471841992e-13
7.92232767633922e-13 -7.922327676339552e-13
7.86799148214119e-13 -7.867991482141521e-13
7.814041033114127e-13 -7.814041033114459e-13
7.760473494849572e-13 -7.760473494849677e-13
7.707286054493863e-13 -7.707286054493968e-13
7.654475920577832e-13 -7.654475920577937e-13
7.602040322849094e-13 -7.602040322849086e-13
7.549976512104106e-13 -7.549976512103985e-13
7.498281760023723e-13 -7.498281760023829e-13
7.446953359009197e-13 -7.446953359009303e-13
7.395988622018385e-13 -7.395988622018265e-13
7.345384882404994e-13 -7.345384882404647e-13
7.295139493757248e-13 -7.295139493756901e-13
7.245249829741283e-13 -7.245249829740824e-13
7.195713283941466e-13 -7.195713283941007e-13
7.146527269704194e-13 -7.146527269703961e-13
7.097689219984954e-13 -7.097689219984721e-13
7.049196587191953e-13 -7.04919658719172e-13
7.001046843034253e-13 -7.001046843034133e-13
6.953237478372013e-13 -6.953237478371893e-13
6.905766003064441e-13 -6.905766003064208e-13
6.858629945822006e-13 -6.85862994582166e-13
6.811826854058279e-13 -6.811826854058045e-13
6.765354293744436e-13 -6.76535429374409e-13
6.719209849262156e-13 -6.71920984926181e-13
6.673391123261771e-13 -6.673391123261425e-13
6.627895736517672e-13 -6.627895736517551e-13
6.582721327787392e-13 -6.582721327787271e-13
6.537865553670536e-13 -6.537865553670528e-13
6.493326088469234e-13 -6.493326088469001e-13
6.449100624049912e-13 -6.449100624049679e-13
6.405186869706689e-13 -6.405186869706229e-13
6.361582552024393e-13 -6.361582552023708e-13
6.318285414743333e-13 -6.318285414742536e-13
6.275293218626933e-13 -6.275293218626137e-13
6.23260374132707e-13 -6.232603741326498e-13
6.190214777253057e-13 -6.190214777252485e-13
6.148124137441036e-13 -6.148124137440464e-13
6.106329649424871e-13 -6.106329649424299e-13
6.064829157105526e-13 -6.064829157104954e-13
6.023620520625553e-13 -6.023620520625093e-13
5.982701616241604e-13 -5.982701616241143e-13
5.942070336198902e-13 -5.942070336198667e-13
5.901724588606885e-13 -5.90172458860665e-13
5.86166229731624e-13 -5.861662297316005e-13
5.821881401795752e-13 -5.821881401795404e-13
5.782379857009878e-13 -5.782379857009531e-13
5.743155633299393e-13 -5.743155633299046e-13
5.704206716262628e-13 -5.70420671626228e-13
5.665531106634733e-13 -5.665531106634497e-13
5.627126820171579e-13 -5.627126820171344e-13
5.588991887531785e-13 -5.58899188753155e-13
5.551124354162598e-13 -5.551124354162363e-13
5.513522280183328e-13 -5.513522280182981e-13
5.476183740272308e-13 -5.47618374027196e-13
5.439106823554204e-13 -5.439106823553745e-13
5.402289633486137e-13 -5.402289633485567e-13
5.365730287748865e-13 -5.365730287748183e-13
5.329426918135195e-13 -5.329426918134512e-13
5.293377670440661e-13 -5.293377670439978e-13
5.257580704354564e-13 -5.257580704353881e-13
5.222034193352941e-13 -5.222034193352258e-13
5.186736324591885e-13 -5.186736324591203e-13
5.151685298800448e-13 -5.151685298799876e-13
5.116879330177246e-13 -5.116879330176674e-13
5.082316646283742e-13 -5.08231664628317e-13
5.047995487943795e-13 -5.047995487943223e-13
5.013914109138874e-13 -5.013914109138302e-13
4.980070776907087e-13 -4.980070776906404e-13
4.946463771241331e-13 -4.946463771240759e-13
4.913091384991364e-13 -4.913091384990568e-13
4.879951923760534e-13 -4.879951923759738e-13
4.847043705811335e-13 -4.847043705810539e-13
4.814365061965617e-13 -4.814365061964822e-13
4.781914335507159e-13 -4.781914335506809e-13
4.749689882086575e-13 -4.749689882086336e-13
4.717690069625132e-13 -4.717690069624893e-13
4.685913278219789e-13 -4.685913278219662e-13
4.654357900050593e-13 -4.654357900050466e-13
4.623022339286507e-13 -4.623022339286379e-13
4.591905011992147e-13 -4.591905011992354e-13
4.561004346037966e-13 -4.561004346038173e-13
4.5303187810076646e-13 -4.5303187810074263e-13
4.4998467681085986e-13 -4.499846768108583e-13
4.4695867700823084e-13 -4.46958677008207e-13
4.4395372611153765e-13 -4.439537261115138e-13
4.40969672675162e-13 -4.409696726751604e-13
4.380063663805282e-13 -4.3800636638051553e-13
4.3506365802719967e-13 -4.350636580272092e-13
4.321413995245752e-13 -4.321413995245736e-13
4.2923944388309583e-13 -4.292394438831054e-13
4.2635764520596255e-13 -4.26357645205961e-13
4.234958586806638e-13 -4.2349585868066225e-13
4.2065394057058085e-13 -4.206539405705904e-13
4.1783174820689134e-13 -4.178317482069009e-13
4.15029139980184e-13 -4.1502913998019354e-13
4.122459753323936e-13 -4.1224597533242536e-13
4.0948211474885755e-13 -4.094821147488671e-13
4.067374197499934e-13 -4.0673741975000296e-13
4.0401175288369693e-13 -4.0401175288370647e-13
4.0130497771732765e-13 -4.013049777173261e-13
3.9861695882966057e-13 -3.9861695882968116e-13
3.9594756180363393e-13 -3.959475618036656e-13
3.93296653218209e-13 -3.9329665321824067e-13
3.906641006408932e-13 -3.9066410064092484e-13
3.8804977262020574e-13 -3.880497726202374e-13
3.8545353867810877e-13 -3.854535386781404e-13
3.8287526930263533e-13 -3.828752693026449e-13
3.803148359402614e-13 -3.803148359402709e-13
3.777721109889062e-13 -3.7777211098891573e-13
3.752469677904219e-13 -3.7524696779045353e-13
3.727392806234679e-13 -3.7273928062349957e-13
3.7024892469622857e-13 -3.7024892469626023e-13
3.6777577613951506e-13 -3.677757761395467e-13
3.653197119994783e-13 -3.6531971199951e-13
3.6288061023079484e-13 -3.628806102308265e-13
3.6045834968967274e-13 -3.604583496897044e-13
3.5805281012688883e-13 -3.580528101269205e-13
3.5566387218107685e-13 -3.556638721811085e-13
3.5329141737190257e-13 -3.5329141737193423e-13
3.509353280933465e-13 -3.509353280933671e-13
3.485954876069506e-13 -3.4859548760692705e-13
3.4627178003531603e-13 -3.462717800352925e-13
3.439640903554765e-13 -3.43964090355453e-13
3.416723043924117e-13 -3.416723043923882e-13
3.3939630881259113e-13 -3.393963088125676e-13
3.3713599111758037e-13 -3.3713599111754584e-13
3.348912396375455e-13 -3.3489123963751095e-13
3.3266194352511737e-13 -3.3266194352509384e-13
3.3044799274904353e-13 -3.3044799274902e-13
3.2824927808799066e-13 -3.2824927808796714e-13
3.260656911243217e-13 -3.260656911243202e-13
3.238971242381666e-13 -3.238971242381651e-13
3.2174347060113705e-13 -3.217434706011245e-13
3.196046241703571e-13 -3.196046241703446e-13
3.174804796826218e-13 -3.1748047968260926e-13
3.1537093264838697e-13 -3.1537093264837445e-13
3.132758793457774e-13 -3.132758793457649e-13
3.1119521681498685e-13 -3.1119521681497433e-13
3.0912884285232204e-13 -3.091288428523315e-13
3.070766560045289e-13 -3.070766560045383e-13
3.050385555630374e-13 -3.050385555630688e-13
3.030144415583785e-13 -3.030144415583879e-13
3.010042147545741e-13 -3.0100421475458354e-13
2.9900777664350184e-13 -2.990077766435113e-13
2.970250294394635e-13 -2.9702502943947295e-13
2.9505587607359556e-13 -2.9505587607362697e-13
2.931002201886705e-13 -2.93100220188669e-13
2.9115796613338885e-13 -2.9115796613338734e-13
2.892290189572483e-13 -2.8922901895724677e-13
2.8731328440515573e-13 -2.873132844051542e-13
2.8541066891226515e-13 -2.8541066891226364e-13
2.8352107959860247e-13 -2.835210795986119e-13
2.816444242639599e-13 -2.8164442426396933e-13
2.7978061138274127e-13 -2.797806113827507e-13
2.7792955009890175e-13 -2.779295500989112e-13
2.7609115022086015e-13 -2.7609115022084773e-13
2.7426532221634123e-13 -2.742653222163507e-13
2.724519772076943e-13 -2.7245197720771476e-13
2.7065102696668173e-13 -2.706510269667022e-13
2.6886238390965617e-13 -2.688623839096766e-13
2.670859610927328e-13 -2.6708596109275325e-13
2.6532167220694553e-13 -2.6532167220695507e-13
2.6356943157333233e-13 -2.6356943157335283e-13
2.618291541383762e-13 -2.6182915413841855e-13
2.6010075546924384e-13 -2.601007554692862e-13
2.58384151748932e-13 -2.583841517489744e-13
2.566792597718345e-13 -2.5667925977190957e-13
2.5498599693905204e-13 -2.549859969391271e-13
2.5330428125375214e-13 -2.533042812538272e-13
2.5163403131676294e-13 -2.516340313168271e-13
2.4997516632196545e-13 -2.499751663220296e-13
2.483276060518765e-13 -2.4832760605192977e-13
2.4669127087321517e-13 -2.4669127087324667e-13
2.450660817325182e-13 -2.450660817325497e-13
2.434519601517387e-13 -2.434519601517702e-13
2.4184882822393725e-13 -2.4184882822394694e-13
2.402566086090218e-13 -2.4025660860900974e-13
2.386752245294164e-13 -2.3867522452938257e-13
2.37104599765822e-13 -2.371045997657882e-13
2.3554465865315667e-13 -2.3554465865312284e-13
2.339953260762501e-13 -2.3399532607619453e-13
2.324565274658156e-13 -2.3245652746576e-13
2.3092818879419785e-13 -2.3092818879414226e-13
2.294102365715288e-13 -2.294102365714732e-13
2.2790259784148517e-13 -2.279025978414296e-13
2.2640520017743178e-13 -2.2640520017738707e-13
2.2491797167839552e-13 -2.2491797167832908e-13
2.2344084096501153e-13 -2.234408409649451e-13
2.21973737175713e-13 -2.2197373717567914e-13
2.2051658996304498e-13 -2.2051658996300028e-13
2.1906932948943993e-13 -2.1906932948938437e-13
2.1763188642360571e-13 -2.1763188642357186e-13
2.1620419193677706e-13 -2.162041919367432e-13
2.1478617769879784e-13 -2.14786177698764e-13
2.133777758745116e-13 -2.1337777587447776e-13
2.1197891911991776e-13 -2.1197891911990562e-13
2.1058954057878785e-13 -2.1058954057874317e-13
2.0920957387865687e-13 -2.0920957387860136e-13
2.078389531273939e-13 -2.078389531273384e-13
2.0647761290964659e-13 -2.0647761290959108e-13
2.0512548828314912e-13 -2.0512548828309361e-13
2.0378251477530523e-13 -2.0378251477524972e-13
2.024486283796128e-13 -2.0244862837955729e-13
2.01123765552136e-13 -2.0112376555209129e-13
1.9980786320817635e-13 -1.9980786320814247e-13
1.9850085871881795e-13 -1.9850085871877327e-13
1.972026899074442e-13 -1.9720268990737788e-13
1.9591329504625851e-13 -1.9591329504621383e-13
1.9463261285332847e-13 -1.946326128532838e-13
1.9336058248890883e-13 -1.9336058248886415e-13
1.9209714355219042e-13 -1.9209714355214573e-13
1.9084223607810697e-13 -1.908422360780839e-13
1.8959580053418888e-13 -1.89595800534155e-13
1.8835777781706412e-13 -1.8835777781703024e-13
1.8712810924946004e-13 -1.8712810924943697e-13
1.8590673657699283e-13 -1.8590673657700217e-13
1.8469360196506857e-13 -1.846936019650779e-13
1.8348864799564766e-13 -1.83488647995657e-13
1.8229181766416398e-13 -1.8229181766417332e-13
1.811030543765018e-13 -1.8110305437651114e-13
1.7992230194596523e-13 -1.7992230194597457e-13
1.78749504590165e-13 -1.7874950459018515e-13
1.7758460692805985e-13 -1.7758460692808e-13
1.7642755397700127e-13 -1.7642755397702141e-13
1.7527829114965246e-13 -1.7527829114966183e-13
1.7413676425125564e-13 -1.74136764251265e-13
1.7300291947647151e-13 -1.7300291947648088e-13
1.7187670340668573e-13 -1.718767034066951e-13
1.7075806300708142e-13 -1.7075806300709078e-13
1.696469456237798e-13 -1.6964694562378918e-13
1.6854329898094102e-13 -1.6854329898095038e-13
1.674470711780728e-13 -1.6744707117809292e-13
1.6635821068715938e-13 -1.66358210687201e-13
1.652766663500626e-13 -1.6527666635010423e-13
1.6420238737550663e-13 -1.6420238737554826e-13
1.631353233366253e-13 -1.6313532333666692e-13
1.6207542416810378e-13 -1.620754241681454e-13
1.6102264016352772e-13 -1.6102264016354786e-13
1.5997692197272478e-13 -1.5997692197274492e-13
1.5893822059918436e-13 -1.589382205992045e-13
1.5790648739745883e-13 -1.5790648739747898e-13
1.5688167407038532e-13 -1.5688167407040547e-13
1.5586373266672932e-13 -1.5586373266673871e-13
1.5485261557844452e-13 -1.548526155784539e-13
1.5384827553829014e-13 -1.5384827553829953e-13
1.528506656172684e-13 -1.528506656172778e-13
1.5185973922196865e-13 -1.5185973922193512e-13
1.5087545009232167e-13 -1.5087545009228815e-13
1.4989775229891752e-13 -1.49897752298884e-13
1.4892660024087262e-13 -1.4892660024081766e-13
1.4796194864297092e-13 -1.4796194864292667e-13
1.4700375255369744e-13 -1.470037525536532e-13
1.460519673424922e-13 -1.4605196734244795e-13
1.451065486976605e-13 -1.4510654869762695e-13
1.4416745262379317e-13 -1.4416745262378103e-13
1.4323463543968213e-13 -1.4323463543967e-13
1.4230805377566047e-13 -1.4230805377564832e-13
1.4138766457169447e-13 -1.4138766457167163e-13
1.4047342507478261e-13 -1.4047342507475977e-13
1.395652928369029e-13 -1.3956529283688006e-13
1.386632257126632e-13 -1.3866322571261898e-13
1.377671818570184e-13 -1.377671818569635e-13
1.368771197232681e-13 -1.368771197232132e-13
1.3599299806066112e-13 -1.3599299806060621e-13
1.3511477591229133e-13 -1.3511477591223643e-13
1.3424241261294239e-13 -1.3424241261288748e-13
1.3337586778692432e-13 -1.3337586778689077e-13
1.3251510134600862e-13 -1.3251510134597507e-13
1.3166007348709886e-13 -1.31660073487108e-13
1.3081074469045887e-13 -1.3081074469047868e-13
1.2996707571738822e-13 -1.2996707571740803e-13
1.2912902760824158e-13 -1.291290276082614e-13
1.2829656168039708e-13 -1.282965616804169e-13
1.2746963952613103e-13 -1.2746963952615084e-13
1.2664822301076152e-13 -1.2664822301078134e-13
1.2583227427047442e-13 -1.2583227427049423e-13
1.2502175571045023e-13 -1.2502175571047004e-13
1.2421663000285453e-13 -1.2421663000287434e-13
1.234168600848414e-13 -1.2341686008486122e-13
1.2262240915667623e-13 -1.2262240915669605e-13
1.2183324067977542e-13 -1.2183324067979524e-13
1.2104931837469526e-13 -1.2104931837473635e-13
1.2027060621953793e-13 -1.2027060621957902e-13
1.1949706844765723e-13 -1.1949706844769832e-13
1.1872866954605827e-13 -1.1872866954609937e-13
1.1796537425354377e-13 -1.1796537425358487e-13
1.1720714755869227e-13 -1.1720714755875465e-13
1.1645395469824273e-13 -1.1645395469829448e-13
1.1570576115510875e-13 -1.1570576115513925e-13
1.1496253265662903e-13 -1.1496253265665953e-13
1.142242351728303e-13 -1.1422423517285017e-13
1.1349083491455418e-13 -1.1349083491455281e-13
1.1276229833187284e-13 -1.1276229833186085e-13
1.1203859211209245e-13 -1.1203859211211231e-13
1.1131968317828954e-13 -1.1131968317830941e-13
1.1060553868736093e-13 -1.106055386873808e-13
1.0989612602840465e-13 -1.0989612602842452e-13
1.0919141282111349e-13 -1.0919141282113335e-13
1.0849136691394738e-13 -1.0849136691395663e-13
1.0779595638248832e-13 -1.0779595638249758e-13
1.0710514952794547e-13 -1.0710514952795472e-13
1.0641891487520616e-13 -1.0641891487521541e-13
1.0573722117154614e-13 -1.0573722117155539e-13
1.0506003738474791e-13 -1.0506003738477835e-13
1.0438733270166618e-13 -1.0438733270167543e-13
1.0371907652640292e-13 -1.0371907652643335e-13
1.0305523847906696e-13 -1.030552384790974e-13
1.0239578839392094e-13 -1.0239578839395137e-13
1.0174069631791129e-13 -1.0174069631794172e-13
1.0108993250910478e-13 -1.0108993250914579e-13
1.0044346743525359e-13 -1.0044346743527344e-13
9.98012717720131e-14 -9.980127177203296e-14
9.916331640176435e-14 -9.916331640180536e-14
9.852957241195148e-14 -9.852957241198193e-14
9.790001109343168e-14 -9.790001109346213e-14
9.727460393926016e-14 -9.72746039392906e-14
9.665332264311734e-14 -9.665332264314779e-14
9.603613909780114e-14 -9.603613909783158e-14
9.542302539386879e-14 -9.542302539389923e-14
9.481395381811124e-14 -9.481395381814168e-14
9.420889685220878e-14 -9.420889685223922e-14
9.36078271712297e-14 -9.360782717126015e-14
9.301071764236298e-14 -9.301071764239342e-14
9.241754132335678e-14 -9.241754132338722e-14
9.182827146122252e-14 -9.182827146125297e-14
9.124288149095091e-14 -9.124288149098135e-14
9.066134503396573e-14 -9.066134503396454e-14
9.008363589686413e-14 -9.008363589686294e-14
8.950972807010544e-14 -8.950972807010425e-14
8.893959572663833e-14 -8.893959572661607e-14
8.837321322057165e-14 -8.837321322054938e-14
8.781055508590982e-14 -8.781055508588755e-14
8.725159603518449e-14 -8.725159603516223e-14
8.669631095825602e-14 -8.669631095822323e-14
8.61446749208532e-14 -8.614467492082041e-14
8.559666316354612e-14 -8.559666316351333e-14
8.505225110030973e-14 -8.505225110027694e-14
8.451141431725733e-14 -8.451141431724558e-14
8.397412857155438e-14 -8.397412857155315e-14
8.344036978999683e-14 -8.344036979001662e-14
8.291011406791704e-14 -8.291011406793683e-14
8.238333766787023e-14 -8.238333766789002e-14
8.186001701852188e-14 -8.186001701854167e-14
8.134012871331592e-14 -8.134012871335673e-14
8.08236495095224e-14 -8.082364950955271e-14
8.031055632674016e-14 -8.031055632678096e-14
7.980082624597863e-14 -7.980082624601944e-14
7.929443650838378e-14 -7.929443650842458e-14
7.879136451410178e-14 -7.879136451413209e-14
7.82915878211231e-14 -7.829158782115341e-14
7.779508414412777e-14 -7.779508414415808e-14
7.730183135345776e-14 -7.730183135348807e-14
7.681180747383891e-14 -7.681180747386921e-14
7.632499068338727e-14 -7.63249906834071e-14
7.584135931245933e-14 -7.584135931243723e-14
7.536089184248255e-14 -7.536089184248141e-14
7.488356690512244e-14 -7.48835669051213e-14
7.440936328086394e-14 -7.440936328086281e-14
7.393825989813903e-14 -7.393825989816931e-14
7.347023583233999e-14 -7.347023583237027e-14
7.300527030446747e-14 -7.300527030451869e-14
7.254334268036603e-14 -7.254334268041725e-14
7.208443246958396e-14 -7.208443246963518e-14
7.16285193243284e-14 -7.162851932437962e-14
7.11755830383902e-14 -7.117558303844142e-14
7.072560354624785e-14 -7.072560354629907e-14
7.027856092195277e-14 -7.027856092201445e-14
6.983443537823531e-14 -6.983443537827608e-14
6.93932072653191e-14 -6.939320726533896e-14
6.895485707021743e-14 -6.895485707020595e-14
6.851936541540349e-14 -6.851936541540245e-14
6.808671305816102e-14 -6.808671305815998e-14
6.765688088948662e-14 -6.76568808894647e-14
6.72298499330455e-14 -6.722984993302357e-14
6.68056013443266e-14 -6.680560134430468e-14
6.638411640969441e-14 -6.638411640967249e-14
6.596537654539998e-14 -6.596537654537806e-14
6.554936329669734e-14 -6.554936329669628e-14
6.513605833696093e-14 -6.513605833698072e-14
6.472544346660581e-14 -6.472544346661518e-14
6.431750061231147e-14 -6.431750061234168e-14
6.391221182606915e-14 -6.391221182609937e-14
6.350955928438669e-14 -6.35095592844169e-14
6.310952528722313e-14 -6.310952528723251e-14
6.271209225719555e-14 -6.271209225720492e-14
6.231724273878657e-14 -6.231724273879595e-14
6.192495939731338e-14 -6.192495939732276e-14
6.15352250181892e-14 -6.153522501815693e-14
6.114802250592553e-14 -6.114802250589325e-14
6.076333488345793e-14 -6.076333488342565e-14
6.03811452911917e-14 -6.038114529115943e-14
6.00014369861942e-14 -6.000143698616193e-14
5.962419334127357e-14 -5.96241933412517e-14
5.924939784434975e-14 -5.924939784432788e-14
5.887703409743099e-14 -5.887703409741951e-14
5.850708581591374e-14 -5.850708581590227e-14
5.8139536827769e-14 -5.813953682775753e-14
5.777437107257364e-14 -5.777437107259335e-14
5.7411572601083e-14 -5.741157260110271e-14
5.705112557398346e-14 -5.705112557402393e-14
5.669301426153929e-14 -5.6693014261579753e-14
5.633722304243021e-14 -5.633722304249144e-14
5.5983736403264825e-14 -5.598373640332606e-14
5.563253893762759e-14 -5.563253893771996e-14
5.528361534545883e-14 -5.528361534556157e-14
5.4936950432217575e-14 -5.4936950432341067e-14
5.4592529108107565e-14 -5.4592529108241425e-14
5.425033638742844e-14 -5.425033638754156e-14
5.3910357387730745e-14 -5.391035738784387e-14
5.357257732912723e-14 -5.357257732921962e-14
5.323698153355314e-14 -5.323698153363517e-14
5.290355542404799e-14 -5.2903555424130016e-14
5.257228452412099e-14 -5.257228452420302e-14
5.224315445688932e-14 -5.224315445697135e-14
5.191615094438296e-14 -5.191615094446499e-14
5.1591259807015925e-14 -5.1591259807097954e-14
5.1268466962685494e-14 -5.1268466962767523e-14
5.0947758426213835e-14 -5.0947758426295864e-14
5.0629120308583335e-14 -5.062912030864467e-14
5.031253881627618e-14 -5.031253881633752e-14
4.999800025059398e-14 -4.9998000250655316e-14
4.9685491007019453e-14 -4.968549100708079e-14
4.937499757449609e-14 -4.937499757455742e-14
4.906650653483264e-14 -4.9066506534862963e-14
4.8760004561953224e-14 -4.876000456198355e-14
4.845547842127219e-14 -4.845547842130251e-14
4.815291496915233e-14 -4.8152914969182645e-14
4.785230115212609e-14 -4.785230115215641e-14
4.755362400629319e-14 -4.755362400632351e-14
4.725687065672917e-14 -4.7256870656790463e-14
4.6962028316842976e-14 -4.696202831689395e-14
4.6669084287724916e-14 -4.666908428777589e-14
4.6378025957464345e-14 -4.6378025957525636e-14
4.608884080068471e-14 -4.608884080073568e-14
4.580151637781093e-14 -4.580151637788253e-14
4.5516040334574733e-14 -4.551604033462572e-14
4.52324004012834e-14 -4.5232400401303454e-14
4.495058439227478e-14 -4.495058439229484e-14
4.467058020531113e-14 -4.467058020533119e-14
4.439237582108685e-14 -4.439237582112751e-14
4.411595930255135e-14 -4.411595930259201e-14
4.3841318794294486e-14 -4.384131879432485e-14
4.3568442521984036e-14 -4.35684425220144e-14
4.329731879191707e-14 -4.3297318791947433e-14
4.3027935990263027e-14 -4.302793599029339e-14
4.276028258269858e-14 -4.276028258272894e-14
4.249434711370343e-14 -4.249434711373379e-14
4.2230118206052246e-14 -4.223011820608261e-14
4.196758456022488e-14 -4.1967584560244953e-14
4.1706734953878894e-14 -4.170673495389897e-14
4.1447558241394625e-14 -4.14475582414147e-14
4.119004335314318e-14 -4.1190043353163256e-14
4.0934179295207415e-14 -4.093417929522749e-14
4.067995514863054e-14 -4.0679955148630064e-14
4.042736006890179e-14 -4.0427360068901314e-14
4.017638328561726e-14 -4.0176383285616784e-14
3.9927014101771414e-14 -3.992701410178121e-14
3.9679241893285477e-14 -3.96792418933158e-14
3.943305610861842e-14 -3.943305610862822e-14
3.9188446268029475e-14 -3.918844626803927e-14
3.894540196324151e-14 -3.89454019632513e-14
3.8703912856899677e-14 -3.8703912856888954e-14
3.8463968682051076e-14 -3.8463968682040354e-14
3.822555924169677e-14 -3.822555924168605e-14
3.7988674408211004e-14 -3.798867440820028e-14
3.7753304123017237e-14 -3.7753304122996266e-14
3.7519438395854676e-14 -3.7519438395833705e-14
3.728706730454755e-14 -3.7287067304536827e-14
3.705618099444687e-14 -3.705618099441566e-14
3.6826769677862515e-14 -3.682676967783131e-14
3.6598823633690476e-14 -3.659882363363879e-14
3.637233320683572e-14 -3.6372333206804516e-14
3.6147288807973464e-14 -3.6147288807942256e-14
3.5923680912850143e-14 -3.5923680912859875e-14
3.5701500061953504e-14 -3.570150006197347e-14
3.5480736860070474e-14 -3.548073686009044e-14
3.526138197571254e-14 -3.526138197574273e-14
3.5043426140828064e-14 -3.5043426140858255e-14
3.4826860150177494e-14 -3.4826860150207685e-14
3.461167486106701e-14 -3.461167486111765e-14
3.439786119286782e-14 -3.43978611929389e-14
3.4185410126566614e-14 -3.4185410126627476e-14
3.397431270424498e-14 -3.397431270429563e-14
3.3764560028763635e-14 -3.376456002879385e-14
3.355614326329378e-14 -3.3556143263323996e-14
3.334905363098174e-14 -3.334905363099154e-14
3.314328241431787e-14 -3.3143282414297044e-14
3.293882095495517e-14 -3.2938820954924135e-14
3.2735660653160793e-14 -3.2735660653129757e-14
3.2533792967492525e-14 -3.253379296746149e-14
3.233320941429203e-14 -3.233320941425079e-14
3.213390156732137e-14 -3.213390156728013e-14
3.1935861057471295e-14 -3.193586105740966e-14
3.173907957209265e-14 -3.173907957205141e-14
3.1543548854929794e-14 -3.1543548854908937e-14
3.134926070550383e-14 -3.1349260705503356e-14
3.115620697881233e-14 -3.1156206978811857e-14
3.096437958492747e-14 -3.0964379584926997e-14
3.077377048852333e-14 -3.077377048854322e-14
3.058437170866837e-14 -3.058437170868826e-14
3.039617531835351e-14 -3.039617531835304e-14
3.0209173444091874e-14 -3.02091734440914e-14
3.0023358265559695e-14 -3.0023358265559216e-14
2.983872201520705e-14 -2.9838722015226914e-14
2.965525697807243e-14 -2.9655256978092296e-14
2.947295549108906e-14 -2.9472955491108926e-14
2.9291809943001925e-14 -2.929180994302179e-14
2.9111812773807146e-14 -2.911181277382701e-14
2.8932956474639116e-14 -2.8932956474648816e-14
2.8755233587149685e-14 -2.8755233587159385e-14
2.8578636703375623e-14 -2.857863670338532e-14
2.840315846521011e-14 -2.840315846521981e-14
2.822879156409815e-14 -2.8228791564128163e-14
2.8055528740884638e-14 -2.8055528740904495e-14
2.7883362785185433e-14 -2.788336278520529e-14
2.7712286535236136e-14 -2.7712286535255994e-14
2.7542292877477162e-14 -2.754229287748687e-14
2.737337474620012e-14 -2.7373374746219975e-14
2.7205525123326433e-14 -2.7205525123366577e-14
2.7038737038003624e-14 -2.7038737038033626e-14
2.687300356620202e-14 -2.6873003566232022e-14
2.670831783056532e-14 -2.670831783059532e-14
2.6544672999886276e-14 -2.6544672999926413e-14
2.6382062288998427e-14 -2.6382062289038565e-14
2.6220478958252506e-14 -2.6220478958292643e-14
2.6059916313347947e-14 -2.6059916313388084e-14
2.5900367704962016e-14 -2.5900367705002153e-14
2.5741826528429927e-14 -2.5741826528470064e-14
2.5584286223435427e-14 -2.5584286223475565e-14
2.5427740273772547e-14 -2.5427740273812685e-14
2.527218220692544e-14 -2.5272182206965576e-14
2.5117605593861116e-14 -2.5117605593901253e-14
2.4964004048670664e-14 -2.49640040487108e-14
2.481137122827152e-14 -2.4811371228311656e-14
2.4659700832211147e-14 -2.465970083224117e-14
2.450898660218785e-14 -2.4508986602207763e-14
2.435922232195619e-14 -2.4359222321955887e-14
2.4210401816858543e-14 -2.421040181685824e-14
2.4062518953710814e-14 -2.4062518953700404e-14
2.391556764032456e-14 -2.3915567640334357e-14
2.376954182543364e-14 -2.3769541825443437e-14
2.3624435498338168e-14 -2.3624435498327767e-14
2.348024268840747e-14 -2.348024268839707e-14
2.3336957465148857e-14 -2.3336957465138457e-14
2.3194573937690957e-14 -2.3194573937680557e-14
2.3053086254600547e-14 -2.3053086254590146e-14
2.2912488603659248e-14 -2.2912488603648848e-14
2.2772775211468936e-14 -2.2772775211458535e-14
2.2633940343269356e-14 -2.2633940343258956e-14
2.2495978302594595e-14 -2.249597830260436e-14
2.235888343116176e-14 -2.2358883431161446e-14
2.2222650108427163e-14 -2.2222650108447007e-14
2.2087272751505737e-14 -2.2087272751505425e-14
2.1952745814637126e-14 -2.195274581464689e-14
2.181906378930713e-14 -2.1819063789326968e-14
2.1686221203704263e-14 -2.16862212037241e-14
2.155421262252932e-14 -2.1554212622559228e-14
2.1423032646875615e-14 -2.1423032646905523e-14
2.1292675913696617e-14 -2.1292675913726525e-14
2.1163137095888058e-14 -2.1163137095917965e-14
2.1034410901786326e-14 -2.1034410901816233e-14
2.0906492075120106e-14 -2.0906492075150014e-14
2.0779375394589887e-14 -2.0779375394619795e-14
2.0653055673779763e-14 -2.0653055673769442e-14
2.0527527760817966e-14 -2.0527527760787535e-14
2.0402786538067887e-14 -2.040278653804751e-14
2.0278826922201354e-14 -2.0278826922180976e-14
2.0155643863598548e-14 -2.015564386357817e-14
2.003323234630111e-14 -2.0033232346290783e-14
1.9911587387814638e-14 -1.991158738780431e-14
1.979070403876069e-14 -1.9790704038730274e-14
1.9670577382709936e-14 -1.9670577382689564e-14
1.9551202535985323e-14 -1.9551202535964952e-14
1.9432574647344995e-14 -1.9432574647324623e-14
1.931468889791643e-14 -1.9314688897896058e-14
1.9197540500799524e-14 -1.9197540500759087e-14
1.908112470095097e-14 -1.9081124700910533e-14
1.8965436774888208e-14 -1.896543677486783e-14
1.8850472030694515e-14 -1.8850472030674137e-14
1.8736225807442576e-14 -1.87362258074222e-14
1.862269347525017e-14 -1.862269347522979e-14
1.850987043500503e-14 -1.8509870434984652e-14
1.8397752118080007e-14 -1.839775211805963e-14
1.8286333986248846e-14 -1.828633398623849e-14
1.8175611531411756e-14 -1.8175611531381366e-14
1.8065580275391354e-14 -1.806558027535095e-14
1.7956235769688748e-14 -1.7956235769628318e-14
1.7847573595279926e-14 -1.784757359525954e-14
1.773958936258249e-14 -1.7739589362582125e-14
1.763227871104217e-14 -1.763227871105181e-14
1.7525637309019866e-14 -1.7525637309039512e-14
1.7419660853608842e-14 -1.7419660853628488e-14
1.7314345070392038e-14 -1.731434507044169e-14
1.7209685713399648e-14 -1.72096857134293e-14
1.7105678564566843e-14 -1.710567856460649e-14
1.7002319433951714e-14 -1.7002319433991362e-14
1.6899604159323395e-14 -1.689960415935305e-14
1.679752860594043e-14 -1.6797528606000062e-14
1.6696088666539163e-14 -1.6696088666588804e-14
1.659528026093259e-14 -1.659528026098223e-14
1.6495099335989098e-14 -1.6495099336058713e-14
1.6395541865421525e-14 -1.639554186549114e-14
1.6296603849496554e-14 -1.6296603849576153e-14
1.619828131499393e-14 -1.619828131507353e-14
1.610057031491623e-14 -1.610057031499583e-14
1.600346692840846e-14 -1.6003466928478082e-14
1.5906967260468232e-14 -1.5906967260537854e-14
1.5811067441915545e-14 -1.5811067441955243e-14
1.571576362900362e-14 -1.571576362904332e-14
1.5621052003488738e-14 -1.5621052003528437e-14
1.5526928772321205e-14 -1.5526928772350935e-14
1.5433390167406412e-14 -1.5433390167426178e-14
1.5340432445625183e-14 -1.534043244564495e-14
1.5248051888505424e-14 -1.524805188852519e-14
1.51562448021232e-14 -1.5156244802142965e-14
1.5065007516974017e-14 -1.5065007516993782e-14
1.497433638765507e-14 -1.497433638768479e-14
1.4884227792866338e-14 -1.488422779289606e-14
1.4794678135212655e-14 -1.4794678135212516e-14
1.470568384092632e-14 -1.4705683840896328e-14
1.4617241359798957e-14 -1.4617241359778914e-14
1.4529347165083577e-14 -1.4529347165063534e-14
1.4441997753217727e-14 -1.444199775325736e-14
1.4355189643805443e-14 -1.435518964382519e-14
1.4268919379211493e-14 -1.426891937923124e-14
1.4183183524613254e-14 -1.4183183524652882e-14
1.4097978667883593e-14 -1.409797866792322e-14
1.4013301419285075e-14 -1.401330141933464e-14
1.3929148411363162e-14 -1.3929148411412727e-14
1.3845516298859375e-14 -1.3845516298918874e-14
1.3762401758485522e-14 -1.376240175853509e-14
1.3679801488817282e-14 -1.367980148886685e-14
1.359771221010849e-14 -1.3597712210158058e-14
1.3516130664224698e-14 -1.3516130664284191e-14
1.3435053614447806e-14 -1.3435053614507299e-14
1.3354477845201498e-14 -1.335447784526099e-14
1.3274400162173753e-14 -1.3274400162243165e-14
1.3194817391973087e-14 -1.3194817392042499e-14
1.3115726382023112e-14 -1.3115726382092524e-14
1.3037124000486955e-14 -1.3037124000556367e-14
1.2959007136122355e-14 -1.2959007136171942e-14
1.2881372697948599e-14 -1.2881372697978363e-14
1.2804217615429043e-14 -1.2804217615438989e-14
1.2727538838059042e-14 -1.2727538838059081e-14
1.2651333335380198e-14 -1.2651333335390144e-14
1.2575598096865855e-14 -1.25755980968758e-14
1.2500330131588866e-14 -1.2500330131598812e-14
1.242552646838468e-14 -1.2425526468374826e-14
1.2351184155430285e-14 -1.2351184155400635e-14
1.2277300260258995e-14 -1.2277300260229345e-14
1.2203871869656484e-14 -1.2203871869636728e-14
1.2130896089467905e-14 -1.2130896089438256e-14
1.2058370044523869e-14 -1.205837004449422e-14
1.1986290878428062e-14 -1.1986290878408303e-14
1.1914655753513143e-14 -1.1914655753493383e-14
1.1843461850648407e-14 -1.1843461850628648e-14
1.1772706369176127e-14 -1.1772706369156367e-14
1.1702386526719485e-14 -1.1702386526699726e-14
1.1632499559089503e-14 -1.1632499559089503e-14
1.156304272026119e-14 -1.156304272026119e-14
1.1494013282122585e-14 -1.1494013282142338e-14
1.1425408534312898e-14 -1.1425408534332651e-14
1.1357225784297747e-14 -1.13572257843175e-14
1.128946235706924e-14 -1.1289462357088993e-14
1.1222115595063474e-14 -1.1222115595083227e-14
1.1155182858176756e-14 -1.1155182858176775e-14
1.1088661523387234e-14 -1.1088661523387253e-14
1.1022548984968675e-14 -1.1022548984968694e-14
1.0956842654082766e-14 -1.0956842654082785e-14
1.0891539958825352e-14 -1.089153995882537e-14
1.0826638344045909e-14 -1.0826638344045928e-14
1.076213527134459e-14 -1.0762135271324897e-14
1.0698028218724381e-14 -1.0698028218714543e-14
1.0634314680824884e-14 -1.0634314680785487e-14
1.0570992168387525e-14 -1.057099216836783e-14
1.050805820861753e-14 -1.0508058208578135e-14
1.044551034463961e-14 -1.044551034461991e-14
1.0383346135731962e-14 -1.0383346135731954e-14
1.0321563156989115e-14 -1.0321563156989107e-14
1.0260158999309871e-14 -1.0260158999309864e-14
1.0199131269296715e-14 -1.0199131269286867e-14
1.0138477589106111e-14 -1.0138477589096263e-14
1.0078195596397329e-14 -1.007819559638748e-14
1.0018282944163282e-14 -1.0018282944163268e-14
9.958737300689374e-15 -9.958737300709026e-15
9.899556349473049e-15 -9.899556349512363e-15
9.840737789015647e-15 -9.84073778906479e-15
9.782279332811003e-15 -9.782279332869974e-15
9.724178709206326e-15 -9.724178709265296e-15
9.666433661302505e-15 -9.666433661361476e-15
9.609041946923274e-15 -9.6090419469626e-15
9.552001338329062e-15 -9.552001338378208e-15
9.495309622392605e-15 -9.495309622471207e-15
9.438964600322817e-15 -9.438964600401419e-15
9.382964087604845e-15 -9.382964087663815e-15
9.32730591382243e-15 -9.327305913881401e-15
9.271987922755166e-15 -9.271987922814136e-15
9.217007972132307e-15 -9.217007972181467e-15
9.162363933622221e-15 -9.162363933651766e-15
9.108053692586503e-15 -9.108053692616048e-15
9.054075148197066e-15 -9.054075148246219e-15
9.00042621323946e-15 -9.00042621330822e-15
8.947104814063389e-15 -8.947104814132148e-15
8.894108890347076e-15 -8.894108890435433e-15
8.841436395243964e-15 -8.841436395312726e-15
8.78908529507868e-15 -8.789085295147442e-15
8.737053569346889e-15 -8.737053569405856e-15
8.68533921070536e-15 -8.685339210754536e-15
8.633940224756458e-15 -8.633940224805634e-15
8.5828546300188e-15 -8.582854630067976e-15
8.532080457878386e-15 -8.532080457927562e-15
8.481615752441917e-15 -8.481615752471523e-15
8.431458570380473e-15 -8.43145857041008e-15
8.381606981066779e-15 -8.381606981096385e-15
8.332059066311379e-15 -8.332059066340985e-15
8.282812920304395e-15 -8.282812920334001e-15
8.233866649596448e-15 -8.233866649606502e-15
8.185218372932974e-15 -8.185218372943027e-15
8.136866221245072e-15 -8.136866221255125e-15
8.088808337571952e-15 -8.088808337572235e-15
8.041042876876011e-15 -8.041042876876294e-15
7.99356800610225e-15 -7.993568006073231e-15
7.946381903983748e-15 -7.946381903954729e-15
7.899482761003526e-15 -7.899482760974507e-15
7.852868779375983e-15 -7.852868779366488e-15
7.806538172960026e-15 -7.806538172940771e-15
7.760489166996624e-15 -7.760489166977369e-15
7.714719998285663e-15 -7.714719998266409e-15
7.669228914991956e-15 -7.669228914962947e-15
7.624014176529452e-15 -7.624014176500442e-15
7.579074053562569e-15 -7.579074053523807e-15
7.534406827919795e-15 -7.534406827881033e-15
7.490010792487858e-15 -7.490010792449097e-15
7.445884251106004e-15 -7.44588425107699e-15
7.402025518626028e-15 -7.402025518616504e-15
7.358432920689718e-15 -7.358432920680193e-15
7.315104793759757e-15 -7.315104793750232e-15
7.272039484994789e-15 -7.272039484975525e-15
7.229235352144059e-15 -7.22923535214427e-15
7.186690763656358e-15 -7.186690763656569e-15
7.14440409836055e-15 -7.144404098380231e-15
7.1023737456038355e-15 -7.102373745604051e-15
7.060598104981181e-15 -7.060598104981396e-15
7.019075586434716e-15 -7.019075586434931e-15
6.9778046102071256e-15 -6.977804610178159e-15
6.936783606561676e-15 -6.936783606561886e-15
6.896011015959512e-15 -6.896011015959722e-15
6.855485288838197e-15 -6.855485288857852e-15
6.815204885594582e-15 -6.815204885623957e-15
6.7751682765288096e-15 -6.775168276558185e-15
6.735373941759236e-15 -6.735373941788612e-15
6.6958203711277e-15 -6.695820371157076e-15
6.6565060642214555e-15 -6.6565060642216906e-15
6.617429530220266e-15 -6.617429530220501e-15
6.578589287889294e-15 -6.578589287899239e-15
6.539983865523459e-15 -6.539983865523696e-15
6.501611800804484e-15 -6.501611800824134e-15
6.4634716408715846e-15 -6.4634716408718244e-15
6.425561942120405e-15 -6.425561942101238e-15
6.387881270205873e-15 -6.387881270167303e-15
6.350428199909249e-15 -6.350428199899779e-15
6.3132013153253435e-15 -6.313201315306176e-15
6.276199209487173e-15 -6.276199209448613e-15
6.2394204844466076e-15 -6.239420484408047e-15
6.202863751209549e-15 -6.202863751180681e-15
6.1665276298068514e-15 -6.1665276297586015e-15
6.130410748929156e-15 -6.1304107489002845e-15
6.094511746094872e-15 -6.0945117460563125e-15
6.058829267614613e-15 -6.058829267566368e-15
6.0233619683426085e-15 -6.023361968294363e-15
5.98810851188342e-15 -5.988108511844857e-15
5.953067570285392e-15 -5.953067570246829e-15
5.918237824111862e-15 -5.918237824073299e-15
5.883617962405864e-15 -5.883617962347946e-15
5.849206682471019e-15 -5.849206682422777e-15
5.815002690078285e-15 -5.815002690030043e-15
5.781004699227598e-15 -5.781004699179356e-15
5.747211432093465e-15 -5.7472114320355525e-15
5.713621619018963e-15 -5.7136216189803875e-15
5.680233998519395e-15 -5.68023399848082e-15
5.647047317111988e-15 -5.647047317073413e-15
5.614060329300343e-15 -5.614060329261768e-15
5.581271797645878e-15 -5.581271797578316e-15
5.5486804924044796e-15 -5.5486804923369176e-15
5.516285191907209e-15 -5.516285191820329e-15
5.484084682119818e-15 -5.484084682013624e-15
5.452077756781982e-15 -5.452077756675788e-15
5.420263217362991e-15 -5.4202632172567966e-15
5.3886398729981794e-15 -5.388639872891985e-15
5.3572065403192614e-15 -5.357206540232368e-15
5.325962043574273e-15 -5.325962043497027e-15
5.294905214554474e-15 -5.294905214448288e-15
5.264034892289836e-15 -5.26403489218365e-15
5.233349923439127e-15 -5.233349923332941e-15
5.2028491618986705e-15 -5.202849161792484e-15
5.172531468797057e-15 -5.1725314686908705e-15
5.1423957126440765e-15 -5.14239571253789e-15
5.1124407691036905e-15 -5.1124407689878676e-15
5.082665520940632e-15 -5.082665520844079e-15
5.0530688581308265e-15 -5.053068858034274e-15
5.023649677586452e-15 -5.023649677489899e-15
4.994406883324218e-15 -4.994406883227665e-15
4.9653393863157644e-15 -4.965339386219212e-15
4.9364461044248414e-15 -4.936446104328289e-15
4.9077259624889095e-15 -4.9077259623634814e-15
4.8791778919965e-15 -4.879177891871072e-15
4.850800831409506e-15 -4.8508008312840775e-15
4.822593725840657e-15 -4.822593725715229e-15
4.7945555271063915e-15 -4.794555526990582e-15
4.766685193693134e-15 -4.766685193577324e-15
4.738981690742833e-15 -4.738981690627024e-15
4.711443989875094e-15 -4.7114439897592846e-15
4.684071069288197e-15 -4.684071069201222e-15
4.656861913715885e-15 -4.65686191362891e-15
4.62981551424968e-15 -4.6298155141627046e-15
4.60293086836308e-15 -4.602930868295319e-15
4.576206979983782e-15 -4.576206979944835e-15
4.549642859268122e-15 -4.549642859296398e-15
4.523237522759796e-15 -4.523237522788072e-15
4.496989993145233e-15 -4.496989993173509e-15
4.470899299287542e-15 -4.470899299325416e-15
4.444964476260425e-15 -4.4449644762887024e-15
4.4191845651709794e-15 -4.419184565199257e-15
4.393558613318418e-15 -4.393558613346696e-15
4.36808567393062e-15 -4.368085673978081e-15
4.342764806332464e-15 -4.342764806379925e-15
4.317595075672955e-15 -4.317595075739593e-15
4.292575553151095e-15 -4.292575553217733e-15
4.267705315723965e-15 -4.267705315790603e-15
4.242983446294237e-15 -4.242983446360875e-15
4.218409033485511e-15 -4.218409033552149e-15
4.1939811716956614e-15 -4.1939811717623e-15
4.169698961102258e-15 -4.169698961159318e-15
4.145561507476443e-15 -4.145561507552656e-15
4.121567922360825e-15 -4.121567922437038e-15
4.097717322825992e-15 -4.097717322921353e-15
4.074008831571819e-15 -4.074008831686323e-15
4.0504415768372856e-15 -4.0504415769517895e-15
4.027014692281672e-15 -4.027014692415313e-15
4.0037273171528596e-15 -4.003727317305634e-15
3.980578596072885e-15 -3.9805785962256594e-15
3.957567679081893e-15 -3.95756767921554e-15
3.934693721481255e-15 -3.9346937216149026e-15
3.911955884087916e-15 -3.911955884221564e-15
3.8893533329150045e-15 -3.889353333048652e-15
3.8668852392063295e-15 -3.866885239339977e-15
3.8445507794708514e-15 -3.844550779575832e-15
3.822349135373813e-15 -3.822349135478794e-15
3.800279493847671e-15 -3.800279493952652e-15
3.77834104682091e-15 -3.778341046916341e-15
3.756532991338596e-15 -3.756532991434027e-15
3.734854529587354e-15 -3.734854529682785e-15
3.713304868700781e-15 -3.713304868796212e-15
3.691883220803623e-15 -3.6918832208990535e-15
3.670588803074996e-15 -3.670588803170427e-15
3.649420837506269e-15 -3.6494208376017e-15
3.628378551031158e-15 -3.628378551126589e-15
3.607461175464975e-15 -3.607461175560406e-15
3.58666794741532e-15 -3.586667947510751e-15
3.5659981083549295e-15 -3.56599810845036e-15
3.5454509045228822e-15 -3.5454509045706513e-15
3.5250255868163597e-15 -3.525025586864129e-15
3.50472141090167e-15 -3.504721410949439e-15
3.484537637125101e-15 -3.48453763717287e-15
3.4644735304905333e-15 -3.4644735305383023e-15
3.4445283605989753e-15 -3.4445283606181718e-15
3.4247014015976752e-15 -3.4247014016168718e-15
3.4049919323292185e-15 -3.404991932348415e-15
3.3853992359950114e-15 -3.385399236023727e-15
3.365922600428188e-15 -3.365922600456904e-15
3.346561317890483e-15 -3.3465613179096825e-15
3.3273146850785922e-15 -3.327314685097792e-15
3.3081820030829722e-15 -3.3081820031211977e-15
3.2891625774227594e-15 -3.289162577460985e-15
3.270255717985569e-15 -3.270255718004775e-15
3.2514607388817728e-15 -3.2514607389009788e-15
3.2327769586601448e-15 -3.2327769586793508e-15
3.214203700029078e-15 -3.214203700048284e-15
3.195740290005681e-15 -3.1957402900438935e-15
3.177386059884219e-15 -3.1773860599224314e-15
3.1591403450145847e-15 -3.1591403450432973e-15
3.141002485008385e-15 -3.141002485018101e-15
3.1229718235364926e-15 -3.122971823536712e-15
3.1050477084306155e-15 -3.105047708449825e-15
3.087229491642379e-15 -3.0872294916615887e-15
3.0695165291265098e-15 -3.0695165291362273e-15
3.0519081808759617e-15 -3.0519081808856792e-15
3.0344038108811066e-15 -3.0344038108908242e-15
3.017002787126909e-15 -3.0170027871366264e-15
2.999704481561645e-15 -2.9997044815713626e-15
2.9825082700561708e-15 -2.982508270084856e-15
2.965413532420113e-15 -2.9654135324487985e-15
2.9484196522758443e-15 -2.9484196523045297e-15
2.9315260171221412e-15 -2.9315260171413476e-15
2.914732018284065e-15 -2.914732018293794e-15
2.8980370508628835e-15 -2.8980370508631367e-15
2.8814405138470988e-15 -2.8814405138378778e-15
2.864941809844477e-15 -2.8649418098163106e-15
2.848540345287858e-15 -2.8485403452407496e-15
2.8322355302051978e-15 -2.8322355301770283e-15
2.8160267784537296e-15 -2.816026778444496e-15
2.799913507518483e-15 -2.7999135075092493e-15
2.783895138443478e-15 -2.7838951384342442e-15
2.767971095933313e-15 -2.7679710959335424e-15
2.7521408083032865e-15 -2.752140808303516e-15
2.736403707316041e-15 -2.73640370733519e-15
2.720759228453429e-15 -2.720759228472578e-15
2.7052068106302042e-15 -2.7052068106493534e-15
2.6897458962767062e-15 -2.6897458962958554e-15
2.674375931175683e-15 -2.674375931223193e-15
2.6590963648002052e-15 -2.6590963648288113e-15
2.64390664990472e-15 -2.6439066499144254e-15
2.6288062426361315e-15 -2.628806242645837e-15
2.6137946025692113e-15 -2.6137946025789166e-15
2.598871192609743e-15 -2.598871192638339e-15
2.5840354791149577e-15 -2.584035479143554e-15
2.5692869317022756e-15 -2.5692869317119873e-15
2.5546250232186988e-15 -2.5546250232189694e-15
2.5400492298518196e-15 -2.540049229833212e-15
2.5255590310708615e-15 -2.525559031052254e-15
2.5111539095866395e-15 -2.5111539095491596e-15
2.4968333512172133e-15 -2.4968333511797334e-15
2.482596845159266e-15 -2.482596845121786e-15
2.46844388362736e-15 -2.46844388358988e-15
2.4543739620498505e-15 -2.4543739620123705e-15
2.4403865790383577e-15 -2.4403865790008777e-15
2.426481236263003e-15 -2.4264812362160966e-15
2.412657438516249e-15 -2.4126574384504923e-15
2.398914693588217e-15 -2.3989146935224605e-15
2.3852525124341914e-15 -2.3852525123684348e-15
2.3716704090593706e-15 -2.3716704089747736e-15
2.3581679003660466e-15 -2.3581679002626124e-15
2.344744506330509e-15 -2.3447445062459087e-15
2.3313997498690878e-15 -2.3313997497844876e-15
2.3181331569584907e-15 -2.3181331568833043e-15
2.304944256388953e-15 -2.304944256332591e-15
2.2918325799787267e-15 -2.2918325799129543e-15
2.2787976623367483e-15 -2.2787976622992036e-15
2.265839041095887e-15 -2.265839041048935e-15
2.2529562566286658e-15 -2.2529562565911195e-15
2.2401488522334444e-15 -2.2401488521958982e-15
2.2274163740007508e-15 -2.2274163739632045e-15
2.214758370858348e-15 -2.214758370830203e-15
2.2021743945410676e-15 -2.2021743945129226e-15
2.1896639995324727e-15 -2.1896639994949297e-15
2.1772267430253663e-15 -2.17722674299722e-15
2.1648621850702337e-15 -2.164862185023297e-15
2.1525698883102448e-15 -2.1525698882727013e-15
2.1403494182424328e-15 -2.1403494182048893e-15
2.128200342915227e-15 -2.1282003428776834e-15
2.1161222331520166e-15 -2.116122233114473e-15
2.1041146623708746e-15 -2.104114662333331e-15
2.092177206648462e-15 -2.0921772066015325e-15
2.0803094446994205e-15 -2.080309444643107e-15
2.0685109578088733e-15 -2.0685109577525597e-15
2.0567813298587888e-15 -2.0567813298212374e-15
2.0451201473074295e-15 -2.0451201472792577e-15
2.0335269991781954e-15 -2.0335269991500236e-15
2.022001477020347e-15 -2.0220014769921754e-15
2.010543174963513e-15 -2.0105431749353414e-15
1.9991516895190692e-15 -1.9991516894908974e-15
1.9878266198034182e-15 -1.9878266197752464e-15
1.976567567376901e-15 -1.9765675673487293e-15
1.9653741362140067e-15 -1.965374136195204e-15
1.9542459328141146e-15 -1.9542459327953118e-15
1.9431825660311754e-15 -1.9431825660123725e-15
1.9321836471657304e-15 -1.9321836471562916e-15
1.921248789907052e-15 -1.921248789906976e-15
1.910377610378308e-15 -1.9103776103782317e-15
1.899569726985134e-15 -1.899569726985058e-15
1.8888247605357183e-15 -1.888824760545e-15
1.8781423342017254e-15 -1.8781423341922945e-15
1.8675220733669953e-15 -1.8675220733575644e-15
1.856963605813088e-15 -1.856963605803657e-15
1.8464665616241215e-15 -1.8464665616146906e-15
1.836030573147792e-15 -1.836030573138361e-15
1.825655274984471e-15 -1.8256552749563427e-15
1.8153403039015356e-15 -1.8153403038921016e-15
1.8050852990935586e-15 -1.8050852990841246e-15
1.7948899018162302e-15 -1.7948899018067963e-15
1.7847537556278483e-15 -1.7847537555997293e-15
1.7746765061635593e-15 -1.7746765061541224e-15
1.7646578013674205e-15 -1.764657801367323e-15
1.75469729127605e-15 -1.7546972912759523e-15
1.7447946281198937e-15 -1.7447946281011233e-15
1.7349494661817028e-15 -1.7349494661629325e-15
1.7251614620097953e-15 -1.725161461991025e-15
1.715430274136556e-15 -1.7154302741084538e-15
1.7057555632263626e-15 -1.7057555631982604e-15
1.696136992092788e-15 -1.6961369920646858e-15
1.6865742255665525e-15 -1.686574225519796e-15
1.6770669305127977e-15 -1.677066930466041e-15
1.6676147759042898e-15 -1.6676147758575332e-15
1.6582174326987904e-15 -1.658217432642711e-15
1.6488745738843062e-15 -1.648874573846869e-15
1.6395858744777059e-15 -1.6395858744402687e-15
1.6303510114208388e-15 -1.6303510114020377e-15
1.6211696637655531e-15 -1.621169663746752e-15
1.612041512430071e-15 -1.6120415124112699e-15
1.602966240272224e-15 -1.602966240253423e-15
1.593943532199876e-15 -1.593943532162451e-15
1.5849730749181486e-15 -1.5849730748993443e-15
1.5760545572260815e-15 -1.5760545572072772e-15
1.5671876696708387e-15 -1.5671876696520344e-15
1.558372104751246e-15 -1.5583721047324418e-15
1.5496075568978585e-15 -1.5496075568883587e-15
1.5408937223321052e-15 -1.5408937223319081e-15
1.5322302991766882e-15 -1.5322302991578882e-15
1.523616987379894e-15 -1.5236169873796938e-15
1.5150534887980397e-15 -1.5150534887978395e-15
1.5065395070454308e-15 -1.5065395070638243e-15
1.498074747576826e-15 -1.4980747475952195e-15
1.4896589175746637e-15 -1.489658917611645e-15
1.4812917261523204e-15 -1.4812917261893016e-15
1.4729728840740826e-15 -1.4729728841296454e-15
1.464702103976968e-15 -1.4647021040325309e-15
1.45647910016513e-15 -1.4564791002392683e-15
1.4483035887944516e-15 -1.4483035888314448e-15
1.440175287592753e-15 -1.4401752876297462e-15
1.4320939162114885e-15 -1.4320939162484817e-15
1.4240591958160534e-15 -1.4240591958716101e-15
1.4160708494559658e-15 -1.416070849492962e-15
1.408128601748121e-15 -1.408128601794396e-15
1.4002321790427201e-15 -1.4002321790982723e-15
1.3923813093664466e-15 -1.3923813094127231e-15
1.3845757223842381e-15 -1.3845757224212404e-15
1.3768151494074529e-15 -1.3768151494444552e-15
1.3690993234205735e-15 -1.3690993234575758e-15
1.3614279790059208e-15 -1.361427979042923e-15
1.3538008523333088e-15 -1.3538008523703111e-15
1.3462176812887079e-15 -1.3462176813164434e-15
1.3386782052785214e-15 -1.338678205306257e-15
1.3311821652934066e-15 -1.3311821653211422e-15
1.3237293039072076e-15 -1.3237293039349432e-15
1.3163193652944113e-15 -1.3163193653406684e-15
1.3089520951735168e-15 -1.308952095229033e-15
1.3016272408152533e-15 -1.3016272408892852e-15
1.294344551050794e-15 -1.294344551087801e-15
1.2871037761503953e-15 -1.2871037761781475e-15
1.2799046679982395e-15 -1.2799046680259916e-15
1.2727469799895844e-15 -1.2727469800265883e-15
1.2656304670019978e-15 -1.2656304670390017e-15
1.2585548853758636e-15 -1.25855488539437e-15
1.2515199929134007e-15 -1.251519992931907e-15
1.2445255489701395e-15 -1.2445255489794e-15
1.2375713143429507e-15 -1.2375713143522112e-15
1.2306570512136212e-15 -1.2306570512321245e-15
1.2237825233050277e-15 -1.2237825233327723e-15
1.2169474957322685e-15 -1.216947495760013e-15
1.2101517350571607e-15 -1.2101517350849053e-15
1.2033950092041402e-15 -1.2033950092318849e-15
1.1966770876440561e-15 -1.19667708765333e-15
1.1899977410699528e-15 -1.1899977410607586e-15
1.1833567416362906e-15 -1.1833567416270964e-15
1.1767538629764339e-15 -1.1767538629672397e-15
1.1701888799709265e-15 -1.1701888799617324e-15
1.1636615689219884e-15 -1.1636615689035663e-15
1.1571717075248875e-15 -1.1571717074880124e-15
1.1507190747286345e-15 -1.1507190746917594e-15
1.1443034509011683e-15 -1.1443034508827403e-15
1.1379246176900795e-15 -1.1379246176900957e-15
1.131582358178506e-15 -1.1315823581508604e-15
1.1252764566444816e-15 -1.125276456616836e-15
1.1190066986799644e-15 -1.1190066986523187e-15
1.112772871272909e-15 -1.112772871236047e-15
1.1065747625851842e-15 -1.1065747625483223e-15
1.1004121621913344e-15 -1.1004121621544725e-15
1.0942848607828632e-15 -1.0942848607460013e-15
1.0881926504990594e-15 -1.0881926504345665e-15
1.0821353245945185e-15 -1.0821353245300256e-15
1.0761126776133384e-15 -1.0761126775488454e-15
1.0701245054342919e-15 -1.070124505369799e-15
1.0641706050398311e-15 -1.0641706049753382e-15
1.0582507747178168e-15 -1.0582507746533239e-15
1.0523648139134278e-15 -1.052364813848935e-15
1.046512523384793e-15 -1.0465125233018998e-15
1.0406937049997528e-15 -1.040693704953654e-15
1.0349081619006689e-15 -1.03490816185457e-15
1.029155698384037e-15 -1.0291556983471336e-15
1.0234361199456915e-15 -1.0234361199087882e-15
1.0177492331880839e-15 -1.0177492331511806e-15
1.0120948460125639e-15 -1.0120948459756606e-15
1.0064727673428282e-15 -1.0064727673059249e-15
1.0008828073355717e-15 -1.0008828072986684e-15
9.953247773521127e-16 -9.953247773152094e-16
9.897984897279614e-16 -9.897984897002436e-16
9.843037580844262e-16 -9.843037580567084e-16
9.788403970982038e-16 -9.78840397070486e-16
9.734082226292153e-16 -9.734082226014975e-16
9.68007051536233e-16 -9.680070515176947e-16
9.626367018506022e-16 -9.62636701832064e-16
9.57296992720409e-16 -9.572969927018708e-16
9.519877443271657e-16 -9.51987744326978e-16
9.467087780502547e-16 -9.46708778050067e-16
9.414599162093172e-16 -9.414599162091294e-16
9.36240982274558e-16 -9.362409822743702e-16
9.310518007559564e-16 -9.310518007557687e-16
9.2589219720258e-16 -9.258921972023923e-16
9.20761998284398e-16 -9.207619982658773e-16
9.156610316449034e-16 -9.156610316355477e-16
9.105891259829424e-16 -9.105891259735867e-16
9.055461110978315e-16 -9.055461110793136e-16
9.00531817677937e-16 -9.00531817659419e-16
8.955460776115032e-16 -8.955460775746667e-16
8.905887236103959e-16 -8.905887235735594e-16
8.856595895025605e-16 -8.856595894657241e-16
8.807585100939673e-16 -8.807585100571309e-16
8.758853211679678e-16 -8.758853211494384e-16
8.710398595487167e-16 -8.710398595301873e-16
8.662219630364356e-16 -8.662219630179062e-16
8.614314703335785e-16 -8.614314703150491e-16
8.566682211357152e-16 -8.566682211171857e-16
8.519320561674652e-16 -8.519320561489357e-16
8.472228170172176e-16 -8.4722281702612265e-16
8.425403463285734e-16 -8.425403463374785e-16
8.378844876716694e-16 -8.378844876622906e-16
8.332550854420246e-16 -8.3325508545092675e-16
8.286519850793343e-16 -8.286519850882365e-16
8.240750329480004e-16 -8.240750329751779e-16
8.195240763182532e-16 -8.195240763454308e-16
8.149989633107495e-16 -8.149989633561966e-16
8.10499543124348e-16 -8.104995431515284e-16
8.060256656792642e-16 -8.060256657064446e-16
8.015771818539859e-16 -8.015771818902968e-16
7.971539434846495e-16 -7.971539435209604e-16
7.92755803282266e-16 -7.927558033094492e-16
7.883826147317622e-16 -7.883826147680716e-16
7.840342323378402e-16 -7.840342323741496e-16
7.797105114600964e-16 -7.797105114781592e-16
7.754113082394871e-16 -7.754113082575498e-16
7.7113647968902165e-16 -7.711364797070844e-16
7.668858837661466e-16 -7.668858837842093e-16
7.626593792080146e-16 -7.626593792443125e-16
7.584568256039046e-16 -7.58456825658435e-16
7.542780834128958e-16 -7.542780834856557e-16
7.501230139177357e-16 -7.501230140087223e-16
7.459914792789745e-16 -7.459914793517373e-16
7.418833424159588e-16 -7.418833424796112e-16
7.377984670336638e-16 -7.377984671064252e-16
7.337367177496876e-16 -7.337367178224489e-16
7.296979599206424e-16 -7.296979599934038e-16
7.256820597600352e-16 -7.256820598419013e-16
7.216888842284708e-16 -7.216888843103369e-16
7.177183011605928e-16 -7.177183012424589e-16
7.137701791371112e-16 -7.137701792189773e-16
7.098443874843158e-16 -7.098443875661819e-16
7.059407963372758e-16 -7.059407964282395e-16
7.020592766484118e-16 -7.020592767393755e-16
6.981997000960184e-16 -6.981997001869822e-16
6.943619391747266e-16 -6.943619392656904e-16
6.905458670585953e-16 -6.90545867167743e-16
6.867513577370283e-16 -6.867513578552667e-16
6.829782859324451e-16 -6.82978286068862e-16
6.792265271997711e-16 -6.792265273180124e-16
6.754959576805686e-16 -6.754959577897234e-16
6.717864543933719e-16 -6.717864544934418e-16
6.680978949969517e-16 -6.680978950606873e-16
6.644301578988835e-16 -6.644301579626191e-16
6.607831222913874e-16 -6.60783122355123e-16
6.571566680600292e-16 -6.571566681146856e-16
6.535506757469599e-16 -6.535506758016162e-16
6.499650266594079e-16 -6.499650267322173e-16
6.463996028328864e-16 -6.46399602923846e-16
6.428542870397973e-16 -6.428542871307569e-16
6.393289626347274e-16 -6.39328962725687e-16
6.358235136992042e-16 -6.35823513781093e-16
6.323378250502974e-16 -6.323378251412557e-16
6.288717821676012e-16 -6.288717822585595e-16
6.254252712562732e-16 -6.254252713472315e-16
6.219981791196544e-16 -6.219981792106127e-16
6.185903933039038e-16 -6.185903933948621e-16
6.152018019887721e-16 -6.152018020797304e-16
6.118322940143764e-16 -6.118322941053347e-16
6.084817589260732e-16 -6.084817590260911e-16
6.051500868743649e-16 -6.051500869924994e-16
6.018371687503626e-16 -6.018371688684971e-16
5.985428959770361e-16 -5.985428960770597e-16
5.952671606627884e-16 -5.952671607628121e-16
5.920098555829111e-16 -5.920098556829347e-16
5.887708741429513e-16 -5.887708742429749e-16
5.855501103602074e-16 -5.85550110460231e-16
5.823474589176264e-16 -5.823474590086015e-16
5.791628151090953e-16 -5.791628151910233e-16
5.759960748842775e-16 -5.75996074948114e-16
5.728471347034835e-16 -5.728471347492314e-16
5.697158917362861e-16 -5.697158918001198e-16
5.666022437525687e-16 -5.666022438344855e-16
5.635060891583021e-16 -5.635060892040583e-16
5.604273268957106e-16 -5.604273269414668e-16
5.57365856524264e-16 -5.573658565700202e-16
5.54321578193175e-16 -5.543215782389312e-16
5.512943926681244e-16 -5.512943927138806e-16
5.482842013037693e-16 -5.482842013495255e-16
5.452909059982063e-16 -5.452909060439625e-16
5.423144093009886e-16 -5.423144093467448e-16
5.393546142863048e-16 -5.39354614332061e-16
5.364114246338912e-16 -5.364114246706197e-16
5.334847445835148e-16 -5.334847446202433e-16
5.305744788985156e-16 -5.305744789532938e-16
5.276805329918004e-16 -5.276805330465786e-16
5.248028127900985e-16 -5.248028128629209e-16
5.219412247516751e-16 -5.219412248244975e-16
5.190956759471647e-16 -5.190956760019484e-16
5.162660739960571e-16 -5.162660740508408e-16
5.134523269851984e-16 -5.134523270399821e-16
5.106543436037191e-16 -5.106543436404724e-16
5.078720331156102e-16 -5.078720331253221e-16
5.051053052241722e-16 -5.05105305233884e-16
5.023540702339314e-16 -5.023540702526543e-16
4.996182389601627e-16 -4.996182389788857e-16
4.968977227916221e-16 -4.96897722810345e-16
4.9419243359110705e-16 -4.9419243360983e-16
4.915022837852093e-16 -4.915022838039322e-16
4.888271862469034e-16 -4.888271862656264e-16
4.861670544213008e-16 -4.86167054431021e-16
4.83521802253276e-16 -4.835218022809991e-16
4.808913441601494e-16 -4.808913441968725e-16
4.7827559513937e-16 -4.782755951760931e-16
4.756744706421875e-16 -4.756744706969052e-16
4.730878866453304e-16 -4.730878867000482e-16
4.705157595787168e-16 -4.705157596514237e-16
4.679580064330847e-16 -4.679580064878053e-16
4.654145446247608e-16 -4.654145446794814e-16
4.628852920673126e-16 -4.628852921130426e-16
4.603701671712341e-16 -4.603701672079749e-16
4.578690888526191e-16 -4.578690888713844e-16
4.553819764429782e-16 -4.553819764347844e-16
4.529087497878093e-16 -4.529087497886004e-16
4.504493292462733e-16 -4.504493292470644e-16
4.480036355741012e-16 -4.480036355748924e-16
4.455715900311122e-16 -4.455715900319033e-16
4.4315311435395713e-16 -4.4315311435474826e-16
4.4074813074684e-16 -4.4074813074763114e-16
4.3835656178247733e-16 -4.3835656177429167e-16
4.3597833062624994e-16 -4.3597833060908877e-16
4.336133608025056e-16 -4.336133607853444e-16
4.3126157627508483e-16 -4.3126157625792366e-16
4.2892290152778607e-16 -4.289229015016535e-16
4.265972614115489e-16 -4.265972614123264e-16
4.242845813235942e-16 -4.2428458132437166e-16
4.2198478701876885e-16 -4.219847870195463e-16
4.196978047169099e-16 -4.196978047176874e-16
4.174235610487648e-16 -4.174235610495423e-16
4.151619830915851e-16 -4.1516198309236257e-16
4.129129983688457e-16 -4.129129983696232e-16
4.106765348141226e-16 -4.10676534796979e-16
4.084525207349975e-16 -4.0845252070889467e-16
4.0624088492927325e-16 -4.0624088489421263e-16
4.0404155662197224e-16 -4.0404155656899866e-16
4.018544654202922e-16 -4.018544653583635e-16
3.996795413223193e-16 -3.9967954124248305e-16
3.9751671476154406e-16 -3.9751671470856505e-16
3.953659165886864e-16 -3.9536591654465843e-16
3.9322707808933344e-16 -3.932270780453055e-16
3.911001308852353e-16 -3.91100130832259e-16
3.8898500703250983e-16 -3.8898500698848055e-16
3.8688163902137085e-16 -3.8688163895945025e-16
3.8478995966852523e-16 -3.8478995960660463e-16
3.8270990225111096e-16 -3.827099022070763e-16
3.806414003812277e-16 -3.8064140033719303e-16
3.785843881398297e-16 -3.78584388095795e-16
3.7653879989765547e-16 -3.765387998446819e-16
3.745045704401704e-16 -3.7450457038719683e-16
3.7248163498518035e-16 -3.7248163493220676e-16
3.704699290842784e-16 -3.7046992903130484e-16
3.6846938865836953e-16 -3.684693885964624e-16
3.6647995004210022e-16 -3.6647994999805753e-16
3.645015499121541e-16 -3.6450154987704225e-16
3.6253412532275543e-16 -3.625341252965731e-16
3.6057761371436175e-16 -3.60577613714964e-16
3.5863195285986194e-16 -3.586319528872448e-16
3.5669708095362312e-16 -3.5669708099885705e-16
3.54772936513063e-16 -3.547729365582969e-16
3.5285945840521585e-16 -3.5285945845044977e-16
3.509565859089649e-16 -3.509565859185128e-16
3.490642585899044e-16 -3.490642585994523e-16
3.471824164161041e-16 -3.4718241640781435e-16
3.4531099965084967e-16 -3.453109996247249e-16
3.4344994895053534e-16 -3.434499489244106e-16
3.4159920531984594e-16 -3.415992052937212e-16
3.397587101115401e-16 -3.3975871006758833e-16
3.3792840500840945e-16 -3.379284049555455e-16
3.361082320587162e-16 -3.361082319791198e-16
3.342981335601431e-16 -3.342981334805467e-16
3.324980522556157e-16 -3.324980521760193e-16
3.3070793115489166e-16 -3.307079310842021e-16
3.2892771366797574e-16 -3.2892771359728616e-16
3.271573434713103e-16 -3.271573434006207e-16
3.253967645788309e-16 -3.253967645170442e-16
3.2364592136846175e-16 -3.236459212977735e-16
3.219047585284894e-16 -3.2190475845780113e-16
3.201732210217743e-16 -3.2017322098668153e-16
3.184512542457354e-16 -3.184512542106426e-16
3.1673880377409266e-16 -3.167388037478961e-16
3.150358156147067e-16 -3.1503581558851016e-16
3.1334223600476018e-16 -3.1334223597856363e-16
