5 2
-4.644610730015451 -1.8578442920061802
-32.103283408634944 -32.70714170018815
24.79321050272376 -30.008271043634483
30.0706884292199 0.5074459121571948
-7.514348157396135 1.337116484556851
-3.824244161570881 -20.840717603553447
-21.493089047053026 -24.929642444090753
-5.905259096373419 -17.094024593010925
-13.434991644200952 5.148261010466104
2.371554727688782 -13.371304516103773
-12.204074135020239 7.621540631011683
11.361658199568552 15.475551175014603
-7.554455091144366 4.624630395005438
-9.093840123402929 13.665997720629992
4.135436515814533 20.377027311223415
-9.250204937254264 -0.024546058535349857
9.774714214256761 2.24470207577176
19.442058171931816 -13.051233997192579
5.888250129055043 -2.877292483642247
12.100097607587292 -11.078779604160923
-0.772430000782192 -0.13388974315260782
-13.24640170617103 9.552562379389762
4.713917813709658 9.808065847377593
14.91102664576967 17.50178007085505
15.586540941960283 10.885416824780584
15.838682487001629 14.603474561014023
19.857190237048723 16.24158645020618
21.570103588007417 -1.1151048467507287
18.64175838907652 6.73157100269821
20.678855774393938 15.350606159201837
23.329234831114235 1.2516563556109563
5.962123361287269 -9.887032281765167
6.447009612457039 -13.441655127850957
0.9176606041718314 -5.269969980558468
5.68450133954959 6.6108417022265105
13.113544796007684 10.964470416202563
2.435423477270241 9.693064001442835
-2.206768523630002 15.868061754503483
7.822645608224125 18.120797175039947
14.037434256270842 6.000240173641641
7.603184158381755 4.178404036224567
10.986565710614574 -5.4855890570672035
8.533909393953882 -3.036339547455048
7.984017430253093 -0.08554169807609302
6.593877217963643 4.563943227245544
9.688406798535558 6.759858147602694
15.148001846026343 13.68019298983691
3.919434742998071 17.79016509047784
7.036844029459523 21.2706713875739
3.1509996122309905 6.970436443605404
-4.596231951867663 6.654868101648813
-8.143925556431235 11.821232796811511
0.5564479921977696 16.193112487666955
3.274248049358221 4.21726826906146
-5.65386974708723 -4.87858177708652
-10.861605511715226 -9.216815363413932
-14.219164698600942 0.9906813415669493
-2.8095875722902584 1.2053860066514186
-9.44682048311972 -6.678678371655971
-4.5286721957175775 -12.066347533492095
-4.800448385609446 -5.94467730558791
-10.937130009452892 -7.110015051049255
-11.217252440623414 -0.5150063856879337
-1.0975246078605494 -1.1039904717424356
3.4879622754836985 3.729211992569418
2.0961605962823535 10.239439120890475
-2.6036405996429997 0.43942239111648007
-6.448912786436312 -2.3933793554621823
-2.6496805000259513 2.692172405410741
-7.889908161852589 8.841582538006096
-10.671142301861895 12.851149152157797
-14.52812223372731 15.677006768393571
-12.494930654604744 18.497330295931555
-9.4688191406394 14.231464809566997
-5.997668269136943 4.111694779758908
-4.77244473561305 -1.2856917143724766
-10.560685673180924 5.729886269823358
-10.80749097132263 11.285187175521397
-14.839948170852605 2.184112763124359
-17.3612031602251 -4.489751306815506
-8.484835857511639 -3.0942051679256553
-6.040802495700969 1.2986918661366023
-3.075155873784396 -5.318995157909574
0.5795484281075756 1.8007168837649932
3.6084442770606255 7.665928644672383
6.973745519198755 11.715277969204761
6.598442794234704 15.635414296369209
8.987342977437432 17.27711905462983
7.660039953885831 7.414103444374236
11.496710494335904 2.6241061730045887
9.040719307698673 6.5600862769610195
5.623763238432679 7.56977342314621
8.90756185034574 8.723087430955406
10.564899764061654 13.148752001930482
10.939670755681306 5.545469461734677
11.074665299736983 6.196762956330375
6.1238503757376055 -0.8287488805655157
0.6335021259837132 -6.054516213265431
5.04106971786099 -2.835136936219056
2.5222378355979087 -7.501605052796037
2.87790594229069 -6.122593732628453
6.492849806874058 -0.7750878213105761
4.990641369651755 -6.524728472121232
4.3958921145932734 -6.210151652387432
-0.029993667083481945 0.6883184625205097
1.0783002245209157 6.008717891587657
-1.8900537107451325 4.5675012143675895
-5.2546250880582095 6.119358586653272
1.518073903545483 1.0325169153747487
1.8936125373011485 -0.3296601511627959
5.111719014304952 4.776933839232749
0.48266145844816144 9.550518314896376
-0.22473099544316244 9.596751753465774
5.42008892330029 11.104637310015558
1.7255993601110138 5.653937246109622
6.977020078198089 9.273658132304659
6.538917664156226 2.079310651294131
6.7283500719922085 -0.9562179437102758
11.04238885751338 -2.296088630029921
7.641990578833567 3.409782972227241
10.590252804004345 -0.14634865173308098
11.687904484362772 4.242625978096795
14.708476086477862 -1.9534259104978684
17.418411041107035 -3.1849119770134466
11.754791268355307 2.3377311678917048
15.130954809572925 -2.662930987891639
8.599196051496465 -6.799609785578704
10.259469286219426 -10.738440067988464
3.1910890108576018 -14.236073959545584
-2.303687674884544 -6.533108140993331
3.080711833622228 -6.525548515191329
0.001852528533694553 -6.273022685461208
-0.059618188238447355 -0.024096782754739365
1.865745984678576 0.7694884554526442
5.452014432509783 5.81821088754898
3.0071605922006235 9.582193418600431
2.2787281730860167 10.559534203845795
-3.170150551418205 10.710582874182577
1.855009679567213 13.941331866943543
5.5992186062674225 13.514014489717518
7.6690211170656095 11.767534366786345
10.868794137348278 14.917218847796637
12.835857101571877 15.029528203855614
15.10533644503601 11.682079787040482
9.592807818789334 14.39186693827062
10.822984674772451 8.943107690005693
13.582828498934681 9.269147369474545
13.906086378655802 2.8542721111987133
14.470943208400394 6.339792670567693
11.29350973280394 1.1602203937404916
4.772397199569121 -3.1893335162398557
8.892354212580479 1.872094495433597
10.572289248996363 5.107020780943666
11.0714652712827 1.2715068773775093
7.243205418538332 -3.748539299957875
1.2772114079152068 -8.021213506655565
-3.68520935579886 -6.143671940287664
-7.5466874689863825 -1.4163446918261133
-7.7818757876998035 1.2116350397334883
-11.290178564518047 -3.6253787251269434
-4.949358973274012 -6.459317146872104
-5.688767161108678 -4.276593317501915
-9.228770080738446 1.049900357800425
-3.148759382803262 -0.5676828744830607
1.1189791451163709 -2.42874193421635
-2.2461775865247353 -0.028945466931823205
2.777026426175881 0.8235197659905654
6.971808314881356 4.88625146678909
6.758729532177442 7.216320178953841
10.399564627303823 1.6046831009812639
6.131433752253593 4.200962318090452
1.8329840555181152 -0.8199354488288657
5.559210058194191 -4.869246506484406
6.4162190514028525 -7.520935491898251
3.1790816276873963 -7.0251220371888685
-1.4049391190394287 -5.28566105578807
1.360427410241687 -0.07828209229854721
-2.3282049634905566 2.078109303220109
2.0009394458044256 -0.3562383941320695
1.6865965813692954 3.242281857699776
5.596339518330372 -1.7215660534293922
7.352161966230965 -5.89580671037109
2.7158468079784184 -7.782724305514149
6.694590072489948 -11.049312284190965
9.93320422046827 -8.12388322999751
10.338852720633167 -3.8550964070815015
5.121889421338976 -6.811178749520721
1.3378598649981863 -9.950077671601338
-2.6030052899434972 -9.914073825625605
-4.889522509394707 -10.786594920567403
-7.012170558057839 -13.550470281344527
-5.701917110702118 -13.027859753530874
-9.07467009584326 -10.459316109137411
-5.850774775803046 -7.910736398864057
-8.540921558178445 -9.126285687087051
-8.464861822246709 -4.78353431338596
-6.356046422020002 -8.348139840990473
-2.0993099371943167 -3.6903166662635654
0.6976257335544225 -7.182928354977442
4.657532138428822 -2.2931264612484155
7.596826353826437 2.137217399204851
9.00267223318926 -1.3900802712185802
7.712447742913028 1.507557250376443
10.796086122786857 1.5053456024096548
13.397821316002865 1.4446717034280139
9.06900268008906 -0.187868740563651
6.083698406169869 3.7323429135643673
3.1607945417947834 7.409098663781963
-0.8112867524827427 4.154491024323637
-4.578789688436295 0.15040920351381537
-5.952681631215465 -3.2509135497003374
-6.383316799175556 1.3416433438476663
-2.7609870447541276 -2.3183096754683303
-6.529514795801295 1.75410388265378
-6.432579387327207 5.654784277547952
-3.893431486467619 8.319713505181987
-5.936850112073073 3.504947030473377
-6.747349639893759 3.174602956659042
-9.9621946831864 -0.8831159182393291
-9.628010079556049 -3.506197138829593
-11.315133831981758 -3.209939101512779
-6.118999740531232 1.1445886744291904
-2.5693608579758247 -2.2032691904174366
-3.9474431494392532 1.9563418038782001
-4.749789746239178 2.799122481315622
-8.171318068100723 6.28046398922681
-3.584659087404159 1.5277621580439762
-5.162244111899078 2.0291038299074673
-1.09321198678695 1.0422554517299791
1.2545210106341078 -0.13876147635815173
-2.890199776467077 2.931102585170308
-5.056333592351285 4.228896166159727
-3.0413469188272613 -0.2406149059750371
-1.640225514511703 3.7443129986813446
-4.483270561213329 7.22368127652576
-3.5064659822607678 2.4258214241850817
-3.226993210157922 0.3529468739820101
1.063561039520264 -2.8257435101581567
-0.593299162747098 -5.95740059045603
-2.683395997362785 -6.250169365968632
-5.916641403414641 -1.5700537959113952
-7.131259785260308 -3.0351640854808535
-3.394052710008722 -1.8076663979687484
-0.5789903832484917 -5.212012315039207
-2.3511990159982394 -0.807950823342729
1.0465155506005064 -4.31892514962385
-0.19287548990171866 -0.2889918743730133
3.433567238104626 3.4795321115553635
1.4570142434900766 2.5616768197515527
0.25666417660773866 3.697505691220461
-3.5961998525506678 6.866114905602192
-5.328644772327566 8.877506001356092
-1.328361439946372 10.452126649983823
2.1830849464403537 8.060536627842493
-1.5449719565251727 5.678008097200199
-2.4147321428302044 8.39999932147925
-0.19450746090125337 5.1674143126788135
3.374559779825874 1.2707646361311156
0.30017764699464067 -2.614974862147971
-3.308677331772477 -4.7870396957615595
0.5852942139108319 -7.865333945024103
2.427253827044624 -9.731101422365844
0.48944708794968217 -12.28403467838179
0.18422788847287613 -7.181061727735537
-3.2467854852891826 -2.9513870697490328
0.8520089002011173 -3.7196566880395636
3.72399097210173 -6.921952400505241
6.9375489713245315 -7.849720066640941
7.534514734522481 -9.919480536866484
7.4435541350893 -10.542240630031856
5.293018040304563 -10.27252812731079
1.1330131601591589 -5.433474362010905
-1.719882521517103 -3.3103683818516174
-5.115023696318239 0.47609177142578707
-2.1030456227891516 -0.12616499733410158
0.3412278564008493 2.486553809115933
-2.757403284421056 1.8911213590273817
-6.06894960880512 3.9692552187543897
-3.845086245349865 4.207360535730154
-6.395991939820151 0.23007409149571023
-3.462177001450068 -3.383131354273162
-2.2149589626483035 -0.576492659761966
1.5542870535371938 -2.175797908120164
2.5792762307873156 1.2853431179928863
3.9995343332636426 -2.3629424888313655
3.5538334322657867 0.6248456681363255
4.336169037359573 3.0805946789690806
0.7831846064175969 0.9985085308080266
4.1817546739746625 0.9186161388243497
0.4717615513842861 2.555928110616832
-0.2085689446642316 3.48970791877445
3.2417740771893113 2.8666162593997524
-0.6590343311394853 5.175229996344662
-3.557372261798399 1.4417229670510943
-4.402339009818197 0.01657894505340418
-1.880545615112311 -0.3515231851869309
-4.068334810204908 2.512660653576848
-2.152400119309708 2.5108524047952097
0.9536650857872053 2.4695408243424937
1.851704194514238 1.5290177309124782
4.449468314562382 1.992328925994105
2.8669527249522435 1.9391940137085084
5.1321849486872395 3.0222375211737678
1.9983902441003254 2.203844906122084
1.8127636754154381 -1.3645609861153312
4.811181216244755 1.3907575528385165
7.487671648956461 -0.9542102896322335
6.397495634248641 -1.8291133897825478
3.625548083978158 -4.658540446079325
5.670425659934901 -7.037132737136837
8.065822262048648 -5.47295372784151
5.806246436321194 -4.295080822822807
8.38676382732178 -0.5380306870109672
5.240837475144949 -1.2888812936911633
1.262547061671337 2.164175706202371
-2.2728175869758878 -0.9958622504764754
1.3420704497333942 -0.9764484015353047
-1.6483786324516227 -1.3718589386709756
-4.194799135681206 1.2223114813341929
-0.5566155748402886 -2.2459350061454364
-1.6746465661400238 1.3770629722126757
-4.500186671192498 -1.1277420094802846
-4.02114495107493 1.4182482839071962
-3.1442652011276295 -0.3879802986215344
-0.16133374393352762 1.8288772054199707
2.704658213891264 4.585940242801261
5.632202779476687 5.819632021940774
7.502939950635666 8.230650085759436
6.766751290895621 4.039099563413661
9.365631128673293 2.798912141804095
5.882930308860063 5.676917728509215
7.491786582398736 8.057223241330913
6.5285742055390825 6.037125311143187
6.431629795230969 4.633460536656072
4.374862351758425 6.607374109522855
1.5748164530275086 7.977044436997099
2.904586255738921 7.613327813590901
4.459627146152931 8.968223101769723
3.1664419140112106 8.681450082972104
-0.008614426209438086 10.75956067322035
0.16981942623423865 12.911343294860563
-2.717592715293626 13.297026357185302
-5.638984113250646 8.781879892569322
-7.556658863052419 11.070504816514365
-7.908980442241142 8.522360705309396
-8.852033153858063 8.09480342934074
-10.5425922643744 5.431387694770088
-10.311469079970138 3.512337757683481
-6.241937657760172 3.4008866067207744
-2.363370281650048 1.1609427294068428
0.3279897063175894 -1.6998068998752944
-2.555569621525199 -4.595680169390517
-3.3966025488539477 -5.948160330936464
-1.1000567429894184 -6.36896842515975
0.903957746599878 -3.3581658002454495
2.6341628640296975 -0.5167391961346279
4.759834161902876 -0.8006862657137747
7.471222814074617 -3.7607595042953412
6.135473894485285 -6.568877428042341
3.109708433916651 -7.240519396842642
0.7655000274830059 -3.3216882336701867
3.8578058993999824 -0.11759614790300033
5.945656050117783 2.036324788834403
6.408118958766234 1.1117923665762994
4.03001031374551 -1.0496927603690458
3.0299369059370425 0.029154651435416845
2.133356439748436 -0.5499999961671774
-0.4290097762360139 -1.4708608519736293
0.9749881752024034 -0.748810119127537
1.3702765303331883 -3.824017049731344
-1.05663896970128 -6.253058556743905
0.14370334198244739 -2.4863652281946576
-2.334161344344327 -1.9695608467729264
0.6041500530822002 -2.3687614283931695
2.448716789656892 0.16496086793858744
1.2154707867850276 -2.5410042442170124
-1.9531173062984752 -3.0837894883334642
-2.664266337224913 -1.2116723430497023
-5.072231855592399 1.9313124059925755
-3.2074117727864766 3.040568279856943
0.10363579947586388 1.9572859320798275
-1.7858468463065986 2.5862792825725727
-4.62807618957732 3.9289643986843545
-6.4010391524349135 4.87708600442366
-3.97280583768384 6.552656636301693
-4.1072161265667155 6.9112825870696195
-1.7827775806388182 7.863168404334966
-4.619626342703766 9.424091463276865
-6.265822352800814 7.0919292999876955
-2.6004174025207076 4.723733788163887
-4.154579989493001 7.285911077697962
-1.2229177156354174 3.592956372600449
1.9087337238784126 4.9289342888909875
3.3795442273791956 5.768292762853594
0.9579619379623114 8.23739616295761
1.6601244760931348 4.403264787567356
4.068595870876669 2.240158684216701
2.4061842432180285 -1.0081800091981408
0.4873297206467089 -0.754968265085777
0.19937042178212405 -3.710622157525999
-2.694164918020116 -6.287204110405042
-5.273274861159781 -2.742143217485533
-1.780160751073253 -5.493628020465488
-4.570255647481455 -4.8457449194471565
-5.418675531808262 -6.8638268781442715
-3.429199217470802 -8.477283578002138
-1.8087189229485587 -7.239465018526631
-4.434207380458824 -3.554604663690643
-2.8075737609896896 -4.223565296744331
-5.339190523933329 -0.8696382687601778
-2.29927133835761 -2.9705163225024185
0.7627971102964515 -3.2381333946390236
3.6626371305604644 0.04280864647857552
5.856148625969512 -0.7527049940428011
7.638887662049512 -3.65568578412942
9.192436948869968 -5.774471695349677
5.548570322628471 -8.161545931261577
5.915645085091691 -4.873645208667231
6.854840559243439 -6.525478918231256
8.547892336946859 -6.382640021810491
8.619682948549588 -3.7968503030437053
9.825370604007245 -6.263349876824332
11.526030501010357 -2.7398674958073674
10.925497684691408 -5.420185164896529
11.229535681231148 -3.4999314240390316
7.268273854323048 -3.1715747251699242
3.676525682440411 -0.29182101813115313
5.956259753553711 2.5639998517080302
6.195549790952828 3.470272104908278
2.866260123304294 2.604781489868687
4.774128581860604 4.1486374839921885
7.213187515576829 1.4196377921519971
3.709896595729084 -0.12072531718961343
6.183374748299933 1.891333041416344
2.9568989101815513 3.549629302607473
3.4601132378926627 4.1121049893953465
2.4219250445271494 1.8555016942165143
0.8345637271809259 3.9667938472597366
3.251219104290122 4.200668014681497
0.0633909647499582 1.063117799512185
-1.0616334472175664 -0.14916820700848388
0.12430006565575713 2.1875377490711267
-1.9139775961703211 -0.6731803601496726
-3.218588553376332 -3.1589026687653856
-0.10738694380672253 -0.4552549523626417
1.6949265169227714 0.38245984687531454
4.236620784430427 -1.5819762658923797
0.9976072265547127 -2.8481265425119555
0.9497874464569334 -4.922141200504371
1.7498066097886278 -5.816973364021762
4.444360294879169 -7.893172293253103
3.064841747317894 -8.949770073182389
1.6589250290287199 -9.022403460105734
3.89970456088618 -7.806594469449152
5.221171072218627 -9.763841164425331
1.958168120282632 -11.708950577857921
2.5179954977113406 -13.393368960926004
2.610526495309356 -10.427844662384063
4.185651372515277 -8.25011003368822
1.211579933766111 -4.682687849138222
-1.6378010105385723 -6.83568780042607
-3.638105170786438 -8.642720445204036
-5.460415268644842 -10.068285610753536
-4.278935885384767 -7.996363658959231
-1.13228997405384 -7.345277398490366
1.0426756182464358 -4.369918188140904
0.2066744633522828 -1.934712995282383
-2.509786071958978 -2.8793238185666574
-2.458187318796143 -4.547010286742962
-1.5135388954469027 -4.956124422169599
-1.6162584468934194 -5.2756733677053305
-3.333833659918838 -2.0541904541185496
-0.6295004258609129 -0.9415085982791864
-2.5967472060111403 -1.8581536444783067
-3.9549275597606637 -3.8565007034815526
-4.381388777973416 -5.694081452342492
-2.1127827661393934 -7.79631428304325
-0.12254344867408973 -9.763666662010483
1.8156661652769999 -11.661780152092044
4.189650873978266 -12.986841197992716
1.2543647632602544 -12.072820184947041
-1.6150089797563534 -9.792796535494999
-3.296842489002409 -11.591549308256987
-0.37173096518133963 -12.07372351941703
1.6460924138757558 -9.786691514679449
3.6855704573747934 -11.606474637832473
5.887467180164727 -12.295050461455256
7.155368586841764 -8.587450945958764
4.261141015782137 -9.26949951799511
1.1589523104392936 -5.744699899935243
-1.2412981667954122 -7.977890523008264
1.5945741089666297 -7.662418466813817
2.984058983048257 -9.323076849195573
2.997711601645873 -6.069877589047787
2.776975616029222 -4.385821278571621
5.218438108053526 -2.2171066651058537
2.1019613478758803 0.6351097226689602
0.2971913151815442 2.618377293054473
-2.3228680210609483 4.2290452308356175
0.30846082495191096 1.1776223156225822
-2.2448802291253553 -1.3560596161038303
0.6516469527317641 0.8867032136669906
2.7978583956113265 2.57549443806183
5.13563078892909 3.587122474326503
2.664996816769439 4.68273790860882
4.755237926634681 6.738116257107537
7.037706841570385 8.844677566511834
5.804357473395512 10.314510946476892
7.838953092724863 6.964287888245369
9.44444325715471 6.966508234415719
7.721659613334216 6.932019080207851
9.69918061092362 7.450538610644821
11.413426579661188 5.997860220042188
9.059063971816991 5.523490723373372
7.320671171758083 5.446700981003252
4.2900177479968935 4.107408707972037
1.3447473566775239 2.093798142610525
-0.9737486421703729 0.4364349745365006
-1.3280597185524932 -0.6348764523468262
1.1284427293802746 -2.5731807353152814
-0.8843722836358063 -3.5339020434862727
-2.57156537249894 -3.7962662518016783
-3.506422889915604 -6.014694582111392
-3.3177578701799413 -5.263791719749872
-0.6297833278264968 -2.185831102803937
-2.500458789534744 0.42837969447676993
-2.297966747673313 -0.7558145843249242
0.4132960931881966 -3.327835079498155
-0.9867560129197726 -0.7228559235287966
-1.12286687260457 -3.2563466192024055
0.80556322737802 -0.35608744427578287
3.2070004004045707 1.7386109976110067
0.40944130957446667 4.211459571257398
-1.0376356055095963 1.314060820361565
-0.33732436701469615 -1.2060645979728757
1.9240506982859005 1.4127918145760043
2.9649717080453657 -0.0670690721961178
3.2887744411567104 1.007181095043371
0.4824297180231665 0.8057682147365547
0.15507900122934137 3.1881826343325006
-2.0133421820788806 0.5125009828824041
-1.6285751173633258 0.6742787792799634
-3.3734684292735815 2.930193578785222
-1.2397089894021494 3.791241729027317
1.4530692985707718 5.987093556067115
0.5794274618213685 5.702934553418668
1.7716971626299087 7.711137005775381
4.190347943565017 9.587606822894923
1.4386262470519595 10.151129194010313
0.34838489724619714 7.215025367785457
-1.784092019388435 4.102616371111086
-4.157928869706736 2.215642748917216
-1.6592515323631298 -0.48321312221218315
-3.6905670904125825 -0.17255999410558132
-5.783393530771116 2.115314282731993
-7.823888417945707 0.2389203748465576
-9.480318376580144 -2.342044345309561
-8.389744284894961 -0.0026320653799429827
-6.068342932595579 0.039967979800675374
-4.5075613901131035 -0.5996284384180671
-4.261976381521801 -2.049799508256441
-1.3662181446465596 -1.0961651765070068
0.647602072825058 0.44389873730461815
2.636518283603536 -0.4730956268451677
4.350903629760896 -0.005787287686318754
1.9459755913129406 0.08728291705547002
2.6357027395811414 -1.2465404145843124
4.337072725338534 1.3964209774692347
1.8167225909470752 -0.2555679849839998
3.988348056631287 2.301734779413869
3.85189404353369 -0.2872470520590604
5.573221522609833 2.2006151941089103
6.248145702937209 -0.3873716655120587
3.215920598698925 1.2880468812570107
0.4877933259342435 -1.2708465705842393
0.255122506904458 1.334618046405385
-2.286822021440523 -0.9470794120998522
0.35007706999712207 -1.6938518501986624
-1.7147003086074974 -3.9213686846232916
-4.031957328559194 -4.800486934956044
-3.207875851055183 -6.804956970322829
-0.526951263053538 -8.624489496572515
-0.9078263273421572 -9.704457130518811
-2.207793245433272 -11.335485041249772
0.3861500995591953 -8.278813742101057
-1.2864800519278043 -5.156728916903372
1.2517105626688987 -2.662345312698415
-1.3467709843928382 -4.58008767191888
0.8096904302642636 -5.420174864560201
3.0667943992790216 -3.7902612482059994
1.807757197884146 -5.902892964386181
3.992831194840778 -6.86199382905425
3.78860501489698 -8.215844898579597
5.90237154011926 -5.136238289912349
6.865755581250648 -2.8538386822740485
8.177412047249382 -4.600744636036119
5.305204939859874 -5.7047019048546765
2.556245306784628 -7.633096053179932
3.211696702427288 -8.86906081698122
0.5561442025808017 -9.98402666698227
1.3664034010106465 -9.446129732022717
-0.5791885965456858 -7.88339580765095
-1.7115125723015936 -8.914686143496093
-3.971169128107105 -9.474344859669078
-4.103603432645138 -8.335929249525018
-2.2904133601821126 -5.571247211749537
0.2696708217350001 -6.199728783961926
-2.1902868700243676 -3.378708176455546
0.26569028915820914 -1.4191740983792738
-2.196723343066071 -0.11517582274020177
0.29018977592607875 1.5170936583326626
-2.1043156730567016 1.661386876090568
-0.4485709196696972 3.6098483393748384
0.3629249673464038 4.885909528091679
-1.5191745804428773 6.111344370070372
-1.6945530661212345 4.064211227086192
-3.8560225517019706 2.790821648636318
-5.473301721839846 4.932174582461764
-4.642285662422164 5.556635270409199
-6.1799498327607925 5.974050387787224
-3.501605018629348 5.906362275763376
-3.255284474989636 6.798043517071366
-0.5772094833099168 8.590750055965831
-1.6638721040334004 9.236882414377764
-3.6130962612082165 6.108466673275281
-4.914407556613405 4.1117311244020165
-5.775501948082105 2.232177524815019
-7.71812981472141 -0.3426509404029825
-9.492472779072287 1.7019510884412807
-8.648832944892433 3.876281210375136
-9.925921196083884 5.270664232761124
-10.246212806231366 2.4760498742169936
-7.052751252492813 1.9251311651384961
-5.72929715163498 2.8684983374327206
-7.675213246740751 4.4173962020922
-9.23062207756438 2.8876244766023116
-6.14191611185866 4.224838967929202
-3.806037692747961 1.5329874608573348
-5.765798678962983 1.9093300513884448
-7.709760715874053 3.0557600666789346
-9.43978825823181 2.001429624432971
-7.8377698946908865 1.8275809058891728
-9.277063971746124 3.800000514267066
-6.218424347361278 5.782216031831436
-3.4068541288300644 7.6804116128781885
-1.8312264711325894 9.257461385824834
-3.7711534888131 6.175663234116817
-5.844946446523696 3.5821312979744517
-7.370223604224258 4.48466834909279
-5.082217362308336 3.916749803995919
-3.524922469804776 4.807095887694292
-3.62875516641117 6.6661077402090445
-5.070779202837159 8.212450480859886
-3.6688932716213047 5.289052382966252
-5.459303138402866 2.5935498426275942
-4.449727609963111 3.7102228061146834
-3.380444733763107 5.7217450301486075
-1.513895829055984 7.616745455800832
-1.6059836243355312 8.62483815397394
-2.942622646684866 9.643489947424706
-3.553297367013516 10.768597237186501
-4.060965723634243 12.300460240756598
-2.877116139259358 9.14282815596648
-4.302386048214327 6.620066105039784
-1.7567931096089735 7.734227349081201
-3.971503160148159 9.49277580959498
-4.092762374356329 8.677309212044458
-2.4968201460755117 10.134016361437038
-2.263809316370408 7.630440608371248
0.23722331288527743 8.772861297100597
-2.112301048323132 10.434889139853448
-0.43916463097215597 8.728543366030157
0.46478471794575227 10.394256144863723
-0.08201520133630502 8.182729340991747
1.0735306216839415 5.448023580418656
-0.045023711814587974 4.296133891129911
0.6084187112329751 1.7458002945223399
2.0289256257634647 3.9429473786326112
1.4583957842379638 4.466982432017954
0.7499385054453529 3.657909150369771
3.016659517627888 5.331673963511351
2.5513927648330386 2.9163078920196623
3.098883391957732 3.864960172904858
1.5215813666513158 5.318335898606456
1.7224417872782714 2.8211757342635027
3.8746678403349617 4.699547793850719
5.227752643462712 6.550489713199406
2.5555305868402796 6.7894528143781905
3.156993404187822 8.52858658538227
1.001033816687809 8.31444824301354
0.9126040139819147 5.585485141926696
2.048041967509005 6.354598910651163
1.2136166582131982 4.066518157326536
-1.1157023532605983 2.8351083221782156
0.49364796007760736 4.605413300667947
0.3659034766005941 5.6812383189207605
-1.3739505075293685 7.350581602864453
0.35891411647616867 4.963205723441984
-1.4432613567528605 5.126280438251942
-0.5386904104861334 3.1199913842059357
-1.0503824355472808 1.3259934711771206
-0.26191674455578806 -0.8018929411622546
2.0362641143054785 -2.9086691257593635
1.3723235683797412 -3.9370721625212575
-0.36810126946596844 -4.530112018204641
1.3396641649245424 -4.630175648966013
-0.6843637821909203 -5.957362097990627
-2.7212555266636387 -6.1283526434473545
-4.762943585122686 -4.041600476940772
-6.684867049349039 -3.1613225660307265
-8.286249184092283 -1.0037292484523719
-5.474852801800334 -0.8779611285625704
-4.722264049770127 -2.3891461177786284
-6.614878343793276 -0.7617382209964003
-7.635107951805535 -2.966896774573427
-8.78449609336267 -3.2206729915928642
-10.361843644632678 -0.7638716660947558
-7.8902050031553355 -2.9618285414352132
-8.760916523958691 -3.2856072908949305
-10.384199675722805 -0.8473142351651606
-8.137276141645703 -2.6343760209075024
-5.840276297115917 -4.131094674405
-7.3220697269182695 -2.181294482687388
-4.772011851606967 0.020606338398942547
-6.659248003352876 -0.2714475159965881
-8.075727091699584 1.9766301328926124
-6.468515559274877 2.1640526898120926
-5.564671223022733 0.08300417893836975
-6.054225282371929 -1.0411049291275003
-4.872535996033329 -0.3939315964665847
-6.134116441629818 1.019757815266411
-4.024935399187838 0.6697146522077932
-3.3889280756171027 2.5814749488642237
-1.7103135200459607 3.4933580773242054
-3.7547161973114007 3.1515536398019774
-5.720475646505229 1.1076399665259644
-7.507910414609356 -0.3682517540389523
-7.0856389275990495 1.3006632573762176
-5.440435178701674 -0.9088008168011454
-4.240272051897458 -2.0521362001986825
-1.7178050765785482 -1.1904459609123608
-3.77545562674875 0.9645713243297589
-5.703066212058118 1.387121844464342
-7.425518588063461 -0.15783657328147838
-5.899269884930185 1.7115266463253525
-6.794975945406606 3.7448259402769644
-8.444670332894955 5.69655811010354
-7.094218359335289 7.386759899055024
-5.358633295236861 5.420287131585755
-3.26419338311586 3.9760087529109316
-0.8319383548870665 4.028219228638462
-2.6967848838498742 3.355107154331941
-4.593266015727311 1.375239972323688
-5.491093590535289 -0.27951255908562267
-4.982262965760094 1.9077198018708263
-4.877848538411256 2.981364270996287
-6.0651560077820585 3.0296532473518707
-4.764099284200126 2.409666653676319
-6.621513174989678 1.0584609985839495
-7.678115444324137 0.195007971264475
-9.11766200734623 -1.8855048069538296
-7.001449519210064 -3.200275459771116
-6.4925463914638515 -0.8891715638419919
-5.936820463800825 -2.233376137363645
-6.3698624839684035 0.10139647571416521
-4.328525738759234 -1.2081344390468807
-2.0999193380154746 0.9888429140959458
-0.6693588380966944 1.0731802607113052
-2.533492894304059 0.02877459213305067
-2.813566379617433 -0.3659064470959856
-4.628759992878605 1.2883199219883148
-5.885616749505236 -0.9192085834068637
-6.912323807216811 -1.9149454296432133
-7.573219096773769 -2.891602663037032
-8.014950270266006 -4.061816262110608
-7.255916932556139 -2.9567213815409303
-4.581339290737938 -3.336021605908205
-5.327145402256317 -1.242429127861806
-3.0379089602144456 1.012160163378538
-2.316144629638955 0.7766333724967972
-0.17246645665760107 2.8611360971437305
1.7543463886347563 4.323588668473862
3.7982318345376647 2.087315777448154
5.6021940861592165 0.8148419559393043
6.5118063701849564 2.7445760649860516
6.2239744480067865 4.715977980726638
3.664722049607892 6.502663474761538
5.26910175334356 6.09195805979425
2.765407405546582 4.495312007473066
4.721539509403723 4.123310603576238
6.518004294440558 2.333206743596233
6.314321993451267 0.3076285371454075
3.9032375223726596 -1.725837760903456
4.86446627877998 -3.733533703548174
6.14859072730387 -5.615844015755785
4.001802174587359 -6.660831428952459
3.704069926520933 -8.024076426417917
5.50761182966022 -7.152888715381996
5.23426349527134 -4.90779019947705
2.74526930814624 -5.7461011079140185
4.698375388713145 -7.494988503443534
6.406591543564755 -6.9171173944617035
4.786231926618157 -7.510262780070534
6.542651749796841 -7.137070573348883
6.663397758889986 -5.031503617632442
8.03689016405966 -4.269889581011961
7.001145281846413 -1.863412941294183
6.510712073555646 -3.3500744417738257
6.212463183175683 -1.3998218722660587
3.72112917874959 -0.05149269731209172
5.562083084027883 0.6285082829381734
5.9942416123687075 2.1224783696420255
5.665608224287066 0.5000793516819113
7.114889472925804 0.46732862179258494
5.231504959644347 0.003060803790146449
2.771166240981352 -0.037940989442989036
4.685520887004545 0.4652539153680412
6.316787379870632 -0.025024516942964647
3.9572481546920093 0.3082337236251586
4.2523230499036035 -1.6886505821754925
1.8513672317190903 -3.5346977920150167
3.4260351772376705 -3.754043450845813
2.248953153323705 -5.613291458160573
-0.013186412020841143 -6.615084881275543
0.16230029283999514 -7.5669070148990745
-1.645004499024182 -7.919562081630705
-3.1997399013778605 -8.408598473904764
-0.9834288758498397 -6.700888607709765
-1.1362878105477896 -8.257243069568673
0.5287916536458721 -5.603148874718883
0.8716236609592757 -6.497239775174101
2.3300655700344293 -6.026313746154419
0.33483989039879725 -5.277995372400529
-1.4947518284671548 -2.8594732024499114
-1.3258323331592299 -4.288861713708178
0.625037922463523 -1.9690515438683294
2.0648258455191453 -2.242512230350985
1.0979710935759064 -0.0020486298257189617
-0.18317980534300937 0.025016468568526587
1.7382858617543515 -0.303944716417639
3.7066235200704694 1.6870020043118092
5.4715180377731745 3.501755474488199
4.736496311382356 3.292134808352356
6.500406570651162 1.0603220792391026
6.074384879504273 0.21862520665524132
4.732868812638699 -1.838953898742567
6.4893325729062195 -3.482427325527831
5.920108951334518 -3.022454512387577
6.528873573494892 -2.5299161317984677
6.4719303151381204 -2.7509337910028244
5.679518123568837 -4.646301884292747
7.180005443544273 -5.990037878172985
4.828376614869143 -5.724214688441193
6.33692217406819 -7.392875349350797
4.147926249198136 -5.613225524191961
2.214803663840712 -6.595470026345172
0.04926177265118037 -7.329463656379356
-0.5841469580728825 -5.030539750179221
-1.5886456972785887 -4.30514348394511
-2.576499996757064 -2.078361210368616
-3.3620111320246577 -0.9655023598830927
-1.5675367475298554 -1.3459582211665924
-2.313920178011161 0.44151728358996123
-0.26450438678191013 -0.3280796838102604
1.8047164687372406 1.5108453980662635
3.6251548435434073 1.5520284583692325
4.844345538792918 2.111220799601246
6.233105678550972 0.6497855200928255
3.781141954245409 2.2687143895824122
5.5491576166863315 0.08004071786552247
5.810634325828331 -0.9148428195153312
7.336077311240366 -1.9014504745457752
5.098906733759909 -2.9676690020625958
3.5728042678400582 -3.1875774583130583
4.244605449825126 -1.0866615719648833
1.9217047344489138 0.04473502385941219
2.7630735305551033 -0.5257999901471146
4.6214202148339005 -0.8216467287406438
5.7331658163601436 -2.608507062923718
7.391743944770423 -3.726191749123303
5.627308793812401 -5.502864739988202
6.725422407256401 -5.182178498246106
8.303899189055784 -2.9888467545196407
5.842774240815583 -2.937653491803594
7.164546192318402 -3.5248902416819514
4.950871809582745 -3.6135570906969754
5.248370178845108 -4.711204662539302
2.8751826209516924 -6.379694953396287
4.124664392333094 -4.5728420615880445
2.4246742723355683 -5.174730618356806
1.3426248003143866 -3.0330283889352727
-0.439068228936601 -2.4190904893484895
0.346805262322873 -1.2758707950237167
-1.3388076401539715 0.806451771435982
0.46586579787972937 2.6539616197379035
0.004975670956270051 4.14987537106438
-0.058590212216877574 2.246620635776913
0.6729228349917777 0.08025313583566973
2.418303904351643 -0.9013909418200273
1.270880655176581 -2.016410852604603
-0.8122796842020259 -1.6790338939795593
-2.62530917281592 -3.3916369002188276
-3.8855111890506455 -1.9045426762182696
-4.964240052338785 -2.9200146891957504
-5.094739242404142 -3.7030542284233405
-3.639355306907939 -5.39205948274164
-4.951441070384503 -3.784279160911767
-5.238585678672737 -5.506612774723614
-2.898658827950706 -5.23779646371526
-3.9077250267874426 -2.8999445269971633
-4.75790604103174 -3.8952951034583743
-6.458158352572256 -4.873426184793907
-5.5246835091658895 -5.994393969576031
-5.481816568808349 -5.6825222035562035
-4.903867607893277 -7.146120949094298
-5.728509198089461 -5.09998801933747
-7.346546174807703 -3.5990005184894382
-5.235624097972796 -4.5352958181861585
-2.9116618171430426 -4.686405804603875
-3.7793448423583014 -6.228881169108784
-5.502084781127238 -3.8537253335633928
-5.178702461955172 -5.195587010170668
-3.052083048136738 -2.9865184968229364
-2.2176029727545967 -2.965669252429034
-0.12561521286324506 -3.204044181394761
1.2959142380601025 -1.0919849070302123
-0.6942656556446338 0.06454284737322102
-2.5188280885478123 -0.7243254591832979
-2.594076582569505 -2.6408568550351834
-3.5373666325975597 -4.011713600759486
-3.775757108779716 -3.6120629406705564
-5.496234308752782 -4.668831523481758
-5.102210506674796 -6.105451442216401
-3.592517503733357 -4.500352631207543
-4.454125455273362 -4.220850094219632
-3.6102469822625753 -2.0071239570819706
-4.647007252382485 -1.7920616550650132
-5.932920720377277 -3.5891215258099254
-6.368486217124532 -4.413596006165317
-4.514193170836936 -3.114819056816092
-4.4062713090537615 -1.6142417355753644
-3.0326392673156795 -2.8114256000757836
-2.4402807050104594 -4.463041099152655
-1.564251341239075 -3.728939315738095
-2.2404694583124685 -5.449003888758083
-0.1332512031072719 -4.486718251442976
1.3378209948789626 -4.041341511639736
-0.4220462301719343 -3.2826453441867085
0.529808639013994 -1.1512145965365082
0.8627375589703338 0.5202021055049448
2.3011053012618614 0.7364256316501289
0.2936128218241745 2.647268343275559
-1.6144819683440468 4.049912576503104
-2.8063267804915712 3.191736571978855
-4.47056346986952 1.1615155946413158
-3.831231910648594 -0.5756766608019099
-5.301569147379356 -1.436508435751674
-3.1151909962605853 -0.5864886919171908
-1.6253095929131542 -1.5617808874452495
-2.909786207117391 -2.204839217913929
-3.7783814263880693 -0.19101428659843167
-5.466203469246117 1.641996272996359
-4.714870292069862 3.060062306239396
-6.326358479738305 2.1507511016479373
-4.203022639725273 0.4336209001269835
-2.0767569345549663 -0.383100352870981
-1.0441182795217552 0.9467357681952838
-0.4463583538313751 1.5277821420368551
0.22507091187386208 1.7712080591570816
-1.7107617564705657 3.5899736504155424
-3.49076910187255 4.4095030234250965
-3.1621235995842283 3.0900748293067037
-1.3125549257703222 1.8572619397442254
0.5622222890496318 3.259657096127828
1.267041633756555 1.1211462196046607
-0.7398034100209561 -0.28605759618088444
-2.6289012357199426 1.620782337266733
-3.870109554051846 2.8542129141144583
-5.0424385964446 4.214437851424526
-4.22166335053862 2.0671187370222186
-2.0574808913389124 1.147853220848024
-1.2475057602652115 -0.4717956978663025
0.7618112458048873 -0.10204160597890222
2.641470455037333 1.0596836504157876
3.978170102498987 0.2873347911344628
3.9976665930898783 -1.6073218061589207
3.780495572768561 -2.712969069992302
5.4411217058989925 -4.4224389464874845
4.4106777967191855 -3.2488613360265406
3.1152347749297893 -1.123779902395091
1.6492059528992216 0.2957752638285165
3.09910330096801 -1.5673230090073011
1.7878440071411528 -2.2607952282842643
3.546458892633609 -0.2048160492919262
3.882451076560013 1.65192113865296
4.937875468598781 3.1178985094181266
5.366478283713987 1.6322412078359456
3.6117702481823963 2.9492552232697458
4.629815035708941 3.3702602764278646
5.742806717749686 1.7699026857565106
7.306074075901437 3.562386963841349
5.0640674306539495 4.076655398175802
4.006017693971701 2.9419926603684283
3.689852062899326 3.4446094668972274
5.241982033609792 2.583099363377041
3.015029656846312 3.378863704020796
2.6516930135543824 1.8563389759591236
4.046593885401325 3.2418184411385855
3.250301524403263 1.1397393089766634
1.146232932757564 -0.39665491402106556
-0.43822509561093637 0.7797962677656105
0.30929848481976707 2.6041367699154314
-1.482784300731186 3.605091569827799
-1.18751570500763 4.553957350703469
0.641758815940356 4.91080861236155
2.0810904053132644 5.624149392502123
1.0283884385832542 6.620426321326277
0.6292339953172394 7.524036199606648
1.9687824886525522 7.354993251796774
2.2196633900606964 5.411465771478126
0.22352119344984356 4.0833873709839725
-1.659358897389087 2.888664096544594
-3.154881133067331 3.9343537510334663
-1.3992492521425497 4.4563312273043145
-0.1951798651628618 3.6749897154027753
1.5973194457778277 5.139293154061418
2.586724302489851 3.3783233083012023
3.410773712058351 1.8668233181564375
2.2012074617431776 3.157203439118243
0.2687568152600974 1.3912163988814377
-1.6215724369885667 0.11579523597496189
-2.829030872322642 -1.145684832961294
-4.316975151285817 0.4178285511268287
-2.3378945332095804 -0.5375637223622567
-0.5941104194688176 -0.9457894288778348
-1.6080291758506937 -1.5180623960096198
-2.6931713910483985 -1.6402377900368392
-4.294195140965184 -2.993083898327602
-2.2292443297791387 -2.89564120408688
-0.23277083346555294 -3.8681604168299715
1.6483394636113025 -5.020813580921461
3.0570035022768094 -4.475986161471758
2.216640359371905 -3.9266051543150304
0.24987020641389757 -4.526749373847033
-1.6396295130454692 -4.570221509104193
-2.9827615968700343 -5.097785486005915
-3.0074004758845834 -3.7142747965271448
-2.7411961549022283 -5.317905582740691
-4.446092227635591 -3.2979115115549287
-3.560034901850944 -1.315572291586312
-4.036705907039157 0.4755194626329162
-3.3695517864346853 0.16099095881528674
-1.8043440268941342 -1.4315238178747585
-3.455950172405111 -0.567929995110759
-2.7409087848921745 -1.3065499748931722
-4.439972621326461 0.5193258525338029
-3.49009477886916 0.7142900778970497
-3.1672501388298757 2.4882702126311704
-1.3634345628001685 2.2036619867544616
0.12554968540734457 0.2901565786799849
-1.2019238874505949 -1.528524387212712
0.644549994632843 -1.7695406042968784
2.071812519321921 -3.5095098675343035
1.139200978431424 -3.4129157175967992
-0.35294377136444366 -2.245096535783679
1.1490369459974963 -0.2573042214175456
-0.4130493123759378 1.611100897176058
0.5747346419427067 2.707834202262503
1.3795114799066663 4.336842381211529
0.02585827964707277 2.4975491151791194
-0.2751935137894959 2.3218264132652795
1.568711744038529 0.5195086165254086
2.250440134872469 0.715111614435767
0.2688800090637269 2.477879458099051
-1.5821977467547261 2.0760448074636173
-2.401413727874825 1.1044797652327016
-1.1882143442073176 -0.08741506368896124
0.5899270311627225 0.8812430182053385
1.5430744911711487 2.08181848200279
1.9454930193240616 1.0528842849911182
2.450311695524719 0.3898889338583207
1.7407658547653349 -0.8082655958929903
3.4770436668472793 -2.4802744443842366
3.008773953167485 -2.1074288459226134
2.7312117171403045 -0.8343941145551608
4.397412073079127 -2.371894334299769
3.0357422329007924 -0.9083371948249519
2.449090912350746 -1.85577741459905
1.7285127757871768 -3.1927732521270182
3.446308311547312 -1.2881275163762793
2.6377954197533695 0.5693490331026625
3.8804672633515858 1.3101182628742785
4.904884418775923 -0.47006790402166265
5.64974822470551 -0.10011549933371722
6.800255481455771 0.9832015151654587
8.143993953437281 1.1187574867137897
6.231131360216279 -0.18840909776770998
4.05245279140589 1.516108511047755
3.2250644419396783 1.6125895095599176
1.2327517804306407 2.706206478976749
-0.6544921265940644 4.306478682550798
-2.122987584997764 2.344517867685008
-0.7258868225289143 0.6961252280419372
-2.486665866561296 2.3760269556736384
-2.189818256461977 0.9574505035032139
-0.36936973281939833 1.3832832506597499
0.9846703777318646 0.0839479014669291
1.1026889544588232 -0.8372563909504116
-0.05549084011633432 -2.341759475173072
0.5691190697470798 -0.6813197166699012
1.301157826275603 -2.293280847872163
-0.49827362873687897 -0.4101689374078832
-0.44976162791882357 0.5852060738894389
0.1398704214534645 1.4776276338910046
-1.2655893242363947 1.1380043544652594
0.6127717014235077 -0.3107924044748003
1.7573158904011867 1.3896415835771287
3.4663801782409855 0.15109293382953304
2.886666426984955 -1.330469126929928
3.9034614055494803 0.3303993161488181
4.7103310116324755 -1.2724966311747856
6.192299247750739 0.591861743463822
4.145094948991829 1.5445323233108454
2.4777311613430397 1.9548451646719507
2.0832690791615174 2.3481668026124143
1.0611928305423546 0.7400464674561216
0.3231547744564611 2.4991013214224456
-1.312441426610544 2.3453828141887905
0.42937860310535947 0.7215383301666514
-0.36917833533006883 2.4540941926021365
0.9718834488917742 1.8007787070805623
1.2326992757896829 3.407755932467106
-0.6276351072823032 2.2264756415317972
-1.885033070404331 0.31903743733000467
-2.966347594856475 -1.331373356530668
-3.173920718551166 0.31283631614403506
-1.3966535484130782 -1.3639526569741225
-0.23059724059216835 0.06929604582683702
1.5648273678087512 -0.691988187861873
2.186436716831772 -2.3293260672090064
0.40876718952397595 -0.6205733265387026
-0.5871148196061909 -1.8173899001257598
-1.4864561815893418 -3.347832862824799
-1.2494020226281808 -1.693232019354562
0.6126681220796988 -3.2748533993861537
1.741759016283464 -1.319954659686816
3.429457507545449 0.374446468537472
2.467191187070123 -0.9159358124387327
1.9608671202718444 -1.7647845504480049
2.2842945777062975 -3.4436609677035515
0.40953883751388664 -2.628700734227074
-0.5747711502117254 -3.7707962327177444
-1.3500412659605 -5.3260130499275915
0.16952110602698167 -3.439343477569288
-1.4000434942222235 -2.5809018307117855
-0.27338757062820673 -3.3019549061303124
1.5044646571857827 -1.4272416198278504
1.4691339705107938 -0.5603097781082114
1.0428433450075454 -1.1870489565728457
0.5105859604743185 0.5220508297323658
0.599886996914376 0.7381167169496899
1.609833324785015 2.469108880529945
2.65001271787752 1.9867165155070987
3.9372339595516648 2.0224650325857794
4.396892838016444 1.6583956137230023
3.077567550484896 3.053447872892323
2.0730666941873244 2.2964529361178974
1.1703224052071688 0.4686905748868848
-0.45057991102306927 0.09582501391900528
0.11614854743050385 -0.9129615630835559
-1.0710498990552715 -1.782392401525454
-0.24647603478939617 -3.415540937969499
1.5363292873070504 -2.327681584093833
1.8500506955937674 -0.6345555702032106
3.1758342030855875 -1.9216623225456437
1.41851811334284 -2.648658222576625
0.4734427039897191 -3.919940565938136
0.15358463537359934 -4.550798231128013
-1.3058365980910058 -4.848928327901222
0.4241353118182485 -6.010783751472065
-0.40874154000633567 -5.554015580366934
0.5703818549347456 -5.829197614478252
1.292381380071111 -7.050477508905233
-0.47911349209083776 -6.106002204024597
-0.22190834154102418 -4.676171102767546
1.5228157005195568 -5.987935326669509
1.6888411190168373 -5.785891556984966
3.224259454970049 -7.175725979049325
1.3094162313930493 -5.204825832644709
-0.39947679275442294 -3.2274040662664496
0.6596289879805202 -1.3087454273441392
2.102543081754185 0.40135941056980506
0.9313286610936138 -0.6401417354667054
1.6127675356636875 -1.9566733205838793
2.6634939678220384 -2.3188362662738387
4.014671805796094 -0.598593640373597
3.6296047810798737 -1.5821822200922577
4.7006252688946075 -2.358417790157688
6.105295911360429 -0.8675650026146511
4.690583336588085 -2.1126406908288127
6.057670744928629 -0.8582445267012766
5.1010546756350115 -2.169468217401255
3.781069270435945 -0.5205921967663811
5.2841365181119055 -0.7169834377886117
3.2848055224904096 -2.3854193658814733
1.3989317194044233 -1.1023982074859129
0.2865626583117853 0.005204529073524533
-1.4270715552193936 -0.052089585700358765
-0.5769607177234614 0.511074636970694
-1.3549235513467388 0.6038583526083169
0.09664877756253776 1.6277907957405793
-0.9019622671877499 2.789822981122328
-1.85728632690869 4.321067867674141
-3.113265862971679 2.5131565963236797
-1.8055644658422703 2.517633171835479
-3.3386455244460533 2.570509334639003
-1.679510711011383 3.1730163910590425
-3.1555132264681918 1.4604756255273055
-1.542516167124014 0.953174653779809
-1.9153049996735776 1.4036444280439422
-2.689508592186399 0.339196842212828
-4.150910901826389 -1.1478484167277996
-2.5142782703857884 0.30344072839299163
-2.530838502035259 -1.348662300349139
-2.724745803254139 0.13489854051693695
-4.283588651688832 -1.1700129615957453
-2.3561024292235433 0.41048140949130363
-0.8673863118385301 -0.5342874712970724
-2.0990004115336047 -0.8744109193896381
-0.9767362916253177 -2.052623489689326
-1.1746006792857044 -1.379046460773973
0.426275088321473 -0.11389105392049004
-0.36828061848889293 1.0245903391767444
0.922148404206387 0.7028552887395692
1.681783020588316 2.313547606659046
3.1572613916280936 0.5985202871459743
1.5454464047182426 1.5654327405582618
1.945860410635063 2.1679085135589293
2.413629003542421 0.5514985451016203
1.3926832999478809 1.0684601867435515
0.24243115438496088 0.2926237867320999
-1.4884002159542766 -1.3816017267767564
-1.2818050189037957 -0.1420717556023312
0.4722274556949 1.2036785623257846
0.1482383539707059 -0.5073289878866294
-1.237483271979149 -0.5586327395662266
0.5408640812028518 -1.1461102155961433
0.9469406748223116 0.279177019717298
1.4563693753504445 -1.4220087083274564
0.9129024169905762 -0.5377250707028406
1.7546214751222862 -0.9107193043033642
3.370872584387632 -1.772197817546659
1.945676123701354 -3.370943751852922
2.412516236217327 -1.946838778610337
1.3875308552249939 -2.4016391967148416
0.20177409263122859 -1.280172295898152
-1.4405510379768618 0.46807012475207777
-0.7387570861013754 0.10214028791317631
-2.4021944769629564 -0.9257553165549681
-1.2873394266495404 -1.6432645436932254
0.4423416091111849 -2.890919825881893
-0.18623127336181267 -3.8136686719080206
1.3939792739611248 -5.177195846174289
0.26504692894889104 -3.3670750530013693
-1.4455213815744936 -1.9212233868361273
-0.7954943155220119 -2.626062086026119
-2.385761810320611 -3.69557917172798
-1.1372380448381394 -5.098656260141087
0.21605944781984276 -3.8343377534260137
-1.4575608704188534 -5.094031049419263
-0.9308006207043646 -3.871576179034136
-1.5961610521637348 -4.889201830871985
-2.4747552603835925 -5.714052896701028
-2.0728463369839387 -7.059907829940062
-1.2109308897029902 -6.054693987773447
0.5000441776472024 -5.1561643286611725
0.47352334326317896 -3.4683623621721056
0.16727677116912976 -2.9464704742267656
-1.312421023474029 -3.346770337983065
0.3235176322429969 -1.7761047468446822
-1.2096006515271953 -3.3507882566537526
0.49379918730641914 -1.805979589955353
0.40130950524361064 -3.2969569203934133
-0.6030356165176585 -1.501402040769418
-1.5901353502675608 -1.4355033952913494
-2.4112748832359143 -0.692083476322044
-1.3879718111355348 -2.2334344138215463
-0.22057602832026402 -0.43400978043403504
1.4503783875698346 0.2692654046726425
0.8549240952228989 -1.4200619271660222
2.142163266376461 -0.5318954435281735
0.7137070849065137 -0.8389586854185485
2.3170481978949145 -2.222738657100347
0.6554881798684922 -0.4435996643908906
2.0160134444832174 0.16451464735135035
1.7389125199503814 -1.2905693079707565
3.32434711336281 0.40683640101489926
1.6445648720619086 -0.5442581642800555
2.882259432115477 -0.9766827354354035
3.8610792235951683 -1.1697869073926763
4.941816322916313 0.3639377187814654
5.278014237016183 -0.922653061528262
3.3431375095316493 -1.6574706423298924
1.7656663628739322 -2.9713582680252033
3.3407539200118377 -3.1129553920356443
1.7509038452309156 -1.8541315755956282
3.333660592091131 -3.085250691122611
1.7065062246567244 -2.0654979122442882
3.228292684198962 -1.2853793286338258
1.397509378941232 0.41620973485725266
0.31824763678748824 -0.44694340553069156
-1.2202329441309392 0.12430589461399466
0.48792795261603605 -1.0596865067486139
0.33528298172796145 -0.390954399768385
-1.11942038996802 0.687298488002248
0.07916970368733423 2.19324825671054
-0.7218393072430068 0.5118839975640097
-2.3266197359221774 0.6092083971170749
-0.7241354917002121 1.6340254932782496
-2.331642420657095 2.7916270074107095
-0.755200613895344 4.254063949929225
-2.3809132855943704 2.3622550757079375
-1.121156692779431 0.9684528040336629
0.08712067626297881 1.2450680815773063
-0.7839551604842804 -0.4848899533460749
-2.368849180381789 -0.3014485686861711
-1.022555467690941 1.2918748765259052
-0.7335518084498684 -0.3821776429307382
-2.348141117870448 0.7592617877793142
-0.868327435363242 2.377937173694897
-2.0451328012784717 1.0995648687658544
-1.4724763106384056 0.06916869405559867
-1.1090748132440906 -0.6333299910173714
-0.0003666458970206232 -1.8328505232124597
0.0034734773196027947 -3.1749295081967026
-0.032890050800413934 -1.530502642650684
0.30889886350716056 -1.765448916969456
-1.2519075864900238 -3.321223855178472
0.47001948306044317 -1.6531741180776238
0.13525365677898288 -2.924474984767871
-1.1149104781672439 -3.526561107109954
0.0370396909379207 -3.61565773888377
-0.346279718166228 -4.523998903436483
1.0315644926819156 -4.5342728053817725
0.6517479920371284 -4.648866175438372
1.9643503561174418 -5.733781252886718
2.2278666527172053 -7.074992983152917
0.4762391355586506 -5.954036693909719
0.20582140129168347 -6.111231911850929
-1.3911428048563328 -4.729297272364587
-0.27637588002871816 -6.115860985085473
1.3636148105748511 -4.698462932079121
0.04689078282114667 -6.013914533290508
-0.4337801995115694 -5.554861899412483
0.25431420653325526 -5.820079873413775
-1.4040423939028845 -7.0038778844313425
-0.39770717041273995 -6.597055579799901
0.6087451412720328 -7.193534807151797
1.6146857001889894 -5.275687730834969
2.6144723047398557 -3.377880491973801
3.559960772026731 -2.06097181717287
3.9779811060666983 -1.339475966067262
3.996504070817215 0.11928379578978365
3.823811032550347 -1.004761764736849
5.0911280344305965 -0.9032377208760006
3.9370867943565657 -1.792650973087031
4.362833775444213 -3.2796299006177136
2.891683478825302 -1.4984955188407199
3.771502437391562 -1.4048925503497225
5.19724467566457 -0.4105156847912278
3.3789716436317887 0.4833289749382107
2.0753959585741795 0.28710435411409113
1.2212688881333613 -1.3190188163470766
-0.4505423769350365 0.23311719472874537
0.07259978769848319 -1.404053567127949
-0.650795658260147 -0.4047841788647355
-1.942908046434094 0.5359940578779869
-2.415062753057863 0.8741939372117364
-1.4594859839169925 1.9885124100909721
-0.9729220324806087 2.0028996674284736
-1.1985215306275827 1.8692291979520046
0.4092243089465486 2.965911983705497
-0.49182466981378925 3.15842009830283
-0.38268817377745323 1.628056258689023
0.7316017918430204 2.7169650064298727
2.310564259018852 4.1689866751975
0.6801433984900656 2.5322011276843153
2.117307018146295 2.727950388712838
0.9148815104338095 4.1971557251402976
1.695979011342926 2.4433907031803583
3.140368030472782 1.7512083847520699
1.7241352701217534 3.28484352449021
3.237272474141859 1.5301940182328166
1.4521560805995128 1.75721239416375
0.8967372076270165 3.287268596101531
1.8304635094840929 1.5399311042364525
3.154482101053265 1.8629822931940703
1.6542402455079075 2.996090337372289
2.9045630179011486 2.881374105682709
3.6688347137430406 3.831271441676179
4.892751739662899 5.046289964592207
5.650602151029181 4.322220463482564
6.672059456452315 2.6455237137056176
7.755770134717105 3.7904788378190033
8.972278340667978 5.1600985189337525
8.790795935165791 3.5295844737326965
9.901491516092433 3.6466560353926485
10.32946319832456 4.74549933025072
8.38133793862705 6.115385863092349
6.8559859380637596 4.731071796926705
7.772488444573124 6.08997737189984
8.970106897215105 4.913438444087693
8.810821423151044 5.4955091443348225
9.854140774809949 5.168140826761931
10.62705857353481 3.500587435891863
11.235665595627857 3.3270893846381844
9.056619004031273 1.7319512758857345
8.032207809973736 3.2421573220608995
7.297577971933873 1.4693973972412446
5.387222602167771 1.08686971228858
4.065400486811593 0.1967405672528627
3.215521856506337 -1.3311773604300585
1.4822147145836484 0.1388543342763513
1.227369768312833 -1.0981847555524447
-0.42444964602898105 -0.11336918832784793
0.3307083434582906 0.9412659070678085
-1.0884770106027655 1.4718577445466492
-0.18665109775427913 1.1146462821954701
1.3006097942168209 0.00032511061882378733
-0.28788733623987817 -0.002964937186694535
1.2835505645461744 0.027027359018802637
-0.34780158659231364 -0.24498731007134808
0.9778815937502683 1.3675184627945807
1.1497495970303935 0.11438448448145166
-0.20149944371840722 -0.9446921622620403
1.334220970587546 -1.441204782403208
-0.11360768897255857 -0.7906587255796058
0.9384411557873535 -2.2966079255062044
1.4933113568438336 -0.6503625719163304
1.3503116010153233 -1.911374514803375
-0.007951027979559822 -2.6579536835390076
0.07214295858619792 -3.8592236259002326
-0.6301220373476965 -4.897371735961619
-1.7614646327578303 -5.607297643562159
-3.2621028362404108 -6.317914808719981
-1.5076308617106546 -4.546730497005717
-1.5075326758772003 -4.777227447962644
-1.506458169401207 -6.10432151137939
-1.4947010948300041 -4.824646239910232
-1.3660111141752234 -5.999803209058867
-0.11022739358861422 -5.6979491162690925
0.9108026539827603 -6.915527614194676
1.7097688873938104 -7.370289957611486
3.161988431667144 -5.840951407317045
1.6502034294572197 -6.881825053692452
2.8527930339723113 -7.607736274433263
3.976433349351558 -8.217744944681852
4.00969646261174 -6.248058811410467
3.710612300095461 -4.346164501242589
5.0609181225451785 -2.821613651543494
4.213400044794166 -4.106818294783143
2.4577061118222723 -2.914023837041202
1.9176834798876574 -3.581900830705317
2.604116491332129 -4.180837129147216
3.4362966933264256 -2.5340587576314766
2.6464707290307903 -2.742509818736252
3.7722467945931797 -4.184797569755812
5.148526680497161 -2.523379252409214
3.6189527208384753 -2.6278044684831054
4.51123269910455 -3.63272962212409
4.395768447695644 -4.6201815862802
3.2127371335568164 -5.470430084719729
1.515415706467697 -4.90382211364377
1.5919223896346784 -5.554271862971081
2.373457766583013 -5.802992954236897
1.1281986083565982 -7.002332363782585
-0.06556791819838304 -6.6277728872950465
0.5688875165406215 -7.429063564446091
1.2012827776448467 -6.3771564480733405
-0.3609214109980614 -4.958770144412016
0.8646348624637452 -5.1135978451860735
2.0044685291638604 -3.8268277125558052
1.8598908062392028 -5.028935368488445
2.979519486687219 -4.492704074115713
3.0321790159073263 -4.1957571653441565
2.5647746206522783 -2.504217206511941
3.0585473333412994 -2.4205872053653184
2.340654146758008 -1.547817829059768
0.901165119335195 -1.9352100732531143
1.7695730997649441 -2.4600843170049562
3.238693176486706 -1.9477102204345778
1.5120715762079697 -2.3566610862330752
1.555427019812801 -1.0098975587168657
2.0128317447868787 -0.8620636522458331
1.786192923167464 -2.013605245976718
3.2235231965808415 -1.779415397079897
1.5182158336501161 -3.2302524218384017
1.6213601516439002 -1.5156001032410524
2.6217317649011447 -1.593261752517955
3.5745855512585143 -2.379191384065595
4.103085076874177 -1.1842330427739969
2.9554529560666354 0.30671289379912925
3.240220518143747 -1.1734490446674848
1.5194322393798234 0.27020111236661104
1.6341311227650517 -1.2927228690173156
2.718576845914715 0.2771451860098755
4.114185526269027 -1.2749938297382208
2.883850874699343 0.3296355833388236
3.7807081879733944 -1.0554737217672567
5.123565036962209 -0.4704652204784917
3.7769577502371496 -0.1594785942229242
5.1257287663312345 1.1615199656716455
3.7648948278846124 -0.2193873629398524
5.128844816263613 1.3201731441966942
3.747513266915957 -0.15324643747517386
5.118045197009666 1.1318786261349618
3.813523327088566 -0.07084620517585982
5.057823068034818 0.6023710955975345
4.254952742842265 1.505108472339812
2.490859666565391 1.4805234671241838
2.278475567844933 1.2176238154182712
0.6373089191193564 -0.36385756114045176
1.7853529388480538 0.8262379512666949
3.21128565798046 2.162987578183097
1.5465708019002373 0.7305614379332546
1.9176752142595217 2.234201192440275
2.589869277817071 0.5807885403583481
3.291661607943649 1.3056910538342221
1.632330505634916 -0.21455276497514264
2.6965894348055883 1.3070018377424248
4.025994590977887 -0.20789128588580952
3.5758392461061743 1.2967095618298987
4.1095874203285465 -0.24871926870371963
2.924051208944646 1.3106993025752172
3.4904871723709654 -0.18941483609613208
3.2263309189939546 1.2554365097102225
1.5389437573798206 -0.35113974226987765
1.8375861793321526 0.9096930193886772
3.0638724865242244 1.6951717767673005
2.310051033882039 3.065322181231336
0.7614260067605643 2.2987554249247633
2.263248989687144 0.7144816724728569
0.614752426946495 2.1838398234575767
1.6026493283847025 0.6657760059570441
2.4508262813815374 1.9639218465494521
1.8619519096543127 2.213959992004396
2.9456377273734873 0.6040113714517967
3.3171396300281857 1.510824797076979
1.749837422677417 1.5414199635641834
3.2033169115695106 1.8619711576631575
1.5734244376153073 2.9441373615937687
2.1811204206751746 3.328873794424711
0.6784100138907847 1.8132068381621789
2.0295342399733687 3.1420731713695194
1.6467209449891684 1.7916413313466022
2.7901759018219723 3.1879894333324765
4.140857483189957 1.611498688597309
2.7503086081125527 2.522451510764937
4.150708448832247 2.615009227188306
2.7027448441251067 3.501997810414365
4.037460592420147 3.3502766303572584
3.48283778724936 1.9478740483109547
3.1479417317516774 2.3459269146350974
1.7664888478809242 0.9691995954801247
3.203961373455055 1.2165398586494278
1.5800814547165412 -0.3403711237911826
2.2412616811249912 0.9668300749556162
0.6040372143758381 1.236374369142676
1.5049576088332173 -0.3480953240749747
1.479325622383723 0.9168122517756445
1.209286315567315 1.6354285061058222
-0.32821373502896733 2.7050541733637896
1.034851088388747 4.040889003722841
0.652732568376194 3.4563071059005566
1.8715608551444591 2.8743676641028197
2.8830667972403345 3.818358151884149
3.7660036933636887 5.020264029316877
5.100924154176138 4.582783978022642
3.949782785283704 5.11826665922366
4.23119462116877 3.8384433454527533
2.5125095604515257 4.94695475828183
2.5102902095474953 5.20548901538097
2.4869949857003775 3.4892126088985185
2.2421822992327476 3.2169826046137873
0.6132592437696314 1.5716306419462296
1.5772928069488508 2.157464607593485
2.2109674049010457 0.7817853076107422
0.6287641438867733 2.234402459964386
1.698407275785162 0.6133683363793017
3.0568234548356497 1.5769718846799625
2.37802683753665 2.207154273689095
1.2097455073386743 0.6363811365695824
-0.31871124730733436 1.7531870467622523
1.0752398934849543 3.1860002321807315
0.33241025980526684 1.6358112423071058
-1.0016635843910948 2.6997473056075556
-0.9374649753927706 4.010865779159723
-1.4726547994846848 3.7139145457645877
-1.1425196383260194 5.0114219758643594
0.09502316101154418 4.661125142274813
-0.7610145471861279 5.720860149784504
-2.2347406717922884 6.933874963651486
-0.620473209413851 7.2107239830509595
-1.6296400493920944 5.396192657587589
-2.651477150299568 4.218270268397414
-3.7553967458232926 2.5330447225048727
-5.08549466721054 2.722771644650982
-4.067565581100981 4.080935453265689
-3.2497105523928043 3.149123673569305
-1.5832298235054398 1.780816225505284
-2.261187662592951 3.176811487971713
-0.6469578255431163 1.6716591770149578
-1.819400205338084 2.921097376220353
-3.0992846262291573 3.4983853272139216
-2.069682525498827 3.315169758568997
-1.3312510783837717 1.773262576078029
0.047442885503344634 3.1791195947438586
-0.39729348453320695 1.667095695056956
0.5275810047517586 2.8934843696667656
0.7619067651288585 3.688890179743675
2.226320718551132 4.907690425606038
0.6316514650063976 5.497225924457575
1.7085471956001896 5.207801051865799
3.0797858742480253 3.507340026709512
2.2099816886974035 3.4088159581833577
0.6487109089272098 2.4310882975657555
1.8259223008034713 1.6844717722736497
3.0728489830066374 2.980319825160714
2.2625005714942117 3.0230696082279533
0.658066257082182 2.661830889786451
1.8836919533995349 3.810778855323284
2.7949616556297334 5.020810249062155
4.101692936736065 4.585630675652914
3.0119497622337104 5.135035497766339
2.7558491515728973 3.7656840382802375
4.121623118942287 5.077042258692872
2.888761124570309 4.137960962511348
3.714445284184602 2.7993797086363896
4.997110675473218 4.091371262839456
4.786255689945735 3.0838361373082925
6.015629207727782 2.184941312146104
5.5826501593129025 0.708676704677941
6.0589273850659024 2.1198581602548625
5.2298768522340335 0.9968833113232238
3.498969777962196 0.9787294672583126
3.3229447412240534 1.131224352212678
1.8259119387292353 -0.018869241516007884
3.0652943374339854 0.15859142964385128
2.324496224953052 -1.101800860457778
0.8827359795858154 -0.15899752090372066
1.842917437963072 1.1027136875261367
2.9994418471296433 0.15359181214771478
2.8623644133932116 -1.0789871185243811
3.8604608031267684 -0.3183053677824653
4.822408900935686 1.0512813691994776
5.9314835566206625 0.5298942175794801
6.271680657958979 0.7827645358435951
4.500127563414323 2.2024960483902456
4.288203898883618 0.6761830936151081
2.6404893727431937 1.9743834604304722
3.6640965958785934 2.1192259452027913
4.765860456160089 1.0066945576731423
6.019057565299823 0.8965897401075187
5.55697830561846 1.7529284231406679
5.814677673296984 3.1549179138465977
6.90363158268401 1.7783190985433668
7.422252392496838 3.1550853867554105
6.375361030321926 1.7784266433539404
5.027856424991774 3.1541849645786177
4.532312485593739 1.7831247525616316
4.617353186736317 3.1494288822044547
5.39592617809242 1.8050351038005685
4.240233178920306 3.1137631302043074
2.5620063284431582 1.9961533353795677
3.0036367712792313 1.9378556828254494
2.828293460116553 2.409949443046751
3.9993855165799994 1.5031294506181276
3.8167703718788237 1.4614350155010145
4.98774774269489 1.037780606965375
4.8667242274634 0.6412676984875967
5.7357862154084245 1.7574010968772167
6.937708936608282 3.1507300453707803
7.17499142805508 1.8035823569429654
5.522014246914079 3.112608089500383
5.466075252174218 2.0068232717114203
4.897090979816958 1.849296453417486
5.555991805012733 2.959885653310814
5.803403284995251 3.188753651440418
6.923304253459342 1.6724100475481012
7.281627193065153 2.8962898398064625
5.495420232485252 3.654172851788065
5.195333116569389 4.696957780762197
3.5650308454174096 5.868501611740992
3.982950338717358 6.676198600604211
3.953718537188851 7.679876114623636
4.1904239997915695 8.651101731180098
2.625035611418377 9.442068613261238
3.5422623275390337 8.476529731025343
3.762315526586664 7.863835250397296
5.051642836142786 8.60549034436287
4.346939639021578 9.10713699238866
2.9389694365959604 7.765539912390051
3.350995597321736 8.86401228015191
2.012183113178689 9.55698826703578
1.8059529123807307 9.62487404936839
3.0990279283145417 10.211995518315772
2.0994888401283576 8.310122032122935
1.1434474486356454 6.559349103326195
-0.059345883190709214 6.787332521023029
0.4772805020969073 7.896032955299088
0.2466023362021029 8.418201346770351
-1.2291389122302692 7.305728294055193
0.27973727521564906 5.58993443374292
-1.171544304202421 6.1132827323485115
0.1721008752067883 4.872740821773092
-1.12702705888132 5.694827774374011
-0.027371727154401615 6.805176647197237
0.2241048105728644 7.863515657131652
-1.2286115186741473 8.60299803620292
0.27652583225586946 9.083836149702242
-1.1768346542943784 7.927100642202879
0.1865789658453112 8.204362373930651
-1.1676037796145544 6.422820248613114
0.15485407974358556 5.444104807238114
-1.0583368723856532 4.689315300068771
-0.4864434285566923 5.825466865701654
-0.33980717670134675 6.852393582915903
0.9077526304679772 7.700775528540044
1.663832498724923 8.731752900235506
2.8352458528822506 9.774185201607505
3.9563369419365415 10.760764325726456
4.167442809875678 11.714782183513517
2.7101531162647987 12.592154486670779
3.9944985899385292 12.805184368463518
3.8597960439531986 13.580447611190351
4.802941091292012 13.655986145740563
5.954948356137031 14.231572567140713
6.0854085552829345 12.129242165278093
5.060994630002609 10.513633351339765
4.283739644753279 10.151749468279476
2.665889066755345 8.498171605717708
3.796514206995126 8.088742264232037
5.01105231775796 6.946980293975723
4.678907803297308 7.100614529600273
5.77118475452771 5.915531904556677
6.942190471557556 6.37651474038834
7.136927265254955 5.066857250216575
5.708902875409188 4.241973685855886
6.846553538086533 2.5991580505220515
7.720954616271131 3.3245591271652604
8.789169981579917 1.8791563043574633
9.78826985355904 2.789200535859275
10.74302746983126 4.064369784571429
11.69378019923234 3.3077898746416987
12.512560357941288 1.8032750435756173
12.050599459287469 3.0861174193534042
11.044131637483938 2.199459579336064
10.140401388837374 0.7252449227904512
8.558406535638408 2.1193263452863382
8.683172210194272 1.0375407469734816
9.602661186881662 0.6523810069154662
10.029357077620757 1.8029023638892903
9.30390392553897 3.0843190556679256
7.515741121936616 2.213526179298615
7.313094946920252 0.7071856722672449
5.6472444431264055 2.0648756342861914
6.539543416208064 1.3986268179605874
6.593948707711094 0.4773225373691701
7.093493613527578 0.25083224752220723
5.969961873948602 -1.2010312596073724
5.966486967227932 0.2263722150071681
5.993978131331372 -1.2077358463360337
5.773833918038144 0.23630781827316372
6.9320645442775355 -1.207951412734982
7.2101729021687495 0.2357983442036311
5.486994338338798 -1.2072212739547705
5.11857718398259 0.23394562582953382
3.9100407106390875 -1.206589625219214
4.500754696693613 0.23221289845142934
4.301791822787511 -1.2057742505841478
2.744603354262443 0.23018306098679475
4.053890662560022 -1.204746297463469
3.391996506133079 0.22778699629927956
2.3365030719782833 -1.2033846541341544
1.0022007651033096 0.2247910252198302
0.9366300376580816 -1.2014359084597985
1.4497050179236866 0.22068087709144346
0.938191117244342 -1.1982518221014598
1.4379279680287913 0.21404062029421467
0.82780771476062 -1.1916277547874778
2.0542549751117902 0.19936660982699372
1.4820519456402748 -1.1693972023341155
1.2534925485102506 0.13534835255953315
-0.23396414303666546 -0.9460795913594775
1.1997509967753792 -1.378369031885063
-0.2140972366373608 -0.3261544681033097
1.188947067333932 0.9576580138615056
-0.19039436897078832 1.2898321330304938
1.1479594800179598 -0.1530406201295571
-0.048916734164001996 1.0252875817937728
0.3853086091304812 0.7527597728233697
-0.5741683792577432 2.145876192532601
-1.189340490256435 0.9159343032951224
0.18903903600346195 1.5933879564639493
-1.1425354970210255 2.3107822577655206
0.022380811615598573 0.882673913186705
-0.17844093515992002 1.8008878067643894
1.1131764262487085 3.07212692955362
0.1327803359279639 2.3089881915963595
-0.9284410536079165 0.8766401900542993
-1.505252351967934 1.8333840455655075
-1.4840149832281695 2.982945262927017
-1.2740849852879514 3.0000279401086587
0.19016358135113043 2.8639088562458515
-1.1415117407233795 3.807633007610021
0.014405954496159223 4.965085263756863
-0.11474969902722706 5.0497815507954344
0.8286470713036579 4.384000121592474
2.042043789074034 3.2394225570569515
1.578821442635451 1.67562957011454
2.1823452170543556 2.867718919859022
0.7903934701829021 3.7868512795390274
2.128509418743359 4.9971853714963315
1.0071828479361764 4.796579076568431
0.897708490663997 5.9381958196859355
1.7071696392609321 6.2071032826317865
2.9968366871161964 4.560438732360861
2.8898015442706426 4.8800831997621
3.664027342476315 5.629411633605194
4.713687423227935 6.4046217975268736
5.8806861454424615 5.317114415027643
6.580388533757544 3.785719432639248
6.968822206285382 4.995073539156978
6.9303629364024655 4.8138803813162365
7.217697258873783 5.899328327687221
5.507550049992306 6.469857570840334
5.326729731877898 5.912506162640452
3.834688195480476 6.384984869609319
4.879925925995023 5.163183048290218
5.628035917347001 3.723306438887772
6.3925604586212526 4.948438179453602
5.22286082102647 5.175509906489451
3.5970934944290036 3.6832026070188335
4.2440016267957965 4.806465479348036
2.6436139960088108 5.913561173594212
3.6318095211138184 6.376979591344057
4.507585109314842 5.106192118524703
4.37248314254178 4.004765519802377
3.1641972669266547 3.7829259757116076
1.8132313375398492 4.992127616746559
3.0307434365128123 4.837950364670357
2.6245822675330635 5.8196473665153805
3.4997906645246255 6.833966840695045
3.341155495602456 7.743829460005508
2.0090577730728096 8.802951804498653
1.8390946031182085 9.738288725450818
2.9483658947592115 10.704816105221813
3.264566039626978 11.575360176176952
1.71891787470115 11.698410815196898
3.020430386461512 12.507119975794936
2.7055486840152874 12.01070020715054
3.9345350330647166 11.379455326478467
4.320047575832175 9.906328700214669
2.8572059223345194 10.242953828591974
3.8263197526401176 8.383600880027883
4.9000771545489465 7.0723101952687735
5.505127301972911 6.14109153015449
5.304595471558084 4.780581520643995
3.7478651775533933 5.943200098723243
4.981902400993664 6.16766494252278
4.918700327222875 4.67498105976688
5.3841540794667395 5.714420941936575
4.212630323380033 6.825103277294983
2.6634883514602876 7.7678452551799655
3.7426022533545407 8.81249778559052
4.973513628471017 9.712641573853299
4.983780019105767 10.640575826210787
4.904211189568696 11.24762088882051
5.477480831078257 9.349287241707696
5.036711190808067 7.799006002618537
4.493260318050065 8.783664062427817
4.234338715595295 9.758845215274267
2.6563753257231015 10.719385751414656
3.6997713962225847 11.613391380345236
4.862217184936422 12.009828687282448
5.708921722403505 11.390276899606654
6.804224698256592 9.997151215187793
7.816645403196933 9.578310517529996
8.74354335070576 9.811903702670849
9.74835707211573 10.666346454813768
10.709406183103198 11.398646926686588
11.58258578872052 10.064725881467716
11.75980817533848 9.067567950684671
12.628374124366003 8.092121931971473
13.073785222556985 6.972042888269383
11.87229213446606 6.90639743402977
12.346914289266191 7.372441348434318
10.65929053887598 6.046774657663672
11.358254897863851 5.376288569421133
9.774778168602447 4.163321888003965
10.715391488619877 2.7903413838289612
11.59823812493171 4.012031074081351
11.889415282916794 3.729718908444627
12.252993994685697 4.942354960785782
10.323318065990724 5.215881224096668
8.62385872253209 3.629158149661099
9.217108616666552 4.475389968544726
7.452288918697745 4.064092394479523
6.713706965902306 3.3411129901322316
7.768081179767034 2.028136005325027
8.802605338320443 1.6948567403201622
9.725140577630619 2.9236005443564457
10.664878342271686 3.4344993554446157
11.386368632215797 2.7289695965233802
9.977666585420987 3.9813859951184507
9.731608560716007 3.967482768718106
10.677699107106687 4.073507531388968
11.450763143291917 3.27749696193124
10.525392472417606 1.7704394299516888
10.281762212099412 3.0640870167286574
8.474090056945004 2.3874224716848857
7.8772085644701635 1.3841653194926944
8.494206950070161 0.40399295194394835
8.07039362810613 -0.3975254497666635
7.12441964152455 0.44906117105613685
5.838462565132382 -0.005111639954659797
6.754563881346862 0.03944209818535078
7.837370106463835 -0.3008199787509865
8.670176679505264 1.0223919005148596
9.498995628903817 0.7840718633924052
9.073326531513466 2.0972034011700766
8.062194767411594 1.2145283644493257
7.183465538206636 -0.18298113009448014
5.609092368554151 1.0826296921437506
6.23518070085737 0.35163562827588224
4.590554553359139 -0.7696180064939785
5.1311822242984615 -2.1023320238485215
3.8959280728471897 -1.1848771635007829
4.562382180643075 0.12960121755325926
4.888142512686907 -0.8766459866852045
5.563194783817967 -1.8007592454894126
5.85146205733897 -3.027710448747155
6.700138967215971 -2.6570650324775476
7.714527985019777 -3.6874973244161424
8.717183552287894 -4.795669413720699
9.680618614911793 -5.903507888211066
10.502337872162826 -6.4279881245761015
10.063512361530153 -5.54680847368381
9.090465534295857 -5.702362600485129
7.954682438400394 -6.764555422736565
7.992686916789071 -7.835354505933834
7.706735078453583 -8.672297986094001
8.691237450948815 -9.504809503253476
9.590485650395648 -9.131471076062134
9.909993866134354 -7.725396799791806
10.212003066688238 -8.742306832530076
8.43574194013491 -9.72935128674555
7.529985519651405 -10.663206150098961
7.458249594260898 -11.369037565311185
6.778330047017321 -9.870237414467079
7.829891807561827 -10.43645309134389
8.688233317969765 -9.450120941824737
9.576004928574738 -8.61702761543379
9.787668928556533 -9.15923476307777
10.690699416128577 -7.60997549558137
11.498541036513265 -8.149920345048688
10.985917795115029 -6.690462065599781
10.628944120963512 -7.6710854510759425
11.156198898641648 -8.538815389644661
9.53638892479064 -8.497412132727725
9.43142159491712 -8.10602180673063
8.451773411988167 -6.910629991428973
7.6776457772125175 -7.3369763404105175
8.56971256354454 -5.853163455201845
8.77610700667037 -6.686124544977605
9.740220628669901 -7.650902979566386
10.677987965411956 -8.426119673785527
11.440307395770155 -7.450641488911352
10.44523976118929 -6.7118612344335515
9.53306363138658 -7.743850329121123
9.400733929426599 -8.768743016964097
8.198434614323634 -9.740559161057982
6.553281458456972 -10.67706671649429
6.716487125014842 -11.434809164061138
7.7557989971525325 -10.39806888637317
8.778995974430531 -9.135442074020848
9.73606176840127 -7.717887868788089
10.668767265584414 -8.715541346393064
11.392927962723423 -9.665635161866312
10.053798863111638 -10.419700915511207
9.16879884667371 -9.312762914776085
7.587701539395012 -7.656741299413189
7.970564094921938 -8.456878630878542
7.875823946236348 -7.728366374045664
8.490071301139512 -8.738823508555935
8.038948805170238 -9.714569056610745
7.3633990595465395 -10.617831162668617
6.019742008079677 -11.074127908382465
5.592340443719583 -9.987660021681855
6.093939316001864 -9.66182849158933
5.077194487130306 -10.397267849207651
4.226869970276871 -9.134275742039527
2.7049500969299043 -7.729013395344142
3.888207638586568 -8.737905750454757
4.595051398125511 -9.710928395951735
5.158016674555971 -10.605140844370968
3.802955412872822 -10.978522839712706
4.917414424808401 -10.687878096337617
5.376280318713441 -11.47822690003176
4.1969216504152556 -10.800044547514952
2.739529747146511 -11.620558421673664
3.969784014884519 -12.049100017860347
4.0539997540870925 -11.12097569334892
3.430342404214746 -9.712605014904877
2.7107726761628386 -10.608129746680246
3.9031732805365644 -11.000415339088216
4.506715699339149 -10.524427820057848
4.37010530196694 -10.278751996302645
3.1999968119654714 -8.51080586813215
1.7803513948523746 -8.237012865847742
3.027497730836272 -6.5400962669501865
2.6659483335109697 -6.59548155105492
3.7153660509218267 -7.073294051070629
4.871274942687464 -6.1714084947612
5.636711602524061 -4.721105310457237
6.4145517826586715 -5.842967963317499
5.451309980312142 -6.715433090992552
4.812533238850477 -7.741821193971676
5.849247953764611 -8.753833458510535
6.690666203937134 -9.723655459067182
7.6565811776781985 -10.633739505290706
8.448261177656601 -11.180027697477563
7.657584794605841 -9.48556270734641
8.453502948105328 -8.958146054042121
7.705141459094943 -8.924306032626488
8.665760449485042 -9.15772162553026
9.454343275621843 -7.6430961284807175
8.670561379180558 -8.367260981598546
9.478462459342456 -7.0158842160969925
8.8926566799535 -6.582574166359007
9.350610678892625 -6.966648525357003
7.8695900987021 -6.948233405908851
8.513435892422992 -7.080138043007985
8.263227860809387 -6.13131636916189
6.575346648078005 -4.885385098461672
6.905760451885037 -5.560584745933063
7.358885281428133 -5.821147776945021
6.007508089351468 -6.78050304726257
5.688378324496841 -7.805784167762959
6.685370676005688 -8.730266927841347
7.6298873654703865 -9.686231325175404
8.279523075137579 -10.505574733894061
6.612567716211111 -10.105171942450598
7.19993892704416 -8.854423270983288
5.622384042075752 -9.536881883807885
6.312558510535642 -9.438116562498912
4.809852607099847 -8.530184098373397
5.847789831804935 -8.419303541050207
6.69042278645948 -7.412916812937784
7.64877987164282 -6.403241897689075
8.397644076129517 -5.368740555779919
7.240626316644374 -4.160672990614523
5.601260784257978 -2.8544765473757994
6.155988343759535 -3.7899190982493383
4.7871058610392385 -4.920853892736371
5.881095789896133 -5.3480279974543405
6.537292024695242 -4.033171058818935
6.569388324767915 -3.5863689679148703
6.853407834054844 -4.122289421067743
7.6233877882456715 -3.021882461703057
8.232259978026528 -2.711288509808624
6.560390437743952 -3.888489318807888
6.7754477762430065 -4.581831944340791
7.802135583430684 -5.042185051175966
8.731329376321836 -4.480176808757843
9.682543887010937 -4.125280946779039
10.484753981903342 -3.008796389768065
9.913944872202643 -2.8080445554288596
10.178643833585166 -3.9308772054905505
8.550748097935978 -4.323728782083915
8.605617859176101 -2.9525118038574636
9.059880401468517 -3.2181119362018675
8.189120463493659 -1.7809022328424071
6.611593485460108 -3.0081511506843244
7.18843178034913 -2.8131365936535406
5.656078321922292 -3.918096046533691
6.519398247297431 -4.405560837845844
6.405430273579862 -3.4780389367453095
5.392828001978394 -3.148886144167085
4.338640080736366 -1.9491229350364616
3.0306774618958094 -2.2833574185286136
2.6490655805171586 -0.891153592425274
3.6043959417606013 -1.690482766196145
4.260137170899473 -2.8519714890481493
2.759335029336678 -3.7931603984500892
3.9644377932968915 -4.908608127339509
4.090679056594605 -5.420659880039424
3.204748291093937 -4.559831164976407
1.8002337081294735 -4.853460709813864
2.9815101174587917 -5.701838019136357
3.0092863432637684 -6.723879332411342
2.8056008618544164 -7.744974386349674
3.9292018032586933 -8.739975019822362
4.332461854735252 -9.690935527665824
3.0028651120794976 -10.514393989710735
2.852876868827851 -10.191710012932788
3.7868374063196306 -8.530807722645113
4.912410498106146 -8.426300889134959
5.396172643345956 -7.482940386615609
4.368704562797766 -7.027574894284567
3.216521792133472 -6.505165017649813
1.7919665892604872 -6.274910302202326
2.989507018011528 -4.709409914537779
2.9509197460019294 -5.787195205013338
3.2270854523141828 -6.826320320909357
1.7880273144034888 -7.70885227345732
2.9927071546915442 -8.658955457020058
2.9275881206830654 -9.403140075867993
3.3834084829059474 -8.2564977599028
2.3614690249248005 -6.595577298917199
1.2564953164322408 -7.062869909334399
-0.1105266119310544 -6.260876302280545
0.7357846513239721 -4.686648156169918
2.0146313549835195 -5.702576455086296
1.809650082064324 -6.720603107259622
2.956977979686372 -7.731360718144916
3.18417647033561 -8.71295567554008
1.848140944456687 -9.626849981104268
2.84233740754607 -10.163803156916359
3.821718090036506 -8.61388420741098
4.843710483467406 -9.11514506934444
5.732775973812906 -7.865543657791644
6.797773357184008 -8.51829007988074
7.767070619637313 -8.313021817860935
8.746781142343607 -6.755977159039684
9.69263951723297 -7.784267957316102
10.514857966054135 -8.740067012226936
10.198383106416241 -9.683479426520224
8.531080267838567 -10.477085656271747
8.429547349652525 -9.852269068765063
7.517149053339911 -10.490001381613283
7.344660905293219 -9.970597769644376
5.954374718757441 -9.795600685160434
6.076385688265348 -10.642916177333197
5.219169359506378 -11.222928269039746
3.718189477502383 -9.466369189216136
4.845189777055769 -8.797989270566735
5.724080097373611 -9.680348823722442
6.775817333077796 -10.461569388019141
7.783693768977887 -9.713848748726384
8.737399997042544 -10.582887369557923
9.67630130957599 -10.792819962785101
10.442507510163363 -11.603164188962202
9.547027916022998 -11.909234835634683
9.5304659265206 -12.119138100898263
9.382849902916753 -10.727451635274054
8.117141373224603 -11.57362586204597
6.904335176339769 -11.67522014250978
7.355271201863514 -12.353394636593704
6.02109530419003 -10.802405982980506
5.598976567573567 -11.58771462223816
6.125956433985429 -11.789461214924534
4.9450193290679705 -12.563623298777271
5.181088449040213 -12.549661151479505
3.7841143380043594 -12.429221963648919
4.8995527356087525 -11.353928510072798
5.464650721884971 -9.849508784686844
4.951571711022923 -10.496740954282066
5.1363337968865235 -10.035348655556398
3.940674157755664 -9.333247393039052
4.251182403233596 -7.820184741351694
2.7749928143155733 -8.672394300913075
3.9441435765165056 -9.462003507355371
4.2277975910570715 -8.763216926969116
2.7661806957938975 -9.69566487020356
3.944166375778676 -10.518844986103028
4.227449226159083 -10.237405775990997
2.767251967880126 -8.51985618856014
3.9434661089988525 -8.329336479266587
4.231941330867176 -6.845284392749097
2.767903532470815 -7.634454824169187
3.9426965279494115 -8.28936481828275
4.236879932830412 -6.689618846433637
2.7697094057257385 -7.617995053013196
3.9418869881547782 -8.1791047120898
4.242065819203802 -6.672039493971199
2.7728974193601847 -7.540269278471243
3.9406765712566987 -7.553631269988246
4.24988715139383 -7.670452337354781
2.77979457377007 -8.490801819719927
3.937245553051979 -8.066123571471302
4.272261045348887 -7.211388781361841
2.8148898536554015 -5.658210548050926
3.8866591442277914 -6.50967592229446
4.571847892519585 -6.320249569870298
4.947804375155324 -4.890883290696069
5.160626254722869 -5.508164647373827
3.8542388849438964 -5.347818912697056
4.720564779135241 -4.072065050450456
5.796371793837859 -3.3393859636269325
6.795290492001152 -2.1088230637292718
7.755412451127477 -1.2063580975432702
8.727036119104177 0.086075680310302
9.645851175510245 -0.5820254891559744
10.273533777090071 -1.194164789610979
8.575477309042176 0.06650561879488137
8.812429099666918 -0.45969086425133
9.642359468309705 -0.11767698142729488
10.252154602926856 0.7559529720367975
8.542564259373473 2.0130794520062247
8.532697820813729 1.824706773498403
8.44559777577948 2.8989748299109803
7.667498875568673 3.5439715006849895
8.471862963352999 3.7499958285545363
7.898191899125601 4.883891552546952
8.342993637800724 5.541780125885641
6.927712857289669 5.648739920208796
7.208503031069798 6.4523385986530215
5.6703773913127336 5.808617391473614
6.5667559820361845 6.770708010217623
6.821640902054689 7.768564868352808
7.699999699572397 8.727494590661971
8.607346456028726 9.64288298248169
9.05774448722719 10.253237029933018
8.231393099871607 8.549522817637822
6.619224483377421 8.593223884166477
7.223132301713227 8.951862010146296
5.662376921230589 8.968452585664831
6.5249119432242075 8.854792608172282
6.458431218580745 9.508091619311651
5.863388011785754 9.184999081540408
6.594684894587819 7.632805463632072
7.044200418674001 8.271386682236876
6.405216803344108 6.6632812115395765
5.424831639842587 7.487611842566987
4.620530097261883 7.082524661493452
5.312267204982668 6.158700871511537
3.911498507070954 4.831676097437927
4.42805276170348 5.750413615698752
3.6882887429836484 6.796430862400928
4.723073370073349 7.745508691922912
5.792207018267279 8.70927837630887
6.791096291309326 9.592435349662923
7.751398465547026 9.903734800851996
8.714744062095853 10.227816120621043
9.607470213729155 8.545256771842304
10.01563593445871 8.556169174835425
9.482802912009099 8.649840490782397
8.959293476899722 9.331039585163026
8.918161916266397 7.83612074634607
9.183789468940537 8.61231313560303
7.642441181882752 9.090431252663809
8.327935613984454 8.034012103352465
6.863177060155275 7.436895769028246
7.551228169378534 6.641985811068461
7.64817106010366 7.365366437580343
8.360899906816266 6.111454444668389
7.04350318046863 5.0415371298613545
6.413468357139344 4.50794159132898
5.4938333385479625 4.388610599041655
5.22160247746088 3.389690897980146
3.755913550824765 2.4381397269927323
4.876600239930635 1.856526052170683
5.570363379091282 2.780058889469569
5.889367981869863 3.918039273915836
6.466063477198793 4.386252231075916
5.934773860048327 3.3744153876360263
6.201406735286212 2.3346777749819236
4.736943999020407 1.1438113195633048
5.812784392724838 0.09835844214901557
6.751450128812756 -0.6424095557524201
7.749516612864923 -1.6081501272375398
8.707029667375553 -2.3418501732451396
9.579570634586867 -1.182157601162209
9.801222463831545 0.022458537459890016
10.609935460031098 -0.15709725069573144
10.990138537820517 0.9089102454385208
10.624596565340665 1.5598195112524023
11.090613034838983 1.9627459364797937
9.958445299742523 2.1778163472762757
9.883777816172243 0.9493111056503685
10.33086744349552 1.308199930565921
8.805760844067452 0.07097519973120847
9.641310032477225 -0.4787940449063931
10.235667088612937 -0.2910613278460724
8.56042043023674 0.9461703384085899
8.684719654877147 1.3284631221196257
9.496298222128052 0.1588714117433796
9.083975513119443 -0.9121255408916682
8.080229066373066 -1.5395531518537797
7.143075960049167 -1.788920082929559
5.864566153840652 -2.9449609696139314
6.579873011077944 -3.2552968173547003
6.923521430921797 -1.8596703708480964
7.229469506948031 -2.7611197999522012
5.684274752828914 -3.9115572486867576
6.6136069481574244 -4.421149454349761
7.175134971095506 -3.64226998990127
5.759898873261367 -4.480946012127518
6.789361803043842 -4.14980511559911
7.741207937096475 -2.9618122648139273
8.69108379963607 -3.142889027744925
9.518963257119706 -2.0291459303922945
9.28650335092057 -1.7176965715258783
7.684248987592071 -2.8849772793977997
8.531348021972159 -3.6037559676282607
8.435630131948326 -4.224491775568934
7.6005628510426 -2.8096580890676064
8.040323176448705 -3.8704158945458667
7.401599332917565 -4.63193326942007
6.373955242074727 -5.3754019114628235
5.2212651519528634 -4.270854041610255
3.7723153061330414 -2.8503432733204566
4.868432632757514 -3.7536037703782834
5.599818544968259 -4.862271462132481
6.114346909008294 -5.626061458293718
5.040663562192731 -6.296723463430227
4.520617009372973 -4.839641125818167
4.502097062792472 -5.709794845150399
4.338378028899412 -6.699319654432944
3.0958293740639005 -7.625698202710365
2.259632062111677 -8.213574301188336
0.9141976837788546 -6.660340206215388
1.5229460993381085 -7.456627750849904
1.6425882988071867 -6.82006873263031
2.5579325984788372 -7.683974259105671
2.902884409346428 -8.526381001491384
3.5065274120405916 -8.39274215792398
3.4178576549061757 -7.273673214866805
2.6617234172135102 -5.741458852604277
3.6223541946289264 -6.765410107990528
4.350120551477008 -7.744170151118365
3.161958685955618 -8.688668071144916
1.9684492480172349 -9.504105266704249
2.1368526136206407 -9.157062261883935
1.1014948121744552 -7.74556903661186
0.3112443991803946 -8.689557596129932
-0.8627838590530335 -9.506876262125774
-1.7797047865379358 -9.181821851533078
-2.9397097009861994 -7.676158492203831
-3.2856967496118696 -8.49019209321363
-1.933905522608169 -8.074668130987805
-2.361928212058723 -7.18685743760334
-1.3131427203941644 -5.746083923498163
-0.10664475348509694 -6.768212576489718
0.6746005981943022 -7.7416135357957705
1.7608347381897271 -8.682494942633998
2.9384350761284126 -9.476642910914563
3.29317181969301 -8.916645153477136
1.9577835284656813 -9.187022277956103
2.207537413028726 -7.668324832706656
0.9144167173636573 -8.451900237142421
1.5179174476150603 -7.743977814133864
1.5978834425900095 -8.684204826063855
2.254856761994481 -9.482559066065733
0.9173635711623567 -8.96918379095096
1.500276896890742 -8.85299917177946
1.4428524431154492 -9.496932012973312
0.9471148639258421 -9.09571513399251
1.3164203643345231 -8.028782465665389
0.12405502271848312 -7.485744197162101
-0.7572954429171518 -7.077103294354565
-1.972551782843889 -6.215695713804778
-2.1081802183793306 -4.751589718312059
-1.2413037509542328 -5.809148187890088
0.05188740552179305 -6.739558628431775
-0.3490903960155314 -7.715234884865038
0.6763823707312207 -8.625117862120645
1.7637799260958211 -9.164323460004457
2.93400571114471 -7.732485328814256
3.319158627333848 -8.663153405550132
2.0590862534452365 -9.383600003391628
1.5262579304187471 -8.18119519108712
1.6700992774954275 -6.728009409249195
2.694023797322118 -7.693322411163745
3.75451396244859 -8.554079988921043
4.848409991619246 -8.629910001327827
5.6692224970364045 -9.193940281109896
6.530820991897303 -7.664206169431679
6.511646312012348 -8.42717939201936
6.345031826772913 -7.545442965583622
5.067468641942923 -7.596950716782836
4.356611721459126 -8.007050624218401
3.2115815108594603 -7.635761354858811
1.8798553436299497 -8.268859742718465
2.655687180461455 -6.710435217766673
3.5796939871099136 -7.647705148479629
4.03371299975203 -8.338455712095794
3.6138604963788765 -6.9561766187220275
4.284325139839694 -7.0187272645724486
2.904732656404893 -6.596364833032458
3.488332789043454 -7.04140982195142
3.2600525403280427 -6.445068728624112
1.8954817891627755 -5.771953130893265
2.5767442342436997 -6.770950253379855
3.049298780800346 -7.7314198644159875
2.5518671650143827 -8.656131134896413
2.8475327631989074 -9.343580399307937
3.7474813453225493 -7.946161298237582
4.836742665605653 -8.043794689755916
5.703873616042909 -7.391116809733442
6.664271222638214 -6.3187794268768895
7.463190423718022 -4.94759126514902
6.886271356349132 -5.152619011882717
7.425155126396317 -3.9384463761582817
6.573363621156425 -4.249549428869925
6.864331197697226 -2.84730686038351
7.524250078870051 -3.7465881070592326
7.415939268559337 -4.833718805030043
6.502471243496614 -5.711315534805395
6.266190068353089 -6.684819518640998
4.792570007926937 -7.554117734692003
5.794142926903694 -7.668922063475728
6.75290733914623 -8.44461075807451
7.720761814926975 -7.692605803950402
8.629894258241478 -8.544289270242905
9.189272613106793 -8.547650394439263
7.685072868701407 -8.57582602583617
8.514662984481305 -8.804543244211393
8.294125146117313 -9.619523240134875
6.784410291138934 -10.082800986451135
7.721168201238873 -9.075509326184065
8.629540826490782 -8.15746253262191
9.186250168001456 -6.809286849947421
7.693248853697509 -7.688743529021866
8.544894637221676 -8.527948168213632
8.552721414164067 -8.408938181150656
8.61789147661353 -7.413878268078122
9.110348401920227 -6.490370222810002
7.968195735930696 -6.162066175152562
7.9004368439278 -4.874803994221122
8.310960464175496 -5.554096018177919
6.846423244511119 -5.74648236504347
7.588430047091725 -6.749805994215604
7.939559371454612 -7.714002725616606
8.084406363692358 -8.609048698351934
7.147591961635699 -9.049457569766663
5.8864930466841585 -8.320658741370803
6.459364974087003 -6.8875844107604305
5.897298987603273 -7.414865473901045
6.404733185825953 -6.500124816432372
5.463757243447727 -6.247361346636702
4.973743304115551 -4.777685997786996
4.980986683658107 -5.798554830668063
4.932738050755654 -6.741295759584965
5.242902188476981 -7.701822832231677
3.814646087203762 -8.570832244607976
4.79105658758329 -8.763964304518435
5.788323834640816 -9.642183603958035
6.7517120219258455 -10.220370046965265
7.7126123208800825 -8.619280879273077
8.602344445012077 -9.11722114636479
9.000992661160213 -7.940272956737025
8.642879294922768 -8.079461478008772
9.262721736424075 -7.179353017420581
7.683312093112487 -5.795630690226686
8.501096088172044 -6.7427299706050565
8.178764714312242 -7.70140624960941
6.758958325842168 -8.567351352000253
7.71595321033501 -8.7359043961272
8.609633278756116 -9.61298228617532
9.051245898672137 -10.035255485812721
8.313046537527221 -9.376938199064385
6.8637474137631 -8.159898390851515
7.518954834452674 -6.812747255303719
7.371883338114633 -7.67480346597884
6.206153835344577 -8.463141427575316
4.791371193924409 -7.854560457825767
5.7839615414510295 -8.515351379062063
6.751134919426377 -8.302280886282405
7.708200535552276 -6.826232175488005
8.586178933201179 -7.6430616113143595
8.881192131459045 -8.300295097074669
9.364102050630981 -6.820404363632196
8.08280169367329 -7.65679165694951
7.164079984787035 -8.374867873118394
5.84198902037267 -7.188600371458114
6.635222973514874 -5.782172299127966
7.292251490986969 -6.75048014686493
5.835569512052889 -7.70585833840986
6.654546042250386 -8.577558108318188
7.400971918563738 -8.815017121072845
6.405682650584249 -9.589832550052844
5.478663525464914 -9.86909986592735
5.104187406201184 -10.378066285732494
4.1667167351259415 -9.133879478669026
2.953017638433116 -7.87477831233002
3.1922705012615333 -8.430507397006473
1.9332265133651096 -7.590886160575993
2.353185087553802 -7.9538658992821105
1.2944369325783944 -7.99350520014625
0.07750758355820242 -7.734157618378584
-0.4934539123131707 -8.643037334372815
-0.4244995151603137 -9.258758837769301
0.14606725553994726 -7.689858012588937
-0.8229531146808 -8.520329635330286
-1.878705326778618 -8.345915047512598
-2.643348832446972 -7.024944302877037
-3.491434360584939 -6.5646646950064484
-3.2915437213667156 -6.790400035654444
-1.9938982337355153 -7.7013945265005015
-1.9634429744561002 -8.55983982904024
-2.163519584447335 -8.674570119983668
-1.0435337153674964 -9.417714208653777
-0.6762486655731116 -8.45628709932039
-1.733056088615451 -7.802133409804812
-2.8697229408216622 -8.647491980651395
-3.6427142275862976 -9.282033911819319
-4.447619710649884 -7.739211377872971
-3.885442634337339 -8.648022880902817
-4.533088679077825 -9.284582073916303
-4.608190800267144 -7.746604735984514
-5.190779555072709 -8.65709035272291
-3.865193816319362 -9.332488520183901
-4.621954808057274 -7.923869989999244
-5.281982563813748 -8.17525583552271
-3.895329727548468 -6.783827069572919
-4.483783318395939 -7.703518127325132
-4.188647588318344 -8.56372147695975
-2.909127624297203 -8.70516536094942
-3.449641897257339 -9.530081293070346
-2.9416760287867856 -9.390747323217482
-3.260992597185072 -8.265481171664694
-1.9324624691262593 -6.747631672532416
-2.354811210422883 -7.694439625469882
-1.3108502192126825 -8.532129196949946
-0.1421052095159845 -8.446442359392341
0.8020857532460516 -7.724432068339729
1.9123735559821369 -8.617641721509004
2.4693426244518144 -9.098782228182468
2.1440724028481015 -8.049392180758602
1.1146204943710294 -7.373057062636137
0.27780003155356225 -6.2287481815545895
-0.9183461605385637 -4.796967220073826
-1.473921509921896 -5.764742940822798
-1.2211708987190857 -6.7421175757668586
0.009018645101327216 -7.685552805187387
-0.05945181627509975 -8.496876462284378
0.381688881111284 -8.148006393152265
-0.4466694513660669 -6.872323669915827
-0.03424678204716802 -7.473576751525693
0.22370074973489423 -6.9890190806281
-0.9701741816157943 -6.804527712871376
-1.1569091683472037 -7.675924387227836
-0.11114473192176821 -8.455868405898238
0.6652728212503077 -7.80384985441831
1.6744218177663663 -8.638246042622136
2.6781095246001305 -9.22466751129449
3.655681777995818 -7.68713154859588
4.5114480584693215 -8.50111890906272
4.42537960024038 -8.18488875388693
3.714362767524864 -6.771787844699737
4.741954248554723 -7.701379354793278
5.758525915149423 -8.551006851972087
6.73591705060084 -8.602366546006714
7.672856150023813 -8.993032289440608
8.440517763839493 -8.702432000265299
7.681163337882029 -9.515574641442335
8.475885643734221 -9.26977503575859
7.971979258568408 -7.727919871439518
7.877853648835576 -8.619312071418406
8.408888447681948 -9.106616046682822
7.440076697788533 -8.016432804808085
6.716636059372495 -7.587709402038047
7.63115072848243 -7.925243210265384
8.218519120572342 -8.164931829992856
6.732891770165272 -6.824844287488728
7.66553057242161 -7.631078886145306
8.404923072560377 -8.217740279793365
7.412751873904906 -6.734173462131629
6.507917812284513 -7.6672132568124205
6.3198118754057555 -8.412447216897656
4.997924802837483 -7.467998633122792
4.823477973632315 -6.945517003146922
5.709298914509685 -7.082368488590642
6.647451812351061 -6.222499244193118
7.349257101296276 -4.810101505489651
6.101228942275035 -5.736773655483811
5.16066595636529 -6.708026279241421
3.954704105735366 -7.605074356446859
4.1394627064656735 -8.04784365009015
3.0660000497560107 -7.389214077495068
2.4692301441937894 -6.344209607852187
2.1464903865645732 -5.114179829820776
1.1164817513880472 -4.136563733254723
0.2777889141117129 -3.078084826746257
-0.9060551592589094 -2.3999827439962806
-1.5347042356005858 -1.6087122413980262
-1.7341646156705188 -2.2994258384952784
-2.853280693003394 -1.0784972406459974
-3.693665931863429 -0.47397386252707596
-4.670209074938052 -0.26224041219067157
-5.536896579495477 0.934220343393315
-5.60056616581234 1.3767148062334216
-6.091137094629759 0.4925318383051558
-5.216088685357998 0.4180966436849215
-3.85641671413343 -0.18301620443108502
-4.643366202539404 0.9090574984039639
-5.399382879313169 1.5175155204583108
-4.4928567819151235 1.5906370371934604
-4.269616261242594 2.1711629508022754
-2.929188990328296 1.0438677808837606
-3.3296358283372895 0.6811506734605692
-2.1618293192030107 1.7335385511237342
-1.0704103720362184 2.8489785539424624
-0.5217653188889811 3.7061482593761137
-0.6638560267054716 4.708214859183524
-1.6557849602543664 5.6763355186267965
-2.5777731820286807 6.5235382861522915
-3.0372843659160194 6.452019992952621
-2.6473398377876074 5.856329476844134
-3.4948993057308906 6.5660886484887495
-3.3250325527150095 6.796559416947133
-2.1436264432548757 7.675038201748343
-1.1327145451586547 8.441528036185325
-0.212605670350978 7.697610912497195
0.9474397279747575 8.528339782434218
1.2957778166519285 8.416607259673624
0.11145985168414763 7.506925884396199
-0.6557202291179687 7.2755332242344615
-1.613006565561962 5.832938628394571
-2.323690873287413 6.639568555906376
-1.1775342520678445 7.299140737914015
-0.0707196753590209 5.897233480483537
0.44037548518271397 6.386951582513509
-0.008929105790799086 5.375442246172374
0.05770404009619 4.339441627805384
-0.3637248688141265 3.175869806026544
0.5427248087149097 2.0004239547630824
0.835725011107116 1.9220345642032581
1.8184442807822756 2.4056274431785973
2.823715497978135 1.6551056792528516
3.774113356482991 2.570086350545246
4.79948633964641 2.9768083867482775
5.743050209652216 3.0363625769483806
6.706456837043694 2.654960073169259
7.590726990618533 3.5310824020212017
7.942390534420305 3.6274285130983204
8.061891527413875 4.337975949953385
7.312065955856711 3.171361487212088
5.946963771432548 2.0141803971512733
6.1094304996349065 1.833689568312549
5.132103995827335 2.784381298338265
4.069894818080792 3.831050162821955
3.416262704528811 4.716136756540299
2.6965355710749175 5.690786915487343
3.7074454159751347 6.5746900136964825
4.7042489366608145 6.860822903368873
5.657030112859422 7.5070034016704135
6.42703775161002 7.277494135718859
5.665401595072098 5.84541640192591
6.467566626555279 6.597986101268057
5.987260312867788 7.030331482071142
5.8571391387484875 6.5442779822980865
6.557378669191096 6.622275932728787
6.726740233793533 7.191511923422424
7.638109337774209 5.825265870789537
8.249035186513217 6.653717385045554
6.765300491745831 7.371436251584043
7.681813370654313 6.246525907534393
8.463133297222978 4.838487351208274
7.8770896331208755 5.655211818385727
8.402032827474349 6.415943112599055
7.410112652444076 5.584509669394661
6.5049496240700595 5.970271147144917
6.298430740817147 5.965186847421216
4.943668906223528 5.997009467086087
5.165677067177808 5.79509984963493
3.9606423264101176 6.704926632367604
4.099857845519629 7.580673643286582
3.2584843155860552 7.866958741768052
1.9662352193756414 8.443157221440542
2.1396772817190484 7.718373217613857
1.1584286318687191 8.579281335004557
0.13220369918578467 8.819126356955552
-0.7376930454723941 9.552952957294638
-1.8779161792779386 9.579339182621373
-2.6206347894896114 9.782147238275362
-3.327827833521332 10.56457829154353
-2.170453133729084 10.632979085167616
-1.0624087214542126 11.104859253289947
-0.5756673165982679 9.974877488245049
-1.0897259127342664 9.78732200645314
-0.424099398542537 10.560597188869831
0.12850819596941443 10.602062769793395
-0.7210896513969512 10.906944056813927
-1.84406613332966 11.146317680581214
-2.7460095611167126 9.802166859561831
-3.8121051196790203 10.543939736299086
-4.7508880336286765 10.470288558107208
-5.742386621078066 9.864146534695992
-6.6955219701780955 10.377651908661067
-7.546643232049005 9.180066187691384
-7.6034709634169015 7.782289504375679
-8.027508978743903 8.636492492622464
-7.528568086250277 9.198296632047633
-7.457265604567386 7.75080565659141
-6.870826885584442 8.629615818142762
-7.461859574483179 9.157576469117949
-6.908048550351886 7.842580050470159
-7.2884579365981965 8.525738365525696
-5.886070373340769 8.397072285393424
-6.43260170312666 7.3831888228256375
-5.71510175271344 6.328745887002503
-6.640390527506243 5.068608705620006
-7.293573650739025 4.3938890600623655
-5.901833324473934 3.510719754700655
-6.356648340609609 3.4589618437195315
-5.20854094681023 3.033875139559696
-3.890746417081586 2.675560206584799
-4.484263789356678 3.6152974825567568
-4.203300977864155 4.252548231899663
-2.933935471875235 2.9317839723363086
-3.2944008743131192 3.306675007454929
-2.054409108714408 2.0942262042568798
-1.5885549640156882 1.3678143613628795
-2.1437684343647265 0.45887021311545195
-1.1515485215861894 0.14484122512243136
-0.16215428873657223 -0.7780796827325125
0.8332305180546209 -1.8931953839812024
1.8088701840585384 -2.545574394936093
2.824939675187121 -2.7795323926925066
3.7554326139055796 -3.8181418863311745
4.777039123569924 -4.733303892573272
5.744671661909398 -5.712883602824176
6.6924372662491685 -6.631054899542172
7.530595914231817 -7.237287308486823
7.474152796649383 -5.8134799793478855
7.010612242138144 -6.667779436119537
6.674520642896034 -7.430067596782313
7.4597687568997255 -6.662534718141591
6.894516559487835 -7.405322500033179
7.3533657911869525 -6.48248330637908
6.159099152418036 -6.116043170210372
4.957101622101057 -5.118491214013676
5.082798598881251 -4.144710827928014
4.319609480171508 -3.077935846857806
3.111281759307246 -2.4197594346960196
2.2513794753512073 -1.7712222084049372
1.0107772266790163 -2.853357636350258
0.8952180971437859 -3.6700833988290364
1.570280126645171 -4.549296006604195
2.00693603692142 -4.7344221526856565
1.8826345314038917 -5.711386107603322
2.5910235240367623 -6.623864580879541
3.1215535684407665 -7.191896562971923
2.207003543154489 -5.847203145917085
1.011726309231918 -6.579062306183988
0.8894255162841588 -6.887846954781714
1.5965101850385701 -7.383059313108184
2.196245739432042 -6.336969513663302
1.0255975872809358 -5.117022772531813
0.8029383599394626 -4.154177572931459
1.8648694603887341 -3.049792276273969
2.6629848247171735 -2.582378501803724
3.551188121064977 -3.0586446568873997
3.78555303686962 -2.5305792562285254
4.771737738614503 -2.6579746029670286
5.73944971009133 -3.5265118568953246
6.6796642179939365 -3.5882890470366386
7.476927857857217 -4.064013907298266
7.0359307645880556 -3.46348106139716
6.519674386220303 -3.074170360415188
6.4225934806034 -2.4434504078915387
5.648331151331079 -1.9529043672141078
6.3661892721055935 -2.21728093557528
5.274315522984026 -1.0082118241248006
3.9425461663113146 -0.9118444515086969
4.204775962102967 -1.484169878036281
2.9454456626858923 -1.3154417089629722
3.224430942242551 -0.2120040615326635
1.9701389971560848 0.9140992072993792
2.1126183753667784 1.4720033861072488
1.2873635704218334 1.2167418795936336
0.12142066754153968 0.04685542340871862
-0.6778096712644355 -0.2885957873103613
-1.6866629023565942 0.8382639617621996
-2.6848251566511387 1.7850027309515009
-3.6410698609737207 2.8415295441314514
-4.398337997642138 3.7020172578827006
-3.552352886277872 4.6638943137837146
-3.7935870697991447 5.478159558818227
-4.760771330001107 5.120714621130093
-5.732595975854304 4.14356082981281
-6.664494720976257 3.0911817684115124
-7.40728747086867 2.3558601240086356
-6.5051467822388505 1.3665945244590954
-6.3046107659225195 0.46343538906778603
-4.993757467240188 0.18519965921408849
-4.8563805687331465 -0.8750389833378744
-5.5792844224025435 -1.6539820700089485
-5.923585859766102 -2.537998407794342
-6.23700501274402 -2.7165336984175124
-4.866781483014422 -3.738589178013832
-5.540478177741964 -4.745474017187461
-5.626705420199459 -5.7179292414598315
-6.240339946115262 -6.632021344758192
-4.869267530361588 -7.235190325714509
-5.530307243526863 -5.830936984334232
-5.545472233629096 -6.618671389945349
-5.66606585608711 -7.154258696517329
-6.448853363823019 -5.949719784218555
-5.852364138813375 -6.088565860713908
-6.554919478239903 -5.2623111007212025
-6.703220556017975 -3.9298854827819207
-7.554053690989273 -4.274612068871643
-7.660064747801929 -2.988849993743951
-8.347033464392734 -2.960102955341828
-7.105870077088859 -3.1360000761699642
-6.1417141458594156 -2.1596473360653867
-5.029799816407673 -1.1173949141402593
-4.634118414861861 -0.30821243248975383
-5.318430563008136 0.7699809862012285
-4.086656471369468 1.8753506630649919
-3.3464771956557855 2.6130152769104433
-2.28634539669933 3.2624801205704745
-1.0911445914278874 2.0056697870463953
-0.4329084935058912 1.8921323192237263
0.04982766257418836 2.5390644948191494
-0.3034394110112087 2.7241252371732867
0.7848076838378963 3.751088155737893
1.8698762898827088 4.755594772705522
2.6340134014303067 5.722777493409884
3.389090355379926 6.638746455291897
2.534338117029548 7.270552070025049
2.6864189097584865 5.876299444977891
3.638944637032648 6.462418370275991
4.380137116885611 5.961425921138266
3.442080926583221 6.0186703306337765
2.911816470437352 5.667113027055304
3.405505289013268 6.449592878762258
2.645003330990022 5.861162842650077
3.4487708697776815 6.520672971935653
2.963697838306153 6.431847183996427
3.1136828149861158 5.7262340911976395
2.2554721858900377 6.6440797195488885
1.0367446134460412 7.298393351133037
0.7389101812069769 5.948793264727641
1.8467182484441074 6.093076959886472
2.713408096006801 5.244789705611807
3.722212731656505 3.9186765842462874
4.706968906339337 4.33276947049353
5.631916938747953 3.189765004638394
6.265858458960794 2.018488134652207
4.908778752876049 1.813812197969376
5.347286947928176 2.7940615745834836
4.223915461244559 3.7855262591971996
2.9509404441811484 4.756046873187213
3.1887451721148214 5.718671956020111
2.0214479419847056 6.625245981565619
1.7959406039900399 7.189654741891658
2.8188496172981585 5.875839071405155
3.7470651773058705 6.461633868592667
4.745903416107769 5.957524117199247
5.708325425022674 6.041554958014
6.59756458475181 5.530777461030402
7.011750218924865 5.549061516733056
6.675145092332909 5.692760937293807
7.4446141653069775 6.548218848956716
6.789676675304047 6.65010809001637
7.64273751095533 7.327305688656681
8.252249178484377 6.061388982613398
6.8223286380167885 5.41678654901128
7.5938385062507905 4.656113280683992
7.949686727069835 5.42912341837429
8.015160886718748 4.745912756975924
7.618770729277564 5.706319876518335
8.112561760463372 6.589991130924857
7.085319972045396 6.958828823973427
6.252443587703184 6.997632345211842
4.896529287376623 6.762544168220559
5.404723428513412 7.646391984382736
4.573125550890097 8.270570821639806
4.909861304484444 6.852045886771873
5.339640409187675 7.511262391751506
4.192144612226109 7.320989562638744
2.985432942909397 6.038464921309534
2.981333110437711 5.550996052835253
3.0063152305271936 5.707155936159975
2.853463843970333 6.590546857969537
3.649638791239907 6.961920532531231
4.430215536144189 6.9792807066659766
3.791908101112606 6.8750633896129525
4.745224921227468 7.425710602806269
5.70252024657786 6.651331846489914
6.575960639468617 7.330612320926
6.857962636124237 6.081223578068402
7.48978846945842 5.312127214044074
7.14871254623787 4.078869111221946
5.985643638588401 3.3964962985505274
5.872434918321457 2.59227750440315
6.471338304828827 3.116644026415389
6.037459537673197 2.251114199099406
5.558290490163017 1.0439663975504112
5.762359140195779 0.6993528578327703
6.678489848682592 1.7438175428582037
7.453276101660207 2.8063491188683862
6.8604685891164365 3.7616547290653055
7.479776427400586 4.7493626930235004
7.069252186558704 5.704528261740922
6.34182574874313 6.579722191225714
5.171933105590468 6.884328778434655
3.9946741232992706 7.385201529827551
3.8893099699815177 6.378263726208095
4.470538323846479 5.371448160783893
4.103667708147848 4.366825799580874
3.2754439337130847 3.3761023307260807
2.0488675377563865 2.4662551540868645
1.6360081344684783 2.141612521171829
2.424840241353542 1.192261258339455
1.827238281530006 0.09957513986129118
2.7552298074732726 -0.5616229468270398
3.7789331878729113 -0.9654971743561149
4.747987996969773 -1.1724581583488578
5.700661267347927 -0.13877482740010438
6.5657377682091544 0.7253212914602406
6.781616759583556 1.8079640181217704
7.639209263320807 2.7916405000483984
8.227134839769843 3.7754260534795967
6.8235772527836 4.747809524647229
7.583585548186808 5.699493629165791
7.875034377051285 6.561185463302103
8.386463333335508 6.747461435022705
7.353953460894109 7.627289448145711
6.201824503562052 8.158865506998602
4.911319277533622 6.926340332577466
5.3285278357293135 7.179479233236018
4.15225533152266 5.911799012352449
3.089164894675359 6.290339320893482
2.3841821813690443 4.982431512504396
1.5547072527031096 4.928218405091374
1.8764797326306215 5.24046952556916
2.593467837457763 3.936880237063161
3.121007927286966 4.228834027419267
2.2390268233126314 2.96958036507955
1.0436043554650338 3.0763244762961905
0.7039245801006291 2.450911679725961
1.7503426899176193 2.0243094264567
2.8058633603554988 1.7822123560436385
3.7555158173585435 2.8136093310912837
4.738687838414051 3.742890413597343
5.684578640126375 4.72590068545796
6.506446881360198 5.662124422361332
6.320367297898558 6.411726255252967
5.086426716002297 5.595748447328182
4.328740372452057 6.028770689511028
3.192497612563003 5.613858876144814
2.0350420327918046 6.146483580717741
1.7190418974140254 5.040083360429442
2.752666222386055 4.58305494764854
3.7702938498915506 4.976391065218491
4.742722723789572 4.964560053145013
5.688356999495836 5.034606171260043
6.518846998290161 4.6153988306014595
6.419232433177968 5.190929458671024
5.649830551482491 3.968072829944459
6.3502843010896495 4.049372236075175
5.2248230982933945 3.5656298800472817
3.9394414701003195 3.885664218365341
4.2134311312336825 4.4809961331667365
2.9796983055205524 4.189494014714251
3.015737360930667 3.0070541793533128
2.798969426966626 2.851168385139111
3.7606057217048847 3.645822022492785
4.737808495705215 4.399537823539045
5.679442197101414 3.587071797295139
6.48328640400898 4.03877798290006
6.137139999936666 3.627434878863479
5.075840079742145 4.297362067247164
4.386144440065317 3.082179167226126
3.501716769782835 2.424219099130124
3.3898068923160865 1.8289442324447944
2.5604205419961263 2.7416924134196203
2.8816468753188063 3.754407989898753
3.531861070239371 4.732225990708764
3.627872372770192 5.6688113255213075
4.2990058615247495 6.437644414900852
3.088817617962407 5.78607022900086
2.391722827280326 6.663464183538571
1.6089160240820444 7.378009824788205
2.2537098469675585 6.347514721839584
1.0646897090598202 5.215447238144985
0.5884273888387731 3.947769443904562
1.1527800433257793 4.165925682650821
0.2035045713483522 3.0608811393953967
-0.8656615979335928 2.5388920670765334
-1.6637651161596323 2.71754581005436
-2.554864564671961 3.707279210551348
-2.8392980559956054 4.645200637831622
-3.6774564699667898 5.357863831571214
-4.542671508344835 4.305727571023931
-4.67596289969141 3.113254505224076
-5.501063810160206 2.280126070771527
-5.3145405752933 1.1120404107476856
-4.109724580748146 0.3561440252889819
-3.2606693447678747 -0.5263009352317093
-2.041334136618594 -0.6898500709679287
-1.6852069605015365 -1.6941914576163977
-2.6419732767602757 -2.6737435723972522
-3.410088306723234 -3.561377026285795
-2.6978043186473495 -3.8520773081957844
-3.6498904221776733 -4.602683502765694
-4.415600469113369 -5.105650759208638
-3.7009760711473416 -4.244741738289703
-4.6241752333577475 -2.9905235515684745
-5.238974018312054 -2.951082703553865
-3.9522475518460203 -3.181609164785712
-4.139807768230901 -2.06525615928595
-3.143881063555863 -1.5522628693721707
-2.1653701029529833 -1.853909774969619
-1.1373808459355133 -2.6659684668800328
-0.25832284906759484 -3.5260785443198834
0.8532353805333865 -3.5822556290115926
1.702882207763275 -4.001809859535174
2.6986727602363803 -3.848678795474094
3.65043989409614 -4.611554751601962
4.416587617690363 -5.161120546807322
3.709500775123143 -4.044408366411191
4.646651611906327 -3.598666853656625
5.361830607685095 -4.11301347400888
4.332287508064603 -3.2499342108706464
3.222013585217974 -2.033553788816475
2.023809944495744 -1.7315653129378312
1.7885760769864596 -2.765422957343058
2.7954398503319746 -3.7650644584406265
3.7544374677356775 -4.729725123446887
4.723813546941881 -5.656410785852015
5.6446044134202396 -6.374406382300861
6.315107412186739 -5.369522664446962
5.083761099898607 -4.376592258318308
4.352730078910881 -3.452759717817651
3.321133518564454 -3.0099249345312815
2.2125519139616845 -2.835929034335649
1.065221478859685 -3.6802877278506294
0.5896647845535863 -4.547565759827563
1.1563671152042208 -4.712185684465651
0.20114305145498335 -5.615977221623272
-0.8539367922730384 -6.151560670155231
-1.6971219708070016 -5.040704271091619
-2.676720012995277 -4.5863197270665665
-3.5675484850026846 -4.993102342344038
-3.89522192559021 -4.866080266492575
-4.431104392057434 -5.514998738830321
-3.815436633207947 -5.425540639025304
-4.688717854548928 -4.740652147006144
-5.542445089800393 -5.671065163208585
-5.638085176327613 -6.43843159212974
-6.278359509798852 -5.799377958789459
-4.978961256096822 -6.641845386419541
-4.949686469927853 -7.2633798746293845
-5.1179109155349325 -5.916512833342102
-4.198886168631713 -6.25930744120428
-3.011644229004823 -4.945935493269966
-2.8263691280633374 -5.138674282625489
-3.700291556125477 -4.120420668113812
-4.614339749991773 -3.2241401811192114
-5.174749526538758 -2.0300786806018616
-4.018632693788805 -1.7533949172316943
-3.7505006728103263 -2.7876520446180093
-4.7151931834559555 -3.7554117074828546
-5.620010906225761 -4.719147702177499
-6.173820610052852 -5.629252750820531
-4.986753927818523 -6.227706280068376
-4.903987825222724 -4.926646456653563
-5.3541173129802315 -5.241808984783342
-4.299143858089291 -3.966248168404757
-3.1069269837842945 -4.058418692791663
-2.3177615076055087 -3.5244656513044426
-1.2408426941630077 -3.569238108159836
-0.1057617959437529 -3.905910185386119
0.5722705253469093 -4.379418789527573
1.0319398995594335 -3.4756601933292948
0.7781219415912347 -3.188192433178836
1.827013854999036 -2.065680072707587
2.730800634465382 -1.555539276521149
3.72051032565505 -1.8750335947852335
4.664883128730539 -2.5821461355476463
5.4424489284850575 -3.031434051877647
4.866901003009584 -2.7117587559056666
5.508118311121816 -3.6780543401414487
5.372369205419463 -4.532316258033057
4.401200520194192 -4.5949594002880545
3.6134820685621722 -5.048550037896119
4.201759781434887 -4.54545952736829
3.0145423727681804 -4.695013787247254
2.8103332070806637 -5.558384523602661
3.726009173849743 -5.756603481754881
4.6748078114719975 -6.646344044327232
5.483450944116553 -7.282813120317064
5.180022315610128 -5.963035544583743
4.014001551577662 -6.007029816284217
3.7790084521431813 -5.750530232526454
4.719508617772531 -6.640693694861654
5.625355664312224 -7.2528563236862285
6.202258085580394 -5.912290789203595
4.946787969911374 -6.277598921707703
5.132650100471143 -4.987425836009319
4.148818734311695 -4.900510631908095
3.1291687311065015 -5.367720452165636
2.2312619174176445 -4.3777684750760955
1.0732944802427347 -3.470145855206607
0.5525811457658065 -3.147065004377486
0.8863485811490919 -2.1699315077914534
1.568022198425937 -1.1418825444232545
1.9645188249483687 -0.2562719755977818
2.136927032655574 0.8390898455917222
1.238841108015845 1.7312896271133325
0.11166176708196329 2.7508708455348536
-0.5936663514762762 3.7425016362737242
-1.1763602581132981 4.698484241964478
-0.16345298510036033 5.566038344537065
0.7717931133117361 5.811489811776243
1.8210573077481778 6.616630162213283
2.73760304146026 7.114366052594608
3.725461025597734 6.153707793264044
4.669438267613311 5.048177298346642
5.457415518533117 4.550195450595019
4.9819711437591545 4.729637456660243
4.932552237607878 5.642480698155566
5.2083400632796595 6.294229452220535
3.9807369672180926 5.033801284467044
3.9742591068144466 4.631415461818295
4.011698172870615 5.268598592365972
3.7936310926986545 4.009968580102805
4.706275264350363 3.803749224478161
5.587114318069003 4.695149076656088
5.9583691217603745 5.553147976724549
6.033067148675513 5.716762088058143
5.601560677620851 6.579421840700581
6.053657245186045 6.870940846695702
5.486733472524321 7.419149001781166
5.2074675050475285 6.636717430043529
3.983799397596912 7.2277853193228605
3.956529235345993 5.906803891369566
4.112175406537247 6.301466994142876
3.269428485866401 5.0583787091331835
2.082932022314051 4.496146158584615
1.4726832520100577 4.315133551391758
1.2372483415737827 3.1742819390529844
0.11669431008766384 2.1036740632849686
-0.6109665203425373 1.3756987476017608
-1.2840998583306655 0.5672761416878002
-0.1837164489800498 0.9911848664101491
0.8109687430616738 1.0169156912099275
1.7853267337300172 0.8673061363363889
2.777824857156181 1.6374629683781317
3.7460732010709785 2.4024091736500197
4.697015334174267 1.6982725809487114
5.556155930381424 2.6632474571075044
5.738308815250472 3.4949639132892916
6.6177562904027605 3.340712676727091
7.118102738428531 2.3171884824543403
6.144247391671924 1.2531330367635432
5.083748839207502 0.13127071041586924
4.3672998510274805 -0.665563384858038
3.418601516271592 -1.5731212696623018
2.773375612164027 -1.997374872461807
3.7449168150837355 -1.9466009046485888
4.694019839340158 -2.2347915910120273
5.544956005461264 -1.085019352540851
5.655136850530265 -0.4990183951969789
6.352983963630007 -0.475253928487266
5.275406773274953 -0.2920947322158516
4.030874857401368 0.7577832246839888
3.685017241510328 1.8076672315610263
4.547142557840303 2.7527551420583145
4.705598860031903 3.735053865195961
5.5793520192440065 4.678950913339403
5.9029245562425485 5.489605859333329
6.31722066198254 5.231291317717507
5.119259927965603 3.9833887196071283
4.211037010412773 3.9590581026205895
3.023117812672202 4.097186905102832
2.7639220704879204 3.3401485619679026
3.7406493387706536 2.318306453507793
4.68604800772201 1.2611915577271169
5.515166132391117 0.14557037944361473
5.428734130593819 -0.7111421395048011
4.777671031802285 -1.729717516777444
5.672655958805167 -2.7364469335385144
6.428694705206729 -3.713407032513844
5.743504913041599 -4.632429085134349
6.620345208273807 -5.268165719011366
7.130888056464308 -4.021129254301853
6.100329775051202 -3.741557066388922
5.259015639623639 -4.685781977450542
4.00761615632699 -5.512904276423086
3.819364169215732 -5.411491787204699
4.661684877074912 -4.660173880943386
5.41441335593972 -5.407546256608639
4.680050607575255 -4.634188104259719
5.490918665831215 -5.276901349396389
5.242320741349222 -4.039630452530357
3.992391111289435 -3.6375082018536347
3.9073834612259453 -4.32863191072163
4.363225629071613 -3.237205922151867
3.4025921335555567 -2.0584807781218135
2.670873828291653 -1.6033197911994477
3.5214931726676757 -2.1963434306903733
3.5456421564308775 -1.1105079692291793
3.727727944602676 -0.38728449359671735
4.661099962033757 0.3225212621632846
5.410239883943343 -0.6499668908979446
4.653590818290013 -1.4938024875685834
5.37498685841048 -1.4012338955176613
4.435038280667906 -0.7311560687808673
3.859231060258343 -1.768837166685131
4.5554653230982405 -2.771022307349318
4.765651086600459 -3.737091532793091
5.6678106879518575 -4.675920629094119
6.404832356816461 -5.472394557218692
5.584907861528425 -5.101609147468012
5.938526523027202 -4.290902022288495
6.139147767677549 -3.1111000308701904
5.110476331061575 -2.318343842861684
4.253050101193194 -1.2679268297930306
3.0401931819876733 -0.16316410713366425
2.6698985869760934 0.7555351352823216
3.5147654269861137 1.7972832713897784
3.4942213378012683 2.757320841458129
3.336701709553775 3.730226073193724
2.310262251007173 4.662818812778612
1.2399554571410758 5.415629016277636
0.1327046605322173 4.692010227127534
-0.6619762013719542 5.529673853595454
-1.5473550689262052 5.539652764780135
-1.807553910869097 5.614585410836567
-2.7437944871376416 6.127229265089611
-3.716270394819433 5.154673438190587
-4.63254462996793 4.099071432287568
-5.264058339985135 3.338377489179238
-4.023676008883336 2.3193369198095213
-3.729215326865723 1.2744390792215254
-4.659250568023456 0.1781486974545321
-5.3981165927866614 -0.7865865860975525
-4.578768329551413 -1.7971626383268873
-4.929413275902745 -2.7549160618880677
-5.219294807296945 -3.725963931575286
-3.99737395744361 -4.652338482677322
-3.879477352156912 -5.365073135189938
-4.479241058310685 -4.385159368895527
-4.189072787669965 -3.533577466347943
-3.0600844454576377 -3.636727623282484
-2.5642555666383795 -4.319239799943704
-2.8953378661549127 -3.2082821091687364
-3.4474325618767376 -2.072362902408637
-2.9858316619986836 -1.535173698374208
-2.979305948383322 -1.7162987753744026
-3.0163289314596042 -2.6976103041760595
-2.8054023135861206 -3.6122383289746995
-3.7095599313969956 -4.178946058696673
-4.612611601491118 -3.0790975491405725
-5.147208152697582 -2.4683945280151254
-4.124805881746116 -2.1753512926013827
-3.2352056865795813 -1.1543520337763176
-2.068431818906627 -0.2394122284919009
-1.555903083581121 0.8281626788825631
-1.868612613761374 1.736365510915653
-2.5855838166867056 2.7353088684326843
-3.041848489748605 3.69972488762048
-2.6632751605590546 4.583428110949991
-3.480683316117949 4.959686795128956
-3.2347069610872405 5.058053270744836
-2.069694373557814 4.5089036784352245
-1.5501180336315814 4.415992151240865
-1.8262170429720102 3.732870207202057
-2.705528693149839 4.66096612181575
-3.6331676992591486 5.402150235071117
-4.297501894345279 4.608556230390853
-3.1396707265238524 5.1211563388224315
-2.218776242505383 4.217527213774996
-1.1048824702599116 3.037885003609651
-0.4190365359139312 2.685694454976792
0.1109100676995809 3.568949919649083
-0.5724570982354605 3.8931848328591503
-1.0186931541290833 4.420393530069344
-0.8603194008314452 3.7637619324768767
-1.645509523631751 4.691428749287478
-2.428344102957565 5.520801420975658
-1.8861018446489266 5.472758103885617
-2.516705028870736 5.108260806335277
-2.5427887865753362 4.270957014711651
-2.7381133260599806 3.078711985568237
-3.7004584359379695 2.4731645344891624
-4.582406112721484 2.2125010682064654
-4.951434943341314 1.1101223756644376
-5.102392899489146 0.39840555264410005
-4.296787434427007 -0.24471049054060268
-3.140944817285562 0.8195902598469672
-2.217292011548047 1.7491264386315173
-1.1086335142331112 2.7466301801842103
-0.405144849241612 3.7102265130432346
0.20124509565223725 4.608719173968847
-0.8122145618847204 5.120281782518022
-1.7609755440844692 4.224189746736444
-2.754831299985617 3.040581435165922
-3.7171715280773028 2.6722449509138992
-4.625160366489389 3.514255115170961
-5.216617142602487 3.4906067903132203
-4.009681556744787 3.311175643638153
-3.8109431519292816 2.222239599428061
-4.661215248283816 1.1090731409443884
-5.399328398014708 0.40448463586355277
-4.59487079429881 -0.2044870835220135
-5.032480016768677 0.81365966913202
-4.650056972823245 1.7571060746760274
-5.346824388315737 2.750891858865503
-4.302926180085228 3.7122317091437065
-3.1628966873190905 4.61168359283399
-2.1574010896011964 5.13700931494015
-1.2052194545789443 4.166105057518329
-0.15325121056209978 3.1164258690920623
0.7160962004154223 2.3086982450965765
1.72096805022719 1.2494644785766211
2.6983513250469158 0.1551089632755509
3.605379708712281 -0.7208639440785783
4.1315009651110515 -1.7313229980866582
3.219497998997245 -2.718136374430847
2.0790938523415523 -3.6579848885824853
1.5080829819729722 -4.4163078623239205
1.5109866032590122 -3.7406587264687334
1.5329395186504158 -4.665052438474611
1.6976634054807511 -5.413968854758997
2.635621568089288 -4.691943517035103
3.3384686775482573 -5.516759710197608
2.3342459474963144 -5.442687382706254
1.349363974946256 -4.890470692368471
0.4519580359413592 -5.394131219998161
0.12460523228555953 -4.565548160387815
-0.6202687909787977 -4.833310500705857
-1.3195845610991728 -5.581150238755729
-0.3244255237347604 -5.907034040010633
0.623378198524496 -6.288521717107579
1.337060153574496 -5.059536945219758
0.3961781230285272 -4.507092564252183
-0.25395071918907175 -4.403311437495866
0.803232429540284 -3.657465866124075
1.7671612157742667 -4.411884928066731
2.750792322379347 -3.713207171202285
3.7075226636132697 -4.609934315383497
4.595076664772197 -5.124034458350232
5.03137142798234 -4.216354716045028
4.658261567529433 -3.0509380278514433
5.381486791833856 -2.6194732685627553
4.4919231636634045 -3.2468267515799085
4.288990932270581 -2.0911495511487157
3.129807412834755 -1.453797857461447
2.262888046129186 -1.1055571554804682
1.1437481968077654 -0.4240116915891149
0.2834199111591489 0.07122601998460126
-0.7498626579062451 -0.3841504179630966
-1.7715560005149342 0.32500913696952666
-2.749478875367501 -0.6182469305300198
-3.704261479368278 -1.3054959060880402
-4.584205046505916 -0.27877187887971244
-4.959545556708751 0.7595165752436979
-5.0574282049985815 1.7782585834710385
-4.519879817601424 2.748366506434711
-4.4997123336957 3.70242578615613
-4.348085526460391 4.578291094334127
-3.3504415387210584 4.919662371484861
-2.395170352347032 5.261430741818796
-1.675920277245166 4.044154289991354
-2.5538418137342624 3.6235000273165006
-2.81562225701081 4.234696890082778
-3.678973636122616 3.054231089589498
-4.4987378247730625 2.603693746781333
-4.340930099651799 3.150350176651531
-3.3184481354546467 2.1996675898314386
-2.259366265770018 1.1344669786268966
-1.1423879376332857 0.31618482127194014
-0.2904676737973805 -0.6489457131342872
0.7290453660480546 -1.4674503291756507
1.739064697017461 -1.2068408663806411
2.7219654289998654 -0.1617847600603104
3.6584126744289516 0.7303890493499242
4.411822938899196 1.7410339814794873
3.716846776845751 2.724238877301244
4.613459622893143 3.662699600494349
5.142099426838778 4.430593589580214
4.159812710019908 3.843397203273832
3.142684907503 4.583609416126191
2.2245982954514574 4.954099154565955
1.122356859417386 5.086113932660438
0.3609827899248902 4.381029083057968
-0.4492880606170703 3.5278324460108204
-0.10820479422073936 3.592069578411226
0.5499134762085809 4.042263847589504
0.8528246102947452 3.635138057319095
1.6556015469527905 4.296015514447766
2.4636584833968267 3.1562641008977472
2.146536697706003 2.186544971838857
1.247311503617603 1.1554011494936047
0.16598109689420948 0.2553619527597438
-0.7379553276146383 -0.7925288210582447
-1.7504264593632168 -1.7692644449072121
-2.7322127114805337 -2.742823707708215
-3.674884857341379 -3.6905737275403183
-4.479082997440662 -4.536265549919219
-4.194719020390911 -4.620968146747758
-3.078919931088469 -5.184039458187864
-2.4827657553229234 -4.0615983668730316
-2.2884020636127955 -3.535207195092934
-1.2041816620974588 -3.646222830780801
-0.16861473494539547 -4.351132888983677
0.742479783916628 -3.371646792861384
1.7549784787599476 -2.510808012381551
2.7345245054020273 -2.498284102782377
3.6771706737349015 -2.4045585956617854
4.4866755704375 -1.7394577413927945
4.251727491304311 -2.7173176928951275
3.0739528543933883 -3.643221437884067
2.5076333340240864 -4.335387875919167
2.4745725814441455 -3.3008530909454175
2.227922907699596 -2.207406329509708
1.1275280967269383 -1.1346384334470574
0.3457315329171714 -0.321136285884854
-0.5202756797496589 0.6241575680098692
-0.6347849162602577 1.3325027919194279
-1.3901997497082412 0.3884682750200845
-0.6849404668595641 -0.29240955500279886
-1.612917882920696 0.7165881316296191
-2.2344819465663934 1.7059870537431023
-1.1301284378403609 2.64601569535882
-0.33748835099612307 3.3810127644921426
0.5564210364357977 2.5656891336084384
0.8974169027848728 2.896370578573923
1.489723629017639 3.4282468196854508
1.3738786452825513 2.8644096074451024
0.5918436097241161 3.548746469716301
1.1367777651940383 3.7438190322491423
0.315836367837266 4.654175248084515
-0.6415821716629825 5.35334175015733
-1.4237680171866254 4.3534660033272425
-0.9003868720696284 3.3871318292570813
-1.4763774771507192 2.602453162231791
-1.2749444598716366 3.1372096629252835
-0.21216711518430142 2.2493476747470607
0.7991057323175124 1.1420169067467854
1.7572370611851293 0.3000805267475679
2.7314380068488635 -0.6921163507640458
3.667518130775167 -1.6346998995580018
4.444093162476149 -2.3543511178000016
3.9427098631450104 -1.4584773074147352
4.176808798934644 -1.1442299079576614
3.1145072512965015 -0.2940234755764196
2.332007374308653 0.7085543416445746
1.357393040591396 1.682486821158271
0.5070864641636739 2.56762503966931
0.5363556841904474 2.9086033767249457
0.7523377465783101 3.3734542676326043
1.758931627147614 2.5263395604649443
2.730825186149519 2.613301235434704
3.6648283443853003 3.201118350314902
4.431383416818637 2.113356474486033
3.8552096455835754 1.3703492798217456
4.5422795703727825 0.5756246901121396
4.663829874033324 1.0281848965292717
5.393863051696686 0.812947810786756
4.579760888644071 1.7369676479796778
4.9244799784489155 2.7066276499570807
5.233606940022467 3.609802634264759
4.03774956449848 4.146891657830254
3.6634886131899407 3.189982789475049
4.424530015188616 2.1283158914394544
3.8095559231908016 1.3157392299998436
4.642709251270839 0.33001816247520777
5.294564118700737 -0.5824745579698034
4.132362484827527 -1.073020398909073
3.2367672743287415 -0.5822886959468279
2.105768475150455 -1.0716554507544669
1.4025858478740316 -0.5890343575998587
0.7658638885884917 -1.1154577290981933
1.7638305417060982 -0.3968203627522755
2.7302217174090173 0.23689266855313096
3.660808478120013 -0.7952121422022957
4.411548284558161 -1.7557002288395183
3.7251378333329734 -2.725158828330877
4.618199338254224 -3.6509437183980795
5.1618741583384455 -4.36619014194536
4.119484609667312 -3.4581056262567937
3.2842540148938157 -3.077850244195601
2.173796016088823 -2.494784805730079
1.1915511218046952 -2.3796209249401272
0.1945550827143937 -1.5973924836934588
-0.7765103524373508 -2.1348020157300462
-1.7631573673255176 -1.2961368961271234
-2.7281354690776256 -0.2705470052621244
-3.6553007545737364 0.7556717654155811
-4.385436132906411 1.7561211298656123
-3.5661170904785746 2.7236585302836795
-3.8635748030939294 3.6462198498521814
-4.512633058287992 4.342182219931664
-4.446663242729702 3.342503990452432
-3.964454866966202 2.376722405535545
-4.0621191681386275 1.5823615683748515
-3.5397307792211814 2.037692446357225
-3.6774145593866114 1.7308422199107123
-4.477242450546052 2.691441927050642
-4.185296049335978 3.5594427448543717
-3.108170993414531 3.817087265763239
-2.3632371257443103 4.627048372575278
-1.5107491719349826 5.209491884858254
-1.5306084376525626 4.048991600308183
-1.6763805213794387 3.6069410130268973
-2.537649025849066 4.126521913421399
-2.694805032765231 3.261654266461371
-3.569268710132162 2.1350327249826053
-3.8843547397621405 1.2980120211983142
-4.437413389749563 0.2790928735974594
-3.9010742427214824 -0.7356557990413042
-4.3695444570638315 -1.730117201144195
-3.480034745227215 -2.6882546896499493
-3.2388929630609566 -3.5470741904878373
-2.1138832399957312 -3.7295995156698014
-1.374669296870711 -4.6218644996011555
-0.6059147432227017 -5.179702910784405
-1.2170365994013825 -4.087618848384137
-0.1777558451437129 -3.420300489015492
0.7459843524741786 -2.8187302834728363
1.7426581203941391 -3.6545938971802454
2.706034494402822 -4.378877450604834
3.6003444917502616 -3.5324457889932694
4.085162210185656 -3.624331811807667
3.431981717611719 -4.2252669410750014
2.897509084009232 -3.079785637811798
3.4160089498219155 -2.4893882020834366
2.7913092083071342 -2.3405703882400872
3.6865963708971234 -1.4052443746692886
4.506983781319323 -0.7876230591576029
4.4054161895715565 -1.7534958758524901
3.6915057956472013 -2.7159944994472935
4.523136222576741 -3.6241848112745174
4.524035123022033 -4.223690180462989
4.530598168182166 -3.0813314104404146
4.578350637778192 -2.48297907718673
4.911454326313862 -2.2936835890181944
5.290193203117375 -1.238644041809121
4.1323234855418685 -0.18242505242830687
3.2457966508311697 0.7515600077720688
2.1225772625466015 1.7455095988274731
1.34483768982259 2.706747789732495
0.45864480610664593 3.599741571125397
0.1822491378902495 4.080089793597006
-0.7506073404809583 3.4570813398760025
-1.7439282599121186 3.0739880773879555
-2.704204525704558 2.518266429952548
-3.592162402026458 2.553223428888759
-4.032520285286775 2.804416667880918
-3.695594624344685 3.6718225196375855
-4.534055318818158 4.449656843145123
-4.603220236342133 3.9893554688188813
-5.068340818426254 3.928201131073193
-4.481157735125198 4.244270813593686
-4.216140768954055 3.0912671167566748
-3.086460992006547 2.4399473212278093
-2.46141039320778 1.9866813432683748
-2.137893165272109 2.007353301707893
-1.2947337946749353 1.8955342130326671
-0.2770918436555161 2.4540492674408263
0.7326848349330546 2.085589081867757
1.7183559082641247 1.4980947693234254
2.6580382252139785 1.437530817270745
3.4224375045019513 1.0028146075111308
2.836605015763708 0.9524698027331551
3.61319225056077 1.2202751455614664
4.1588038642578935 0.18386631524632358
3.1720441995456365 -0.750239914259363
2.1745333626116827 -1.740373094529019
1.2020126207058626 -2.6965489607715707
0.19488569505026954 -3.5669277366077994
-0.7651463732146774 -3.8657292437802946
-1.7496578785615684 -4.498357722040439
-2.706850382052974 -4.342756902641747
-3.596010425646953 -3.35645865814907
-4.054921114908082 -2.4532020159295707
-3.5813976842167685 -2.08042767564827
-3.9617401186712593 -1.522899741272123
-4.075168265831443 -1.6190398757305189
-3.483036732380134 -2.2556864795772786
-3.2630368028194217 -1.1709661541532386
-2.1487503490001503 -0.24300761205519117
-1.2651764896424278 0.7762208064197222
-0.2167774121381767 1.749737571776433
0.7803278071543078 2.705458849091581
1.7488261337822995 3.5908921904501945
2.7042841341988635 4.022175952745545
3.5874194557160433 3.7521463331174467
3.999997278864139 4.642770845478989
3.8712408712780437 5.283696174400017
4.478376807576997 4.124953396688502
4.197293465057063 3.277443840754599
3.1061914683645515 2.1760037369561767
2.3807450951291917 1.2024626901525086
1.6157503903361943 0.1978437807233857
2.2356277005963605 -0.7652847844240249
1.1574398433686854 -1.746418020616825
0.2760446535044716 -2.700263428498719
-0.7294576885136024 -3.5746394506309196
-1.70758670305725 -3.9162015261680883
-2.626892309785439 -4.29779248646023
-3.2648690934503133 -3.1951446309814893
-2.154793446744894 -2.1422810124569844
-1.251422938058698 -1.2865342672453697
-0.20197892903557602 -0.2623968455446588
0.768061983949337 0.7521127870395163
1.7459039239991128 1.7368686820679324
2.6983644840496526 2.686521609559571
3.567820814632337 3.5298073943185404
3.870176792498711 3.60427618297097
4.480300417558288 4.10303083637878
4.212018728969069 3.3632520015137835
3.0972607802995835 2.4918118510228813
2.419502572309921 2.360021093184059
1.8535705168332033 1.507804467659331
2.595902234824182 1.5088347436780922
3.0837169012535357 1.516345556196771
2.4789921865968276 1.5710055402906744
2.26692799085498 1.9552812649087314
1.1927550845623742 2.171882019195151
0.21191425435053857 1.2141033254707196
-0.7730943753754311 0.1937836366000285
-1.7445091279321958 -0.757043267434889
-2.694643835684596 -1.7384318965792094
-3.5545379202431167 -2.6865716753771185
-3.778814269241963 -3.527999617002865
-4.647552746575664 -3.5911104022150346
-5.3034615971141905 -4.021103272568551
-4.183927913042147 -3.7593549981310046
-3.1296118986010146 -4.643059188108526
-2.2980152079729375 -5.281481921603774
-1.264354251363907 -4.12652432340418
-0.22259443104918053 -3.2767759813982584
0.7749071591620389 -2.1808732071381964
1.742939295245235 -1.199316898083596
2.691164270633231 -0.20651121857458532
3.5420369914576875 0.7676449798685379
3.6910523393803567 1.7416198419229727
4.509463324894779 2.68909224143398
4.42497593698622 3.5348765751400375
3.827453670279084 3.640193003108688
4.5926794014253245 4.298321650331456
4.998070763022419 3.2028719988716547
4.8505306130778205 2.1403527274179
5.505619038427197 1.2971678802883861
5.365165470734901 0.29589168793094034
4.441787119809064 -0.6755845636047678
3.9410851862663305 -1.54963562834938
4.178163832441454 -1.8079661776305276
3.14217441992869 -2.687486900766226
2.260454501233708 -3.52822262380267
1.1877006171954312 -3.592493113843384
0.22300538161138084 -4.028269285491644
-0.7722159265835032 -3.7225974198329963
-1.7401817980323155 -4.591357612803885
-2.6849772533270246 -4.989099181714115
-3.5189400869726004 -4.898541640321784
-3.5256651698407415 -5.338642988783792
-3.57408804299481 -4.318003534326958
-3.9097580401682324 -3.26871258932953
-4.3230484394209565 -2.1698896648867585
-3.287492753994413 -1.2235291481868034
-2.209112886516359 -0.1970926351800486
-1.1704490088365076 0.7555014441244308
-0.25462892557155925 1.7318164720882188
0.7539082597449758 2.670967744632211
1.7303038431067834 3.4657334708852803
2.6681182199814906 3.1415858820985445
3.454083963668115 2.2643745354170135
3.0595040205728976 1.19604961937139
2.596814596049975 0.2147203969618755
3.085646867417842 -0.767676325093111
2.4749566223346022 -1.7369767717295086
2.2395295804704163 -2.6781135178645705
1.1708102573084158 -3.492275627351158
0.25526490274645763 -3.332680464061361
-0.7516587292644664 -2.3591616703451335
-1.7269116761803058 -1.5108740177514624
-2.66057738861291 -1.531033136083555
-3.4213497742274352 -1.6758992645070399
-2.838835897590686 -2.51510897576491
-3.595690650818126 -2.5298209678958745
-4.046242850888339 -2.6354156733734886
-3.6316296891396194 -3.302295056631314
-4.250894810139588 -2.2525026544162174
-3.117723963425216 -1.1829312479839653
-2.3459821622497463 -0.23466828527331596
-1.4496343860423293 0.7660178872308934
-1.0931035875111519 1.7343651334116053
-0.507535969922653 2.6720703874171767
-0.5386334013469763 3.467484164417315
-0.7612535192155262 3.1550660968467876
-1.7317817136269702 2.229936628716656
-2.667343148925096 1.1700287884811544
-3.448164095558544 0.25921201280109285
-3.019823113174889 -0.7441214834112078
-2.800208267119208 -1.7164786221814508
-3.658718433557269 -2.636519334232247
-4.379620291463975 -3.306547836584185
-3.55703343405424 -2.2676766969436475
-3.7936154581248767 -1.205808156867807
-4.632152515491297 -0.2097582037865635
-5.220406582453855 0.7610631822279905
-4.076412039230984 1.7302386433640229
-3.4874009332543885 2.6633101744019054
-3.298182101180983 3.430304012824335
-2.243655101638703 2.8995710153724703
-1.1782092931754686 3.3948318730982305
-0.24538577296050412 2.676617001200066
0.7568629813056315 3.4828543283720417
1.726734559842439 3.265614397980485
2.6560858166724794 2.1723802244931423
3.3983265055867466 1.225062941947657
2.6978681255019894 0.20410875020304564
3.553853301493654 -0.7555315128500941
3.7713880924667316 -1.7251162489502527
4.637063261487053 -2.6523704619654627
5.244308808125966 -3.3810964225656805
4.085374353847609 -2.5989295583136824
3.4483984455689263 -3.0953151959593783
3.02287763470399 -2.437422803545126
2.7850132134136993 -1.979796786544811
3.6661909853924035 -2.0429427245887246
4.408802771309707 -1.7136718193706213
3.731155376971214 -2.6266491787564195
4.59905572673548 -3.2528676176177242
5.032418106873859 -2.1576262074536623
4.672669605344566 -1.2594993312608742
5.402576794335979 -0.22912366991574395
4.661801685839046 0.7618141951218083
5.3582003454994265 1.72711659536691
4.417596618020252 2.6543062257317613
3.78724372715077 3.3883898721678487
4.632357729082226 2.6416029872258013
5.218941842773669 3.328565369289434
4.081631461953806 2.3504572036
3.466400526417747 1.4759935366632284
3.1493414514773503 1.2804886155009123
2.2506509854025416 0.26719349153823013
1.1887733488066905 -0.7263552196517755
0.23293120543903623 -1.6832995697781827
-0.7593549528495214 -2.5351229363504317
-1.7242033800289915 -2.672011614552447
-2.6472362443207578 -3.461605180297222
-3.354684907783649 -3.1159188490620853
-2.4654234378624937 -2.358673463708413
-2.1743491504994585 -1.5163282581415154
-1.2257322970124562 -1.5699254593420304
-0.2088930485022613 -1.94144500818168
0.7544382609720081 -2.2362095721213535
1.7197361457535538 -1.1800486046450858
2.637059960849159 -0.24760335643736275
3.304427214491075 0.7492605893556277
2.2686198797316495 1.7147095642351453
1.2150514093980451 2.6254384771834047
0.2117675981876992 3.2439054636785594
-0.7551610578452363 2.1538919595784938
-1.7194013942782638 1.272419467196682
-2.635486146299617 0.2537873485206741
-3.2958776269944883 -0.7421750118480911
-2.2448543259887304 -1.7057645941178845
-1.1867765066957354 -2.6021997461256996
-0.2385186327827703 -3.112016876784542
0.7541449510165851 -2.374974728928005
1.7177047443349158 -1.6018630345176925
2.63092460870687 -2.1412455173671905
3.2718941751127106 -1.3082899709615763
2.191195984851813 -0.34544307471190716
1.2018827224325053 0.4802559926026332
0.22194041178563773 0.3430463279911634
-0.7565504127669982 -0.49065289996622996
-1.7186391934431056 -0.41732858042974896
-2.632132843990794 0.085496571547104
-3.2775433110765166 -0.4219652318095728
-2.2030852824568647 0.0557244669639142
-1.190301848282772 -0.2842955734525719
-0.23546629670832686 0.6878553432755454
0.7537169686873016 1.5779633681667904
1.7155691595414675 1.9922561018566227
2.6244111553904395 1.9776899773085865
3.2363620762919467 2.053345200999001
2.1530868733132373 1.664812693401486
1.2773974226468252 2.460056874218725
0.2667820722110408 2.138267729856464
-0.7211011721767769 1.319157220773734
-1.6671639155610078 0.3844673887079605
-2.4692416485143376 -0.28126522553991407
-2.2027518961161685 0.693212109030248
-1.192319000277191 1.593953070127609
-0.23456232619017547 2.0919241621272584
0.7523695471623724 1.4890137692936316
1.7127730833928407 1.374495886666122
2.616285204302889 0.6334883340923998
3.190903897921685 1.3454119787950005
2.1743361925570723 0.4911269099041543
1.231773052772523 0.42094444729330294
0.21622435289005004 -0.06088226524958329
-0.7517863442376124 0.30806357327205586
-1.7113699446774775 -0.6200442955583112
-2.6120475328459305 -1.2737813929196062
-3.1665483818370195 -0.26196662982570906
-2.2167378673049924 0.7262367798864069
-1.1861270464370701 1.6752437751788758
-0.24457222170986004 2.498970680558318
0.7449019567940223 2.414472642792516
1.7033759580140004 1.8361663157812034
2.5904214188715713 2.6204455020431494
3.0378301755994412 3.2127682292986135
2.7116891636526046 2.157218537272917
3.580395200006919 1.2702035210285132
3.9435573822069645 0.25678935031355343
4.161179302149495 -0.7318354180560733
3.198724338517234 -1.6839561161616634
2.1680639399276 -2.529319929076763
1.2464166779045354 -2.630051910813972
0.226764684165502 -3.263250034070418
-0.7507330742346328 -2.1839116544457173
-1.7080103002750502 -1.2183565020941525
-2.6013627507954995 -0.21905018752999628
-3.1032507738357156 0.7497726685300438
-2.414106749877617 1.7067133968323036
-1.835089061222551 2.5976412833929348
-2.6211582956046753 3.0808666215577825
-3.2154024637680005 2.508000139027783
-2.158352019623698 2.479010098240132
-1.2693380888422432 2.2728711169358156
-0.25741158502580186 1.2325287781268732
0.72899355002615 0.22055645919615285
1.6770650315569857 -0.7489220512074297
2.502948904293075 -1.7047428229269017
2.4430854830459245 -2.591356323706931
2.0243019168066914 -3.042170624589929
1.812355582006445 -2.6910627318855243
2.660414048465247 -3.5195646391552953
3.405123328600367 -3.529925170696025
2.74974760048619 -3.6028746407249828
3.6424115788437152 -4.079907521480727
4.292051365394485 -3.4821392955736075
3.2143345637225553 -3.2642064707840928
2.1608205827995794 -2.1885818367102523
1.2653079898070096 -1.2145887371437736
0.25279506427369425 -0.2232348429726454
-0.732448479884596 0.7474493157527196
-1.6811246960535877 1.7014706544392926
-2.5160113664514534 2.58073573869174
-2.5358920490960157 2.9751632177959175
-2.6754982089672357 3.034486991454731
-3.464104490256069 2.730099671350377
-3.1379654083807003 3.6143575303940767
-2.2959202669340146 4.144897211769608
-1.288407525254239 3.244850327709825
-0.300271698906487 2.168127881761891
0.637020487312429 1.2508416813359082
1.3575709761155939 0.23585773538878385
0.553962649315973 -0.743624818293507
0.8613304939582179 -1.6956218449036764
1.5811829404383073 -2.562308571652035
2.0084320593961653 -2.8550072802700854
1.8944099984912923 -3.5371248032439193
2.4362602407427896 -3.6527672661270056
1.980413153530458 -4.338212837236015
2.0386462562178216 -3.374421915363782
1.7409467440055217 -2.577771697538023
2.6602150548537513 -2.955420922723383
3.4013836817675127 -3.133190958224188
2.7298740688699628 -2.312292637948805
3.611905273833779 -1.3397709799055444
4.129908036109548 -0.4747846528344989
3.292031896729906 -0.3063548282432047
2.249616672647269 0.6168258855872023
1.205888115579446 1.2501504883934524
0.23181287474553802 0.2375367428537014
-0.7427564853808485 -0.7405767039478816
-1.6923389931869817 -1.6895288845958496
-2.550189581038803 -2.5412331037944957
-2.77306387588537 -2.711859672153114
-3.6501887123412042 -3.57326950769803
-4.3250621334897295 -3.894915714127611
-3.3243502054162124 -4.3710408191412915
-2.352787784115875 -3.530871471345933
-1.503117736566653 -3.6090459474657504
-1.4756341755754425 -4.1127722756753755
-1.281654917258459 -3.352621675666773
-0.28880036555178124 -2.471723580832302
0.6636185386447984 -2.223406113902718
1.4754890884255407 -1.1960414169943765
1.28073851282267 -0.2423849568528772
0.287333314326661 0.7358559546345154
-0.6666722910343352 1.6809903297560909
-1.487505852679491 2.5106937512247676
-1.3653216036239058 2.4982805748753454
-0.5957820274775847 2.4105419292743306
-1.1272163187428734 1.8184033480696034
-0.3962016208199286 2.644980845626101
0.20535568539036597 3.330385716599639
-0.7339009756920698 2.3778335898002876
-1.6769939431167837 1.6302778250032617
-2.4954527312727883 2.2886109438039455
-2.3906403925494355 1.2758483362958577
-1.7012831093667646 0.2788514464967998
-2.5738762369698933 -0.684096362947019
-2.9287026461240124 -1.5510927917238002
-3.2584175141113723 -1.809270952810205
-2.1893195586184504 -2.6567960791538
-1.2216359390454021 -3.382937707156933
-0.22967594264671787 -2.627940658221907
0.7390066572216138 -3.2449238098050093
1.683257344284966 -2.1759270477662396
2.5165829664210246 -1.242647194632856
2.5397449603155535 -0.2362311445672136
2.7008835224416026 0.7364243343673781
3.540685304283378 1.6790596340444017
3.6764594955775354 2.5013786046063027
4.430150644148482 2.432645762025042
3.8820401640559203 1.9599093416924447
4.416173605138252 2.140855610209671
3.793344735457861 1.3255165418273092
4.608892432124182 0.42349234077558073
5.0787041874899606 -0.03717144241302284
4.462877709596017 0.18797751143625133
4.101715905364131 -0.7130107207706301
3.398212777900437 -1.6326669534651606
2.716117050924306 -2.2986691071594834
3.5780266816486974 -1.305379542322398
3.9233007371073745 -0.3558927185784104
4.2507695519708175 0.41591720349948724
3.152920431713837 -0.08433195050181397
2.2633524957993285 0.40695494073370136
1.2303312136465978 -0.13911182671487093
0.23319910528452759 0.6065334159370848
-0.7351200044862484 1.187593563204177
-1.6746879563856591 0.2580050881988445
-2.483277800837417 -0.7149876572636014
-2.305581701293541 -1.6358709237793438
-1.326965229170913 -2.3136856936803407
-0.4310138667689748 -1.352942647471532
-0.012126192452055595 -0.5406403101016197
0.061750509626772365 -0.7679343467625394
-0.3054397309529595 -1.7037517403270885
0.6113849801833198 -2.5763410914868645
1.2143523724092828 -2.942647235288536
0.23597810554264254 -3.192571633707484
-0.7325809048150759 -2.1915937775806804
-1.6692370333336477 -1.2235977009320171
-2.461203556013969 -0.23445683224746172
-2.152792630001903 0.7328319979859682
-1.2965192636689213 1.6692894159144727
-0.3331805788701657 2.4611075841293943
0.5126341590773277 2.1522525146934908
0.5733610202404575 1.2982020663285283
0.9845781247472811 0.33816630818500615
1.0476272800384532 -0.49199954801901713
0.7313443812491773 -0.42847534757390476
1.666006510678628 0.003330565663046625
2.447392813343439 -0.016934697227003834
2.0596387193191203 0.08590781228463952
1.643884973340441 -0.4118303082983215
2.350423404076468 0.10753030800818114
1.5007114595600286 -0.4980811238157555
1.459015502125318 -0.4712036162646866
1.1690812631726963 -0.28349804140774904
0.2922941006740395 0.6666802405118653
-0.6454871627501682 1.4799424219217305
-1.3880323975904119 1.31362339707817
-0.7229532906303422 0.3868887166224364
-1.6491991126779095 -0.25269896803583436
-2.3742148898528646 0.7170310999489764
-1.6179226559232216 1.6365158772854655
-2.217634378098625 2.3139571775660723
-1.2077964960145042 1.3579690494562249
-0.2427931063144989 0.5676799915488645
0.7251758640268436 0.9469770215498343
1.6527154833397324 1.2323994344866802
2.389364737861637 0.23928024806736226
1.7006448164611894 -0.727021792078645
2.563819542621217 -1.6558225764538013
2.860475513805925 -2.402714271335327
3.5114677830054526 -1.777826468063793
3.473250478796376 -2.669493287781554
3.2063703287931533 -3.4281370247965137
2.1837727507265003 -2.9042553775381674
1.2386527059367651 -3.3589661870553518
0.24303906424916377 -2.5124999363336586
-0.7235445552557078 -2.5110438298663076
-1.6481581632075581 -2.500873837249824
-2.367743705015876 -2.4297359348026473
-1.5865685630569941 -1.9454446478589518
-2.0346961315063763 -2.2085482480759504
-1.7650402552406868 -1.2139832655766907
-2.666212785633599 -0.2420197189316412
-3.414152717957572 0.7233964652885334
-2.817304726664568 1.6470555069230415
-3.605816496986712 2.3620580243197096
-4.0873388191752325 1.5591053103223298
-3.4624830530061734 1.859447879735905
-3.132940755184279 2.5434621630058927
-2.3266245892883033 2.7243702161568595
-1.406199484863392 3.587250963941584
-0.8306661798834576 3.977246672742153
-1.6430276079104487 3.992459432524985
-2.342582681569536 3.9160823214217415
-1.4707969160399583 4.278674876857805
-1.2511965418007736 3.2059389741464033
-0.2554088568417523 2.1870018480998317
0.7093771391269698 1.2368289251800133
1.614174163016672 0.24497733218152784
2.194335800054699 -0.7193260995293954
1.228231720430099 -1.6368825204767128
0.2426759199009626 -2.3123649021156343
-0.7206600261886282 -1.357504771969852
-1.6393356707878919 -0.5694318963753392
-2.324024744691794 -0.9563491103838381
-1.3982781129184052 -1.1863150763945614
-0.7851630035525686 -0.26927418186897367
-1.6943755824426252 0.6882794798983435
-2.5412337426628993 1.5525633844217623
-2.7088426878259284 1.815377194901997
-3.550627010035468 2.636608868499393
-3.741556804291742 3.279758619749037
-4.582148846062523 2.240871374721015
-4.9144145451014705 1.2186303208797586
-5.25436622691329 0.24453757122564157
-4.139522398257042 -0.7177460558947106
-3.279414841877106 -1.6316618390736004
-2.2408021897846058 -2.2851324607814636
-1.219222095385914 -1.2837847812624372
-0.24502741544002848 -0.3112618577269507
0.7167699852369646 0.5831493550884135
1.6289521368153346 1.0418208975545975
2.2709971683774866 0.7622082212588163
1.255834334993963 1.6907056129991775
0.26398357156625385 2.528220062845228
-0.6945781593780019 2.6197382819893344
-1.5703239372490168 3.1921623674658064
-1.9305831925199763 2.2035431848895795
-2.274938219948461 1.223117199362905
-1.2638067043159442 0.24580651171980195
-0.2753964964062854 -0.7149572732328502
0.6743635298751469 -1.6237530140200165
1.5016436743856767 -2.243327035435773
1.4659228926311318 -1.2228144282465592
1.2189184495457082 -0.24642411190614577
0.24701370774311449 0.7138543957749299
-0.7132367186168915 1.6206570696254272
-1.6191064275918832 2.2266082355571943
-2.218258731880257 1.2166674292792028
-1.2173073401668204 0.24801916373558774
-0.24797067147685814 -0.7118810902284066
0.7118059100620575 -1.6154536201915382
1.6151623552458283 -2.198236352741369
2.196577210838174 -1.2294289162638399
1.2311596894228791 -0.24813045855160554
0.24865148979317508 0.7111889392987143
-0.71059686978759 1.6132344240302219
-1.6116879112691138 2.1857355980167266
-2.1771332752730155 1.2445403302810711
-1.257786529205673 0.25601285729494194
-0.26955836026958147 -0.702340856198499
0.6825930921080334 -1.5899114991797787
1.528944403157605 -2.0509299007010706
1.6546518873632046 -1.6897180228244921
2.389800607791142 -2.521999264319061
1.710568544711458 -2.576671808433047
2.5803628156100187 -2.9391334938242704
2.9620818099279553 -3.2049067574246672
3.0967584278402533 -2.195503115494155
2.460334414301607 -1.2340328518179484
2.1515779276209344 -0.25137901701297494
1.3124565343719494 0.7061805358823201
0.3951025706514032 1.5989302617538574
-0.1984731223830991 2.103669731456639
0.707834325682235 1.4643285362924594
1.6028381809770806 1.209029525399163
2.126056596489798 0.2543655512298668
1.3861198672862323 -0.7022575757870224
0.721563536377997 -1.58783124078087
1.6337181798709364 -2.0374297635458287
2.2911070952292274 -1.7547679215056302
1.3045550417200573 -2.650172920210846
0.37163945518231856 -3.338271528283302
-0.3243531873776411 -2.4310744234404797
0.5322840323014931 -1.959637458781227
0.7072715448147339 -2.1384214412015563
1.600202551889812 -1.3492696697359219
2.110181926542241 -0.5389450867785033
1.441382178387265 -0.7523522057514249
1.0566139135719463 -1.6774476881360079
0.6946606932387143 -2.4778395565613285
1.564661905588697 -2.271569491121418
1.8919393177751873 -1.2641923825143768
2.4298610371712828 -0.28239565531833055
1.9524931306456264 0.6538829563321308
2.172179940722994 1.413826420632129
1.2705842030715584 0.8830987845800025
0.2932209822437267 1.4911645284276194
-0.6277736913254309 1.3936840049418122
-1.289867501187161 0.7652539040644654
-0.33391912113843314 1.6844771141782795
0.4940963700486968 2.501151615311304
0.44411469635030454 2.432653045401024
0.10524902576723177 1.9708007160528744
-0.4790008848839597 2.084060884937451
-0.34011523334667687 1.5445370704998234
0.468437057666844 1.7592949639247502
0.26799036282657196 2.6505353755244054
-0.6797452472874834 3.337703069820863
-1.5142341723236505 2.43162572333915
-1.5531093841394361 1.964641491656616
-1.8160140049431863 2.1138233353195908
-2.62646589420354 1.43038096048011
-3.221884043499479 0.986980870374327
-2.194661624206375 1.0345092180003923
-1.2402982280755834 0.8001155386998025
-0.25996927279914794 1.6743839291032039
0.690664258125929 2.4640754268091745
1.5495665595505703 2.178590676916106
1.792383393241305 1.262136787308624
2.6495443312439457 0.28261807596254895
3.332201872329749 -0.6503258817356987
2.411118284215191 -1.3957066327768766
1.8384717123596297 -0.7785133938562739
2.584988790426143 -1.683883158650046
2.9876859388592125 -2.4967797098418707
2.970882922680028 -2.402692182723323
3.053311957047746 -1.788933187589899
2.651486058056823 -2.650534212890652
3.340157582773874 -3.3359473759183444
2.44402546955806 -2.4268317118095863
2.045779561693326 -1.9355371564717678
1.7168679665864885 -2.249010303269211
2.5878239610358493 -1.238694683148092
3.0043758870025954 -0.2611778436871296
2.888318679569778 0.686944405608744
3.41007479449511 1.5358236914047847
2.8032036398777684 1.7000848398310968
3.60923385718769 2.545398592264
4.098044007219599 2.7341804615808085
3.4308506130683774 3.5895833705521536
2.9314934521443274 3.9845845559914386
3.23660089262327 3.956210998879106
2.201219774841016 4.0934599866622925
1.2375415438928998 3.449083404712482
0.2618665951849001 3.04963891612479
-0.6847224228781142 2.6693948628871285
-1.5273855701872456 3.412506345113157
-1.64277062859006 2.818570058444588
-2.328961710546355 3.5891671989096867
-1.4317497632020841 3.981669595461035
-0.9976878885043681 3.970547938206151
-0.981479575650267 4.0247421541007995
-1.0612989509595634 3.758613768192844
-0.6762006671024281 4.585171284619053
-1.4970039801076382 4.927469933640372
-1.4345030120000173 5.193800195803128
-1.0155205809717727 4.156271079793046
-0.8936130131517577 3.2502623453239003
-1.449390369053244 2.2131393839951414
-1.1122067054020968 1.2322561999939046
-0.4699986083193708 0.2615741371066702
-0.2798811409145653 -0.6833110430243118
0.6514122230092303 -1.5210389755581453
1.3967302297232047 -1.5993697495367423
0.7874287779410383 -2.100593996458877
1.677135796761049 -1.4829849704350209
2.4692921983965777 -1.3384663827434196
2.215470938485245 -0.500942235107829
1.2325193963256678 -0.49153093812107196
0.26270661363542347 -0.4269208232830564
-0.6806830239700394 0.0017940863982933708
-1.5111638105081178 -0.008837675223722955
-1.5317924172034327 0.043502466010179576
-1.672214969295597 -0.2110556454905411
-2.4505389154699366 0.70538340926795
-2.0905484702054715 1.5856763686837838
-1.5228851143535767 2.019173370555743
-1.611803399562942 1.846205592740609
-2.1695146256807316 2.562586839740596
-1.2845981293816093 2.8453594380172995
-0.33092248163926474 3.534577416725152
0.4976777282873299 3.631158346109622
0.4691570683196382 4.21066381115138
0.2747008694192401 3.176473161422985
-0.6591893414138571 2.242998805760922
-1.427970874610776 1.2401700169323446
-0.975776874678739 0.26824254174152407
-1.0886882425111233 -0.6702320927566218
-0.5609605464419393 -1.4715807123031837
-0.8942002284878308 -1.2613982154193846
-1.4451182202538537 -0.2899170408711087
-1.08559056360055 0.6256079789828408
-0.5737625109082631 1.2713886004162607
-0.9750854971779945 0.3059973022161516
-1.0919401697063615 -0.5816292213038847
-0.5484338121125257 -1.0234666278462639
-0.8124521030357159 -0.8555330449716115
-1.6526618808604692 -1.5673275781579008
-2.3692945164943007 -1.904665800898369
-1.6141344790634666 -2.3752925711929973
-2.18070238392428 -1.6445361822902207
-1.267978899490863 -2.3327581451394512
-0.30125282537703213 -1.4519600594505486
0.5944941480102782 -1.1308444468107182
1.0997407845416407 -0.4124259103637875
0.5189024792893077 0.08855010007814168
0.6141954203054738 -0.40760796041221664
1.210302139623149 0.1169890175889115
0.26893882546249537 -0.5130522581050991
-0.6666237579941271 -0.5743216831078893
-1.4555980226838863 -0.9777496993725112
-1.1551333230715326 -1.0788264728227064
-0.3479975408218341 -0.6029241466488402
0.42459262315411084 -1.1476214579778397
-0.014006595609463324 -0.3664895729101255
0.06845779265820431 0.3388255296958719
-0.32279438764270385 -0.46300255106499577
0.5241497310016826 -0.23424352375674534
0.6496350128701999 0.7013193520734564
1.3839452906836915 1.570245903707415
0.7212495042800675 1.9221505058195487
1.6174966298265705 2.303389661067869
2.1971992279188406 1.3542610387084126
1.250205444468363 0.574496420893218
0.28058553863914537 0.9781639236216343
-0.6429784206371159 1.0766572902395775
-1.3532342841343559 0.6128289288128541
-0.5702208805185854 1.2015111535497542
-0.9513292587407369 0.2767180251174669
-1.2036865377569674 -0.6503491311000662
-0.27531004137342174 -1.3861403924772384
0.6528374570497734 -0.733883431045536
1.3968239978229149 -1.6389769757328259
0.7929446856762434 -2.3042956747875536
1.6671429918762404 -1.3582461969617892
2.4256405309841313 -0.5939060807286498
1.9343345255360205 -1.0944022807970193
2.2503521284248658 -0.5415189579435097
1.2526989606576626 -0.7655896634701589
0.28485570010688566 -1.6693024133953922
-0.6321014870084604 -2.433495468435996
-1.3001363466141576 -1.9837485497758975
-0.37688663693760105 -2.019842736895936
0.2843369887351618 -1.8443222329732887
-0.6328264246152696 -2.561368688238707
-1.3033771899849862 -2.8353834082636147
-0.3865175303539976 -3.5508658404961704
0.23325311551283578 -3.7379399160537705
-0.6983804221064591 -4.554505728529757
-1.5589994828282858 -4.731941604180545
-1.8496537080351914 -5.515590826579042
-2.5481297568360635 -5.443306434130008
-2.749548062286891 -4.95814482104757
-3.5975346452894055 -5.05306643657512
-4.025597012565566 -4.599491176903407
-3.757756731482803 -5.007173617865525
-4.57453130669131 -4.817248151460035
-4.8585416524910645 -5.52201058818936
-5.435935604740808 -5.486796021658076
-4.911443595128463 -5.2476465573518
-5.256692462786813 -4.164081521802531
-4.173706501171177 -3.2446005965442044
-3.226665359945666 -2.220912793674162
-2.2130523748306206 -1.242516536757962
-1.2444435284887128 -0.278708537784348
-0.28023145069728916 0.64248481497232
0.6392641953062077 1.3476207161328517
1.3325249752443304 0.549147677266106
0.48742710016021173 0.8148749514600804
0.39983458769684543 1.6423970299599309
-0.15790426363248256 2.3173626973522423
0.6231460358991361 1.4034243244481313
1.2527407143527192 0.8332392341525903
0.28875950670127015 1.6118561044408257
-0.6194456253301613 2.163499513864359
-1.2333391203103283 1.306300779611052
-0.27520488269186516 0.39832838801488135
0.6480304048224532 -0.16597464583811605
1.371759219419923 0.6393627142920177
0.6629683088901215 1.3320150610113575
1.4347161657259822 0.48665122309178954
1.023028417769934 0.39470383595604835
0.8593260290015169 -0.1859510076777035
1.5500334849646042 0.6716128174827884
1.79066916610885 1.467718107054885
2.6336820363706295 1.2379558022897112
3.245389343952906 0.27838591650044753
2.2245239830756045 -0.6407654019467571
1.2452962711825146 -1.337845876131936
0.2836014310755668 -0.5104425482660526
-0.6295145495155516 -0.5560764555823542
-1.2834826158111197 -0.8589810154327822
-0.34099186316379204 -1.5502439537374424
0.44693478058904124 -1.7917840237496097
0.13108764834778036 -2.632220462143683
-0.5512095402929482 -3.237631720163714
-0.8273970617524595 -2.2204675627323702
-1.620416179062543 -1.2464373965913227
-2.2073210802569934 -0.2855445175061295
-1.2510724304681886 0.6242399167008164
-0.2900561724898222 1.256277224792958
0.6134860307559971 0.2959173310152974
1.1998843639626289 -0.5986131789653865
0.2861146688558063 -1.117535267705388
-0.6224190542875453 -0.4627918546070864
-1.246592113277472 -0.2351999634259878
-0.28656825202286174 0.6913115613256828
0.621066507876937 1.5323926960683636
1.2394007886672942 1.6739914467302504
0.2817576079213425 2.4447585729282184
-0.6313632158299404 2.0588931703177566
-1.2910757688428784 1.6645782503540765
-0.3607696356712805 2.408845182700113
0.35803347670455477 1.8379641634154753
-0.3706714859804968 2.569328139664944
0.3101073209933546 2.8831784387492827
-0.556503874448859 3.4164660029332903
-0.8608059928168601 2.853942774420439
-1.5431948334123118 3.5026584228784836
-1.7451190043086031 3.4152430060274126
-2.615553670919283 2.846832915613652
-3.1509136233762343 3.5198203366974536
-2.3095410388110347 3.5310431030878275
-1.383762912375666 3.6060922345225803
-0.7283051789698868 4.070176721079929
-1.619948528667292 3.557476902127772
-2.2029926789359475 3.7787179037613803
-1.2569373827511874 4.574283267103601
-0.2997176696330113 4.854679479231052
0.585620487303051 5.441308966147324
1.0403781025344463 4.949788572383386
0.7787395125675425 5.090434262835962
1.6617534113848134 4.445717284056655
2.39581699513407 4.007456629102747
1.7651112498241561 3.8469083619088957
2.6297394399468415 4.489256061210894
3.2225966609956247 4.295650687046887
2.221523545622111 3.287134500459021
1.2509709170274383 2.2956139227197387
0.2942835457109235 1.345844545593661
-0.5989138898546583 0.5483059661968532
-1.116964363049461 0.807175054557687
-0.46755338402399793 1.644580149091057
-0.26767659741876937 2.3216098054955374
0.6540305355251979 1.4256365423566026
1.3921717611327726 0.9697796156073677
0.7751520622198164 1.114915754572419
1.660236933672338 0.4747672830748898
2.388431078045635 0.31576887046965585
1.72581210765932 -0.5351200928382224
2.5836446582407966 -0.7205972302841172
2.969037259013509 -1.6026855278505683
3.0598154341502015 -2.108275791251368
2.633184266369715 -1.468803643540897
3.2381886345713675 -1.2469783201064129
2.2276795003476186 -0.29231551161114433
1.2533110865259585 0.6022333244184208
0.29871559830474737 1.1346860595158614
-0.5854010913831335 0.41407981533043814
-1.0375624004557116 -0.06985639455491666
-0.7926314930898615 0.3222360244462861
-1.6544925416846208 -0.5120048770999274
-2.3634782997341466 -0.5662003550814622
-1.6004289376075511 -0.9204007672337012
-2.0949411842306556 -1.3334711034763107
-1.5184388815456056 -0.500507150994973
-1.5801332409581477 -0.4888170993024223
-1.9765001111360316 -0.4101600408284238
-2.0537160722483123 0.09239070449363024
-1.690156299869199 -0.41317992120376607
-2.493581218317014 0.07455942000327859
-2.383859848465702 -0.3415233841907048
-1.7032482534986944 0.4376053601889345
-2.530785605387975 0.07467696491728898
-2.6331178329387543 -0.34187028530626346
-3.236413800939986 0.4359132993393858
-2.2291988708160733 0.06417734381662704
-1.2559458203213754 -0.29715653562494326
-0.3040071541449698 0.5875542633167664
0.5684842732676824 1.0492246545126804
0.9339121587430574 0.7399043266708899
1.2760745055509546 1.6321434138504458
0.33560446827971 2.2603591295157894
-0.4603542372096815 1.2809955273948086
-0.22128132057687316 0.3456435982824323
0.6855335141853927 -0.41930672822701265
1.5066369528419983 0.037260525231709196
1.500901041833373 -0.17609274183579937
1.462370510148785 0.6470633940791017
1.2055052647416553 1.3582719164315922
0.2912131118179436 0.6076418824631099
-0.6013739149728323 1.1624362793927454
-1.1277634915750085 0.34905195295455804
-0.43723569124936235 -0.4040563457283439
-0.07322499294666968 0.12608453474137604
0.3348275469837837 -0.5284014722210281
-0.4622071072958791 -0.6752821420320689
-0.23376111954407927 -1.470730919708433
0.6821600919061824 -1.260829576551037
1.4943267527206503 -0.3125012563604985
1.4183056886814291 0.5407019912773332
0.9284524601102719 0.7560730053770683
1.2984064351076543 1.6468829171852195
0.3892233659222504 2.327267245046037
-0.2076462141271248 1.4518902384501469
0.679393460209193 1.1378450004280714
1.4843073820957422 0.4092079978228944
1.35130394394431 -0.09569107767745533
0.5779601273028564 0.4234530958054198
0.9905938123644311 -0.01110639011320258
1.0157229202835438 0.05285106177512491
0.8962177087606471 -0.2461707630878823
1.4238864266703235 0.6731373945619958
0.9626750952691252 1.4615690487888555
1.146698734032157 1.2009925436366644
0.3867701358897333 0.29691218321824453
-0.21993450516901647 -0.5843837356154856
0.6821326776761446 -1.0285760435856521
1.4924865067087283 -0.8358884106642291
1.4061499675051883 -1.5937659534752269
0.8584156100698715 -2.054051393559331
1.5415764046369214 -1.6908154060579847
1.7322403984351065 -2.4908609689508965
2.5876124456206657 -2.3663087676614114
2.9892027607057456 -1.6191655551145112
2.964275355712208 -2.1923959838633436
3.0810887752103535 -1.2768639571350935
2.547487846613711 -0.34191216174046957
2.741371487803338 0.4310720068364855
3.5712374017264312 0.036390999185951844
3.8618221679469094 -0.17105664386432126
4.444737005323245 0.6346407306853841
4.006149979752662 1.2977615114010608
3.854909124414866 0.3905819593063289
4.462710463907503 -0.19832057811762172
4.1221578613411385 0.6699206521155436
3.370921141202119 1.4476936895654153
2.6136599661163404 1.1120987215503186
3.133831835125108 0.49080815552892976
2.3651927193671036 0.4240905162510199
1.6151891868207744 -0.005734537362861003
2.170664792191217 0.027192486011184375
1.3091550554958173 -0.12820473359885884
0.42411705060692173 0.5312454017110427
-0.005380583888202006 0.693208811326095
0.025500969842311243 1.5249185830825873
-0.12024931138573315 1.6225277449739153
0.5063993007608164 2.2081661128377705
0.5282794755016893 1.2667833833739692
0.673600506095376 0.32657277257798656
1.4599576854911462 -0.4882511622991841
1.1915942013721903 -0.40713454450167386
0.30930679246844495 0.10506350399997233
-0.5455169308652895 -0.45490933111377196
-0.785933742837988 -0.18790847555234874
-1.6481805436587678 0.6573012551787725
-2.3289114155289643 1.3965167321223144
-1.4631273422278113 0.8066242674462493
-1.212435002656119 1.6341753522897813
-0.2949715380253404 2.26464618273104
0.5850593607723122 1.2955698802304147
1.0303546191862847 0.3876943408184954
0.8286024264278407 -0.21190032143042847
1.6034615330373487 0.67554185519994
2.1061723650108104 1.4656583721297631
1.484201873007638 1.2291537638111791
1.3514848813111962 0.2945513584065671
0.5838743569983346 -0.5854419150340394
1.0230325998290328 -1.0322512130913521
0.862768863027593 -0.8200073012337417
1.5261734784497718 -1.6165387446238304
1.6305277941205918 -2.1758456872707996
2.246193860004924 -1.3034014439161812
1.275484186061743 -0.4101596218842397
0.3442111612821248 0.08640276491548932
-0.4175449582913864 -0.3841232401491006
0.04309599915349782 0.22975267441430403
-0.20042571608373616 -0.6753250220468031
0.6674431913018084 -1.4636542596916817
1.434651339241075 -1.2164543670513748
1.0318767250574377 -0.2959623652653349
0.8220152761112371 0.5804437083266272
1.6124931158913411 1.0020439279081064
2.1538624672623348 0.9615485036789143
1.3469042047273225 1.1503881151971531
0.5657657744889734 0.3838230941111883
0.912826547917462 -0.2306321521637873
1.3576912779719854 0.6740821536118754
0.6132490699147694 1.4583492331426862
1.1862883052558877 1.1823283706742365
0.3191816644488683 0.3243625489839409
-0.5102650583706357 -0.4924034963458026
-0.5538596887582823 -0.4350862802650378
-0.8380893811884095 -0.06392953124255568
-1.5830533581120432 0.29136633187067107
-1.9881037406963686 -0.5906132926708978
-1.9984018462094189 -1.0608689041642048
-1.9499878121765868 -0.6930728716079705
-2.1732087157218696 -1.5196009941052653
-1.3102987926930667 -1.586893454596088
-0.4332319480713238 -2.010372627146515
-0.052821409203593406 -1.8937322271925245
0.24300225859923114 -2.3985631372805507
-0.666264828250785 -1.7921731423930032
-1.4280379496161726 -2.612191692622356
-0.9924918699701045 -3.122202550959128
-1.0065452138831341 -2.4053801690842787
-0.9405065422152491 -1.8306227615201673
-1.2430994880078032 -2.5673178715480915
-0.3056816999236759 -2.864032881457365
0.5508825515922857 -3.4623145595124565
0.8186565303876367 -3.1511950368732182
1.6147413168262306 -2.3267948320794805
2.1638752999177626 -1.4608235735951596
1.328573050295285 -1.1990713879259047
0.49617843844379106 -0.3084787469848852
0.4602818759503865 0.5420332625418796
0.22436048525313046 0.7618714523580207
-0.672057176428305 1.6391514251141086
-1.4483559854471182 2.2836971151538457
-1.1193911972137764 1.3368443077748593
-0.4727734362477457 0.5280246336621874
-0.30578434312577885 0.6707543745658947
0.5493513418052487 1.4432506656373314
0.8085414929963206 1.087334917018818
1.6260451812836965 0.5862011721334048
2.2205888368389983 1.0338036963455832
1.2715003835457308 0.8142816730047714
0.342597016792762 1.6191251124667003
-0.41961465209110405 2.1855677720736555
0.028120688235934943 1.2952541111232763
-0.1309408950072574 0.39392660995745976
0.5327038242697969 -0.1739219261833297
0.701109948417024 0.6303231613379293
1.5389505812604531 1.2696300966500638
1.7129235935521734 0.3401349060774297
2.539414235157277 -0.4289774088189311
2.687237442480899 -0.028368022474451637
3.440894275214959 0.13195405366433174
3.015920631400571 -0.5350895565474599
2.8397465914727014 -0.7164756916880052
3.5185775917618383 -1.5754526772347006
3.5225899089172445 -1.9408921640635681
3.5489651877664565 -2.2116553955256224
3.7196622696351644 -1.2752597472432332
4.495911455827223 -0.3510961114372928
4.344185929314686 0.38249583232610307
3.4739722048858224 -0.23334957758531993
3.2282842625738195 0.6670859291478516
2.2457235360875196 1.4273752406288234
1.2833452840507116 0.9906459255839386
0.36791464535780394 1.0150874646539656
-0.30542282355453665 0.9010360104955701
0.5475783498601947 1.3984712666926593
0.7964195361892095 0.8236599519527905
1.6337134331259229 1.6036294595983884
2.255712046552455 2.1019866682237405
1.2940420333806566 1.5051870353133556
0.39353048878971886 1.4914288492523076
-0.17437657977284615 1.4005015328224584
0.6286725972483806 0.8352510911309309
1.2597389855834726 1.583093535376367
0.3281445319943047 1.98535306290589
-0.47243041718988377 2.0111059899714077
-0.3043165222736618 1.891128374818257
0.5496382034120053 2.4039861937696
0.8091641108249507 1.8265064813264642
1.621613515408491 2.569533854266864
2.1957591696063155 2.8756116627207615
1.2880543005736187 3.4250969161099043
0.3802945671146367 2.9208364107478078
-0.2429806891801468 3.26520886025902
0.6593915711220014 2.279828717828807
1.3954375959702718 1.3342719481431702
0.8083472186232262 0.5228099924711181
1.621768628274651 0.6358763912833012
2.196037771925246 1.2930339654277399
1.2885959053097102 0.39288973454813114
0.3823413345924279 -0.17664348898901772
-0.23198628588140013 0.6305570922752716
0.6644248138351775 1.2675364552688133
1.414569331330737 0.3414082540482368
0.9164099701686145 -0.4200015579941947
1.3391631023031052 0.02324194097400112
0.5427051233530721 -0.10767613399580381
0.7645327665470655 0.45578120861537963
1.6339672579875364 0.19733792735574168
2.2548043556870128 -0.6545866267894835
1.2962467362067582 -1.3746626040506418
0.4021881918607956 -0.7015632338886254
-0.12506881775838474 -1.53503006209327
0.5112402911509717 -1.6866097240939881
0.5597974843357326 -2.4629456060818993
0.8720034340637381 -2.186512082576588
1.491244194365756 -1.3003210986087819
1.3996433214602826 -0.4135681183760095
0.8327347285879141 0.060171181030931054
1.5848311071060006 -0.27149021049656125
1.9938940927099598 0.6218713925365498
1.9714516690169617 1.2235622043088674
2.0748037500719634 0.3074812456329351
1.6111452518922145 -0.5371029689801635
2.139731946593304 -0.7282179721594914
1.3915604478705255 -1.5924462267432185
0.7894306837467466 -2.037300866309555
1.6328129612001172 -1.7719825719814952
2.248068813682856 -2.6061060844824775
1.2913406635219948 -3.0841900760985954
0.3917896920824455 -2.5459841537370576
-0.18060478804685587 -2.7279913547392445
0.6336217260822056 -3.5345699663347943
1.279967633492702 -3.6264957518929206
0.36696610857093725 -4.160415302544917
-0.3054543414500632 -3.2875908981149795
0.5418288178569515 -2.3267717537164434
0.7582191871719451 -1.4703664753391026
1.6275294343045799 -1.263485273396277
2.221956625093716 -0.3388815155157453
1.2808531221764903 0.4270797320317089
0.3694609226491249 0.02053307226662393
-0.29306788356227265 -0.09476436468667228
0.57435110301988 0.4079556515625731
0.959521164751959 -0.09091119531467645
1.1565639024418806 0.3935797805452502
0.3817249688279333 -0.1701055693091097
-0.23206764485866704 0.6159337467526903
0.6599281243175681 1.1916459366874272
1.3932652000121877 0.32610239639914695
0.8000945786392479 -0.47409641475645226
1.6244219053679334 -0.31631315809894567
2.2058806846023113 0.5071326686939692
1.286765755448941 0.532655282700601
0.383460523625622 0.698987102459908
-0.2226657572086258 1.524219444413025
0.660840168799484 1.6159831071037263
1.3962411391245628 2.1630046772867284
0.8166332103952497 1.3413131344953497
1.6066350603640407 0.5558174439664587
2.113751407053815 0.8458156817150534
1.4706920931467207 1.5552339435799993
1.2661266915305738 1.8138001748081785
0.34521398265992354 2.5815329172730537
-0.3995976024524015 2.9444584777381255
0.13632732684681081 3.1652260258236757
-0.539513304189151 2.3094936547613267
-0.7427520286964687 1.4162919013760604
-1.6099517850946585 0.9298240194320562
-2.130883996248837 1.2829379537395713
-1.4192000883513016 0.37665308374878315
-0.9469272954208772 -0.2559579311170569
-1.2110474695993818 0.6394210982078178
-0.31460860845013916 1.3039969949659524
0.5106439278200051 0.42919647036591124
0.5555772802580043 0.034710627890901735
0.8438239814691646 -0.15848803539632497
1.5583158147893847 0.5914399710452499
1.8324659930695586 1.057399010186013
2.5521832073787936 0.7141164903137507
2.7660085219748782 1.5594537818311882
3.571247225823442 1.8394024474994657
3.8546177154387395 2.5388018179373533
4.4484330291772665 2.6813490831039655
4.040162090895723 3.411904494706374
3.7044320782952895 2.848959511888979
4.451090789000421 3.4898201464670495
4.056961554684537 3.33453492787401
3.6315809349803536 2.4753653356482004
4.181728048145075 2.268697029734974
3.2569790420265248 1.3237080894944193
2.2789289831414052 0.492815755148053
1.3423510646706747 0.43888483404080647
0.5628453923036434 0.09428955541226036
0.8880489655862089 -0.40347286630776724
1.436440438492897 0.11325252772154126
1.0512235526771867 -0.4688436618834724
0.7411846385265697 -0.28320290382582036
1.6052013956326343 0.5918556310597289
2.103959672270976 1.0586966485776483
1.5061103635153597 0.7093997045381781
1.49764207789801 1.5467219716435947
1.4422851715045382 1.759455438071613
1.0873875788863812 2.5940947093706663
0.5944779865652157 3.014630914022893
1.0731083040662923 2.8483481168855014
0.6502451315530093 3.4898321936318237
1.349050260234514 3.3349453989209774
0.591685187453583 2.4787591754372733
1.0572378683580386 2.2911177512931293
0.7159357227397659 1.3707902904822247
1.5606274364771675 0.6900103904701355
1.8456831641433138 1.4934111567656312
2.5234121731179586 1.4147253471228791
2.5820286998963553 0.9231825073762807
2.9453624582022493 1.3077964276448675
3.160175375417694 0.4440771120641763
2.323881607442458 0.12714350994854334
1.4676570006411134 -0.5101636005873549
1.2478742112244254 -0.5522363641463753
0.32862370504042937 -0.8217177418349262
-0.459033316786428 -1.5944533211762435
-0.221073141833507 -2.043964965909538
0.6545127928805111 -1.745373545418296
1.3655748555045035 -2.579728600014181
0.6663748919916451 -2.93158277695167
1.4120780499759837 -3.217392675782169
0.9087153781450436 -2.2618350360378656
1.3625456376110823 -1.31721518985403
0.6526841601612154 -0.474429307812711
1.3575663717923852 -0.3197897347257097
0.6303764373545265 0.48881624712560723
1.2578228651412637 0.41307331364407923
0.3405498788058017 -0.05718089847226393
-0.4128329126382937 0.2548499740220083
0.05845367025888343 -0.6347007433232608
-0.2601450928942946 -1.2778957316198043
0.6279829157909291 -0.3729047813901126
1.2459621651565422 0.26976621080663554
0.3288242606918418 -0.613439175113923
-0.4567226470512693 -1.1731878808758223
-0.20694443304929877 -0.3587735175598926
0.6489274670119209 0.33531743985034723
1.3407918536326129 -0.4324182109835253
0.5608502830261102 -0.056927551335791804
0.8741184880942217 0.2534180209634566
1.4765338349332213 -0.6352620538721987
1.3055694216598737 -1.2797486297309844
0.4405412985849436 -0.37760824257114123
0.10647127896982467 0.2459969229077137
-0.4431454898560415 -0.6420233344314729
-0.12254130527564017 -1.3101559831320748
0.494306188578662 -0.4543953920510966
0.44892694893389623 -0.19261443065347866
0.15844260829122314 0.6371602435712374
-0.5851409472856886 1.2879364895684713
-1.017789361714453 0.39589161504485415
-0.8910161695322082 -0.15111519924194383
-1.4230443753447843 0.5691932664929851
-0.9737818904798146 0.9241198869787239
-1.090877560392077 1.3022759474304229
-0.5844885129411521 0.43247279884566125
-1.0137730322011314 0.05796952645863607
-0.9092947801772129 -0.25720657900625205
-1.3586880602696212 0.629191887950743
-0.6379751908738767 1.2499944665290923
-1.2908981864450833 0.33507462059317206
-0.40381868302120505 -0.43139448626885923
0.10735442017717567 -0.05173476387402737
-0.44500633660252875 0.2306370775755272
-0.1346475133003845 -0.6488575197212118
0.5275143161014353 -1.3384514581462306
0.6640132016787814 -0.5539753060483932
1.3994561570719644 -0.8309773549492137
0.8411030459315402 -1.5755282968621196
1.556513370229422 -1.933131931970181
1.8185591887378 -2.237575611345393
2.5662826034077364 -1.2987629984132307
2.849997106547594 -0.42456020927222005
3.4811800151153798 -0.011599053986076358
3.2801677152452107 0.052701165523543037
2.3256539936622826 -0.23439129197031422
1.479585022738141 0.6463706296227532
1.325861781825827 1.3269317728504053
0.5084455304942668 0.5122122111756001
0.5408103680614341 0.5652105421721709
0.7483871657977373 0.8991986534756886
1.6053952331662489 1.393695534210467
2.1003118565159697 0.8110270361126974
1.5242887606296547 1.6024068931898159
1.6151293855798334 2.0842123406353563
2.150913006274142 1.5829994473278992
1.3779680891724873 1.9759418061348835
0.7307338263956428 2.0528831683372855
1.5812307759603024 1.7093762866757258
1.9656194497400392 2.510455572229451
2.0987478852275587 2.4979447274870514
1.530238713053932 2.4168832596696177
1.6531400864480852 1.91197333697865
2.3264268338467398 2.319239285798023
1.4838894465613368 1.4594099206333633
1.3538895344686568 1.1975157943900743
0.619739336596649 0.334745600870332
1.201405238977602 -0.42974407516761004
0.33201975059447875 -0.04332548947073561
-0.43974226998890853 0.19349965394356922
-0.10359954602290372 -0.6334835116315365
0.43016415288072024 -1.2674618715121921
0.045987292140119485 -0.36134656338647786
-0.20488989337493224 0.31890984341392226
0.6417323305539352 -0.48501540874549665
1.3046675332143791 -0.38916255729962945
0.4437797332744946 0.18340250609317443
0.12851092089403443 -0.6217476900317511
-0.5076404333266546 -1.2107074420634802
-0.535503625724989 -0.32811501908047835
-0.7142281099116858 0.4530054344542799
-1.5475329898118866 0.18569405163634717
-1.7619202646294767 -0.6241369966460899
-2.5854261083837873 -1.2221311844843905
-2.960818086263997 -0.3265309628264387
-3.091575312011653 0.45820410968360115
-2.5294843958128315 0.2183549835297788
-2.6201719546478186 -0.6451611138302824
-3.1466083318102656 -1.3187954178619736
-2.3626585526664488 -0.4880305589631828
-1.6325688591658039 -0.4087491930331863
-2.2340523205249667 0.07688948981608934
-1.302055969586656 -0.33135437073061286
-0.4380453213411054 0.4402541188742342
-0.09414936362776838 0.10755085489140281
0.395827431882551 -0.44208442776846935
-0.14717495600745045 -0.1187700462614627
0.554577732214426 0.47772284085632477
0.8329178591536461 0.34254764394118586
1.5674355634043242 -0.39697696860425447
1.882984896397887 0.14081275900657897
2.416471902319975 -0.5388999280620347
1.911720177123728 -0.7352500906752628
2.318479643553745 -1.5842815775486587
1.4605014828765481 -1.981310233690242
1.2054655900585676 -2.028536565138271
0.33297878638396083 -1.8164884045574083
-0.4331557403994917 -2.5638074348393127
-0.06524840413610106 -2.833186797571663
0.2843934488504479 -3.510643923616772
-0.5757916527252104 -3.471448122776771
-0.9597651445111772 -3.219354389204132
-1.1513169223558477 -2.2736772077381007
-0.4094168023909589 -1.347870237769801
0.07200423039802872 -0.5980107620709086
-0.31123703295448474 -1.0851758319577542
0.5056841253461482 -0.6103206546913699
0.5227833867695567 -1.1505347869830573
0.6326577141032542 -0.41153859709909213
1.260470017209202 0.05986073626996341
0.3557038474267479 -0.2619770270447826
-0.3404850776885585 0.6144123450905448
0.4033635169828439 1.1712823562157246
-0.1050134083267189 0.3718154979991356
0.4319938849552827 -0.26681498465976994
0.058967895412110394 0.6069540494808324
-0.25809513497632997 1.1324607687623311
0.6189820069289188 0.45695243872559954
1.1939600754651662 0.21157300012106317
0.34342514283541625 -0.6398989923458269
-0.39110502806066194 -1.2927558635876095
0.1700604415754018 -0.4174693036770498
-0.597722367316368 0.025590790636016048
-1.0827013728486818 -0.11448643318064528
-0.6204911220945283 0.4621937470316014
-1.2010372669559732 0.24458714352253233
-0.3383864587302271 -0.6319236869296051
0.41036638372069967 -1.2558854257448033
-0.06550746425116061 -0.3516392223165
0.2843572290922891 0.3566147583877146
-0.5732064509083173 -0.335155181618375
-0.9434547418611015 0.42235724267214914
-1.2198682017362978 0.003016668527025257
-0.33202855536173637 -0.013548713722067143
0.433728188764232 0.06075850756023178
0.07006641581645517 -0.26483134296716976
-0.3023488994305569 0.6080680392431663
0.528671786168774 1.137155418448255
0.6697798308054077 0.4460006177885266
1.4122474010802488 0.1444208221774405
0.9179647409681782 -0.5442643127004247
1.3208721409552475 -0.7677658640359757
0.5002625611696544 -1.6099327727429262
0.48786237474113303 -2.1188732195421185
0.4081933767281706 -1.4701687864668207
-0.0767722899593174 -1.2676807477610992
0.32820996372216493 -0.36954113250609644
-0.44646902580269987 0.2753920845012898
-0.14756599580268892 -0.5894635284687776
0.5510001738687184 -1.0358954860362921
0.8092133561075777 -0.8131390002423614
1.595474585118192 -1.5912636033511918
2.041376069856737 -2.01815794620146
1.7619065688686595 -1.8636134216776623
2.5785511185241257 -2.4680125756093574
2.91839022642175 -2.226639925670292
3.2634159883388674 -1.3069195712167851
2.3089148715052454 -0.45824946770532504
1.4365374084218578 -0.22066105864064153
1.060140570087483 0.6380288940762436
0.7109254314831992 1.2817117343140907
1.5324158460118087 0.39637568267524337
1.665496745722176 -0.14002874004763555
2.3671199400358565 0.531922105541673
1.6592650863830722 0.6899476066781802
2.3431637369821727 1.476700258710172
1.5561430235888376 1.3095374644760687
1.812610676750075 0.46676276409507855
2.5629220063961315 0.27424628540612883
2.8259207415142313 -0.5896881925081151
3.5176000095290787 -1.0361891897300295
3.516205543203581 -0.8123453206150996
3.507303594206072 -1.5904798895233911
3.450345784173614 -2.012891161428222
3.0894313951887424 -1.887342634597825
2.5429373999162195 -2.3983158889881198
2.703608945924059 -1.8159414026229763
3.458290076892963 -2.558352299749479
3.1387394836077527 -2.798164607410948
2.389760457849464 -3.54726358915702
1.771277307378883 -3.702788319352442
2.580111388671157 -4.4283461860195965
2.9264212543559966 -3.9298569613102554
3.231708946609295 -4.1907062661315955
2.2833455811181387 -3.2695726306129567
1.3744005386834588 -2.3210899402948777
0.7226833677599102 -1.4771400357805955
1.5548986356055825 -1.3126875724295992
1.8044977963325126 -0.4780415535921929
2.5692771852741565 -0.3459693097937815
2.8631237078916834 0.37563303469149123
3.439478370374505 -0.24353550610640817
3.024014294036193 0.6268284168155334
2.810905217889108 1.2277082758500202
3.5352726495639217 0.33819857261954067
3.6279777087083183 -0.4058919945560806
4.1504791479249565 0.08691234392490615
3.335875858596709 -0.364160572113014
2.503028662313012 0.2968396253313086
2.450645527882647 -0.5379455848180986
2.1197173433000946 -0.7271276302306362
1.4714026002164249 -1.5618232214629495
1.2766374189563754 -1.8459460611585892
0.39020545840025866 -2.5064262461212587
-0.169961132948506 -2.472397765429781
0.5910663297261897 -2.2555006240294606
1.0421969537587183 -1.3308987628931728
0.7874128324598594 -0.540390784248242
1.60502210308136 -0.7422109291478916
2.0899009104777955 -1.5836770748210827
1.5706479654505783 -1.973195116237775
1.898015727125581 -2.0636211484064284
2.361597956543035 -1.6712406003638351
1.6377179329941298 -2.3844177677138223
2.2493354508804257 -1.746249306730841
1.325238324372269 -2.560436501589057
0.5211601954429919 -2.809781832784152
0.6211505517425566 -3.53474433327989
1.198780289078717 -3.6244550794576895
0.3481308885269061 -4.1324486512148955
-0.3646336199423936 -3.3817521179757364
0.29315351965672043 -2.705963716144924
-0.545154674703507 -3.4607121041185422
-0.7714027940333151 -3.1552425370448396
-1.604044512687317 -2.355380612303345
-2.083974865802375 -1.6113460789693141
-1.5931293122457353 -2.1218362290241175
-2.025175631189182 -1.4668476767982868
-1.8339936664709406 -1.2485347496313028
-2.5276992372395997 -0.35320672213562176
-2.6075215313939517 0.3427432683605668
-3.0744655413042743 -0.3855290752730085
-2.6019635552934783 0.1921959565225212
-3.0451846481329534 -0.6177115014398934
-2.7206670603690646 -1.1808997318967753
-3.4921803626137913 -0.36777861454456984
-3.354261004239208 0.27775755528916424
-2.580064351950162 -0.5772429972603649
-2.9241926275468977 -0.9627940861494613
-3.2385575217002835 -1.1357102389401583
-2.2919199893810345 -0.45684660160739776
-1.3987353005138532 -0.2139780658117906
-0.8494291932896113 0.6299586516369144
-1.5236816408928984 1.2394215465584155
-1.609448404598555 0.3475580352872758
-2.1111310576443585 -0.3651800022981184
-1.5006963865182819 0.2890148724185527
-1.463396505757193 -0.552775018572343
-1.227426151214268 -0.817461587474608
-0.34307171944822323 -1.5784512040687293
0.38283962426270246 -1.9419092592590301
-0.20454922677032938 -2.1954965216452322
0.6253969823621102 -1.3261951990268126
1.21725730641637 -0.5274514148808448
0.34311325577809293 -0.6604543762239066
-0.3823108098069613 -1.3688930620424578
0.2068800135165334 -0.7013582090530567
-0.6261673787956314 -1.5011102883113638
-1.2206339382532492 -1.4660732415521094
-0.34330484850128407 -1.2443765671218487
0.38118919551772446 -0.3524509151963464
-0.21213031274830652 0.34376489683310085
0.6277688680765111 -0.37922082019471237
1.227923822026279 0.22167243355052701
0.34451163078124136 -0.628939804200405
-0.3760322862681036 -1.2333111155670564
0.23694574880049935 -0.3464010928213638
-0.6244961398103909 0.3683014693938179
-1.212056765298756 -0.2732726410956441
-0.345541250984696 0.5827186784863803
0.37155068123095725 0.9927390393891569
-0.2579415299588941 1.0047495887218176
0.6054575484297331 0.9517432422311104
1.1163500227914753 1.181756313082999
0.5135410896333695 0.3698615638942998
0.5723703488522192 -0.26558938274579136
0.9331924131039375 0.5946313088086181
1.257001152384943 1.0584711001686782
0.36663186915144297 0.721817758250134
-0.28023878998348994 1.5455594034665292
0.5687270807349738 1.7453238535415445
0.9117538263194047 2.5540172692844236
1.33786988476543 2.769551505029933
0.5721654364448855 3.544075269535178
0.9317138323163113 3.6816089432616677
1.2625536464567968 4.359719431490714
0.37457818613845517 3.580201629383788
-0.24261578016063623 3.8960341450604323
0.619130448113837 4.310147416470384
1.1847959672831532 3.3971419229048965
0.36746119953471634 2.789161641162572
-0.27566567014028864 3.5432054717763384
0.5764553493906915 3.676151239452803
0.9561579573482246 4.341190706637846
1.1628245843854976 3.5040577069313175
0.4008519105868049 3.430449680708434
-0.10912705709657022 2.975035226723754
0.43540263376572375 3.027650480405811
0.08589451294663009 2.7974010128508833
-0.3558640338900244 3.538730179746131
0.32657515211269705 3.64844198563512
-0.44019791582440204 4.235868972526988
-0.11451220722620054 3.2691104753808444
0.4519105205736656 2.3315397930505015
0.18527782131705817 1.5231540287103515
-0.6046739804216457 1.605610809419887
-1.1105856128057485 2.088268322917534
-0.5333222921462253 1.5815180037684473
-0.6963906737841111 1.9572184912786441
-1.4837166140874027 2.1308728732590154
-1.356134680561289 1.447065112811636
-0.6481447375704258 1.1288597130688167
-1.3155387679354693 0.47982796420428286
-0.4972359121778005 0.3588441968294583
-0.46889348280625154 -0.31274203837476117
-0.2903456075326908 0.4840300835765477
0.543935984962857 0.3853616806036175
0.7618156328056831 -0.18814149669156904
1.592273002442504 0.6068160848441386
2.0165481368091114 1.1210598056289864
1.8732077451506974 0.5023310117984909
2.432427467719247 0.5011842102540771
2.0149249294301605 0.49392150511263666
1.8803292072721303 0.44793607367709665
2.4119046965423556 0.1616851529669388
1.8980607280848418 -0.5676414532185112
2.3561849864928113 -0.9038740412258841
1.6223391883314162 -1.363630620507211
2.1710652692816774 -0.6822027291391122
1.3622961122521886 -1.4400724188199812
0.6763811810799413 -1.0875328719261979
1.4208587607036787 -0.6124934094874872
0.9757369691117053 -1.1493886939134192
1.0786878886959843 -0.4306624321193746
0.6450705051378021 -0.05936361625592956
1.301073245329146 0.252743998564141
0.45729612172401923 -0.6059692331207752
0.219049448188454 -1.115763194244515
-0.6226508563664204 -0.5191358723378027
-1.1990812794264252 -0.6072222275135382
-0.35814197237231526 -1.1220875632711187
0.31399992906975727 -0.5006439337584325
-0.47807043375697467 -0.490519787800818
-0.3481733419216627 -0.4265420573406039
0.35568554972701527 -0.03586308191663201
-0.32430102756866686 0.15530064536859944
0.44455042901104314 -0.5537746462913489
0.14196019410827787 -0.8208858720213132
-0.5242049570332401 -1.5666084196800414
-0.6389161160476545 -1.8699820511880572
-1.2734640862717952 -2.43961785714294
-0.3974828027694558 -2.058483234253509
0.12409558505514573 -1.6971557116065843
-0.4772718751390638 -2.4553090464054863
-0.34331188020099485 -2.153151998516581
0.3743525964305942 -1.3971250627038532
-0.2394779015391983 -0.8471686917577783
0.6153685168227334 -1.5208670785648546
1.1623982836921747 -1.5908553729804724
0.4064386031732673 -2.0071431105420476
-0.07593898343062339 -1.914703772796003
0.31641746982527114 -2.296894821916902
-0.4690170630997243 -1.4215819388435658
-0.29195765645526406 -0.9811967989795518
0.5362217165089158 -1.0548067487138586
0.7134044367432055 -0.7394771198172214
1.5212275678749303 -1.5670965764216127
1.5930512943689148 -1.8722988677973118
2.0187276326304264 -2.432336581638199
1.864461727657375 -2.0163259389942767
2.4529099904449856 -1.8748760734623746
2.139052463206373 -2.425044115310307
1.4303381795956172 -1.9742960380707386
1.0318835508227884 -2.057451131293018
0.8350978661989279 -1.7020754479505054
1.5428007297783024 -2.466625308043671
1.7266039020888642 -2.2233371538381914
2.519369828076269 -1.3266098525834842
2.554335280143204 -0.5387230658609032
2.769400124114789 -0.7285606062251446
3.536629909169753 -1.5495071713304829
3.6346432413408194 -1.767286488757592
4.171457573978901 -2.5627154095126596
3.3119844991459004 -2.819133190270116
2.4381169202430897 -3.512262964884852
2.050879906564644 -3.482735613146623
1.7290935087418577 -3.296962908822636
2.5228558347989907 -2.3969135091866622
2.576095578013904 -1.8208069963565752
2.8965684655703607 -2.5367374430611482
3.33122955989245 -2.6621949821493476
2.50197619696482 -3.312057085501639
2.4450168048091414 -2.439018003950231
2.0921760650375507 -2.056503366807612
1.5721007819552617 -1.7065732999220742
1.9004584418166053 -2.4762825454196844
2.345087035324806 -2.28377065288973
1.5816793232081081 -1.3943044864521534
1.954807384662146 -0.8347848357405978
2.139334874986355 -1.541683373200393
1.431588911460695 -1.7193498256793789
1.0402273929638932 -2.5039330072133437
0.8005164668357126 -2.4573821230985113
1.5830697093158776 -2.167229458783291
1.9623669866880225 -1.3744227273530858
2.107744819688855 -0.7368562550225787
1.5209098509464045 -1.5602777378069748
1.5907873612957313 -1.831088703981712
2.004780197272162 -2.5203186763163092
1.9253967413309825 -2.5601567607142184
2.2556738869398045 -2.8033710326994568
1.349747342748603 -3.5265327927810532
0.6284754382105157 -3.571932989049836
1.2223843390958646 -3.845086547621865
0.356689735785348 -4.440636190494769
-0.31537524517691806 -4.013065829409325
0.46812075415014454 -3.835764452673717
0.2873503779553329 -4.458026708718652
-0.5423767895859744 -4.117778312243925
-0.7501500781675148 -3.43716850506759
-1.5749720233299827 -3.019725901924378
-1.9160658538395552 -2.8340593602131356
-2.2897155973094367 -3.487559997065211
-1.409559190209742 -3.3278208079030263
-0.9170899844040807 -2.492653841234753
-1.312782282421774 -2.3866710201414656
-0.4978446638800781 -1.7707131393690756
-0.47302799078721913 -2.5604019472151505
-0.3179078306728157 -2.804392871836057
0.45920481677703817 -3.524462525506133
0.23284413026557804 -3.5589987097487743
-0.6126098239189699 -3.7691631356808033
-1.144738274344066 -4.5058058905029315
-0.4480003002702204 -4.41554481082089
-0.16513950797149546 -3.8698740447318074
0.5659400321260633 -4.381475409365243
0.8903777795311927 -3.6919911167619723
1.402658994701897 -4.381039585480771
0.8806560234926982 -3.690004335159493
1.4318495258506783 -4.375158150282161
1.0432177753248524 -3.6619535703346218
0.789030551580385 -4.281154724943545
1.5858223407070682 -3.33915510350403
1.9761881991807368 -2.535286809242243
2.0488176350879863 -2.6526379493750554
1.7393198764640778 -3.2715438626438784
2.533629232939357 -2.3486091939638776
2.6424182096433277 -1.5994692539932625
3.2289417213820446 -2.049619967445658
2.3070743760258097 -1.7361740576294706
1.4562530934753797 -2.52897978680953
1.1885384841303632 -2.6137156047546175
0.37632226338226604 -3.0955919732887307
-0.22439560434738393 -2.5365637685093247
0.6129645744836326 -2.6603532829901066
1.1453255288787871 -3.301080558114269
0.4482168090113061 -2.413541069266258
0.16706393194475666 -1.913630042593403
-0.56756375383648 -2.2971288540554915
-0.8990810903239134 -1.430401083352434
-1.3736731285774417 -1.0356044265970699
-0.7367935446345705 -0.8211414348534264
-1.5557305839478772 -1.5580305029024513
-1.8027352248227457 -1.8163652679705637
-2.550092623599684 -2.537028698947405
-2.742250310772339 -2.663066784744391
-3.509067599154402 -3.310596496510783
-3.4630100616520987 -2.4410261014241676
-3.1765715916175186 -2.0710984716091723
-2.338462758298468 -1.6523303796260573
-1.5615359033557232 -2.2955857549267114
-1.8368058164524241 -1.4275599628561964
-2.506423421135278 -1.0197567500884268
-2.4732726503128393 -0.8883783386728785
-2.2665937163536443 -1.4069966381930938
-1.3699995576068904 -0.9056707047264534
-0.7206963558498268 -1.3509039203433204
-1.527569487006041 -0.6377228160205903
-1.6315409613293181 -1.2603788499592745
-2.2059214401848948 -0.3882632590646874
-1.3388329350531734 0.16465933809613942
-0.5904896536243814 -0.5618775738344235
-1.0269503130265503 -0.8652531568299373
-0.857956069253087 -1.4712336853657306
-1.4889122035084035 -1.2809436092764706
-1.3906629231479026 -0.42281695391631513
-0.820995474894531 -0.020107773874447843
-1.5564508469429368 0.08621689209271964
-1.8064085682334414 -0.3489229457918992
-2.5453599941060228 0.34280160111747404
-2.713339822079988 -0.3669809490478736
-3.457918071537122 0.2653788944096652
-3.146253138719081 -0.5769408533856455
-2.395201842975711 -0.9515478416473959
-1.8178576329167397 -1.1776244371031577
-2.533117752199515 -0.39253042370923996
-2.6387717823086003 0.14229386332687155
-3.2104398872791764 -0.5154064942358751
-2.3118469648234723 -0.5827049146347533
-1.4740769492744614 -0.9835716185795881
-1.2987615719705996 -1.0437185213006346
-0.4647212879549917 -0.7884417428730635
-0.26800888415646595 -1.581408593238026
0.5720438165938663 -1.949533621509954
0.9233716869190582 -2.1588670608270193
1.2868485911773158 -1.3968555243784277
0.436860879327175 -0.8537196063811289
0.10143615635589415 -1.4971627394027442
-0.3998482339637475 -1.442297677438127
0.10389631329102994 -1.1067046730911523
-0.4077046604246573 -0.5567014693749358
0.06213825636960635 -0.8340015590670992
-0.25827194302211903 -1.5353346755278219
0.5849433118128622 -1.678811664785747
0.99535687324481 -2.3890655769441915
0.9932521444641857 -1.7878973174539978
1.0022682891371661 -2.5538491428883825
0.9636301971160274 -2.7636653134298106
1.1275781182676272 -3.5240069536196
0.4961926935726385 -3.555892748801826
0.46295593750454034 -3.749068718235556
0.25760379754260454 -4.486013165780532
-0.5850450291946478 -4.293091282779111
-0.9955639470737753 -3.372575035937603
-0.9923674860756768 -2.68226813220802
-1.0060443821853862 -3.3727376513701812
-0.9475012258280172 -2.683153281460613
-1.193177456763563 -3.3753761935957503
-0.3778865097256521 -2.6955978533694025
0.21262316261225445 -3.411658783251811
-0.6061898499692544 -2.8802350934576335
-1.1073883942554592 -3.374985674903989
-0.5557104471436678 -2.694024457084428
-0.827572406509691 -3.4070464063743957
-1.5440175099311242 -2.855550464214181
-1.7311409120297547 -3.4381517656262037
-2.5148628249949017 -3.0300840523789736
-2.5258917630607574 -2.7924952974693533
-2.594036369161632 -3.524096694947031
-2.990424354798894 -3.556385124014019
-2.9611392884456667 -3.7516056934633144
-3.084330952975396 -4.487053185817565
-2.580236801963565 -4.29990830642269
-2.915038617094156 -3.391262055929107
-3.2624325006613963 -2.774000654044583
-2.3433618195427783 -3.5257169990511565
-1.5858214032902915 -3.5663361957451367
-1.9723120675754737 -3.8095162064480674
-2.0643865149282297 -4.485295600477949
-1.6810403778073923 -4.289139847592961
-2.393786973862647 -3.365795284989257
-1.813761781428912 -2.653239768901727
-2.533883310297996 -3.2676274915717327
-2.6428691695767514 -2.35168364434246
-3.2249362315519106 -1.619579727650804
-2.3155103258904877 -2.1459669214302903
-1.4896558475284207 -1.426877672313764
-1.395946835740338 -1.0191805791182436
-0.8517281791924562 -0.8918753078125281
-1.4983249418863243 -1.3920857728776728
-1.449787253698186 -0.8321682049769937
-1.152644633694091 -1.5350790819989424
-0.4396407481759378 -1.6765901326937542
-0.11939965580657902 -2.3784982990935575
0.4519821059493347 -1.7391838414362608
0.1923687376506657 -2.5244604086753566
-0.5919535038736874 -2.585062100358542
-1.0312931771521299 -2.940905011238379
-0.8411941557485119 -3.1651911782276865
-1.5188612079100747 -2.363740701614865
-1.5770707171295737 -1.6719339465575178
-1.9229951345269543 -2.362272971387051
-2.2594120368753017 -1.6656295163287145
-1.3682763265267712 -2.3398949066449175
-0.7189176449812998 -1.5745767940584292
-1.5165859302961786 -1.9088437042384259
-1.5629956248825883 -2.3094160840976503
-1.8425178183498934 -1.4731710238245752
-2.489304023706188 -1.2945015622219977
-2.3674724722272287 -0.4602982843198862
-1.6891782752039703 -0.24266842911853795
-2.4164916398025262 0.5949517939963658
-1.9357042359408347 1.0466388756047078
-2.211458465359122 0.7786111216297613
-1.3453342871525336 1.576430169469297
-0.6227647066836922 1.9189492401966681
-1.1860499663734863 2.2736179118889974
-0.38928231293564963 1.3909676726845475
0.15394044152899788 0.8280210347315593
-0.5346824062459473 1.5396350596542643
-0.7002713924554613 1.7037976500601884
-1.4727845323537434 2.4552236746268807
-1.2923712720453184 2.159483124687353
-0.45632494869021833 1.4020507844359775
-0.21904758854683695 0.8851819761936762
0.6020607577978077 1.4105917699250652
1.0831916110585418 0.9306761147898314
0.6397747318493163 1.2566142060899448
1.262207063597344 0.3933568801572048
0.4006078715745157 -0.13291470869497246
-0.09562171872173192 0.48638352163040754
0.3764024554536187 0.4025578652240609
-0.21555510257302135 -0.08533962095417136
0.6011267906225907 0.3411254417916811
1.078008012197732 -0.365752975028292
0.6587054560446959 0.2640498444604304
1.3385538382194915 -0.5698164429456489
0.5983463455848901 -0.9073102505908952
1.063377760523513 -1.3398372656916566
0.7134793126976653 -0.6032919644371889
1.5026928840079397 -1.0888875073799307
1.4770432661080763 -0.6204435814071951
1.3187804072111113 -1.173679566435811
0.5306481084787917 -0.406678684949189
0.6753863882954523 0.0630448415689624
1.397487257943979 -0.258646881747818
0.8625873292079204 0.5763012079421681
1.4701014924344402 0.943596159752145
1.2764447953200204 1.2064391037047324
0.4250655744172158 0.376350480969181
0.037779668961973045 -0.21480082657476007
-0.15814918388827243 0.5996318868470925
0.5406563754474507 1.0694612821024578
0.7358163037903999 0.6909014753388935
1.5418405672538407 1.444919051168553
1.7165157622545788 1.1257167579949163
2.4815424433857607 0.5075081268057111
2.3202332920337856 0.5331938005027806
1.5099975675217472 0.6906602458755713
1.5221828451134365 1.4438754413483923
1.5971199614762766 1.119746810425106
2.0296062131342927 0.5242603046712269
1.8229489858404004 0.6361823959456481
2.51746179698771 1.2445774524136552
2.5417723946263644 0.3843084968520626
2.6895918731173145 -0.17599335431047702
3.3876025804219054 0.5685457683935431
2.761195401635517 0.8991334119923462
3.514046373621718 1.3655594586307673
3.494421433008143 0.7107509755125467
3.3733810109827402 1.4944811331167018
2.693547851175146 1.4264350825550243
3.3984450121651233 1.0199314974171516
2.8161923445859705 0.8897450813838589
3.4987060194364945 1.3946012228477316
3.3998695679335644 0.8493132819030965
2.8237076792425735 1.4981224582914723
3.4892194099212928 1.448932877574516
3.341416510585582 1.150013150888695
2.5593648409966194 0.4508181363984738
2.7932790247820694 0.1875306880265763
3.5160435088247555 -0.5811793281603976
3.506715398689162 -0.9694437254684417
3.4493237541718407 -1.1016441932035648
3.099876605534797 -0.5800336531826313
2.53315386993728 -0.9630182786548045
2.6374071873329457 -1.127958360745168
3.1959659163137797 -0.5033420062230101
2.3329796490947725 -0.5074518828876989
1.555364311486744 -0.5327709790950167
1.7960304770947157 -0.687632490992501
2.540385873544533 -1.4328236628616207
2.6809149569805095 -1.0568658866474383
3.3595915606703066 -0.7402973494197782
2.6337826854077515 -1.5449485124184206
3.179641640507113 -1.7344180983719348
2.349963023467306 -2.510378775755623
1.6203368043041189 -2.49821034067024
2.144020753775469 -2.4232988469451295
1.4387428240963147 -1.9771446446324
1.091131938132442 -2.043305119534651
0.6154177713794067 -1.7678938109172777
1.1464795986932255 -2.5412857178902186
0.4598620183967145 -2.686159354757547
0.24195683433872306 -3.3750294329805604
-0.5881415272783239 -2.7033077316535197
-1.006449117015866 -3.4218258961536856
-0.9466241808936707 -2.94304542298216
-1.193159658669302 -3.154619316917237
-0.3893769336080516 -2.3910158924633382
0.14882722726100328 -1.8068328009022945
-0.5183953243010445 -2.5317618616240365
-0.5998516590816048 -2.628740853371116
-1.0679388720266874 -3.1561017302505476
-0.6987204577840516 -2.3885124077907234
-1.4620254767926766 -1.7946900870432563
-1.228942728801062 -2.5393095540054116
-0.3800304707117632 -2.674143830972167
0.19375506229001482 -3.336016223312371
-0.5841520616298564 -2.542216722419327
-0.9843285538207822 -2.691491548044325
-1.0394881198127859 -3.3894855139266435
-0.810009583502965 -2.7736680209895175
-1.5543638802352984 -3.5153078431602918
-1.7894287853586948 -3.502247898004691
-2.540675863986394 -3.4220966789414233
-2.6822073451782713 -2.945384746696052
-3.3615044988490377 -3.1451632937034235
-2.6442570741366613 -2.411912718195107
-3.2229015954799536 -1.9161424767799364
-2.3274856628750404 -2.2797445986516633
-1.5393115624678648 -1.411543652254084
-1.7001580707448591 -0.9404870565087338
-2.4382931473672387 -1.2163612789401728
-2.0634478232207325 -0.38022507934497574
-1.6901402697606773 0.1919326125719576
-2.410846580828388 -0.5813980780740539
-1.9107929435430868 -0.9686714447760145
-2.297919466092689 -1.1041359057313762
-1.452552450452126 -0.574832721214771
-1.1730571812597168 -0.9322623670674505
-0.4145090617360092 -1.247276554040106
0.016942160414001983 -0.3927756226670589
-0.0708289748515656 0.13028253307899473
0.2848128951412498 -0.47321570520449696
-0.5248165731384209 -0.3231949177145231
-0.6386943214154753 0.4215680999924673
-1.2507336049326845 0.02184272067213927
-0.3965020095783026 -0.09112363003266093
0.11119503258208441 0.3563038479399979
-0.42001835911210694 -0.2978853013645968
-0.013453181551606963 0.4943148470122154
0.056233599687147515 0.4520642866330111
-0.229373010413005 0.1966473468031018
0.5908164222226764 -0.5838686897559124
1.01884318917846 -0.9815022497326884
0.8952524697467696 -1.0510523623025068
1.3739389110473317 -0.7647753311309882
0.7538078818243495 -1.5620396819752487
1.5545848367474755 -1.8331088079152247
1.789939953284925 -2.4964890246620044
2.538039874768129 -2.41318310520945
2.665996860915214 -1.9244666000503696
3.305133816545153 -2.249113660827698
2.447233607815579 -1.3700697401783857
2.116344892299291 -0.7366053808937361
1.5135206468679958 -1.5346496331514494
1.543596869999305 -1.671725617191044
1.725134658484205 -2.350926408984398
2.49007462882385 -1.6290285062551502
2.3739930350693403 -2.1807428967484386
1.728699473820979 -1.38043546625404
2.495989980773098 -0.7849111404782843
2.410219201982135 -1.564444834708039
1.9091433918440905 -1.8464994347066352
2.302171459589769 -2.4717573795123204
1.4663287177381763 -2.2626376137882938
1.256031259629616 -1.3868551434824359
0.4045862895847637 -0.8160899451546001
-0.06818376947604327 -1.5443912007674654
0.2738812954635106 -1.7296421596563027
-0.5431091818790869 -2.49691015563828
-0.748079314678203 -2.4159197612736354
-1.5474236001841024 -1.9401696083831868
-1.7474843615948183 -2.1902203114918213
-2.5205938051994723 -1.3714643952610857
-2.5605461250466757 -0.7441148991379898
-2.7977844333446455 -1.5427707272831395
-3.506803215226643 -1.7199051437554642
-3.4504180430718807 -2.478964575888643
-3.1096867664148484 -2.306537553538036
-2.5083211351540893 -1.4792432128523756
-2.485751913867102 -1.3343056633401333
-2.3478697276750897 -0.5935243031959748
-1.618510951571023 -1.0316059236149826
-2.130729720232843 -0.8433657464415774
-1.4764461078553202 -1.5025901185497474
-1.3174129719355905 -1.4767822077294834
-0.5376042005716938 -1.3194631738741645
-0.7150222993144212 -0.5440632387325033
-1.4943822543972152 -0.7533911021190456
-1.4266410408201808 -1.551160590209097
-1.0259165647365829 -1.7690772481952226
-0.8667043977252735 -2.53459473139302
-1.451426478258408 -2.644918059317373
-1.1680967833040405 -3.2216193596716827
-0.42636266815194357 -2.3335876249114427
-0.05055772145723103 -1.565903252873123
0.2059580818216858 -1.8539148389925217
-0.5852835039379762 -2.4546333196663856
-0.9871485362661188 -2.1610943287298987
-1.027367427758468 -1.4122501954483146
-0.8609063698756205 -0.9476948159703424
-1.464806870821631 -1.186646703453764
-1.2476303528832233 -0.403052451896008
-0.3987726181850172 0.0746056038647494
0.0965660468751533 -0.2961887850449184
-0.37143470625694547 0.493742977509101
0.2282116277315181 0.4488300064619995
-0.5863059451053714 0.17924163882901917
-0.9922793539222978 -0.5622262747432432
-1.0060759493390399 -0.8586236001009526
-0.9487995190991902 -1.469537447389809
-1.1821394092510629 -1.276152308811581
-0.40862934522740246 -0.43814579769392803
0.045014645749111126 -0.11764319990597111
-0.18380132622717132 0.43493525122102333
0.5670611185155416 0.09941166721394434
0.885903668746048 -0.38010067015110033
1.3987161432454172 0.18762815191650445
0.8778190476791888 -0.570835193753868
1.4212663266325616 -0.9070410014276036
0.9973236479257808 -1.3330646762816216
0.985152385685934 -0.591811149671597
1.0355238949532681 -1.0210208671170005
0.8282451954512087 -0.887195331653503
1.5252079197400206 -1.394645933119798
1.6141747820679535 -0.8575837914843696
2.107983709659447 -1.4709845444011425
1.5419691694812239 -1.2851207646216158
1.7143316000953317 -0.45687550106226016
2.4641093201577706 -0.2269962251697596
2.2180923917257194 0.5849233494345467
1.3624475254230561 0.9840124010344563
0.7076953752605449 1.0401737861144966
1.475060685025078 0.8098412871057967
1.3097627704387023 1.546205497012478
0.5183869954956606 1.7391934593312337
0.5987953710103288 2.5063359416722015
1.0567467194076345 2.473791891466795
0.745267747687427 2.2762728287724037
1.5394670833050492 1.4145011723791354
1.6993305754521117 0.9614126067191653
2.428143974048899 1.1318710770413618
2.0102617414998227 0.502927285398101
1.9057824328353903 0.5048660027067223
2.3103743742816283 0.5166608081166076
1.4949558364210083 0.5882797458873635
1.4304780832788602 1.001417476497693
1.0493810637074812 0.9682501014196653
0.7739326807802134 1.1043398499771138
1.5578581544672438 0.5800506756440631
1.8066470501847403 0.9569601090102136
2.5219270639472264 1.1493798757155296
2.568312680158764 0.4638445431405229
2.8401353575606922 0.26877327028211573
3.45252920218115 -0.5452998284958239
3.1243938577239003 -0.7593978233201919
2.471159252490616 -1.5509597196395442
2.2608059324610474 -1.766591884671199
1.3917341271617492 -2.5289685491958207
0.8447509744883183 -2.6106245833814317
1.495483230845164 -3.063371380553813
1.4337691543184592 -2.6692272880383605
1.068390861647584 -3.31003430170614
0.7024399163390259 -2.469452513690083
1.4603326425190923 -2.250718631160964
1.2223062716041533 -1.3805912974065335
0.3910864567172567 -0.791336938295909
-0.13221021918568743 -1.5554782177462412
0.4706026574626987 -1.792549448685129
0.3093717815170409 -2.529075117769716
-0.4544007330408274 -2.611182231080999
-0.21332114539782368 -3.065648412908914
0.5821897431770368 -2.6611656789562015
0.9677849931644197 -3.2806737713466143
1.1058924989651033 -2.3996631725221382
0.5765363376362121 -1.8594772251940652
0.9368702763230308 -2.4381726938689394
1.2260359536691847 -2.0680032308242624
0.3925428429597658 -1.678535406527169
-0.1244575132372766 -2.3657643517864
0.45017113620687166 -1.6990391675903735
0.18883097678320931 -2.424779991089807
-0.5676255100203278 -1.9931443722482693
-0.8871574716678563 -1.9766216742770195
-1.3920242305293005 -2.0442606656424562
-0.8474565055963664 -1.7690128889207921
-1.4887816253773154 -2.528039606984049
-1.3933058389656987 -2.604860700827179
-0.853947609960705 -3.0337488201526788
-1.4753937636516956 -2.7849853489075915
-1.3125915425618147 -3.503820222890683
-0.5305115672973284 -3.432914927942021
-0.6711694701117522 -3.0130010313979185
-1.366462136456669 -2.869235108899331
-0.7286983160138608 -3.3882894460785784
-1.512459366465476 -2.778098369609434
-1.5368005875120865 -3.503623681799833
-1.6827402757762826 -3.4317618767235074
-2.3777236802947974 -3.0067594923266507
-1.753934513004705 -2.8949140534854063
-2.517922684171575 -3.3167749231951205
-2.5440046681528417 -2.4921697314926274
-2.6993881968099984 -2.3881711385126985
-3.398493911599456 -1.8037172179006458
-2.829191866476953 -2.520746802466375
-3.467289361194216 -2.5609971713194666
-3.212901419810038 -2.7975656772517596
-2.3431297120615904 -3.498594066830211
-1.6085234572982086 -3.4013726653675254
-2.076843231598551 -2.8440813767434117
-1.6479171502321175 -3.442345478723441
-2.2534215745759494 -3.067175607697479
-1.387051300205304 -2.6570034507057523
-0.8245533212374349 -3.262977794815728
-1.5246667426326599 -2.3732824289327645
-1.6102173334869363 -1.734496094505031
-2.0848516972164477 -2.494311235563401
-1.6204580037028589 -2.401261210304232
-2.1336692325925637 -1.8696819165869718
-1.4771455222812466 -2.4117437978008476
-1.3235274436531137 -1.924276708476187
-0.5662720149095204 -2.2448432678730663
-0.8784583764685234 -1.379701075813204
-1.4145053767575653 -0.7901647042173044
-0.964828397468729 -1.551963993979646
-1.1170529374415772 -1.7710962216624342
-0.5465244849465206 -2.5260402307214274
-0.7651746953735208 -2.5926415795023416
-1.549253030833464 -2.9698961374843775
-1.7553148800623808 -3.0453723394357857
-2.517027763342993 -2.7400845462829224
-2.5385517438852485 -3.475311365274063
-2.6669340399673165 -3.2613228877036797
-3.298027678293279 -2.3725304056469363
-2.4427949649043628 -1.732179914710224
-2.096229488412704 -2.4895465108340433
-1.5837412037428242 -2.3726528062928303
-1.9482430475475137 -1.7329014826797875
-2.1559529053259476 -2.490448616703547
-1.4307519170487053 -2.3781258102213925
-1.0540580554148498 -1.7580629966704249
-0.7583092092097956 -2.518377877696865
-1.5441551257373503 -2.546644721978431
-1.725369549019011 -2.714232097016953
-2.4777202426342515 -3.4305648450541724
-2.3016476707380558 -3.0018594197097905
-1.4785383559478933 -2.915414726782081
-1.3322377387315172 -3.249117550710222
-0.5973009114008138 -2.3597917048242985
-1.0445558538725086 -1.6776198675397567
-0.7951008057708474 -2.358520246007745
-1.5483388766403996 -1.6724248356446996
-1.749592897684292 -2.341402388166843
-2.5103492753958356 -1.6049779261989654
-2.498325332348715 -2.0574652678115415
-2.42579463897926 -1.720159738023293
-2.001542658856658 -2.4673567385643818
-1.9424276395591162 -2.240083916899971
-2.177623301379264 -1.3789578007889443
-1.3984455775565066 -0.788586659350561
-0.8830251945927231 -1.549956916533672
-1.4002421756196095 -1.7588069490610132
-0.8921960996510374 -2.5174933892365097
-1.3738022817611344 -2.5412856274674915
-0.7652300633872258 -2.682627469949725
-1.5467178124130052 -3.3476445674479463
-1.739931333344791 -2.6039508826965525
-2.4983887126716646 -3.026220056824404
-2.4262599314044593 -2.8167700140237923
-2.0045847657652915 -3.4793634006104446
-1.9300869432447827 -3.2862612102581434
-2.222747237126036 -2.4185620287043554
-1.3733292404379398 -1.9628298031370681
-0.7635767594065842 -2.098701150642449
-1.545242274480013 -1.5776484650758271
-1.7311948525549015 -1.9141779528523128
-2.4852774431880995 -2.2780250915597895
-2.3474196624247483 -1.4282404473000552
-1.6294513538752857 -1.041412086949094
-2.171792249748589 -0.8079758469250513
-1.4076197492408813 -1.53827841172314
-0.9309011656669384 -1.6903538010745205
-1.2451107002424455 -2.3949122178971134
-0.41014673461445517 -1.8408399577793215
0.030214606797724308 -2.469837224194308
-0.12215600507710667 -2.255338395605876
0.43873643829755227 -1.3948364449602657
0.12591612656202722 -0.8662260082719747
-0.44847177820241757 -1.442419759267082
-0.1815217414827317 -1.121302334413181
0.552933570132881 -0.5381758500302173
0.8009542058615228 -0.7151759071575399
1.542552026881917 -1.4806195127344917
1.715222583472041 -1.3452686396109665
2.455030302272281 -0.647741726213468
2.1685203117079026 -1.2737919317253084
1.4134388991658553 -0.4476200475027794
0.9620660567853316 -0.17681120264158162
1.1269452812167957 0.5467841877654787
0.523909329362934 0.7652968281183141
0.6306038059068565 1.5443497549364902
1.2013802973663705 1.7255792202807543
0.40568490356927966 2.4742539498733223
-0.05265468863467532 2.2818965208301565
0.20921475845607096 1.4376757119659533
-0.571886274995922 1.0949021637195369
-0.9072873532300774 0.616640534698886
-1.3252372307640068 1.1373189605676401
-0.5776065862415939 0.49924078709025677
-0.9384659595132272 0.48267705991682186
-1.216778122631824 0.3832849168277797
-0.401605180500886 -0.1630017930698126
0.0731618124295127 0.5258282898114996
-0.284255694568949 0.6418971633639956
0.5058226560159129 1.248994658153366
0.5222288582893413 0.41590840417418307
0.6204462387534937 0.001412080141424965
1.1546556762784155 -0.005731546274173057
0.463667801108649 0.02325560651017127
0.27058393455657737 -0.09395804268754115
-0.530522501681528 0.35426205441310576
-0.6696406793667926 -0.2898152414634161
-1.3534086383897432 0.49340265611362555
-0.6813722999392672 0.44764660309131477
-1.3913407066661632 0.17760239668607658
-0.8508120723824286 -0.5460637404333911
-1.4743244876448802 -0.7606089375305176
-1.308196291341073 -1.539860857658491
-0.5274423973255784 -1.6989902858080514
-0.6513107889750016 -2.4152277028508276
-1.2859472813168873 -1.9473606904088308
-0.47338904003048143 -2.157601777083998
-0.3281846369667918 -1.4336786683009106
0.3855588239056983 -1.07337228105174
-0.15114476470048577 -0.6901940014119409
0.5031605818748712 -1.4166618634216626
0.50623263166162 -0.9806856252863937
0.5246554809785274 -1.0525332027508045
0.6346827277953395 -0.7665671480569854
1.2172415480750702 -1.5423006913754786
0.4036377523428202 -1.713051915456426
-0.061623992881153444 -2.4474469014798252
0.24177744314911392 -2.1259929565501636
-0.5626007879445567 -1.5032019435575676
-0.8546054240050078 -1.4810383852840527
-1.4655342546407084 -1.348378284103347
-1.2565612282510055 -0.6628558935510716
-0.4262660520052277 -1.3282016285529754
-0.05838591681137928 -0.5899978338966121
0.229636909409146 -1.003045014339453
-0.5684798129480453 -0.9622586145823567
-0.8871938549340431 -1.125432910509009
-1.3845000809033097 -0.5305438754224716
-0.8193038250707634 -0.6693796840321327
-1.5224902743571134 -1.3506175603289832
-1.5962507310660308 -0.6721485523933644
-2.0096219739119965 -1.359830693999915
-1.9103202697745831 -0.7096171012085228
-2.2881485399141295 -1.4642803731283491
-1.4546500198282604 -1.2494388735373696
-1.193343470659707 -0.4195881724228291
-0.41501879206626224 -0.022660268772854764
0.0016443435949995422 0.09114653629703366
-0.0066410143538035045 -0.3435501367572883
0.026809116231304348 0.32910817058714303
-0.1076184328489347 -0.38048123717898086
0.3943327159240686 0.17348152785976756
-0.10719023998892507 -0.5381292865350659
0.3929876505610861 -0.7137194866777742
-0.11370483379700791 -1.4724624233059642
0.41164132046074076 -1.2978016476295708
-0.019084402874220363 -0.503203419438165
0.07677405501991046 -0.5064793485564633
-0.29499763164654136 -0.5260732849874065
0.47798583034022246 -0.642732545528255
0.3559586294947406 -1.2492164651849524
-0.27987863015371 -0.42052528253051824
0.5101586362566695 -0.028235971101214008
0.5480469856777033 0.11311411470743374
0.771054810105848 -0.4095703584834557
1.5412717513668248 0.029542066115788523
1.7064690705782692 -0.11823483882064384
2.4301835078237524 0.42359651899419387
2.030254746856185 0.044996705257572656
1.8282902712242732 -0.17833287507555087
2.483905616612369 0.5431908666521422
2.340554502553026 0.7428819132563524
1.610425166285523 1.5195085555917434
2.078754740093881 1.5783478133341282
1.6480160639955916 1.9146189145946177
2.2443888978748614 2.2729641193065406
1.3920413038211696 1.427669242118344
0.8573507469269888 1.042108995735362
1.4571957043473345 0.8075958487492438
1.2088350489724957 1.5313688475361316
0.40898296510386634 1.648398882856966
-0.031980746891918654 2.245595763874287
0.12761710499611525 1.393468662881361
-0.44728849562581807 0.8645934062800578
-0.17731065811033653 1.4407037771813291
0.5410162869194017 1.1147109384704557
0.7300160733118085 0.5616411330466634
1.5004993722478914 0.8477738367485945
1.4650158336416588 1.4760836383993408
1.2545733343183665 1.3196972833754228
0.428135911395376 0.5663052000251603
0.07042841130773286 0.8736599986772129
-0.27173193774867777 1.4183324171724792
0.5225567440550514 0.9922689263233088
0.621598253886485 1.0057571293129963
1.1556572230321907 0.9515765950251178
0.4673842976428264 1.1655572299034327
0.2938757847736112 0.4507744802996724
-0.4780274841892017 0.19754982322505776
-0.3566147716935167 -0.559098271172891
0.27507713056518707 -0.8331864763324732
-0.516304040634836 -1.5003420071488827
-0.5844682250680951 -1.4641198720123105
-0.9716526242076802 -1.2495929394374286
-1.0877784235825594 -0.42395009603001155
-0.6442425510940364 -0.04811113052849414
-1.2529623116989563 0.1894626445004
-0.42758180872083185 -0.5524432473607932
-0.06792587684718543 -0.7953387313567835
0.26235215285876307 -1.5369762425651912
-0.5355388469083693 -1.6808818333126432
-0.6977469886384202 -2.3583394467742047
-1.4312550786240008 -1.6821127954267936
-1.0629451308325997 -2.361983734873192
-0.7304391156941109 -1.6973747595935966
-1.4993221732158735 -2.404851430658702
-1.4580863184835802 -1.8976478833618127
-1.2147951822152891 -2.3253863709144396
-0.4103427121264954 -1.560892473860164
0.023505172888871495 -1.817558253929481
-0.09377487446246185 -2.494279373096843
0.3492091612566584 -2.4028325702234468
-0.3033299002861462 -1.8876639295289563
0.4530023948797082 -2.354270509233891
0.2108787472009255 -1.6662893839292723
-0.5632497131199808 -2.309747566672848
-0.8557875357000795 -1.514106315460181
-1.4579843521557247 -1.5460606893149351
-1.214434563312772 -1.7332105460997553
-0.4111438852929865 -2.477453525537902
0.01893871103610889 -2.3031090291114835
-0.07558791874820056 -1.4965039996102538
0.28855558842623574 -1.4413701608321536
-0.48768231344329827 -1.1197914791805756
-0.4141504492607985 -0.5501398610365197
0.0030611453752970585 -0.7816612197114915
-0.01224605547297107 -1.5382290315445242
0.048928553192827094 -1.6878306252102255
-0.19189499567297996 -2.377405954246206
0.5524493625903842 -1.7662149037416708
0.7947093694004037 -2.509223166836037
1.5352090909688818 -2.491846557451738
1.6702028325656824 -2.3885381233349823
2.322135992564397 -1.8183200878372427
1.5521959447712552 -2.4920674287209597
1.7679793455752673 -2.389876573200332
2.5096226046205357 -1.8248763657464027
2.4942269166781497 -2.4841154609776064
2.4027314975373324 -2.3427404651790797
1.8883402694291611 -1.6232774913866959
2.351292742683039 -2.1356049547441738
1.6560650569867743 -1.486613700649672
2.271400795550231 -1.3827568850434064
1.4306257526307182 -0.816718488616247
1.0607825575945942 -1.5183754906705533
0.7394344184258532 -1.5712424924015416
1.5096259041802988 -1.8738736209460756
1.5194211129786221 -2.3896143148758773
1.5774045764112523 -1.8241955055931482
1.907125280237394 -2.4843047440917605
2.294581961512258 -2.3440045696408016
1.4774625018548542 -1.628718712273685
1.3287876133309864 -2.1593666828496634
0.6001481092042795 -1.4396737854496664
1.050002601143081 -1.1111468754301057
0.7794852967771257 -0.5753113633503374
1.536238986521798 -0.9208153835288218
1.6759024950240105 -1.2746045936952075
2.3394532795352627 -0.4622482873566648
1.6124619274638523 -0.2650710919153659
2.0845950175021533 0.5276532017795446
1.6320315681854343 0.6508846791551662
2.173366445873403 1.2757888808275164
1.4191115894013242 0.4646735919574322
0.9993375681189496 0.27923173464477014
0.9775161882754051 -0.5037729243115026
1.064079521231181 -0.5098246296846863
0.7281432843308375 -0.5457005301764375
1.4914896854739907 -0.7554692248819123
1.4118625279546895 -1.5250271762608731
0.9615013643037984 -1.6102789649117144
1.126323653480447 -2.073749409406
0.5356609352880835 -1.6691088000557093
0.6974636969699985 -2.3162346429215432
1.4260387334556954 -1.536740596433563
1.0368209088567795 -1.6785988724724967
0.8299917774318721 -2.346965954536615
1.5001156747764637 -1.641464781191931
1.4630426553946851 -2.2123403282357836
1.2449129993155998 -1.3904628973606123
0.4258168502811537 -0.8548857970874084
0.06090925925479945 -1.4565808367085227
-0.23493010628722288 -1.207686826264381
0.5554954228557082 -0.41701717500696367
0.8107927578770793 -0.01406321809065103
1.5216017997699591 0.055821777700885034
1.590049467463199 -0.21628104941842452
1.9725058068550725 0.5593241671077106
2.058452092143861 0.8321694048559811
1.7240206247685985 1.496303170989661
2.4579263656519243 1.4404983585701627
2.1905392215807677 1.1167732944418367
1.402488868235872 0.5614727507754622
0.9145350002441462 0.8440224018683514
1.2943774559683645 1.4767616509321568
0.5050831413443014 1.32521381211264
0.5175646261609315 0.5910901340351887
0.5912899395209258 1.0025884796031863
1.0035788626398312 0.9646704041078169
0.9607428004146017 1.1137730722847399
1.1288198967007008 0.5700328184322959
0.5309559585688193 0.8909332917565076
0.6697293638059126 1.3665813985920436
1.3417316137816302 0.7474202467356874
0.6485547801764576 1.5152679814129453
1.2644646411540146 1.5526724110933114
0.4495191823216007 1.7693775496044604
0.19297535301779345 2.5057288415839376
-0.5483169735641565 2.471306287308801
-0.7696619629662158 2.2684498414856757
-1.5306760041126886 1.4306834891085822
-1.642968545442852 1.0631887893203973
-2.2168252981573 0.7326020210808222
-1.3923013340430228 1.4956501746498354
-0.8652578930018001 1.4367506105576486
-1.432309863398714 1.0966258390998902
-1.0722272056388529 0.6208510651195338
-0.7009105875255948 1.1462987034899328
-1.4320406839537816 0.4928629927096365
-1.070845591544729 0.4453167827419898
-0.7057995642978925 0.16953730638041437
-1.4435941718287308 -0.5219748048059918
-1.1349125708865229 -0.6170319904979354
-0.517679721157814 -1.1284864446714415
-0.5917992584199187 -0.5329231883290739
-1.0052483610477632 -0.6808907240238646
-0.9542342819094323 -1.3762139810452425
-1.1530599126494046 -0.7908880005233687
-0.4803473243058832 -1.530438598367328
-0.3716559111028489 -1.6414178812662616
0.20421185843348977 -2.2096529238320293
-0.5535148211173617 -1.3946506813953716
-0.798632425118214 -0.8774302056533768
-1.5270822776159352 -1.4018782190071148
-1.6218208586342486 -0.9131599827300019
-2.124933247940896 -1.297538685578218
-1.5173361403317598 -0.515319757795694
-1.564729128233903 -0.5778475366178017
-1.8359656244180542 -0.9319869887073613
-2.4628215067257324 -1.2337949505930357
-2.2197895006182904 -0.4227641591279392
-1.394237791082534 -0.046399113369989475
-0.875857776596294 0.18014390537878652
-1.405439879050812 -0.5341235509764881
-0.9314695518648058 -0.6876081566000792
-1.2354567088147665 -1.3949405262663546
-0.4240023000066623 -0.8794459134728052
-0.05320007943006644 -1.3960594777979192
0.20526196768163496 -0.884987782740958
-0.5528002988089217 -1.3812266698318532
-0.7942428467034968 -0.8147569510302539
-1.5279215759631708 -1.5140346132458644
-1.626566828021349 -1.5452765451265043
-2.1454057510621416 -1.7266203733169068
-1.471700479513832 -2.4585023889479345
-1.2964578042176478 -2.195272209344414
-0.5140256136975384 -1.4031505867934297
-0.570139907188573 -0.9204631296785963
-0.8899833819663306 -1.2727869286819256
-1.3669958861132965 -0.46602839486271563
-0.7521429698469869 -0.2885525469330496
-1.5162434053600091 0.4786966341742556
-1.5582196059474314 0.362293819939415
-1.7993964736315238 -0.24262577689052545
-2.4998873925385494 0.5452987502120176
-2.437054793318314 0.7514779050267685
-2.0748411441743473 1.5153134461846756
-1.6685976872081603 1.5527453968213245
-2.309364636546594 1.768665112093564
-1.5232564782757305 2.5016367262669275
-1.5992350418969543 2.447385479772417
-2.0161693074666127 2.132524024248884
-1.886639905908907 1.5008109155386387
-2.350831131603356 1.4674316967582186
-1.6620128803295044 1.2719794857276463
-2.286155135156158 0.4657604330346824
-1.4674055370978105 0.28724141293251304
-1.2718769564630563 -0.48047192098516556
-0.46579258757701736 -0.37282896883621836
-0.2874716361235486 0.19671220631856706
0.47979281992006134 -0.5464531152617573
0.36888450933771916 -0.7577641637363981
-0.21375135182372368 -1.5195301284416183
0.5528662363248744 -1.5773875652679368
0.7939297456449537 -1.9033131296645736
1.5259601161454532 -2.301985092777153
1.6148839326857571 -1.5047575234990052
2.090930496869115 -1.490687733049823
1.6165256066912304 -1.4079417865034194
2.098472167288949 -0.9459124983409808
1.593312601275835 -1.1827423821410228
1.9857981297679959 -0.44108029053181597
2.0060270470651975 -0.14758365688043212
1.9266055384036989 0.48075097635359026
2.2261499053632336 0.374602955444087
1.3988749725336458 -0.18812223380216736
0.9008144174121893 0.5389307535673749
1.3340047118782152 0.7145773590773814
0.6265737748200321 1.458081183990001
1.168295580791177 1.2186711436302338
0.45948821536039086 0.42308973052596943
0.25158956085383566 0.05000612334178889
-0.5348702655422319 -0.19237496591512332
-0.6911587573756489 0.5420055368032233
-1.401405606370445 0.7320605581224877
-0.9136944816511136 1.4889896993707636
-1.2935511348095519 1.3981045992020555
-0.5105288154033464 0.8974841666325207
-0.5494093411143641 1.3435124412770112
-0.7739888377426754 0.6611399415661225
-1.5256716158921813 1.3060568659310623
-1.6130236473230846 0.541838180634113
-2.081255735308661 0.7309799884045617
-1.6486882543284804 1.4868215953546242
-2.234593083441884 1.3854627037878176
-1.403392449936082 0.8373584604930364
-0.9240321891594454 1.4814496725171766
-1.2591135585243864 1.3540780478622527
-0.4499431207074944 0.702033680109273
-0.19774763853520766 1.4286569819887753
0.544632485001374 1.0555709564533453
0.7467399733337703 0.7628830099382131
1.5070210196212468 1.5203765960127629
1.5040067653047442 1.5821316084610968
1.4863261813758066 1.927220777264445
1.382656174712928 2.223283555151725
0.8248732577569845 1.4004182547659587
1.4984820418650795 0.9096940204622779
1.4539198621705332 1.3055931626663617
1.1956246538187032 0.5417426046457401
0.4325448746793864 0.7301542171109854
0.10171279247225401 1.4844012066314247
-0.3650402229349357 1.3714648725412284
0.2276488378601989 0.7750956086651397
-0.5485176677244514 1.524430821694675
-0.768482565135795 1.6056492217540108
-1.5222699122694539 2.045265642109916
-1.5930788398838416 1.7763151344621058
-1.9830949483962255 2.499652208895845
-2.016460891180963 2.4360602141558556
-1.8862343358004645 2.0716063472942254
-2.3493270408495985 1.682089929429106
-1.6600910841399388 2.3484006775405857
-2.275798090624881 1.6566102302825163
-1.4521163764492862 2.2630925099193
-1.185777128038235 1.4322305482917304
-0.4414539958649597 1.0756699137623464
-0.15098167802434886 0.6932290134152621
0.4844024729830109 1.404441245566872
0.39637022898959573 0.9305743291446735
-0.08446010431411977 1.235914563656274
0.31093402064575476 0.4312841893872561
-0.41753561368596953 0.0954546173133764
-0.022402461132603357 -0.34546331174955164
0.08714753302271876 0.3043720368519777
-0.31943985102517203 -0.43510533947401725
0.3924706756290536 -0.11632202295718042
-0.10298104421615839 0.4050279853945775
0.36775829583798014 -0.04141598501601512
-0.21487340215247486 0.1594222262860866
0.548127375157176 -0.4986459706258115
0.7658149337304059 -0.4797158980347449
1.5194573917266663 -0.3691770680014232
1.57658340016912 0.20860976411676474
1.8969101564446418 -0.5467128825653396
2.3183901558696225 -0.7577693594201911
1.5555309435289435 -1.5142673702040508
1.7824262558520252 -1.546338008231621
2.4983636209313707 -1.730900169445559
2.4286777323712414 -2.458519906883248
2.032517229218567 -2.197864884158252
1.8249138213894271 -1.4090165854629753
2.4712502841070574 -0.9545100723761035
2.270870843344738 -1.1496469753902145
1.445829511721045 -0.49477411009806815
1.1512274467788903 -0.45709803182883724
0.491913389133838 -0.23929029720407044
0.4403882929855573 0.5403054758404218
0.1458420026296292 0.7212406166096005
-0.4728835778814605 1.4661347055208949
-0.32976647454172636 1.2662367154287537
0.3582223625662476 0.4638322309156582
-0.25334291980719925 0.2777535620884237
0.5278000096261529 -0.49240807728460156
0.649463694566098 -0.4433062249498571
1.2588420446798434 -0.16212613604138887
0.4541146811227632 0.5016081263569965
0.2226142305361642 0.4970656491540645
-0.5461814345335563 0.4705242797507495
-0.754359271220989 0.31626792314040253
-1.5100888187598929 -0.3999682474028916
-1.5219239356350718 0.06529112194752396
-1.5907551784583616 -0.24520669676838225
-1.9696001534724812 0.5349171589747278
-2.068064211288129 0.6902616581398768
-1.6959559429506152 1.3936462093493394
-2.384189788890232 0.879575775745437
-1.8105140902703778 1.3893639886071338
-2.484730725353205 0.8593101292084809
-2.3493615255324385 1.4366876143902974
-1.6634911361550726 1.1014536425038655
-2.2848963867542476 0.6137182046135764
-1.473278416754431 1.1056730968880029
-1.3076816962960418 0.6015911535981303
-0.5520012703227071 1.047800451931592
-0.7867184311107414 0.793109970594527
-1.52045824938684 1.5189829490563884
-1.5821807611217609 1.5736263287511008
-1.9251070234252283 1.880075361933371
-2.228375449190307 2.3629661022968036
-1.4072899487132076 1.7182052446059846
-0.9472408094268193 2.433827306318379
-1.1755808680016944 2.0616164204998335
-0.456474034265552 1.7189698529791884
-0.2364361975611717 2.435126675244431
0.5396190300827487 2.0687585884002977
0.716781477827342 1.6942038541394027
1.455289527365157 2.3784259681503084
1.2052193521082906 1.7853139020541668
0.4331692773309763 2.4952436765989026
0.10749018275288985 2.410779422621807
-0.3782199469805687 1.9406717697352667
0.1662305618700105 2.1743249547085117
-0.5058357072287357 1.4340121035604967
-0.5217158071198676 1.0875692011881846
-0.6139535101465616 0.6569575307021134
-1.1058047573508085 1.2848948256499986
-0.6022000044067466 0.4995074034017297
-1.0498930882573592 0.4848390458652523
-0.7859696537116062 0.39947788558393915
-1.5191194320664205 -0.06621638763677667
-1.5743102459531197 0.24743055998085983
-1.8831105567388773 -0.5305247580479591
-2.354154316125858 -0.6646307219383276
-1.6839289154251524 -1.311752409183569
-2.3487934294205406 -0.5651082714661264
-1.663335958748572 -0.8581973816203935
-2.282539209625946 -1.4372269380706815
-1.4709481679952265 -1.105426214377494
-1.2947692402215167 -0.603766433460147
-0.5218197319095214 -1.0570435797236164
-0.6144342403200598 -0.7604836056198245
-1.1073911883519785 -1.5114889960618543
-0.5983734340067163 -1.5300096378543213
-1.030598713868069 -1.6370087240101048
-0.8579506605997276 -2.181673350731713
-1.4373149696188008 -1.42699861669366
-1.1061476715997025 -1.050586506342949
-0.6020848562006972 -0.783859132065814
-1.0485725754584276 -1.5181573157173645
-0.7912225149821447 -1.5686588434705055
-1.5168882035331719 -1.8524689843063205
-1.5613041041043392 -2.4234504224408786
-1.8125657546187146 -2.0074578615559164
-2.479926344955723 -1.922120416491434
-2.3221731939312162 -2.2371578719754126
-1.5726177445191016 -1.414321441125646
-1.8734996617983617 -0.9846413276122788
-2.377391569594336 -1.03472160261089
-1.782668580325866 -0.8426327959585651
-2.4930215540047014 -1.4653829603264357
-2.398146257449628 -1.263261491841598
-1.879478860426023 -0.4648633134140051
-2.362375398028479 -0.28484431206174476
-1.7185874040901272 0.4737365089840797
-2.4314390335373495 0.3356519199599419
-2.0503794045515993 -0.33360898099326
-1.760514779858351 0.34055799826886823
-2.4854313292868175 -0.31624118821988545
-2.3541846617754514 0.39546811987931785
-1.6859964984419988 -0.08412638826592078
-2.3528500844300106 0.3060225857794558
-1.680895304007616 -0.4237744837817214
-2.3377520332048873 -0.05881761602570906
-1.625153358465065 0.220520435245325
-2.129856061550364 -0.5410168943532929
-1.5174342262891016 -0.7238271891451673
-1.5643707399707627 -1.464900684188245
-1.8287299622992794 -1.260793053590828
-2.4608207774405506 -0.46264853683118845
-2.2131902654819697 -0.2725055832011097
-1.4105703173171809 0.4954139994442603
-0.9664000960550833 0.46113792400127307
-1.1038526599145908 0.2639889971188606
-0.6100671875769353 -0.5082422205796411
-1.0853634940284949 -0.5355966761675526
-0.666042201379883 -0.692972109592968
-1.313822291533963 -1.3957608914014759
-0.5741577888556401 -0.8935123907962399
-0.9053458456246404 -1.348287926845726
-1.3137079873127868 -0.688866381322775
-0.5740094398318626 -1.3843401105301054
-0.9044813734726254 -0.8400531871575531
-1.3162159187940814 -1.4679729279501665
-0.5814386804267192 -1.2785514001546563
-0.9433080090141565 -0.49155948373747815
-1.188064900324925 -0.4388323634926639
-0.44850450171539646 -0.140178647471576
-0.19340417041523528 0.45545416800385713
0.5310989306256753 0.23221470415182247
0.6671858164429803 -0.5364227722769384
1.316969533969587 -0.6974716224713575
0.5841225088471371 -1.4066266852911333
0.9569256082228748 -0.9473340192323929
1.1387417951271699 -1.1735555774675561
0.5234844995943956 -0.464280493669036
0.6235200530359913 -0.2821566702933719
1.14579955632732 0.4764463623818074
0.5092079401497793 0.35167626051704237
0.5411343439036476 -0.27280374509530814
0.7239904137615535 0.4931327307649239
1.463166925752136 0.4480043317276352
1.2515152764470394 0.19091827539810585
0.45404551064424936 -0.5284531556372076
0.22459362315897888 -0.6519258857469525
-0.5379674529170609 -1.261799121072035
-0.7060246376023533 -0.4663413081742134
-1.4264188045117374 -0.2940203372545529
-1.0496636654312594 0.45066119875667
-0.7887046977368442 0.2058082116940328
-1.513428002004225 -0.5363759475275605
-1.5410946636995018 -0.6969484686992882
-1.699196148546464 -1.4041607414956983
-2.3853725282121587 -0.9358265015634908
-1.8217889793584345 -1.2136694881974053
-2.4669383265802654 -0.4377297184614284
-2.2487629763138437 -0.13488204772812856
-1.4278559161811868 0.44268633181354305
-1.0575715546455502 0.16195822483408867
-0.7607128127461633 -0.4937217129797958
-1.5063419029421188 -0.4514794650426997
-1.500129690186663 -0.2105941378434403
-1.4641869033126387 0.5369735060112819
-1.2576455804875624 0.7001765343092788
-0.46221287850581694 1.4115644393066988
-0.2708794207295291 0.973307547664838
0.49468569726254885 1.0773808863013112
0.4570769162698378 0.6934441558854832
0.24200491982600197 1.3941494552586726
-0.5282847735948821 0.8878656273634361
-0.6507084983481175 1.3619203874850756
-1.2559445867422019 0.745049261080862
-0.4607117219565361 1.491708805307285
-0.2625308264488087 1.4155384182993853
0.5065467873206644 0.9938522032601704
0.5256710068257389 0.9991940329841116
0.6357177046390585 0.9787387304902807
1.196253877258508 1.0567841570802288
0.44551715299338457 0.7639363695593557
0.1779617219486177 1.5071597704230402
-0.5140547525418603 1.504863109814231
-0.5689787502582059 1.4915966497220716
-0.8762226403434714 1.4149455318264608
-1.3913185839882907 0.9911223205975175
-0.8750843088477804 1.0096240257281692
-1.3940076706099207 0.9388649269298979
-0.8878767619615173 1.2024505379344497
-1.3612491608057147 0.4427908491752821
-0.743149772251784 0.16320039729166425
-1.4885076419154866 -0.4940576362685989
-1.397179706167357 -0.4535196077432644
-0.9032392803526592 -0.2225203489509273
-1.3176472601943958 0.5354910139679562
-0.5896792975709789 0.6914086903613169
-0.9833264302237286 1.387257447786618
-1.039289416864584 0.856612585509267
-0.8274003981139069 1.4344692976760995
-1.4824043663659885 1.093980698319326
-1.362124406427198 0.6422397286455936
-0.7472543080776721 1.221734880479751
-1.4924549021415432 0.44057840187199215
-1.4200101617887988 0.15142242820807816
-1.0178009937533066 -0.4738077385275328
-0.9078781126480939 -0.33724653250006065
-1.3033367150917536 0.3223430627265427
-0.5509598124642169 -0.3711670608297095
-0.7777634037944761 0.19028711761294947
-1.510342379659341 -0.5243064952792837
-1.5232076640051644 -0.6276458554781617
-1.5970719194658707 -1.160769554703062
-1.995263690961888 -0.4865023016862231
-1.969513948725131 -0.4100744184855889
-2.066908261586964 0.008281428943855418
-1.7054594362001758 -0.031587211451333565
-2.397016317936588 0.11954520055916237
-1.8791212545241627 -0.4037788216149145
-2.3585450641814596 0.039439894175660406
-1.7094115242910881 -0.1485298104598789
-2.405656299749351 0.4676919055412212
-1.9213948516322668 0.3026533978405501
-2.2361305450839004 -0.4256196108215312
-1.4225656689241664 -0.07190616040920578
-1.0317023002766872 0.2625794280092878
-0.8558765755588562 -0.5034952513899094
-1.434652040967673 -0.5080161836929573
-1.0957154684341353 -0.5340564619552634
-0.6380602428770399 -0.682897548688869
-1.2036354107515863 -1.3614645538718677
-0.4447628791140117 -0.7459804835393549
-0.17488705180332415 -1.4893731568799087
0.5077539089128418 -1.4024453164662731
0.5325346830868298 -0.9303068886420854
0.6742193362988084 -1.2306753711545877
1.334658974575114 -0.4449693579220547
0.6460939765663027 -0.1761242127968537
1.2352233519822962 0.508947362928601
0.4472670473778886 0.5393903336946178
0.18879586817449595 0.7128076780880577
-0.5213672938013176 1.4360294608197854
-0.6106134633636622 1.1034850025610592
-1.0831969125206224 0.6160378952836534
-0.677022294361265 1.1080867292653398
-1.3429626293105934 0.6032878323228612
-0.6757029184252012 1.0485316258646025
-1.3387550753010982 0.7947174554913259
-0.6608346351310297 1.5064032324085206
-1.2892438693758592 1.5005241749054166
-0.5203932702512042 1.4666986615925712
-0.6049850003632458 1.2732054152884427
-1.05641221353882 0.48993079386546823
-0.7669043943634519 0.42999155381144516
-1.5044592932825225 0.09578374767483966
-1.4893486050474125 -0.3370020028143397
-1.4024618326364766 0.32064106339886733
-0.9312428293785594 -0.37367893109341443
-1.2269905799625564 0.17732247453914496
-0.4451301305507551 -0.5091881323182165
-0.17749034649989792 -0.5407228800274807
0.5092694168243463 -0.7199839399950125
0.5411846979097702 -1.449017435042115
0.7225386980243358 -1.174701722241922
1.453586123863475 -0.4699480488052429
1.1999985206791823 -0.3159775178404802
0.4484794306147116 0.3870016159577654
0.19600674861197837 -0.11749955308917504
-0.5250062715395181 0.3965369893638563
-0.6311562956442768 -0.07273909278947527
-1.173273766799149 0.26415370394965704
-0.47207377232798986 -0.49861736133175133
-0.3281104649448904 -0.47996923516997747
0.3494662938025952 -0.37306215799036874
-0.27468418461531574 0.17929103027431187
0.48198961857788425 -0.5104927918822293
0.3846263005659038 -0.5481670675868576
-0.12795708235363462 -0.7611469385577662
0.4216849910076919 -1.499867592388792
0.05295179456774829 -1.4630041280075259
-0.1961692505391409 -1.2528532744765508
0.5243699645221831 -0.4639237034682955
0.6274301269775154 -0.2822036041493535
1.1568688282160382 0.4678058691004139
0.49653595029542685 0.30410044300507943
0.46803802645949844 -0.41839144358522196
0.30543665225952066 -0.03618370736590387
-0.4148261002134078 0.13563755579403777
-0.018054873147087924 -0.43850681191751095
0.06822149269138796 -0.1421649764638589
-0.24858814533997925 0.45203343019237024
0.5155785893850351 0.21605999135307888
0.577226982485714 -0.5301184277551829
0.9168759835629299 -0.6599302566341214
1.2728990105292968 -1.283845796743801
0.4920602142111178 -0.5119856259238804
0.4423955868970107 -0.5566560841710829
0.16338089831455077 -0.8073430185786112
-0.48885695156556 -1.4969956593541314
-0.4240584301784154 -1.446586969417831
-0.06587149382860286 -1.1621708346217923
0.24040071719499945 -0.4890009329474988
-0.5215638283579371 -0.4248977958141924
-0.6113058246572911 -0.07032809199405299
-1.0841415052567904 0.25527624952375527
-0.6759957753528241 -0.5078293686158526
-1.3366049840951968 -0.532827231303746
-0.6565114501517555 -0.6750687855626397
-1.270959013643838 -1.3336081483849882
-0.4897531056483645 -0.6464277410405755
-0.42924185650780766 -1.2331926068353694
-0.09331899088347045 -0.45068130393969497
0.3277645705845566 -0.20899457793337403
-0.34846014781863105 0.5279525564025116
0.2765029384431183 0.6474753295567117
-0.4764661015697093 1.236990689209305
-0.35350250805574057 0.4530039622132698
0.2572264382182208 0.22189621334292525
-0.504788486755307 -0.5282824839400437
-0.5153910236978844 -0.6492946264694729
-0.5760219822712735 -1.24368993862097
-0.9098822572685049 -0.45791621056752163
-1.2937285693812772 -0.24921597723101419
-0.5346459325180855 0.5130796066151625
-0.6851036190868518 0.5628083077041813
-1.3628028807376644 0.839994584269695
-0.7559734508660434 1.45821152710504
-1.493317045437054 1.2268734650089526
-1.4256452609285741 0.4493058257774213
-1.0508789847833788 0.20175873523369742
-0.7880433700882798 -0.5245301369873383
-1.5034277934518867 -0.6279445922381542
-1.483535932851406 -1.1570475068583586
-1.3698120405933085 -0.49876297233137956
-0.7854019490751174 -0.48089278290377185
-1.503495280124149 -0.3788314937031116
-1.4839282792535344 0.15151208462045868
-1.3720829895747608 -0.46752035133121556
-0.7952252503973101 -0.3031827907273261
-1.5011776034582949 0.41768994572956564
-1.470674629765298 0.03420826063450766
-1.2969459404254278 -0.12769754565756114
-0.5431968996200457 0.4183447075339262
-0.7325861598723344 0.037640091651154006
-1.465534765988342 -0.14017865137767527
-1.268089662924868 0.4454773078610036
-0.4875335410552015 0.18117192497016876
-0.4167487513555204 -0.5085794935311672
-0.029654205950989 -0.53703069676843
0.11087841802242707 -0.6981629554425415
-0.3760639913269427 -1.396432120576963
0.16301644332868304 -0.9057346787977703
-0.48557979465835455 -1.3052433092573907
-0.40564534214762116 -0.5643495165560928
0.025646795062170047 -0.8476059726984062
-0.09601473467184549 -1.4441969193633106
0.33427833149129393 -1.1504069198144478
-0.32474890430388137 -0.511403609815908
0.355630675248766 -0.5531222067832943
-0.2470002532936505 -0.7869276153971762
0.5129301493144223 -1.5019642505524824
0.5618140095726972 -1.4752189794093784
0.8338749118620312 -1.322882349960758
1.4655244480168867 -0.6148560377870819
1.2683223865223465 -1.0981534528140429
0.48903486598212864 -0.6358101541430119
0.4254094288131392 -1.1885073141258329
0.07474707250668194 -0.46182852353293824
-0.26813679516209715 -0.2717185545925984
0.4870174713528906 0.4814036881210594
0.41393541605940654 0.3820087355407557
0.016118339969575457 -0.1359819807254405
-0.060441652878838736 0.43550286473947625
0.22028713204073697 0.12804312572606869
-0.5252241333785834 -0.41779118983896424
-0.6315143723308703 -0.035761987642252246
-1.1703157842249865 0.13291882390155707
-0.4815553843762156 -0.42864860220291023
-0.3829311550634148 -0.09195045372962818
0.13153417509780407 0.32150747499231275
-0.42545289215541005 -0.36443874408095694
-0.07535207378430248 0.21081519027824486
0.2697251546802748 -0.5243876114655315
-0.48375945658436426 -0.6267235180053676
-0.39549053002811774 -1.1497054690131283
0.07347217334252903 -0.514049518000766
-0.26351788277124305 -0.568086541719893
0.4926451318465211 -0.8666943807525234
0.44608240916758934 -1.4050672139134877
0.18533648208893333 -0.9487389747985049
-0.5102411680678807 -1.1641806754180106
-0.5463991741242438 -0.49071839197404377
-0.7495355474750298 -0.4351215780468775
-1.4838010488698616 -0.12648981289788663
-1.3718527728999597 0.41334943894243836
-0.7967840732046367 0.01391105631093248
-1.4974940292531347 -0.05207104211298581
-1.4498095813742866 0.19083759756264768
-1.181895764194177 -0.5143000151019717
-0.4695345073883276 -0.5694556371898485
-0.3152636606131667 -0.8736046563278462
0.38170881972161075 -1.3889091328866363
-0.13608169040590745 -0.8725698762690027
0.4343502539299795 -1.391233620374179
0.12265771151510613 -0.883379129017724
-0.4038040428243144 -1.3649521818590151
0.03289822549941274 -0.7684726627285471
-0.12210466792318167 -1.4964421124036686
0.4023461807923019 -1.4438581188140103
-0.03986513470165015 -1.1497739047985802
0.14729532909217546 -0.5151482951092702
-0.4563487662706992 -0.574219319959282
-0.24200321076560338 -0.8982034259822294
0.5138935289624346 -1.3250222121244848
0.567084740373323 -0.6242478826727149
0.8607668817000651 -1.137808440141494
1.4164479692300538 -0.5386909370149967
1.0062880670741008 -0.7065520068850694
0.9525854650069163 -1.4126356576888393
1.1501771449711304 -0.9871785746956505
0.5149108492691336 -1.0239977902233546
0.5728273743171809 -0.8867834314557876
0.890720100647604 -1.3555993883153095
1.3451965845856284 -0.7319547154015184
0.6929234493066415 -1.4600776192869158
1.3790032713778184 -1.2389493423084397
0.8290303939917567 -0.46085700538145147
1.468873315074483 -0.2671865437485645
1.2880117165545186 0.48501920829149453
0.5284124523973996 0.4029340329682207
0.6489909313007749 -0.03631128717667775
1.237470929873359 0.13419306404318282
0.46028708857088363 -0.42904596782077226
0.26411586907676027 -0.0954475765478916
-0.4890913826258661 0.3300515823404504
-0.4260671599744032 -0.33475731125476627
-0.08001301126674248 0.3191419214619232
0.2831103753265363 -0.36851414848542396
-0.4571026242540052 0.19149609678551105
-0.24660223817531357 -0.5125625924437682
0.5086166589663618 -0.5594335591612277
0.5370386533060874 -0.8194967115926262
0.697057232746274 -1.4790240666437708
1.3886873376907785 -1.3452729202410223
0.8732142500719458 -0.6941983779255265
1.388078694698736 -1.3812822370786313
0.8705100901243796 -0.8399226503448445
1.3941809998511476 -1.4525804996893537
0.8988031152483436 -1.1980584835831793
1.3221648522281109 -0.46003907693093615
0.6173898691939916 -0.2629979279047595
1.1062927469795316 0.489651826218524
0.6161760466364173 0.4293270917215615
1.1007922350040236 0.09742551125705506
0.6314706970172825 -0.33511894210950816
1.1668758038779448 0.31697476251617324
0.49028110030360716 -0.3738592629597301
0.43291809312893215 0.16812183155759391
0.11638813671304754 -0.48747792022536224
-0.3862008515938172 -0.4170409408198352
0.1136502755507739 -0.034450471012235195
-0.37914203399239743 0.12708538893958468
0.14503233573637353 -0.41191994300844903
-0.4497019650500965 -0.008858484025379365
-0.20647463375178782 0.032971752300362187
0.5187187160868094 -0.12168458017051033
0.5941422474600917 0.3990106493600085
0.9970742792434153 -0.053883994751807884
0.9870852065423323 0.19580251795933482
1.02420629415841 -0.5137640168867394
0.886531399879275 -0.5661248096428276
1.3544976052984572 -0.8544544111194916
0.7300358550356363 -1.426468382188597
1.45441034703842 -1.0592690109663403
1.2085794288669602 -0.7620612749382231
0.45748709566084966 -1.4892912857922167
0.2493118732547295 -1.4036037280590468
-0.5040065422041975 -0.944706861361095
-0.5108283577820076 -1.176679888408625
-0.5494806436540896 -0.47931501624853456
-0.7649959157032233 -0.3710728780170942
-1.4906547441890035 0.17895339479765637
-1.4113615155987833 -0.49920134708597674
-0.982919406409118 -0.4835818545801367
-1.0395621725160564 -0.39516115535473434
-0.8310802684154963 0.0714409846199962
-1.4633635074359983 -0.25437037951454355
-1.2581754991610077 0.4982214175402754
-0.48248348896164295 0.47803338550866936
-0.38899849241029766 0.3639365393684625
0.09979417941051383 -0.20807505464607812
-0.34063620832107694 0.5177151931728956
0.29618141976613727 0.5883372346813358
-0.42613669612028743 0.9677383744419094
-0.0818984698544335 1.0950168551017683
0.2873912846151746 0.6494123919268113
-0.4452505203722943 1.236143957809867
-0.18299296109486834 0.46334680171241893
0.5023935589617674 0.2820065134371029
0.5016824236552113 -0.4558008660359232
0.49765482992041526 -0.24043148992134916
0.4748445154095573 0.5099638201401058
0.3461529645858942 0.5445256792050791
-0.27594884929463737 0.7375663286204017
0.46657519039186346 1.4636445061730035
0.3000174031525225 1.2600120419849403
-0.416330681104982 0.48582585916345733
-0.03223876666105835 0.40797131520132135
0.11853371078066058 -0.009236693277912045
-0.3896363642965025 0.03422870798019398
0.0961369948345055 -0.1256870551325295
-0.3295539066631401 0.40669214848225066
0.3324794456042882 -0.015363116118017772
-0.3228963042149884 0.05683840989704805
0.3532451946011943 -0.20505433006475418
-0.24899254207440913 0.515533416770985
0.5020857111364109 0.5759192945164108
0.4999417092221034 0.90437095263611
0.4878119793398064 1.3041487706608987
0.41924624538655153 0.5709083935828186
0.04732894611230737 0.8784019163713315
-0.1720602030380134 1.3729235982344377
0.48932574986929844 0.8068582361978507
0.427810507507821 1.4854977026681107
0.09133552261146388 1.3825159248336316
-0.315111234077 0.848620700990327
0.3755331011531801 1.434690713402209
-0.15808982929025578 1.1036570605398006
0.4694357468505083 0.6261654590112518
0.3162228601614784 1.141577680148914
-0.3721544820250652 0.536282965704089
0.17231887732755835 0.6918005795382689
-0.4891422908232642 1.3704870165563199
-0.42682188650771574 0.7970610904018396
-0.08647527597103394 1.4900584214879142
0.3002809621705664 1.4083138384008231
-0.41406970639535695 0.969636911963834
-0.02179653142536636 1.0877533784433815
0.08028669628840457 0.6722721379933639
-0.28116203328432154 1.3132828851404743
0.4551210364371753 0.596379481997101
0.23738043680633397 1.0056439974607367
-0.5096289609829014 0.9554681255331173
-0.542530170072795 1.1382265367663034
-0.726044273845588 0.5436371548027299
-1.4440115529521063 0.7320946299036769
-1.1536447504953653 1.453570844530677
-0.5150345534481348 1.205355269487578
-0.5729672792351269 0.46249861067422326
-0.888390776473161 0.2780210495056683
-1.3469221407254541 -0.460345296116753
-0.7054420842661685 -0.2661848972246946
-1.4029860546946948 0.4794394973688242
-0.9443658255283313 0.3723665102008502
-1.1765142559030093 -0.17048180199149998
-0.4834926057537844 0.48572607914342525
-0.3951393789255453 0.4076972108104901
0.06901130698201924 -0.00903615632368654
-0.24472143758543874 0.033329757972819514
0.5034321863171619 -0.12187377947196754
0.5075458510790276 0.39577344983254403
0.5307456021022764 -0.065909704547573
0.6607666372218576 0.23446446344395055
1.274016138927979 -0.5100955869473114
0.509845608035447 -0.545106611094978
0.5436960716972628 -0.7398364186290194
0.7321194804610943 -1.463226022843227
1.4524704376601663 -1.2586523241094392
1.199762055782977 -0.48773592114745334
0.46586872449037386 -0.4190759659425905
0.2969211039633651 -0.04786614017470747
-0.4201828655508378 0.17310525074636227
-0.053519247931769154 -0.4880991288908302
0.1925809551679369 -0.4211396190950254
-0.5061443312973539 -0.05842571682549197
-0.5228258433973207 0.20922377534467307
-0.6165083388266575 -0.5133317683945902
-1.0977466231930793 -0.5632740517302784
-0.6443975446200303 -0.8371480226558147
-1.2134882649104348 -1.4506115792892458
-0.4626650075739671 -1.1899110737209628
-0.27938000757963277 -0.4724994470060061
0.4561119308339574 -0.3338599635248608
0.2434713835718 0.31489556141980257
-0.5030357018511848 -0.37313830868794406
-0.5053046125188914 0.16596165319412937
-0.5180836952399532 -0.47826840380089675
-0.5898987168105743 -0.3660897710646478
-0.9727186532614815 0.1951326399176767
-1.0761869078863235 -0.5069736320766154
-0.7094559065374095 -0.5274749420447398
-1.4098052321611716 -0.6423175825007139
-0.9787734647679811 -1.204890572308545
-1.0542104185812216 -0.465149397271613
-0.7818643000760145 -0.2932520270231961
-1.4894067232857289 0.4272516423387601
-1.4050241231756322 0.09026854348000268
-0.955676612416811 -0.309782309610393
-1.1367452586227136 0.3864941692000514
-0.5491144959505645 -0.10711717409253557
-0.761076317008168 0.3570077516182286
-1.4817896876217214 -0.23070041388331708
-1.3623383099545272 0.5096880058069563
-0.766792192693562 0.542714321377948
-1.484884957003627 0.7262266650133473
-1.3797042986959478 1.4410953213042914
-0.8395170489874838 1.1394115554175654
-1.4458371968458728 0.5440506208665341
-1.1647588018965929 0.7334609868829888
-0.5009438433327033 1.4521941521832196
-0.49353310889030955 1.1990574343425278
-0.4518541758974261 0.4685056213474257
-0.2208037899023459 0.3120235264191997
0.5117641845711745 -0.37963721488056745
0.5543423034656564 0.13690702126092125
0.7889671713297206 -0.42697293940226644
1.4879508153639822 -0.08933705567104705
1.3969863829118496 0.3064380940645904
0.91818209687729 -0.3942701341186135
1.2601815662094555 0.07089919847650189
0.49263913038473195 -0.24936365865535054
0.4468632910596939 0.4958395696270402
0.19408395485450392 0.4648480959325319
-0.5045580143809536 0.29196336956425595
-0.513852668381208 -0.4285370618486991
-0.5660143233837471 -0.09761869024762282
-0.850533911777928 0.33009524958714587
-1.4269380726708827 -0.32505654499625736
-1.065937552829744 0.3408844903907996
-0.7434242434731689 -0.28879774647039635
-1.464155589829341 0.4349954999151564
-1.264738560787743 0.13133750395946814
-0.4994278674675857 -0.4144970066608426
-0.4850294309916674 -0.026724095894946287
-0.40425091180658895 0.09734678964112795
0.023262036994726232 -0.3290423578432411
-0.08484224936556771 0.32798874429139446
0.2924294727271899 -0.33128386976827395
-0.4267660226499661 0.3206830147606895
-0.08885155838127579 -0.35357952325458897
0.3043276285612128 0.24211458689568843
-0.398472230084803 -0.5009114879960682
0.05049931769676075 -0.49336906004504877
-0.1809841133573331 -0.4510328538204853
0.4930314463452218 -0.21691785391912194
0.449145318874136 0.5103151861465509
0.20678416121408122 0.5461236619612782
-0.5089504076987938 0.7441652475886915
-0.538469975511318 1.464050769702815
-0.7024301686142236 1.2644288141570994
-1.390975828684188 0.5000155648685147
-0.8915827062729216 0.4883465594555194
-1.335163163880263 0.42291792705530307
-0.6693300351132502 0.06956302209224008
-1.2984189070328647 -0.2442622290803409
-0.564327604864128 0.49846931858297316
-0.8410850527426579 0.47967671931749223
-1.4412157864877804 0.3745157336001897
-1.14121298160723 -0.15721689624384044
-0.5427988766372659 0.461957666816653
-0.7259248165954829 0.2765789064559677
-1.4376231592643345 -0.4568047935680427
-1.1223460739516353 -0.2484838496114661
-0.5836114008513031 0.49435259860742664
-0.939527906516145 0.4566101171540343
-1.190802883360039 0.24747169106349448
-0.47638156371607077 -0.49511669982372136
-0.3562658020292774 -0.46090020308760576
0.2306403425749165 -0.2709036847357968
-0.5060380339385112 0.4658172392196082
-0.5221128882391817 0.29789095599221566
-0.6118854024033268 -0.4126009643913971
-1.0737243518775699 -0.01847957101900566
-0.7194609416546824 0.06727657408910236
-1.4255209929893198 -0.2364141504410715
-1.0599438089908513 0.5028330502820482
-0.7642802565767839 0.5041540047430976
-1.4796847094242747 0.5115533785016382
-1.351288567269826 0.552962317097567
-0.7275729344627213 0.7804850414733469
-1.4393439623117144 1.484850202418833
-1.131839994751423 1.38010169580385
-0.5630088516325965 0.8442806078941646
-0.8336289824912473 1.4350579206841734
-1.4507236208355545 1.1094280152833338
-1.1925397972281886 0.6164384238912426
-0.4762543996766173 1.093555570141254
-0.35573744934040574 0.6599403359930979
0.23179967546553704 1.2654945524731884
-0.5044502898746868 0.5037184871192284
-0.5132044875755031 0.5091087336590793
-0.5621424274918542 0.5392614609075623
-0.8289051117170085 0.7062320429635648
-1.4563683370399751 1.397476900742424
-1.223199854308851 0.9231579797624764
-0.4696686439232195 1.2429313417670276
-0.3194016137668107 0.47931938817868347
0.3544684063597204 0.3728398290375511
-0.23620221651306023 -0.1627142531765564
0.5016494436826384 0.46837296165714326
0.4975300153091094 0.3123095857927206
0.4744843409534669 -0.37436352385625726
0.3460660108447791 0.15613742782581397
-0.2670449167587094 -0.45824745856650384
0.46980652241152837 -0.2569619614727663
0.3202607785576037 0.48310632137888365
-0.35149854059120744 0.39396821619779365
0.24697602929832063 -0.06927256377235141
-0.493265717664816 0.2420831275602544
-0.4506611669399611 -0.4972138331300805
-0.2160584423610801 -0.47273182918354495
0.5067919545900872 -0.33646320469397883
0.5262754906965275 0.3000532272313128
0.6346573696417723 -0.4052733415424091
1.16956535190296 0.015879514612244017
0.4997963839392561 -0.05762631653992953
0.48717723466078144 0.20377523483553403
0.41671109225947434 -0.5043545697640143
0.040121672830971344 -0.5126516899734562
-0.14389913701904505 -0.5589608877138863
0.4362735146068823 -0.8116269708544634
0.1400143084406969 -1.4722310695914462
-0.42873548246214105 -1.3104505752719822
-0.10102303975670707 -0.5983478464227537
0.3364230578437958 -1.0094677766180133
-0.2995813237921714 -0.9422733263559262
0.40573178134910026 -1.1805659875983
-0.013279036572642677 -0.48813336435974475
0.04816119402437973 -0.42209511473913286
-0.17154307503478813 -0.06738077399889514
0.4785532457181728 0.23550211565879764
0.36885762035180497 -0.5003157807641399
-0.17789956842246352 -0.4900924231942699
0.48554241731254016 -0.4330371732844155
0.4076985161774923 -0.12346557088614984
-0.0035652689866214615 0.39280634916585533
0.012938742634219822 -0.07361849414780963
-0.046891057374316925 0.25521010565351976
0.167048180137772 -0.4833370306146232
-0.47246321370158595 -0.3954655093047831
-0.3352715280542663 0.06125052097354766
0.3026847584310264 -0.2152942200073873
-0.3973632102517196 0.5051452559146237
0.05234634482447692 0.5170472924833994
-0.18552771711505958 0.5833156234985386
0.49211628675087515 0.9359474348488727
0.44436887544056425 1.2010490749175902
0.18315015991155348 0.47491614969252494
-0.48990275456866395 0.3488821591849134
-0.43204754978160675 -0.25478128686208457
-0.11871017899604885 0.48317030836850994
0.38100086755083273 0.3946168319489067
-0.1257627349911109 -0.06476497399306785
0.3973746652250194 0.2265365265642672
-0.051931871732253776 -0.5029300016955796
0.1839364282306855 -0.504686943698572
-0.4902083975313149 -0.5144813962412613
-0.4337827842240595 -0.5690038056673042
-0.12786931437621496 -0.8632304518593745
0.40185925278613976 -1.397445620479477
-0.030702538047382766 -0.9253006529708125
0.11030139289374685 -1.23472575902188
-0.3597387546126646 -0.47763318841315416
0.21314889531089953 -0.3640255656695515
-0.5038863871883605 0.19618118323427086
-0.5100147048691124 -0.49850085823420615
-0.5441375180826771 -0.4800036892391275
-0.7317233547122789 -0.3771717598855496
-1.4412532965410105 0.14166930055036614
-1.143845260659774 -0.4299854434908828
-0.5426657825153665 -0.1085540772151769
-0.7237193794235117 0.354933409518038
-1.4280991103825091 -0.23125161310797326
-1.0756914670946882 0.5001790744365793
-0.7159372878763017 0.48936224388191435
-1.4136094396365337 0.42915182818362996
-1.0031490484157672 0.10442042844016469
-0.9653496707303432 -0.3438785599063259
-1.1007546404996411 0.27147266132713976
-0.642798831529577 -0.45899804500468655
-1.1989985786858484 -0.2621408407350183
-0.47761802163923317 0.47252177361450287
-0.3640988137855671 0.3360130087302243
0.1951146955579386 -0.2982658657558601
-0.49694336030751085 0.40586478539477433
-0.47136022154211665 -0.010873118312200392
-0.3296699552429697 0.03924192385983699
0.31875255015790027 -0.13993491920093631
-0.35188673384123115 0.42584817080249243
0.2419605841215683 0.08788774214308126
-0.4929449527089652 -0.29720598772077356
-0.449132013621462 0.40797878739690985
-0.20929518106043066 -0.0005104549675072345
0.5018755057695511 0.0018428935024797245
0.4988158401336036 -0.0066525983746353115
0.48179488978710866 0.024004558075008134
0.38729332370085323 -0.0862227322429105
-0.09641895259096289 0.2921155103442772
0.3213882321253478 -0.4190570654415311
-0.34362695797544257 -0.05398752398269774
0.2713770964724123 0.19006537309848007
-0.45798440155556525 -0.49285241288497295
-0.25697539699144734 -0.4486527804920563
0.47781615030808955 -0.20693393346091515
0.36537265371539257 0.5007994803636128
-0.1891249578839082 0.49283591545732774
0.49192693968093687 0.448573944525171
0.44352875141067816 0.20658436750984005
0.1798726876649428 -0.500506067555708
-0.48386074986932637 -0.49120728955153625
-0.39881651966967185 -0.43954392863805264
0.04336904612407805 -0.15900107708282224
-0.15385079406909138 0.4577816000197858
0.4496838404903434 0.25604077745481385
0.2126170391154867 -0.4783190748903577
-0.5011927757931122 -0.36823485640999953
-0.49502745950879945 0.17710909228008465
-0.46077778860378055 -0.48067973162079536
-0.2723124834966181 -0.38128388302560945
0.4555349885435681 0.12207471174311624
0.24404227112246543 -0.38641789447318986
-0.4896820200866665 0.09947107200037619
-0.4311296266402986 -0.3290892391807689
-0.11565140996569923 0.318902365801698
0.3709733106980032 -0.3497065667970464
-0.16552332602161202 0.24844881651216627
0.4664183073689838 -0.48558825148447
0.30308111870944865 -0.408476702868908
-0.39202403021180676 -0.0029489093943225186
0.07403272896094693 0.010610303602805186
-0.2542854257808676 -0.038139642357090595
0.4793926466774064 0.13554769417783552
0.37428605672046733 -0.4153250667490982
-0.1514245380632313 -0.03642838400623433
0.4447662889154498 0.12956911736698495
0.18691002208458363 -0.4026536455434948
-0.488769938706476 0.024580309353465057
-0.4261411163568457 -0.08793596010112174
-0.0905671503166966 0.29601154830931303
0.30360042104956364 -0.4082776690469459
-0.39013444798550156 -0.002342158409847084
0.08216785706972907 0.008418096962689098
-0.27884749848205775 -0.03023666708264001
0.4431120946016887 0.10783061590589095
0.17836558358535248 -0.3506250204162503
-0.4806428424522713 0.24421877327463926
-0.3812811507555753 -0.4882171716061494
0.12107068917958091 -0.423127155935076
-0.38305984769359386 -0.07560972395181448
0.11326192304895139 0.2587185375979218
-0.36418353214816185 -0.473231063715226
0.19203435116089435 -0.34057841639951836
-0.49167379213346124 0.2796653120436049
-0.44228724787083756 -0.4411108739139584
-0.17422485932038662 -0.16805977991397147
0.4757668107141216 0.46840459981246285
0.35453359120215333 0.3142427991569907
-0.22916510733777107 -0.36131161575122794
0.49655246147700705 0.20309078598590435
0.46933063204345055 -0.49685677112106974
0.3193383860296857 -0.4710187148409139
-0.34666311215555834 -0.32856868287979535
0.2578658069408255 0.31872185426866984
-0.4735828645481768 -0.3483522169037572
-0.34262913290718416 0.2516962415288927
0.2719890511186081 -0.4803502824901549
-0.4535950496733619 -0.37981323107366555
-0.23436912166565346 0.12668084182068834
0.4936614269239117 -0.3950800250286132
0.4533435497158356 0.058769867891870664
0.2330720693151508 -0.20462450519552366
-0.49416767192216526 0.49675544408071703
-0.45615407072948294 0.4704799229082075
-0.2481681368101135 0.3257491552885704
0.4833173107023827 -0.3269110688929825
0.39621807063231995 0.3232844322937449
-0.05331710901767278 -0.3342968813355581
0.18648465229319547 0.2996427386523476
-0.4863969512308234 -0.39785844855203834
-0.41322700837835236 0.0456509844436081
-0.027447512654251494 -0.16065582546819007
0.09767415806116109 0.45715632028881487
-0.3223298883488161 0.25368100172065944
0.3368209447837727 -0.47731404223540375
-0.290969204455183 -0.36326282990904935
0.4170801734111876 0.19432698357054456
0.04649748010742494 -0.4914181828452824
-0.1634216782881772 -0.44099496257391463
0.4607594615615661 -0.16811964453684558
0.27317376399914484 0.46692966816561976
-0.4504273284882422 0.3065971587147942
-0.21787414372184066 -0.38003920388796963
0.4973007097722846 0.12480347821235505
0.47353488833536606 -0.3899628861926735
0.34264807533851727 0.08114387631187114
-0.27060316673124574 -0.2744146519586664
0.45423273921637053 0.44806302672267256
0.23824520242613195 0.20544270495129457
-0.48982813246687645 -0.4956396229917499
-0.43225923663446386 -0.4643626278440806
-0.12317114073629376 -0.2927904088818686
0.3859764197733243 0.412334939916813
-0.09859967636463723 0.023717356701946968
0.3242314850028515 -0.08436525626079645
-0.33012887362444054 0.28376039978819384
0.31181244840698996 -0.4307405299051152
-0.3655838359455049 -0.11554012405670555
0.18422868737587983 0.3678115656004311
-0.4831037557679234 -0.17523032808905697
-0.395254992365026 0.47435813940631527
0.05663981579424099 0.34729646035311246
-0.19687568552285573 -0.25348123612008244
0.4915402972878081 0.4760158189662399
0.44176239476578283 0.3563901915563073
0.17263153068907516 -0.21977988178328717
-0.47118388658123006 0.4959513924070538
-0.3300283713669879 0.4661221647559635
0.31158158279196657 0.3025268675166557
-0.36562649032385397 -0.3889128475742698
0.1835878423022428 0.08499663789857653
-0.4819838345779657 -0.28519675147648343
-0.38917650585548835 0.42711909289085487
0.08371909784034154 0.09751729316847951
-0.28135673979149056 -0.320671859228942
0.4343402589712846 0.3397854260277921
0.1343922435161387 -0.27914176548910924
-0.4092824740366327 0.4383035240908268
-0.009681080296100208 0.1548900266110958
0.034493579181024366 -0.44637719579296403
-0.12176188088916565 -0.1971082761156053
0.3817038772359176 0.49077618300868275
-0.11623472066316853 0.43761454856081233
0.36862717240119586 0.151423492366213
-0.17096198470088714 -0.44055173829229666
0.4683675482978014 -0.1667058624525008
0.3149100749122813 0.46304688424255497
-0.3556590274213194 0.2861255599776148
0.22160278473795791 -0.424464121411286
-0.4945147391708189 -0.0845327139285213
-0.4582489987114583 0.2833356546303957
-0.2603742575074944 -0.42977980540541627
0.4664155667480077 -0.11143785064047262
0.30440603962625185 0.3565355347432786
-0.383036940096485 -0.21804091846346807
0.11000177190444216 0.494643308638371
-0.35283717242597545 0.45897308412024435
0.23178969011601325 0.26434069597211307
-0.4908458151896443 -0.4608349697635812
-0.43806210844655197 -0.2743668676945906
-0.1540834694214971 0.44542043317728297
0.44415993347615645 0.19245393701461228
0.18586407617103357 -0.4871205146410706
-0.48236339487730556 -0.41758384555448713
-0.3914686253028741 -0.05073747916812393
0.07238375384293771 0.1766145676113727
-0.2462742856475621 -0.47370049033131645
0.4807531087888513 -0.34412693641082676
0.38266996315876445 0.26274528772073075
-0.11110377771928565 -0.46244284105384265
0.3551388235243304 -0.2831606458346252
-0.22261935673392957 0.4291040757118755
0.49315694905168167 0.1084625473812818
0.4508328808105396 -0.3483873223645422
0.22120929689636007 0.2473477696190678
-0.4932609240453454 -0.47938975172999587
-0.4514141257666423 -0.37526467259854485
-0.22433612012352436 0.142364523175246
0.49246558988311595 -0.4232143099874321
0.4470467752079292 -0.07900851925544738
0.20133352605350774 0.26616070605704806
-0.4907009484488394 -0.4570870087506112
-0.4373515235896268 -0.25459583092885063
-0.15087693809608638 0.47169623344416534
0.4379685327874061 0.3333819345008726
0.1541025204983939 -0.29825631551399334
-0.443131858342966 0.3963133933995917
-0.18095077322023484 -0.04969174051988251
0.4769451324183586 0.17276603347066966
0.36200984003247566 -0.4684638288657491
-0.19552227902091307 -0.3159092564122007
0.4875158461464057 0.35078821580261954
0.4198961987918703 -0.23788002186512502
0.06287871399549483 0.48572852411741185
-0.21575055178097513 0.4101001958100284
0.4927253116654723 0.01521180931756011
0.44852891548307416 -0.053857300770849645
0.20942452592193406 0.18641121670093952
-0.49209138110652306 -0.4811427347421434
-0.44505454737695105 -0.38501533463832155
-0.19123557138244623 0.09982459403033478
0.48446949874761275 -0.32492939766905704
0.4032436695045968 0.32399312761634325
-0.017089495418543044 -0.32677159914603915
0.060430639552499096 0.3182801481490639
-0.20767751317735678 -0.3434265900235406
0.491368711443585 0.2635611793144733
0.44111222626579666 -0.45939597240795427
0.1708328760639397 -0.26730398338578254
-0.4653253829844872 0.4539990571299801
-0.299178070426749 0.23856217708976127
0.392932917583476 -0.4843717394814563
-0.06425790480435689 -0.4027656900405763
0.21977184810606515 0.019031515510045394
-0.49150304203380063 -0.06719741159903984
-0.441877880788532 0.2290247050043442
-0.17496145925952145 -0.4890567039925556
0.46961934620160195 -0.42846325407812763
0.32246080006349653 -0.10626632537330372
-0.3306091911141227 0.341304424072605
0.30557866340378825 -0.2702923620024832
-0.37684933383708885 0.4488794110407818
0.13408102375591824 0.21168925030531313
-0.4053535904693971 -0.49115258067685386
0.006550418261944413 -0.43998668415895686
-0.0231676618275556 -0.16532473406804227
0.08159301298352171 0.45770459244474726
-0.27270698454360426 0.25852966548766576
0.4446981102075355 -0.46481957708434374
0.18989169061675598 -0.2966773984257472
-0.4821914159992556 0.3977996242054231
-0.39095804748072427 -0.041505781310294865
0.07248102445840982 0.14464277760412392
-0.24507045222326668 -0.4251764944565972
0.47835294355606245 -0.09012645725890817
0.3700468595466036 0.2972006497491147
-0.16171309618311264 -0.39630953355166404
0.452328340460412 0.048141235609612865
0.23014069553172098 -0.16683238323650526
-0.4874502858066361 0.45908482633482917
-0.4197654677296101 0.26607409172258206
-0.06343886674636945 -0.45416030274841795
0.21659334677076603 -0.23990099770172496
-0.49031437807501954 0.481847339017147
-0.43546622173255856 0.38916341806534843
-0.1424517765386647 -0.08004879253227432
0.4206724795025628 0.26766004484982686
0.06806101359778494 -0.45155127724888855
-0.23104175628362122 -0.22619270730520616
0.4865608475237091 0.4883714803153597
0.41494817199280054 0.42485319818308465
0.040132390797762096 0.08891147711293845
-0.1397368916999018 -0.29329441226608965
0.41531592885726787 0.4042375933788577
0.04199756176124214 -0.010930204676676325
-0.1460022232382455 0.03852911205549387
0.42667396498109667 -0.13424924228074958
0.09815823920941086 0.40440799142712486
-0.3187590846165032 -0.010014422275419266
0.3395529786293415 0.03529397067862543
-0.2745346424563971 -0.12318101143893219
0.4400368128565441 0.38066328178106185
0.16629541468134218 -0.11649416380965855
-0.4573476324873203 0.36515680398040773
-0.2571464104847725 -0.18027852865416638
0.4646041125712417 0.47277226150312
0.2959560151877914 0.33999962584899784
-0.3976379106259757 -0.27272259318349784
0.04110905647192786 0.4426644471592776
-0.1428225512727764 0.1800307183526526
0.420407371145493 -0.47231230148626047
0.06734613871568645 -0.33755713915998453
-0.22830800831086184 0.2807137508380856
0.4864616445371063 -0.4285976417922046
0.4145265664318754 -0.10820486842445787
0.03871780030219263 0.34447278851526897
-0.134647498831805 -0.2569452980534722
0.40445579795640213 0.46423586322529753
-0.009211383766479564 0.2941221208728936
0.032409812393951486 -0.4011523310442966
-0.1130981129005926 0.024554436242598954
0.35640042860135523 -0.08600219104179482
-0.21339650837889657 0.28417933968105225
0.48832709966167454 -0.4215609793380082
0.4247615818609227 -0.07335471968005303
0.08925248653447887 0.24658645973799964
-0.29335335648565614 -0.47442276144018936
0.4024536277304654 -0.34912523053547284
-0.018274137179029093 0.23994563873912167
0.0641045968803546 -0.479499071820659
-0.21775990210262186 -0.3766891666817503
0.4878801480824778 0.1322902038186317
0.422357201228738 -0.3991138961911455
0.07750759771478921 0.033576128891673884
-0.25893099038963935 -0.1169450144490784
0.4609461267438227 0.36514682125363573
0.2767469495985516 -0.17910150526507285
-0.43448766977312825 0.4702054597044597
-0.13854428279341313 0.326441281604414
0.4112647883521121 -0.31501124638943867
0.023674068973353612 0.34820269819938876
-0.08279991442594689 -0.2427213513964348
0.27438752780688846 0.47681408374845347
-0.43819130358138925 0.36221441549129935
-0.15760468592851512 -0.1902898735577661
0.4435157011539618 0.4789454953425623
0.18511920701783524 0.37379835339287343
-0.4750501461449679 -0.14373965505295389
-0.3527023437400995 0.4205799184819124
0.22607734512105954 0.06912820827000277
-0.48537176476025795 -0.23305954350341024
-0.4087742048380706 0.48251045818368204
-0.01212532658033938 0.3932076376508739
0.04251060011434664 -0.05980608494376638
-0.14695044647596128 0.2036457550425424
0.4259727878963529 -0.4850233943889139
0.09600659520602267 -0.4069041033883381
-0.31123882507750483 -0.0034133843476457093
0.3575976704573331 0.011975398436701973
-0.20741693536619737 -0.04196376617267553
0.48576374196096755 0.1450390827329666
0.41096124749753077 -0.42239047705456034
0.022814916875765923 -0.07836636781129869
-0.07966517660523238 0.2608128421374502
0.26464087186299096 -0.4571347505290884
-0.4519728537363728 -0.25686666526825397
-0.22963066425912768 0.4618738917019346
0.48326971424483534 0.2820875636817227
0.39743273371342636 -0.42333873433000424
-0.04018653029307895 -0.08322111114275721
0.13894419041997674 0.27491911815469816
-0.41080704293313697 -0.4359205470239551
-0.022347627273617554 -0.14653918676309957
0.07797782205532304 0.4245464488452337
-0.2593988410328755 0.08932469015441624
0.45837163572658507 -0.29225637658626086
0.26357567015907146 0.4024672152846626
-0.45284083045521906 -0.016781551041523235
-0.23437945741032729 0.058637540275268935
0.4804363359861106 -0.19945537070224176
0.38212640412092286 0.4823006509607559
-0.10752339165807617 0.3922479900508397
0.3406583610397924 -0.06319224067680651
-0.2672636400041253 0.2138530654282504
0.4472921749199349 -0.485377583600723
0.20543174882029067 -0.4089861293752438
-0.4840534954065022 -0.014063470748999496
-0.40180204792762086 0.049135478297838944
0.019545050034297018 -0.1684646475122052
-0.06816915350696905 0.4563273504384214
0.22926086320127004 0.25294260650795664
-0.48223489391008734 -0.46500760529720875
-0.3919597116813119 -0.299117103641884
0.06413262945848808 0.38625358603896226
-0.21659932869751575 -0.08925936087169473
0.48482576384577936 0.29154538260789675
0.4060467156220686 -0.40302998844201954
0.0004987124772156126 0.01359011705953056
-0.0017436162509504656 -0.047440504223183654
0.006095409300273226 0.16272021977275666
-0.021300588441209047 -0.4484706887545139
0.07416806196477602 -0.21184166012699662
-0.24734137097290462 0.48439373387982104
0.4699097925780559 0.4037394924376057
0.3255093669577261 -0.010089656301504935
-0.314910550941017 0.03522378062822218
0.3454549856329922 -0.12178100362899102
-0.2497331836560402 0.373840905983166
0.4674231833412901 -0.14138393080867306
0.3122280627522448 0.4139240016657454
-0.3525574814324538 0.03828553510719046
0.22413040741636137 -0.13205571056741106
-0.4828738230360802 0.3956993947210493
-0.39555305711738287 -0.046719409385310384
0.04735024178909075 0.16012541317496876
-0.16219119010941302 -0.4442503199582768
0.44707846718375616 -0.19016595131744807
0.20485357676625354 0.4755381218809418
-0.4823798239574552 0.3559239861300535
-0.3929126901280431 -0.21136221993190518
0.05903198411284166 0.4834877196578592
-0.19996570802621794 0.39892780998827515
0.4805374294904875 -0.03176995332962945
0.3829645032055714 0.10988926724625894
-0.10248518341981544 -0.3452443821453627
0.3264804230902271 0.24973213994688415
-0.3110436057124683 -0.4665360750119838
0.35493489491202307 -0.30767749657328664
-0.21469366477496804 0.3636547913825488
0.4832253571441614 -0.18145569686883783
0.39755897630674186 0.468199124035715
-0.03774430276786822 0.31661398588247536
0.12999177145138516 -0.3395567243233102
-0.3906928512123905 0.268885975789525
0.06847057472996348 -0.44242803516801654
-0.2292686726001243 -0.1810951245666637
0.48002999679661695 0.4676105267090214
0.38031576170842224 0.31352828720170334
-0.11330417410565363 -0.34777514037512647
0.3530774625361241 0.24025265543851604
-0.2210770077670205 -0.4737828376606402
0.48211722402054263 -0.3466671398287977
0.39163337597175396 0.24404901484853692
-0.06401636930852483 -0.47075992718279125
0.21527157240811484 -0.33046245802376534
-0.4824567186029665 0.2979161281906069
-0.3934944077482922 -0.3865394013747549
0.055594765130201895 0.08628578088969063
-0.1885047916789642 -0.28177446824910446
0.4729452911313212 0.4199956334883884
0.3422456477610386 0.06871358518636062
-0.25902767379546887 -0.22968867351138128
0.45503355165191717 0.4790822245411453
0.24701373260296852 0.37530961311339117
-0.4676942830841466 -0.13370678474455522
-0.3141657506918182 0.39746766474516637
0.34522733956683815 -0.03741311897251931
-0.24848661513843628 0.12859349499319858
0.46615167134029245 -0.3868831588580187
0.3059757771056894 0.08440172763568726
-0.3664957345132707 -0.2760990147432577
0.16911113254283278 0.4295372729872752
-0.4539734244141677 0.11616040713608405
-0.24159005674101586 -0.35907523978384476
0.4716420503970258 0.19775903383542653
0.33539030872373976 -0.4775869429817338
-0.2812743092458768 -0.36734388713129396
0.42005853615937083 0.16553102531704056
0.06945302971120004 -0.449304614375003
-0.23158513505848577 -0.21728186793724685
0.47738062375695 0.48118061157005015
0.3662706982520161 0.3867560041100424
-0.16959728191082046 -0.08453600420555629
0.4540798654548418 0.2761628646168625
0.24230780487346706 -0.42880155610154586
-0.4705659600609552 -0.11276460598797927
-0.3297313042185615 0.3506045827267506
0.2988253239756727 -0.2286115756418629
-0.382943248955471 0.4782498818154675
0.10075013318820947 0.37101067776298835
-0.3203653132398144 -0.15036965527322865
0.3267311289391461 0.4267259391508268
-0.30784167897583764 0.10258942931533416
0.36071135556706274 -0.3250484901643513
-0.1907653347201626 0.3128343045839714
0.4728315761273681 -0.3475234257689411
0.34195742110242444 0.23925542102071867
-0.258532592015258 -0.47218041480767176
0.4538841601962842 -0.338486775147403
0.24149921259891102 0.27012880121276706
-0.4704443765221471 -0.4378175747060796
-0.32922529527244987 -0.15852760791787568
0.29975423409543916 0.4388020746700918
-0.3800799125709779 0.1635790229381437
0.11241305898009096 -0.44568591726451706
-0.34916080245382153 -0.19894216257663813
0.23304007057972698 0.4766795349110633
-0.4753707814682061 0.3626995003938239
-0.3556790153452871 -0.1825928779613405
0.20917521164753883 0.46612165056067734
-0.4794313349999767 0.3062636936641937
-0.37752804409208557 -0.3638936194554586
0.12284350245130532 0.17781234572357996
-0.3729472904135014 -0.46160237909807533
0.14165950105815572 -0.282334434495354
-0.4107877236040727 0.41627264396845653
-0.025812451829695604 0.05202208078359327
0.0888813752384021 -0.17605038845818666
-0.2875556326598533 0.45964055399527093
0.4059302533511522 0.2720330709000177
0.003082446576542275 -0.4338765964016884
-0.010669280493191017 -0.13896326662582664
0.03689386796905706 0.4055499275944053
-0.12622605499550088 0.001392226652209727
0.37991630966479184 -0.004817958116655191
-0.11239923630998527 0.016668640837756647
0.3484688630400087 -0.05753942139211222
-0.23467176330764827 0.19354703291687902
0.47349807058643156 -0.4730114423950017
0.3458175534766995 -0.34321326261007173
-0.24388638813888386 0.252897046643286
0.4670973829798277 -0.4586930840258036
0.31168955545610794 -0.26720728308765107
-0.34887365846169455 0.44060293529345473
0.2329559535459314 0.17333955853936467
-0.47406644472943466 -0.4560785856547124
-0.348920164771948 -0.2535225407343209
0.2326720540300139 0.4577361102743326
-0.47406446665092006 0.26225193703537253
-0.3489350329782374 -0.4471893475109129
0.23250084858544245 -0.20728926853184135
-0.47400523275266476 0.4776575745878352
-0.3486434862277571 0.36821713635353015
0.23341924841613493 -0.15967889994270756
-0.4733988187419732 0.43873288762316
-0.3454252276265689 0.16401134483391872
0.2446133397920569 -0.44451532638142705
-0.46573228872693173 -0.19361904265352564
-0.3046090732876005 0.4721484834864121
0.3662869125356392 0.33877867660572625
-0.16706102600698552 -0.2670550388750118
0.4481660873742999 0.4399613299939539
0.21253401042348036 0.17039370445300173
-0.4777637581279573 -0.4520396510061553
-0.3688755256856483 -0.23267252689518464
0.15662997842790283 0.4732509834605229
-0.43386096041236677 0.34473043948846044
-0.13960354374443007 -0.24658403138091717
0.4054138236843312 0.46351850359343466
0.0017446870934479386 0.29300410945297106
-0.006018668639886733 -0.3926393385100061
0.020755050096174184 0.05622513294972198
-0.07132811507922165 -0.18878680486414154
0.23553973521774996 0.468473893800485
-0.47128389000797777 0.3193398606498129
-0.3343113980085482 -0.3264190182926954
0.28099530503982856 0.3056060477254806
-0.4162951090011437 -0.36299889422308174
-0.053411376898421514 0.179223642404986
0.1797030605905825 -0.46051163779237847
-0.4609093724056569 -0.277265089720081
-0.2793725451182766 0.42275702553227856
0.41899945039194897 0.0848338326393146
0.06657404263470551 -0.2748095411760283
-0.22087469720311748 0.42678478284455024
0.47624502733425234 0.10470034371429593
0.36090582894269435 -0.32800882569412787
-0.18692765445893994 0.3003041225970661
0.46649714902132894 -0.37534317064052797
0.308999571208059 0.12960622754234857
-0.3538090179271719 -0.38506941101892783
0.2133116342245427 0.08865035439473273
-0.4764465361186696 -0.285287548304932
-0.36203820347531135 0.40742429594659374
0.18233611925806148 0.011784961302841901
-0.4625750641117119 -0.04051977907315182
-0.2883344874932553 0.1375407354798259
0.4011722365625304 -0.4004911536039659
-0.017000916444835368 0.020110870548659787
0.05835911752023233 -0.0689672783470304
-0.19506266846988635 0.22785516233877554
0.4709924149915968 -0.47361512930209426
0.33300904345069626 -0.34698462242500516
-0.2840361711442434 0.23730441251874546
0.40932905200307856 -0.46879449234204185
0.020997124721436167 -0.32135333237228814
-0.07194055527520699 0.31929856552320135
0.23667372565944628 -0.3251447964694877
-0.4689936493349251 0.3080692135362031
-0.32245038686402555 -0.35534822076926753
0.3159390238628364 0.20693062958529507
-0.3343697846531996 -0.47481802928802663
0.279317077468003 -0.3534868529842756
-0.41764191415551605 0.21364948275930296
-0.060761335035509456 -0.47543489136585637
0.20232796325658187 -0.35680400206665136
-0.4733758941857714 0.201308332314094
-0.34583717456450663 -0.47298573523722937
0.24072049918255695 -0.3437668955923453
-0.4657829441573546 0.24783067712771722
-0.3055491678691574 -0.4599123546247197
0.3611622420791829 -0.2746223857120216
-0.184661508315747 0.42530339663148387
0.46325122127037055 0.09823235839378186
0.2922253870743282 -0.3103013332852666
-0.3917741908248188 0.348875727639858
0.05838509121542401 -0.22973860994353695
-0.194684758902408 0.47165252339829206
0.4695886957290457 0.336759281257656
0.32580418945912404 -0.2708848738029034
-0.30516192040164325 0.43092990855566027
0.36167562195831626 0.1262284122711333
-0.18233527008809425 -0.37658488159182274
0.46092949607959577 0.12300647306370915
0.2801242882989426 -0.3696001974797409
-0.4151638104279865 0.1512749726162798
-0.049414733044936765 -0.42292549327684575
0.16599940205671562 -0.08690298840297844
-0.4436795434286619 0.27928277178559097
-0.19072542393822378 -0.4164883415951555
0.46677968305743034 -0.05584686317378229
0.3110428327803178 0.1864574555502877
-0.34618459354205516 -0.4637876579568193
0.23852999700342953 -0.2952690793328958
-0.4661127332387301 0.3842886256646447
-0.3075595397045875 -0.09027396274657473
0.3549996230364768 0.28839774079033387
-0.20682013880013683 -0.3987333520678753
0.47310621789324936 0.02667225880156343
0.3446759163407423 -0.09083609163284026
-0.24348031869945602 0.28983224727899626
0.46217414829113307 -0.39561019926893903
0.2868800031516641 0.04059146151342474
-0.40150715029995215 -0.13709623338052374
0.013905077976601454 0.3975992360494118
-0.04753939049847235 -0.03158697525127796
0.1596842748547206 0.10724766540531236
-0.434607651302483 -0.33227765351379734
-0.1451378144881506 0.2840771526180601
0.41192293263399055 -0.40669855439927727
0.03462408779214837 -0.010158809808893443
-0.11730807199207155 0.0347399669221024
0.3559898744128875 -0.1176824511131031
-0.20257042140232034 0.35681058555887846
0.4712841972134025 -0.19949266648079966
0.3351383370186811 0.47014800034571735
-0.27463355800686784 0.3291228888035488
0.423179996548542 -0.2935297908544561
0.08883863310633244 0.38700664768281035
-0.28388030672712156 -0.07785730518857686
0.40656740723401436 0.2527796368424833
0.009841313320168521 -0.4526205256753696
-0.03362411690398708 -0.23726653156346877
0.11386810613589118 0.4655622436351552
-0.34766697414004333 0.30496342447098324
0.2321040679171157 -0.36020694618815075
-0.4682889194358033 0.186318268759059
-0.3193890907110421 -0.4621672623306997
0.32183237298855144 -0.28714780165875203
-0.31479134189260766 0.3997806002450632
0.3345097480450088 -0.021029759441818452
-0.2760421600087643 0.0715853923473444
0.42012407631391796 -0.2340709987565408
0.07435190300285244 0.46695589702000095
-0.2422250054936242 0.31241912046892806
0.46155498497814246 -0.3406680710475417
0.28402946428575715 0.25567006977639595
-0.4055012427677446 -0.4487058856282363
-0.005357596508683005 -0.21729345979895723
0.018288691309234953 0.4718698508992416
-0.06226341723310723 0.3384687902726027
0.20563587773836112 -0.2627750840265979
-0.4708592370308545 0.43971786036656524
-0.33314129977764506 0.1715206337034746
0.27987250673689346 -0.44785011582604994
-0.41283817938025624 -0.21300391074457267
-0.03984730571831485 0.47165254051839145
0.13414048294373898 0.33737940812085654
-0.3903813942576774 -0.2660698780087938
0.06229477599665145 0.4348608237367477
-0.20557221357616273 0.14721324343210768
0.47043999155722693 -0.41386654381030114
0.3310051049278713 -0.044861889507781694
-0.2862171666860236 0.1503970150481212
0.4004821316563877 -0.41893745769990665
-0.017153153590544867 -0.06914218006475659
0.0583371210162843 0.22628434396060948
-0.19318783077677687 -0.4692088169435972
0.4652505923969485 -0.32455290531758063
0.3036972764165621 0.30556626649398155
-0.36175764892099493 -0.35717125558246476
0.17916420912611963 0.19641770397641067
-0.45478874031320016 -0.46673224559155535
-0.24908149075512864 -0.31153840487194695
0.4543170343108617 0.3417382450859594
0.24666305292640459 -0.25093178275270034
-0.45644673751320186 0.4524142305063551
-0.25774507922532663 0.23684370793893939
0.4448450033888377 -0.4637257605950309
0.19800823609770385 -0.29579511633502986
-0.4670954989098059 0.37969283812211396
-0.3135336736821621 -0.10722636270628016
0.33609284107638804 0.33032893543388064
-0.26925061119137383 -0.28749854411703013
0.429045865426961 0.39703031407937206
0.11881938728280139 -0.032141042797387276
-0.35738410900512607 0.10844006795496508
0.1950408720411101 -0.33314018301738196
-0.4653587237249741 0.2784949207166649
-0.30447944988205466 -0.41372506635052037
0.3589694822612569 -0.04487688390864192
-0.18897986717413573 0.1500833669608343
0.46165164402218795 -0.4173828199453146
0.28508779328459544 -0.06234263277688046
-0.4013212265275167 0.2051161002309474
0.012518622068739604 -0.46881128111360704
-0.0425154399455192 -0.3227245272007788
0.1423634799439365 0.30975963790242567
-0.40419978858114813 -0.34533652782142366
-0.000726986728088963 0.23773878753479538
0.002471399941972216 -0.4621437814075564
-0.00840043489304442 -0.2877550539128017
0.028535543486312383 0.39570199865545636
-0.09631441077929365 -0.037553139458471
0.30205196964033276 0.12609854531316297
-0.3641746603009578 -0.3725465325123888
0.16865720969482834 0.1356737755354096
-0.4424495224730942 -0.3916218453143725
-0.18630874416293008 0.05541188033463906
0.4590710746135839 -0.18336139892590742
0.2718224490632856 0.45677787689029115
-0.42383819087738045 0.25991016311055515
-0.09389317752669901 -0.440625000719553
0.29542856193355915 -0.17716181438433404
-0.37898777411761286 0.451168232572902
0.10906151751505416 0.2309655723921122
-0.3337945478375718 -0.4651210735433937
0.27525170747094496 -0.30352992943737345
-0.41795456594789815 0.36005391358047933
-0.0656832818774386 -0.18389635174028118
0.21482896442901184 0.45677992982026117
-0.4687220385009509 0.26005059981560597
-0.32250516226920833 -0.43998744658259914
0.30931219176554403 -0.1741191665243082
-0.34536564071599596 0.4477402667390678
0.23663916943728003 0.2135273548513389
-0.4616332294730431 -0.4685003006064694
-0.28538739860358553 -0.3213863691057551
0.39920246184877317 0.31233344622279396
-0.021160983983393278 -0.337273239659629
0.07148115266019467 0.2635488505967401
-0.23196711592480307 -0.4350199011727272
0.4639166960491447 -0.1493725627647896
0.29739208644958093 0.4147157881628877
-0.37371428921578786 0.05062856507634145
0.1299978704044933 -0.1678894200478096
-0.37952341968044767 0.4403865326302051
0.10613355335113273 0.1763753755004907
-0.32604414725801484 -0.449420049877202
0.2982345813259362 -0.22234029634915214
-0.37153722115756355 0.4669529868133017
0.1385474450634579 0.3133922849790054
-0.39576750253066445 -0.3339040519658609
0.03612205649621897 0.2738628453325277
-0.12098769457331576 -0.4190591511379045
0.3603167498454373 -0.07156820916531126
-0.18194158447700853 0.23192505163116817
0.4540645543816291 -0.46325115775016024
0.24635761950646365 -0.29407696572732933
-0.4533379609579279 0.3803943371972689
-0.24263745968468597 -0.10209797643141089
0.4563230432623949 0.31565082636611275
0.2580851907026135 -0.32738472011542574
-0.4409720215940722 0.2936390424963031
-0.17962103597192552 -0.3811210006619363
0.4517356005983621 0.0989084003166798
0.23447365485878963 -0.3074051469899194
-0.4614737940682418 0.34879356434371467
-0.2849151133699784 -0.22346332122204415
0.3987224115784282 0.46582516391435314
-0.022460432361536165 0.30767263356000524
0.07563415911898627 -0.3479474041143635
-0.24349375960966355 0.2262783189917265
0.45509831293152847 -0.46482106706413623
0.2519102948035487 -0.30245884639880977
-0.4473056689606015 0.3605805708765006
-0.21194019775735914 -0.1802371886589335
0.46661337506461364 0.45178097886901286
0.31188412192052706 0.23487759134569317
-0.33675357987944776 -0.46070086348328454
0.2636584932964373 -0.28103034984877706
-0.4330400605810598 0.40546557024899865
-0.14029033868378915 0.008455286168619236
0.39783889622106317 -0.028548470574948824
-0.026027400628542252 0.0957756962826618
0.0874128133573749 -0.29879159735358407
-0.27639023431455684 0.3686849343737272
0.4133594425207335 -0.14864401137157313
0.045285559686281895 0.41188453934318625
-0.1502671187716704 0.03838844700986527
0.41439769571599305 -0.1280005226641569
0.05024792685566554 0.37398233559971966
-0.16601448636635446 -0.12736637712694726
0.43627983435655787 0.3726178918718565
0.15661973555065906 -0.1327901282320882
-0.42376566208242045 0.3834009013951772
-0.09514132094191818 -0.08837567070996666
0.2968233884575283 0.2787548099411178
-0.3726208113581795 -0.40877727371081174
0.13261333769880712 -0.024161616684562348
-0.3828881742359478 0.08110799905735772
0.09037922697223527 -0.25852295409936554
-0.28405407799056875 0.43866225016876637
0.3988507140343129 0.16868934727105145
-0.020950126331861496 -0.4390061714875946
0.070384271584202 -0.17044790013693717
-0.22744476825641652 0.44091032853138795
0.4628804529175416 0.18004493185597342
0.2926981031965857 -0.45033412671959944
-0.38115396547149344 -0.22790453470393215
0.09735998279246616 0.4625752695713359
-0.3022320571115766 0.29114210018875264
0.3595192791553347 -0.38430535361626794
-0.1829113118747982 0.08403701351329829
0.4524852222293813 -0.26642871476420676
0.23901418101110108 0.42764854335435815
-0.4564492450842864 0.11444005047267247
-0.25944846877405014 -0.3437484900278456
0.43680293824971295 0.23899933293557907
0.1596823181901611 -0.45632337904021836
-0.4270862007101024 -0.25883728734534206
-0.11179847875696153 0.4374171030971714
0.33748359594242416 0.16280018361877568
-0.25961027803658043 -0.4310917444928647
0.4363305958703624 -0.1314811039496941
0.1574374012945195 0.37983504148028174
-0.4237527200476426 -0.10234018053770061
-0.09574242136724359 0.31445823742153706
0.2975994314020829 -0.32784241161673927
-0.3695250173428155 0.2895874936501534
0.1438906769796061 -0.3867284350760753
-0.40244209409515996 0.07320278193267649
0.004018711893890525 -0.23519912181078895
-0.013517875141433901 0.45807062750066574
0.04540238466687792 0.2680396104047408
-0.15005394898125818 -0.424414179922719
0.4123720219048281 -0.09913237273943659
0.04183399885952027 0.3060968782327779
-0.1385945433770452 -0.3490206798240671
0.39282407594186214 0.2200210972920174
-0.046612102422364354 -0.4633661774781051
0.1538268881002782 -0.2955900402389743
-0.4179243379365528 0.3734432781809347
-0.06815739148329547 -0.12787091199948897
0.22012517930494419 0.37198824127700075
-0.4631269111104776 -0.1336283813703038
-0.2943999900051554 0.383304801769664
0.3758302032731924 -0.08721515017168241
-0.1180688658144795 0.2743850710637682
0.35097154093987765 -0.41392136400089974
-0.21273336554563876 -0.049406021195981364
0.46337865162877173 0.1625345638075265
0.2957746720986656 -0.42963240945815595
-0.3725585389495404 -0.12488561373055956
0.13105697825821494 0.3655098747507913
-0.37800607225814087 -0.15870267961106604
0.10893388187388309 0.42437913264359667
-0.3297138913458724 0.09940609357261693
0.28274161966222217 -0.30624040115044393
-0.3988365067691904 0.3477730559914105
0.0194874216100836 -0.22360090924566844
-0.06519415590921952 0.4616682393684448
0.2109550148021952 0.28700204805643237
-0.46276220933477935 -0.390479912022908
-0.29270233352586156 0.056115080934115935
0.37869681347557255 -0.1832672973333988
-0.10578250389017069 0.45062358661425367
0.32184879099515423 0.23021834662681886
-0.30565420586451936 -0.45902991433035156
0.34879735056424405 -0.27342437538410086
-0.21966001209351232 0.4145476042702327
0.4620525053907683 0.052842333318192436
0.28910771058281104 -0.1730073785873691
-0.3858222384750728 0.4409858217016673
0.07577253336326345 0.18155644842984708
-0.24175811960559773 -0.4488753425304177
0.4517791277452254 -0.22144091615604802
0.2362610318860061 0.46146483167446506
-0.4554238533264233 0.28612876155667333
-0.25496654821525866 -0.39149396780912826
0.439269226881405 0.05126148367496536
0.17308389482944908 -0.16794187945890732
-0.44070778627392704 0.4350781061260302
-0.18031419015848543 0.15227484518549805
0.4474632313097155 -0.4140457068285811
0.21440219901238086 -0.050814034795122365
-0.4618550731117228 0.16647118330251992
-0.28825220433924065 -0.43315868537563534
0.38689578353503146 -0.14288542518065173
-0.07076520521095114 0.39867549170663497
0.22694151066328871 -0.0193943732551482
-0.4593090108771125 0.06472152275311172
-0.27514080421007536 -0.20900564741459488
0.41071871170918195 0.4612655852140843
0.03550763501407028 0.28527847737730083
-0.11756283848946472 -0.3924439093205926
0.3484268113620492 0.046677753389706034
-0.21996220532338695 -0.15330926165652586
0.46081537885882007 0.4150876119864491
0.28300635530516044 0.05603240030643181
-0.3965389574769465 -0.182471929556479
0.028577548845765743 0.44856214739486083
-0.09492182149821203 0.22023178825528547
0.2935668207503203 -0.4605499706364924
-0.37516163830561683 -0.2816917067502782
0.11895532130843789 0.3987528301900325
-0.3511962147171803 -0.01861880870480942
0.20986426481598264 0.06206568937196036
-0.4607134189553109 -0.2007433601202204
-0.282593921388404 0.45867007277861505
0.396869361896831 0.27205994291617897
-0.026843401271581024 -0.4149034183114798
0.0891601766996249 -0.05546790264077334
-0.2781116338084308 0.18053401849337078
0.40474861049884686 -0.44643712356624876
0.008603680265806601 -0.20966079482541183
-0.028725327034642784 0.4603474104989363
0.09528594879743194 0.2807952934191129
-0.2941356438082423 -0.3998155115280215
0.3732916467933618 0.013530073492622974
-0.1259891635605987 -0.04511620701912567
0.3656733116284169 0.14806419497560688
-0.15581155257513035 -0.40611005785997445
0.4178224019163064 -0.015009046434883822
0.06950047845178337 0.050013157707496064
-0.22257065092541517 -0.16342436290175563
0.4590596766420365 0.42793664082119476
0.2742705798431687 0.11808094437593047
-0.41060685923269935 -0.3486119337847438
-0.03583400436731499 0.21814822636974257
0.11827225239231853 -0.45967696259478225
-0.3489430627802993 -0.2774989668024071
0.21688432125125012 0.405017766392249
-0.45967749135614355 0.010284880924749884
-0.27753677570714985 -0.034277543931077445
0.4048213073455039 0.11319340737002194
0.009468074893861478 -0.3373958144069324
-0.031551720426119194 0.2555104572424937
0.10432587250471306 -0.4360720620307444
-0.3163317803897935 -0.15820483823469983
0.31815231213253514 0.4205484187624268
-0.3131120230641208 0.08281830274031837
0.32671151540545795 -0.2601833579676891
-0.2884400064899677 0.4302866171883378
0.384090917008721 0.12986011892629845
-0.08095779998356462 -0.3727106490896934
0.25493372249237944 0.1274734022057875
-0.4363188031130758 -0.36787597450570775
-0.1595856196536521 0.146430327081723
0.4220874524292047 -0.4025120151471271
0.0903568400386654 0.0006199674481176531
-0.280404317163775 -0.002065159781670028
0.39903639120222556 0.00687840467144569
-0.01610009424881953 -0.0228995263411546
0.053499181783286553 0.07592121565982027
-0.17383506279231678 -0.2405516019813936
0.4385559137872489 0.4491103305536972
0.17083485751920424 0.22381348456632133
-0.4353535329295709 -0.4573442635597851
-0.15501208684682555 -0.2658363084608375
0.4153171139029532 0.42201790358648794
0.05853499321743222 0.09025798858088496
-0.18916241781084717 -0.27988111852931935
0.4508154210830926 0.39949420847488176
0.23256392373772342 -0.013770809616244661
-0.45362602189381307 0.045744416564836375
-0.24689979263760517 -0.14948828098273964
0.4434925335918515 0.40676226866753257
0.19565900964176489 0.019109532261178674
-0.4541133837647242 -0.06336278590754504
-0.24943948337057206 0.20358632947532393
0.4409574792285592 -0.45689447152893825
0.18304407721914606 -0.26368957341503874
-0.44610362726768404 0.42440216496249905
-0.20887431357991884 0.10195385204138713
0.45773137277737774 -0.3095472957726239
0.26802950058372066 0.3345729088161797
-0.41812373063017905 -0.2630024988125253
-0.0721256907383534 0.42510220472278787
0.22918733678033404 0.10542245645471937
-0.45453099205238884 -0.3178863589763077
-0.25171435118395347 0.3122332538176874
0.4382120838746272 -0.3273865076436072
0.1695736771415728 0.28485723124726603
-0.43297465901961074 -0.3893941374225759
-0.14378411729955298 0.05731407653339482
0.39683670079131084 -0.18507179197065504
-0.024929379938271712 0.44706786036668866
0.0823492864103755 0.21394338638050034
-0.25786232396341535 -0.45740955274153905
0.4310512480019034 -0.2665495224560493
0.13448879990261958 0.4196488120638983
-0.38009410749647626 0.07964805185643548
0.09611819342306055 -0.25028030547299934
-0.29438100524254224 0.4391259935396768
0.3695238891045202 0.17431228734806914
-0.13843900795695913 -0.43746881488163625
0.3871723156134859 -0.1661330995659689
-0.06640666423502328 0.4285079287472534
0.21212025282918207 0.12227205903502214
-0.4569199972092239 -0.3554789161697186
-0.26417708317810557 0.19118590922621925
0.4224713008739694 -0.45043650468849783
0.09330872707798155 -0.23118570406744407
-0.28688938373815803 0.4525971326919811
0.38455457695621725 0.24217861072719948
-0.07720871889220449 -0.4457010655835717
0.24314481470115684 -0.20734918977950115
-0.44485961100101096 0.4561195839617487
-0.20315512487850076 0.2601831330136346
0.4551422785496455 -0.4273400151634966
0.25521859734557417 -0.11685498391117188
-0.433139879392352 0.3434203226698189
-0.1451080646381523 -0.23283593945363457
0.3980773172113926 0.45134707051410394
-0.01870794783843216 0.23596698437930688
0.06179784760390969 -0.4495119572549847
-0.19811634703653816 -0.22670328610999763
0.4531382914420551 0.453836947010442
0.24511595730165267 0.24866997898326415
-0.44271879979946305 -0.4395396712291958
-0.192627743341595 -0.17680170260024747
0.45041888001166 0.4388379499024943
0.23137494953958257 0.17335559137041995
-0.4516389597143351 -0.4354271458227977
-0.23758342752083494 -0.15655050088620115
0.4480710344465585 0.41510094719171897
0.21957285810856422 0.059021689255426724
-0.4552449931210637 -0.18959364250015046
-0.255970496533609 0.4483969191696021
0.4315049661048848 0.22125914049862797
0.13745235395232058 -0.4548031162556646
-0.3842320930354468 -0.25375689617756886
0.07776681469426544 0.43382970587963904
-0.24416454937939258 0.14886894085224367
0.44285817980217446 -0.4033948252964106
0.1935610797968946 -0.005548008168783702
-0.4502944070581192 0.01834482029999003
-0.23095370481436395 -0.060495199958075896
0.45118877641703725 0.19385320253778132
0.23550663347001002 -0.450319858008338
-0.44869989371075414 -0.23112404494658187
-0.22295896853845376 0.45097930581614143
0.45389609038695566 0.23448733228010377
0.24929551944827322 -0.4491561447826333
-0.43785516823828663 -0.2253027879203567
-0.16888318227058352 0.4530992221683414
0.42980643247014416 0.24528644346637252
0.12951235255184185 -0.4413546136739863
-0.3687123276391309 -0.18627758623731616
0.1398601364692919 0.44539508005549744
-0.3878879482605814 0.20647967408648135
0.061824939052965266 -0.45412630404983934
-0.19760498438231094 -0.25058195397038036
0.451450456313962 0.4362077207383594
0.23703542677978126 0.16091688735824977
-0.44711917324152706 -0.4198843057672162
-0.21521982577799448 -0.08216034672905537
0.4544334803064347 0.2558577634471811
0.25222040028883713 -0.4303725921125277
-0.4342827394722964 -0.1324867917107999
-0.15157306869182885 0.37407916637230476
0.4065949827516574 -0.11835844354313457
0.020681916180260884 0.3452199150372587
-0.06800313585237273 -0.2249165552800213
0.2156255612304382 0.4524055982341135
-0.45407245504575866 0.24201977447745188
-0.25048835220173715 -0.44316959938121286
0.4356936702582349 -0.19561720163570642
0.1586342684072134 0.4499818656094623
-0.41636183660094583 0.22981955268469662
-0.06589873020501286 -0.45032391486317197
0.2093447934644559 -0.23157349388562767
-0.453649954000951 0.44942958196502725
-0.24843376599992759 0.22709029259483632
0.43737112441058457 -0.45124774031952225
0.1670063396509554 -0.23629465263071106
-0.4265538267510169 0.4466727484093693
-0.11438676078287524 0.21328711408694517
0.33600141901552677 -0.45359774447035434
-0.25459687836443884 -0.24824653840785865
0.430831419310356 0.43728668673875176
0.13512611572248528 0.1666926983978405
-0.3783164160506423 -0.42596753622863726
0.10063187020403352 -0.11169002001309486
-0.3034380414138449 0.3297333097039185
0.34514470130298736 -0.2738275319322763
-0.2243450082047067 0.4044357779363095
0.45159600601266925 0.011531487360197934
0.23823022811340677 -0.03793365820923538
-0.44488111499467564 0.12338724527647973
-0.2045127850240422 -0.3550582853201799
0.45206778470954206 0.1895623875768775
0.24066869213288783 -0.44580450783877157
-0.44301330842058656 -0.2091744890282761
-0.19525980651887107 0.45271457999524145
0.448721617253098 0.24398041138941853
0.22385011898065346 -0.44032587655283095
-0.45131280981017696 -0.18196601252694122
-0.23693414909020427 0.4402621744367957
0.445288492246386 0.181683148069265
0.20669882397994346 -0.4399591943756592
-0.4520853104110454 -0.18021652178402242
-0.2408901180656261 0.43868472078311976
0.4424218016092586 0.173953772832595
0.19247429791549925 -0.43291498596100303
-0.44693666055588194 -0.14569922298931526
-0.2150344427484731 0.39585860800241524
0.45233749605575363 -0.0259889727364912
0.24224417787921332 0.0849574366726621
-0.44114554450892934 -0.2623413037640346
-0.18623572605944505 0.42020570873197066
0.442904057794571 0.0848439638239466
0.1949965124473506 -0.26197020256449494
-0.44787207341866586 0.4205610847633185
-0.21983943980642837 0.08658463825976209
0.45146438184356097 -0.2665740881559335
0.23794099055401627 0.4141701896570162
-0.44387147083519496 0.05673732918309482
-0.19990278424839153 -0.18130356770806244
0.4496113571949107 0.4389144481554256
0.2286603823801797 0.1753686097154954
-0.44863791355613425 -0.4336333146236625
-0.22379649622460154 -0.14950490986262183
0.4502270652931303 0.4012887719278711
0.2318134885574275 -0.001626629457888662
-0.44704747724554766 0.005340667676460157
-0.21587983577680667 -0.017529556781923535
0.4514496791060836 0.05739526406774236
0.23802735256762098 -0.1831358779799682
-0.44330227706891945 0.4399584121986547
-0.19725496264392509 0.18068463716704208
0.44813261981393904 -0.4379462392144411
0.22140258459794562 -0.17079963736080883
-0.45040050597930803 0.42860280044298593
-0.23282292851220965 0.1253460600498249
0.44611163522054187 -0.35771547837466355
0.21134566924845818 0.17841373079374578
-0.451092430166502 -0.43579359521274463
-0.23636080437201218 -0.1603388956769381
0.4439363409012295 0.4160805260249905
0.2005612923749283 0.06612510442643743
-0.4489356027344639 -0.208798230466698
-0.22557131345349615 0.45068559019273746
0.4488441940166229 0.23437975273335654
0.22514058510777357 -0.4448880227062726
-0.44889859768361484 -0.20537468539649992
-0.22544147594468528 0.44998912237425814
0.4487179836599617 0.23093140387866837
0.22456346613998868 -0.4464962462035994
-0.4489084359239919 -0.21345706216076632
-0.22554664513087147 0.4505912886826221
0.4485153180484636 0.23401346496498227
0.22360344508865546 -0.44475258978937965
-0.4490174554819757 -0.20481991983054276
-0.2261492207678045 0.4495475863734321
0.4481449268509574 0.22882335541625182
0.2218040165896042 -0.44708996252626904
-0.4493040468916107 -0.21653974263907133
-0.22764246474234986 0.450103605707632
0.4474342201763848 0.23167052594860713
0.21830402263555973 -0.44563429400754984
-0.4497775183652527 -0.2093314083395289
-0.23007385265711663 0.44991766307070136
0.4462559853412298 0.23079118226356124
0.21247596987166803 -0.4458859419412944
-0.44996837824122504 -0.21064481774960458
-0.2310867846922717 0.4498570399052068
0.44562031835576743 0.2305414733130576
0.20936484939865954 -0.44583299875976834
-0.4496332989829165 -0.21043952398006618
-0.22945969498724636 0.4496792304124304
0.44618895522901236 0.22970385350458097
0.21225815697229672 -0.446040710725115
-0.44963463331648484 -0.21153353943506845
-0.22952122596641591 0.4495723745742366
0.44599407870715235 0.22922265635159889
0.21134488612075517 -0.4460802409655723
-0.44944125566452375 -0.21178897256359316
-0.22860634268391186 0.44941670576718173
0.446211436645775 0.2284970066697831
0.21248668649724345 -0.44621404510362395
-0.44930887987316825 -0.21251423049718715
-0.22799781038178596 0.4492680710179688
0.44628779171713856 0.22780707784487914
0.2129254394693604 -0.4463204114264208
-0.4491474919313947 -0.2131025579904903
-0.22724432127243316 0.44910620579919236
0.4464091041114226 0.22705132206554487
0.21358815420914723 -0.4464388483525129
-0.44897812081574107 -0.2137508985298228
-0.22645135823270088 0.4489340212673272
0.4465297300052572 0.22624440723854156
0.21424729490361868 -0.44656037939570725
-0.44879725609866394 -0.21441451227875744
-0.22560141745094728 0.4487501580742026
0.4466530320716272 0.22537960633303597
0.21491961884192917 -0.44668397629398915
-0.44860424133391524 -0.21508827268259806
-0.2246912949684227 0.44855408565237104
0.44677621356149844 0.2244543581881037
0.21559119328268175 -0.44680649944390916
-0.4483993193657214 -0.21575652338095985
-0.2237223117864716 0.44834641221438565
0.4468946454866848 0.2234717989409952
0.21623893436981967 -0.4469227441310518
-0.44818452088401417 -0.21639331926853564
-0.22270470366470443 0.44812976800672366
0.447001293962207 0.22244516307507184
0.2168277749524336 -0.44702506006033255
-0.44796463540613846 -0.21696052129744794
-0.2216624760058275 0.44790974788249127
0.44708687487153503 0.2214024612788334
0.21731143267607989 -0.447103781155536
-0.4477477178135161 -0.21740994694096427
-0.22063585991681942 0.4476951436694544
0.4471413684844314 0.22038759140835795
0.21763998184277072 -0.4471491301860864
-0.44754398922592625 -0.21769288131431552
-0.21967582132187255 0.4474962615112996
0.447157134568122 0.21945190423634708
0.21777539146888447 -0.447154650651612
-0.4473623675655878 -0.21777720992883592
-0.21882670105727353 0.4473209719065894
0.4471323808928166 0.2186344997193537
0.2177088307375062 -0.44712033446826216
-0.4472061374461424 -0.21766300555608836
-0.21810469767117466 0.44717071439860684
0.4470722663639478 0.21794238238667546
0.21746613925538172 -0.44705279522060365
-0.447071306946603 -0.2173833562263125
-0.2174897534354481 0.4470399841829536
0.4469863191150909 0.2173479534036481
0.2170949227653053 -0.44696196814730815
-0.4469494679450172 -0.2169878894752626
-0.2169398672569441 0.44692001423698846
0.44688409134748475 0.21680745578265506
0.2166428628433037 -0.4468568475209511
-0.44683233410275736 -0.21652149158680412
-0.21641372337584827 0.4468030657547216
0.44677218200469637 0.21628231240082343
0.21614288109415308 -0.44674312458699084
-0.44671432395421223 -0.21601255581858486
-0.21588352993860224 0.44668429882211175
0.4466537477726982 0.21574842898527735
0.21561073332848554 -0.4466232481062712
-0.4465924819254353 -0.21547331471180198
-0.21533459072922198 0.44656123083758037
0.4465295945027904 0.21519347471100994
0.2150504651182793 -0.44649762929729053
-0.4464652778266849 -0.21490584463460136
-0.21475932497861852 0.44643251065755996
0.44639931638533803 0.21461076591024303
0.2144601014232028 -0.44636569012667243
-0.44633160131423844 -0.2143073154532375
-0.2141522551899215 0.446297033292863
0.4462619631902517 0.21399483920890675
0.21383495307918407 -0.44622636827252626
-0.44619022309966305 -0.2136724876361753
-0.2135073106097191 0.44615350465737624
0.446116173506809 0.21333932025839827
0.2131683116583123 -0.4460782069396385
-0.4460395655111975 -0.21299417704844423
-0.21281672049750552 0.44600021347639707
0.44596010505135075 0.21263576767488043
0.21245109086728303 -0.4459191997032018
-0.44587744654741607 -0.21226249317206133
-0.21206971889805756 0.44583478819495603
0.44579116870640845 0.2118724880417536
0.21167052082847146 -0.44574651316405745
-0.4457007528857353 -0.2114634560642067
-0.21125094651297557 0.44565380121686593
0.44560556275601304 0.21103257219812535
0.21080785474549193 -0.44555593333876153
-0.4455047882698374 -0.21057628543507803
-0.21033724713786545 0.4454519938218291
0.4453973896885554 0.21009008321468
0.2098339996614495 -0.44534079407073013
-0.4452819982904666 -0.20956810082414684
-0.20929135854343284 0.44522075024763336
0.4451567623761371 0.20900252808724407
0.20870019057355224 -0.44508968742471133
-0.44501911053017007 -0.20838263703053997
-0.2080478210338662 0.444944532692761
0.44486533924518246 0.20769328109690763
0.20731598563872522 -0.4447807680155873
-0.4446898708575795 -0.20691218023985647
-0.20647718881260455 0.4445914321925314
0.4444838904069903 0.20600502533049878
0.20548799069064105 -0.44436518126546964
-0.4442325454364425 -0.2049159191042964
-0.2042752270498333 0.44408219120716685
0.4439087945788123 0.203547236883623
0.20270575627602672 -0.4437046490218297
-0.44345824475888584 -0.2017128778177627
-0.20051202283536787 0.4431517270484394
0.4427561847059521 0.19901549468314916
0.19708144293358412 -0.442222310581449
-0.44146078060283656 -0.19446829690487089
-0.19073938419820813 0.4402973542078198
0.43836035326486666 0.1850456690575885
0.17558592710343435 -0.43476336220234973
-0.42707804032360175 -0.15810759874712788
-0.12121435110032708 0.4073988978411729
0.34431398670322 0.030036465750796326
-0.21946334990379113 -0.09645118399223984
0.4436725062938164 0.287673116452892
0.2017471234891263 -0.37048346838912966
-0.44264768193665416 0.1249309335779597
-0.19672796375606258 -0.3517409779451235
0.4408496686661395 0.19394528591522642
0.18792482752009887 -0.4395859413362452
-0.4362413066768498 -0.18175073626679156
-0.16546214284727 0.4318921086631489
0.4161248512092016 0.14445188315498764
0.07007601725190366 -0.3869237349642362
-0.2171292716160071 0.05853144582824926
0.4435651128343919 -0.18371277239869446
0.2013806656130442 0.4331735481795138
-0.4421102039821314 0.1507125781578137
-0.19425089233069617 -0.39645111958424906
0.4393420905499509 0.017896203040751013
0.1807164480517493 -0.05767658259611615
-0.4307056417776805 0.18109865501044098
-0.13892979018873514 -0.43097099442753106
0.3773776067214792 -0.14022052565515397
-0.09725839657841323 0.3795572184971001
0.28917757388610194 -0.088469407226901
-0.36665219432890234 0.26688832304505067
0.138975875209231 -0.40485005645279876
-0.37729940295270786 -0.01922789694031013
0.09742607058728914 0.06189749151725611
-0.2894731069272375 -0.19335824460318207
0.3658585840126415 0.43845255624039114
-0.1418259737997125 0.17656533298150173
0.3819720595888796 -0.42675003438570874
-0.07841023864074842 -0.12027311754965636
0.23991307125343203 0.34142316622186325
-0.4333028232661617 -0.2278554621642211
-0.15168057408172414 0.4399371864563228
0.3972038682495445 0.18390799329337404
-0.014130205938456597 -0.43244809585081423
0.045513656716576145 -0.14761622821920084
-0.14424205379629212 0.39100541671175715
0.38564502596900346 -0.04062352337015723
-0.06305598384506717 0.1291934814956358
0.1965065473942813 -0.35899903499664826
-0.4393204433084701 0.16685401661543292
-0.18102093921547413 -0.4164979050604744
0.4299767595812962 -0.07251512131394267
0.1359041860456922 0.22338686393573515
-0.37125674034233513 -0.4409567332683888
0.12060690753771552 -0.1890813898999255
-0.34166620452795143 0.4353803485179373
0.22650703437283942 0.16196887966456464
-0.43979639081805627 -0.4105164484916629
-0.18346988688122612 -0.0452976727322163
0.43153131030275926 0.14342088751792953
0.14349129851680997 -0.38386256695018933
-0.38394511126410025 0.07002707142258124
0.06966015457429231 -0.2162210891786488
-0.2151676254724158 0.44188974644661594
0.44193439116835515 0.19380416977661083
0.19403810866840682 -0.4375120640688982
-0.4375837537029524 -0.17246957985744277
-0.1728340352749136 0.4218022192298924
0.42212419934299594 0.09752217115720296
0.09904968144392223 -0.28888495388010244
-0.2925952516874954 0.36564001764517634
0.35802495949184326 -0.14156862212820104
-0.16964871893184247 0.38042867648181705
0.41871093680611077 -0.0836966279729448
0.08323416841006115 0.2534344777217584
-0.2521863925036011 -0.4198213949726215
0.42109453411204345 -0.08843553766734291
0.09439131774932852 0.26578470225641804
-0.2809159083203971 -0.40448440203729064
0.38035542635357883 -0.01870504006777257
-0.08379556818651301 0.05999900524486465
0.25355329538780663 -0.1870983104441136
-0.41940799135927037 0.433141436212766
-0.08665397168095956 0.15162318856699697
0.26100663642930366 -0.3957195796362255
-0.4105610344911744 0.019487697261557857
-0.04612059889146153 -0.062463574116609286
0.14560475761022354 0.19417743855670538
-0.3864644728287612 -0.4368048594289223
0.05851657497959484 -0.16940979467728962
-0.1826237367540646 0.41785256477678273
0.4297158964256925 0.07960483286146025
0.13537373350334947 -0.24212350792485587
-0.3690804274575511 0.42949534704115483
0.1277957546726543 0.13435789061948855
-0.35492294919855827 -0.36719456514814464
0.1799813994056062 0.1349251593234001
-0.42744577773204906 -0.3681550483159576
-0.12468586847598584 0.13121152633963418
0.3487055460183292 -0.3612951241630152
-0.20149129018245587 0.1568389906319107
0.43901554347735655 -0.402423197421435
0.1803517744962631 -0.010129089946026182
-0.4275218447437316 0.03250005276324072
-0.1251565261052432 -0.1034184133203844
0.34946792865072773 0.3022120915992642
-0.19868272897125394 -0.3354108388006337
0.43790227041281937 0.244709674691305
0.1750369702453739 -0.4268020895794642
-0.4227341125287859 -0.12183898304904606
-0.10270618389417097 0.34265393762715385
0.3003828898158003 -0.22138283260133268
-0.33939630937995535 0.4390941482258616
0.2318866771804402 0.18090618539282172
-0.43516607932437434 -0.42755484691904305
-0.1619123109493123 -0.1255141198744667
0.4084015835374118 0.3498586146821571
0.03707301165595478 -0.19697708623127735
-0.1175154293915619 0.4368494307731063
0.33341480137334406 0.17011075932982966
-0.25043400515933895 -0.41751825400384024
0.421036976681256 -0.078675022345783
0.0950125273712718 0.2390296354831234
-0.28143925916470347 -0.4305391817650245
0.37761705525898404 -0.13986764045062539
-0.09351577142555745 0.37590773009736234
0.27763990008339773 -0.10027361560880732
-0.38415001991307046 0.2941964583737344
0.06700889146718036 -0.3524108336785333
-0.20654071015653297 0.18774528022259296
0.4389693536333794 -0.43174559868835805
0.18058046437405434 -0.14575287143917143
-0.42663807904257905 0.38528255682346507
-0.12150582017507777 -0.06221659393937784
0.3413013577449616 0.19273574145281558
-0.2249796747882864 -0.4343273179582404
0.4371393090722794 -0.1582207773287725
0.17180260565085742 0.4030265556279313
-0.4185947646247919 0.013638284140286894
-0.0840141202768413 -0.043603608197372086
0.25292701904718395 0.13734716899489757
-0.41767673823004126 -0.371089884369696
-0.0798349698705087 0.11863576615708349
0.2417517336152295 -0.33511786616616257
-0.42771347739256116 0.24432675730888442
-0.12681145448877063 -0.4256231894189033
0.3515346541788063 -0.11695864606144862
-0.19020574242078953 0.33147505785374176
0.4325116949442886 -0.255360930399981
0.14972740268685586 0.4147064342022386
-0.390767069182469 0.06636092636100765
0.03889042921048824 -0.20433934634780015
-0.12279734658085861 0.43772728246234527
0.3433903885845858 0.17490271208163327
-0.21750299260054573 -0.4209897177037228
0.43808826550591273 -0.09544074183772161
0.17669795763985308 0.28174975008894654
-0.4224952342801418 -0.3757476510124582
-0.10251574077293857 0.09998798813884013
0.2987682283231385 -0.2927516626120754
-0.3411937218872943 0.35420706443091066
0.22444278095121345 -0.18041295662440981
-0.436274284467525 0.42540997104843525
-0.16804127132697627 0.11627107598048708
0.4137816567674098 -0.32955581450543575
0.06245636075866701 0.2605221587208338
-0.19293534363337322 -0.40789490023789604
0.4332178828290035 -0.03592198304710997
0.15343076989559895 0.11349864937035165
-0.3954849066339839 -0.3234508556490592
0.018368146907533633 0.27810063993807455
-0.058501096177531964 -0.38161285877792317
0.1813882215173858 0.07614620101700414
-0.4257668127775347 -0.23120277709481113
-0.11815366531991384 0.4330981168513622
0.3332372600189877 0.15297488676222404
-0.24901227190766517 -0.394613780784285
0.42015776640935987 0.021919016811899672
0.09202895538162653 -0.0696858771717372
-0.2727356361914788 0.21325019186908395
0.39006649275008953 -0.4374389262419162
-0.041058413955829764 -0.17395097864014475
0.1291413199044579 0.4191051142214375
-0.3549316140663892 0.08725523433792831
0.177120585383014 -0.26046915087038974
-0.4218558396247103 0.40719944017991233
-0.10007403132240644 0.033241211398586545
0.29229785344489745 -0.10503921191652194
-0.35406410138683986 0.30396140365842284
0.1800177201740486 -0.32813142550045815
-0.4240800896164221 0.26385422758315025
-0.11055355099827052 -0.40256870724017635
0.31637408967131425 -0.01288859670465431
-0.2967402971731237 0.04103850409435169
0.34437208967902494 -0.12895821110377312
-0.21288759659375983 0.3542372196113456
0.43682270453798705 -0.1791852725401173
0.1712305166240804 0.4231570962471647
-0.41590197842340804 0.10637041351486021
-0.0728463781669077 -0.3067558649236862
0.2216683157117656 0.32101173748586825
-0.435499095603213 -0.2838256977377002
-0.16493871005348298 0.3701739145060016
0.4089860931918838 -0.12036441367356038
0.04162748197990157 0.3370304244588454
-0.13064033901360267 -0.23623579058639294
0.3570741632303037 0.42903883883225563
-0.16877850020143292 0.13419594656299144
0.413032837675544 -0.363504481622764
0.05998121048685229 0.14531891594511553
-0.18513392010927918 -0.38212290841412483
0.4270682485723025 0.07301374346939715
0.124975904119279 -0.221918012730767
-0.3460401839700287 0.43496648291533485
0.2067116479896775 0.16257554532675456
-0.4357070805929733 -0.4058151669068253
-0.1661643782643305 -0.027761590511903245
0.40988736129320036 0.08777014446743271
0.04597651171136036 -0.26108515582095454
-0.14365389871418383 0.4050660148417074
0.3791740730804493 0.02453561866145787
-0.08460621858529255 -0.07765964057599455
0.2528197291210323 0.2343964346946879
-0.4144995818953286 -0.4294590760904193
-0.06696070966617473 -0.13648482984792593
0.20483337802915047 0.3670395428634083
-0.4349808817659997 -0.1315997678910471
-0.16285593593347708 0.3582345687506541
0.40570767788640666 -0.16396238591791973
0.027578710061003597 0.40697231905642434
-0.08711055576480922 0.033213429338511236
0.25912130852670734 -0.104590108822113
-0.4069899489889467 0.30184987278674114
-0.033358671519301775 -0.3314030205451933
0.10501394342599793 0.25256200173502896
-0.3027558141008724 -0.41429254202112986
0.3291875223866392 -0.06626754123172529
-0.2590778095405456 0.20268502541016536
0.4068046971427406 -0.43406843788717436
0.03266899126243883 -0.15868151218003573
-0.10283487576308648 0.4001631090515488
0.29755085064642384 0.0035349898569552174
-0.34076015408401206 -0.01122735970184539
0.2230732388722858 0.03562119156390238
-0.4334474085551072 -0.11189714877568356
-0.15581207325031626 0.3179831917069632
0.3962120442665901 -0.2904891987520133
-0.013358758000646287 0.35549313632881285
0.042347795429447395 -0.1731085646561269
-0.13237196807430845 0.4159434742690722
0.3589740326236782 0.07407835909382393
-0.1605867468861748 -0.22414848738150273
0.40215382474274275 0.432819309371698
0.012490058975233531 0.15294788000883675
-0.03958305589218895 -0.39203012803664516
0.1239149290657233 0.030918647357161932
-0.3427474827247451 -0.09729675923446102
0.21616085753357062 0.2839968383979432
-0.4342233782567324 -0.3676756109402485
-0.1597496283449264 0.12822287542970567
0.4008469610166175 -0.35097800654566835
0.006977701027073346 0.188441390249923
-0.022120095126638196 -0.427282420372357
0.06985184483505842 -0.1268995884993359
-0.21227925469872988 0.34833950533333247
0.4341623208439198 -0.19731280359295333
0.15957196869620666 0.43137979459578646
-0.4003915325267155 0.14633394874190364
-0.005162579958085722 -0.3818737224024671
0.016360116017298948 0.0724504037912016
-0.05173328180281182 -0.21935527145995742
0.16019469672089226 0.4332601801572092
-0.4010013868376139 0.15536444470691457
-0.007929779630774125 -0.394727318048554
0.02511167211010225 0.019032458233511018
-0.07912782384523531 -0.060111094773387386
0.23732273558670713 0.18454609733438296
-0.4255415447950839 -0.42427246620460257
-0.11900206429500693 -0.1130723959436627
0.3322003303862694 0.3196708009444874
-0.248561565227021 -0.2846769894459982
0.41644667705431015 0.3655170363474288
0.07702345404174304 -0.13564427735226725
-0.23155727376592156 0.36384205121972607
0.4285783735247029 -0.14180554204557644
0.13339016060240866 0.3741849165975097
-0.35976077135527507 -0.10247543625252764
0.15663911663146335 0.29561993689657756
-0.39593198702426136 -0.34321792615129737
0.013534691585050607 0.21356491201461342
-0.042763227874717466 -0.4331758427769616
0.1331903314250677 -0.1552755480677127
-0.3592270679038635 0.3939888573531676
0.15838211687508463 -0.021699546127353864
-0.3979930815553854 0.06836900512245618
0.004561384184077644 -0.20764062867193794
-0.014425258461456095 0.432734033770422
0.045542361208333854 0.15327176316762353
-0.141466375914494 -0.39105973976068936
0.3732053416420263 0.03388762839885784
-0.10588437331511075 -0.1060966404186294
0.30315070321235665 0.3036340391942941
-0.3257958575962044 -0.32466380381916027
0.26666857502483426 0.26991080107863474
-0.39423111362627933 -0.38951775624460006
0.020378417762287104 0.04017252788428999
-0.06417730169760864 -0.12520824627096575
0.19568077662802286 0.34386862689926745
-0.4291871008579068 -0.21080900004891145
-0.1366770532749747 0.4324630314441249
0.3648367864401081 0.15219864498331748
-0.13731510048504691 -0.3891440158922923
0.3658739768808359 0.04154826907540521
-0.13339495507600602 -0.1292990425700372
0.3589533518068779 0.35146736140844237
-0.15869422539970518 -0.18503720865419848
0.39766634695824316 0.42319775050782604
-0.005440787545673398 0.10879215330123743
0.017175623993470744 -0.3092882146352219
-0.05409226800097925 0.31037379861708486
0.16649436884101146 -0.30762589273609914
-0.40670381251295384 0.31439702317930535
-0.034058917422488844 -0.29725787149262367
0.10643118738051116 0.33834562280637964
-0.30383669313861533 -0.2280635099622637
0.32333508286465756 0.42857330580696323
-0.27286816600398217 0.1340807883023431
0.38408926791063497 -0.3597963924365127
-0.061905105720980624 0.1552609390360598
0.1889023304901537 -0.3927701371574523
-0.42507481538384484 0.02593437116254982
-0.11778333228650306 -0.081334794358725
0.3282756364728167 0.2421033031063236
-0.25842335570455605 -0.41994668716877664
0.40381778099654014 -0.09408702215157372
0.021643638309564672 0.2744456274015352
-0.0679717925797828 -0.3812311778412827
0.20585302431623004 0.07320967899119629
-0.4309160101116927 -0.22025561603230587
-0.14535106367930367 0.4304623086948535
0.37812082348315273 0.14322423778127652
-0.08549645120382049 -0.37475630533474763
0.25272138374861847 0.09867906358941664
-0.4098740321722714 -0.2853702842365181
-0.048624931489312795 0.3617985786997999
0.1501085708685173 -0.14748244032104618
-0.38505187876524644 0.38118206765444185
0.0574892039245814 -0.0731392858267847
-0.17597887268755377 0.2198914077059505
0.4150699909819622 -0.43015503048848325
0.07212901532183763 -0.14194330554586526
-0.2170847013217001 0.372401420436881
0.4305091687839965 -0.10751902537388502
0.143664961257586 0.30558568026742344
-0.37505795470874026 -0.31811964966423184
0.09714201592169086 0.2862122126194164
-0.28140080094646797 -0.35974290508938084
0.36860196496524494 0.15457553272892682
-0.12183938687895873 -0.39091572818786074
0.3358112635182479 0.032988710131926835
-0.23478669774939692 -0.10285486840413219
0.4238312042037861 0.29476585257316346
0.11256172386587687 -0.3422597477675794
-0.3164321536313044 0.21425432508812436
0.29040100131743096 -0.4303248710010251
-0.3511814816597896 -0.14299784860305026
0.18441003159804237 0.37363637246029363
-0.4209573575637282 -0.1023304782027018
-0.09938585879999684 0.29338710082179736
0.2864606974907723 -0.3449027683940829
-0.3587369957124782 0.20539198146258814
0.15776678163170266 -0.4296104830849891
-0.39465931168214374 -0.13975116050767367
0.016911355639478598 0.3681594204371119
-0.053037473012084 -0.12304785230421278
0.16270999107275172 0.33777771179859073
-0.40058309393646563 -0.22812081155899744
-0.00852345126976739 0.4265453170074365
0.026772307793094044 0.12548548703446627
-0.08361883899567335 -0.34242026975908063
0.24713394530251825 0.2131798958506756
-0.41385767925816114 -0.4297338457104672
-0.0672936753451504 -0.14050134828408273
0.2032323512316555 0.36909600089595956
-0.4287217587196379 -0.11922554948852793
-0.13579653762467347 0.3298470076812172
0.3610844402353882 -0.2519758953729876
-0.14882382941892447 0.40894035917909355
0.38186719801046654 0.04540238913017286
-0.06927446050166003 -0.14005151841521418
0.20860176306872863 0.3681490182291454
-0.4292530173590304 -0.12259813920117918
-0.1384105936372948 0.33643194051808617
0.3653336286999178 -0.23175965522603686
-0.13303081668612693 0.4242148206522421
0.35596767357730363 0.11494180772817414
-0.16684420943823097 -0.3206751264155651
0.4045285529762732 0.2777800425984332
0.02616169407203295 -0.3733428749789522
-0.08160833560374078 0.10257291448693534
0.24152907927688064 -0.2932071662622984
-0.41775101680160753 0.3440830991707147
-0.08534626217107472 -0.20705210181081818
0.2511294984365793 0.4286524829246358
-0.40914632964513264 0.13579707425487503
-0.04667826334394398 -0.36053355046901975
0.14365049682968828 0.1502509841235357
-0.3734270738143349 -0.38334636068007283
0.10199778107846508 0.06282073881472316
-0.29166792819670834 -0.19031339711125927
0.3469240124281317 0.4229692230828438
-0.1973806880026891 0.10946590961535096
0.42602325495345644 -0.30847357323483243
0.12366859237604588 0.3089742244555332
-0.33794394770762126 -0.3077052363512193
0.2263102037310264 0.3107825243183842
-0.4257644304205722 -0.30313004047462705
-0.12253457160106396 0.3216102978472442
0.3356098484785125 -0.2744684164638615
-0.23344187863933386 0.37801281041983575
0.4223269969130089 -0.08378146377306012
0.10668502995094126 0.24676135629489948
-0.3020556543743511 -0.41261120513981697
0.323876960105818 -0.06252074342437758
-0.26792818899539583 0.18924681890628492
0.38775876239850837 -0.4218575404294612
-0.044385757711776275 -0.1046142233485684
0.13662236655829058 0.2972600946052358
-0.36128367957463153 -0.3344405305872196
0.14685298902137195 0.23670220953941962
-0.37764791405733716 -0.4200073257878451
0.0849218049340913 -0.09621088386058513
-0.24947588899234735 0.27749177836277816
0.40966255456821904 -0.37250145219537745
0.04958279513976371 0.10483846654024431
-0.1518761514137018 -0.2975822413982411
0.38474166089381645 0.3334423466965193
-0.05642417411645967 -0.23947741419965385
0.17169811101860336 0.4178363457622164
-0.40806191891735244 0.08645098728023565
-0.04261579393474929 -0.25321502273705454
0.1312087134568478 0.40556457723502337
-0.3513639397051542 0.03166542563349406
0.18138219363734864 -0.09817094780503288
-0.4161173147125161 0.2819054407978774
-0.07876378801279493 -0.36436390112031625
0.2332213659439491 0.13510156717764998
-0.4214181866977789 -0.3581190053893819
-0.10300051758542805 0.15765278522691395
0.2930615407822194 -0.3920367660096844
-0.3425684456982017 0.026070631548478218
0.21040402478092163 -0.08100263145198222
-0.4270855694679308 0.23897584858322707
-0.12931601000737836 -0.4176152269915929
0.34757302757860997 -0.08573445320236628
-0.19382445548688632 0.2511000434750433
0.4230196673698553 -0.4071791336555271
0.11053701946802846 -0.03908330767042606
-0.3096931635346683 0.1204777055920436
0.30431384094040276 -0.3304356914570753
-0.3172815174806312 0.24772960171556702
0.28472234192517837 -0.4102376443031872
-0.35856668465040914 -0.05272286543989024
0.15560961992099182 0.16069372851101568
-0.3889199373539047 -0.39531796777697226
0.03863238997637236 0.01192958460015725
-0.11905082103279643 -0.03719580951573128
0.32735232020924 0.11472371033400003
-0.25649443182490006 -0.3183945617290443
0.4008727560452626 0.28146619880616436
0.011890782230303987 -0.36421278562394716
-0.03706092496572243 0.13493278604534453
0.1142737674437478 -0.3571115058690321
-0.3173222374126232 0.16047613303472813
0.2841602719490999 -0.39473358104598383
-0.3591270032674977 0.014158708668350672
0.15322250960479855 -0.04409011935021436
-0.38531860493869086 0.1352216704780588
0.053036382132853555 -0.35744007420524915
-0.16140336463160937 0.15913411763648477
0.3956495427235837 -0.3929025193646122
-0.010151380220489337 0.021703608833037125
0.03162346058260531 -0.06739575641972248
-0.0977424981184517 0.2019430780711963
0.28001081633770536 -0.4247653596537381
-0.36622149240854834 -0.11910230114047027
0.12708251246131846 0.3269653574156577
-0.34251113684437184 -0.25696979306283096
0.209404039480654 0.39960189779806277
-0.42567792666860904 0.006858708847534034
-0.12341661598055936 -0.021363453639517298
0.3353940466771173 0.06630223302215454
-0.2316980218655506 -0.19878512066573056
0.4204803121647717 0.4235640180411631
0.0995540956329729 0.1137141397287822
-0.284033685685364 -0.31559280829387854
0.35857979745013147 0.28795967321371624
-0.15455153744189998 -0.35109410577043015
0.386452436819405 0.1806065393826089
-0.0478955492658692 -0.41364112537244996
0.1461859291140382 -0.06869313076063793
-0.3744927664131129 0.20522421459769807
0.09530200130855704 -0.42476111313110726
-0.2737799743857701 -0.11940060811037606
0.37590158634891074 0.32710305657951194
-0.08975980226644442 -0.2559655158706932
0.2601939161763593 0.4000695897499303
-0.395013120591204 0.009271898690147884
0.012202259523581727 -0.028830662508818293
-0.0379189725367026 0.08906388456363332
0.11651424467279498 -0.2583854443404865
-0.3210399599307797 0.3970643926291081
0.27279606675036827 -0.0034367786567740533
-0.377114411325973 0.01068933340965633
0.08478997207187344 -0.03321478911081405
-0.24753602994950236 0.10231817038616065
0.40832513369543394 -0.2899668151793797
0.045401904876075205 0.34640193920755336
-0.138665568344598 -0.19574175734319899
0.3620832229225366 0.42156297645322005
-0.14128743929810084 0.10498796284006445
0.3662910896009671 -0.295919264564896
-0.12580002143180796 0.3339038334359336
0.33911884034350503 -0.2352325822501002
-0.21906920844234512 0.4173511764868047
0.42369491265201487 0.0858988025506437
0.1148885302784689 -0.2501350296239139
-0.3172645915169231 0.4054419837614939
0.28243992570807064 0.03298659455184505
-0.36026837420769986 -0.10152000219384796
0.14754351472990979 0.28781705274126945
-0.3756111876581373 -0.3501190744976377
0.09016277225233421 0.18287337830519645
-0.2606451644098812 -0.4141081680172145
0.3934317220607731 -0.07146138277579944
-0.018202358299956145 0.21220563453162217
0.05635910296203869 -0.424004186146223
-0.170209576952084 -0.11650818440416377
0.4033118634129396 0.32034736762272814
0.023960836944131925 -0.2737668092138063
-0.07401019555210325 0.3745759880094764
0.218951010551658 -0.09392614055587606
-0.42308870258064835 0.2696448849432506
-0.11240300481608057 -0.38078882847232925
0.31160779807897493 0.06952707905725852
-0.29648917246512857 -0.20680239508758574
0.33181045228198264 0.42337839879627487
-0.2407474781539402 0.11380572889907503
0.41274670026900534 -0.31447609236062757
0.06566878315567831 0.289023731924289
-0.19615458476512215 -0.3470633771541517
0.42058424478133827 0.19252396976140473
0.10109902002877591 -0.41902810548223157
-0.2863333867586811 -0.09403279431643652
0.3521265289266174 0.2696513240614384
-0.17534235138755877 -0.3803310225313265
0.4074584182099293 0.0710311242602441
0.04242730660475269 -0.2106862672989414
-0.12948053359353762 0.4232015914151816
0.34499095741519464 0.11320678250195593
-0.19907115022655014 -0.3129200655672377
0.4212191233844234 0.2926046980823479
0.10418012919182285 -0.3394141424534701
-0.29313503051925827 0.21688934492802392
0.33824675927058323 -0.42261403389340135
-0.22048983192872273 -0.11061779706932545
0.4218840508720495 0.3072566220585371
0.10731053783315614 -0.30645464182505533
-0.30000286619335614 0.30834821295314163
0.32326447619892484 -0.30373432523983745
-0.2646685631007579 0.31470440479021744
0.3868002270692569 -0.28767138443204543
-0.04466140728882334 0.3489007588144578
0.13591173234143558 -0.1857193642375563
-0.355899695459281 0.4145705902896436
0.16169360947025513 0.07433799892530102
-0.3929180060505407 -0.21923548282720534
0.019353430829148144 0.42174562993171477
-0.05970982977303099 0.10687585893997092
0.17913686294167983 -0.2987869607611672
-0.4097646988424515 0.3255755536981406
-0.053076497004601764 -0.25779111579793645
0.16025059548923942 0.39510049468389585
-0.3909897839921406 -0.010083808327264299
0.027189335919197644 0.03117041991625122
-0.08357576207119362 -0.09561956659666732
0.24310321306382526 0.2727798824684449
-0.4094666050551276 -0.3743827964744872
-0.051904008438858285 0.09340872015047941
0.15679636332775962 -0.2674206005047438
-0.3865059505915077 0.3822690354581819
0.04538759377694557 -0.062432897563266976
-0.13784332094256446 0.18657260565836664
0.35860391591325325 -0.41443918755024867
-0.15161320905580622 -0.07411940376359849
0.3794811044757501 0.2183358322975305
-0.07335114030059986 -0.4212168211685473
0.21625747883331115 -0.10480426878575705
-0.4214533291630549 0.29374064416424384
-0.10591937899183995 -0.33572567703395706
0.29618233303305946 0.22717313421129037
-0.3304927317776238 -0.4185044140052999
0.24285398126206276 -0.0925712114857693
-0.40906954492700326 0.2651099264411086
-0.0504819094342317 -0.3849716936818956
0.15250960815889666 0.05124612470849216
-0.380374675901451 -0.1547010437815702
0.06954299087425059 0.3832730511641904
-0.20585024147627357 -0.05799265015931748
0.42099211562362 0.1738971050426171
0.10401504621939972 -0.40439454109636863
-0.2916744845704551 -0.030206367482148666
0.33951008460956866 0.09252048147599067
-0.21499881565975842 -0.26478317240042315
0.4210072046031321 0.3850454904684293
0.10417415220451542 -0.05069996368376822
-0.29191923409896553 0.1530108498370385
0.3388321238995215 -0.38071853215754736
-0.2169694253382098 0.06790173424055373
0.4205950106313065 -0.20122553098146567
0.10238843266381414 0.4197184027700753
-0.2877724739092377 0.09842396666646341
0.3468892991544908 -0.27862180603252346
-0.19088161678224896 0.36351541316890706
0.4157329348558853 -0.13310562872398662
0.08051461116507785 0.3496500822959518
-0.234534133880266 -0.18159093643427865
0.41392744853087093 0.410007959516513
0.07249342016439758 0.05510463289061995
-0.21344418652229946 -0.16546115293180075
0.420542468352072 0.3954291823910888
0.10234884316851162 -0.007597033190224423
-0.2874382487666657 0.023407369317272494
0.34713706602348793 -0.07180918460645387
-0.18972614985319036 0.21153460270784152
0.4147657037816216 -0.42042140815467754
0.07639291020714939 -0.10188924052025838
-0.22362907545661714 0.28628231355240835
0.41840007983709204 -0.3491661670744686
0.09278625153158332 0.1828210798453847
-0.264875276903147 -0.4104294620962791
0.3839222600407765 -0.057226012609378485
-0.054541547500689014 0.17130188130116775
0.16368548982549713 -0.4009267454431208
-0.3930361312834252 -0.015987389498263338
0.017266498972777544 0.0491264043252317
-0.053033292861246195 -0.14812922324480432
0.1593379877987775 0.37300169181547466
-0.38785589827858524 -0.09709498176376047
0.038481665659938324 0.2749374018066151
-0.11694822077739969 -0.36864244181022165
0.3184305557685783 0.11345921594026387
-0.2751044213037049 -0.3112163583122804
0.3682631390028636 0.29373024664393604
-0.11479106459289151 -0.333778932650083
0.313911988493336 0.23132940541489538
-0.2867983598256545 -0.41460668518044114
0.34749884144478504 -0.07608608143555529
-0.18779783681336248 0.22246744790240813
0.4128951960545222 -0.4179784237859684
0.06852076506854404 -0.09127230842884365
-0.20226066822052363 0.26079034922105426
0.4184770005882293 -0.3884842516457613
0.09357689836402205 0.035583196083746826
-0.26628571446866933 -0.10822814372553397
0.3810984474500314 0.2997574766749787
-0.06517841188088014 -0.3203748059154488
0.1930703394738454 0.2693660468790408
-0.41523804675655146 -0.3765756487396558
-0.07913698731952135 0.08280443924968539
0.23020082118440255 -0.2395911044667441
-0.41461142543501917 0.40901993968000555
-0.0763950196800871 0.0516482660220316
0.22302216364915373 -0.15506938826204147
-0.4172738411733399 0.38170680687311404
-0.08837868972180601 -0.06254318085186605
0.2534190885736443 0.1856902196663875
-0.39648523460530966 -0.4110417224735869
0.0020924114279583517 -0.060666852949247896
-0.006427195579564948 0.18044680606116628
0.019734411688862596 -0.4074047202164075
-0.0604061062403263 -0.04476363029269609
0.17968057875811763 0.13509221306806926
-0.40673516054776226 -0.3514726139123535
-0.0419068578783921 0.1737000486919995
0.12671662497160383 -0.40176122356918975
-0.33651869419933333 -0.020470908631141926
0.22196581830776674 0.06261614919748984
-0.41706585018484776 -0.18572315836229666
-0.08770476689326567 0.4106568596421113
0.25148695248333497 0.059207593715574325
-0.3979837567482035 -0.17621872303601563
-0.00453604321216694 0.40369776886661923
0.013916647924317783 0.028938742370744674
-0.04262915285439835 -0.08814930422332332
0.1287348954416574 0.25248732476351965
-0.3399563445275703 -0.3967698531134539
0.21095897674721098 0.00046824901303793576
-0.41817075900240497 -0.0014363105597838027
-0.09285857065917019 0.004405350282494695
0.26383477661418075 -0.013508732529612625
-0.38311883870348595 0.04136195583958195
0.056258914732808085 -0.12495877155528405
-0.16779423391788165 0.33279345255821713
0.3955174050910706 -0.23272188376768577
-0.00554118563269379 0.41208871721671514
0.016982404244866568 0.06584449379504176
-0.05192669660067445 -0.19430352651634708
0.1554551027534352 0.4143839366001396
-0.381142794360393 0.07608845081300025
0.06389436085330052 -0.2215966261263589
-0.1889148641133695 0.41633463683202565
0.41170899707010095 0.08485503307379422
0.06430314804389187 -0.24396752432236013
-0.18999227287848813 0.40407227775016474
0.4121695096462386 0.031017004779295643
0.06639696121558986 -0.0942216553614208
-0.19565910988372098 0.2667433954563133
0.4145697755423989 -0.3785219235061572
0.07710648412398913 0.07395067365477287
-0.22407901833625776 -0.2158245042436563
0.41524753587824226 0.4170723955320693
0.08018427736597694 0.08834695511136348
-0.23196328171927078 -0.25243515065957933
0.41180203117017794 0.3957995759419559
0.06494872884531605 -0.003909037239178126
-0.19158440433402696 0.011963959997006075
0.4125413733803773 -0.03657338666125498
0.0682751243539601 0.11063725046201792
-0.20056075243797844 -0.303446244032472
0.4156978948279535 0.3097767664020553
0.08236375169968979 -0.2946366837477691
-0.23735037960635025 0.32912747839647627
0.4082933268357554 -0.24260056290576937
0.04972077864039076 0.40444884954476346
-0.1488425816277188 0.033059610850340704
0.37140311797318126 -0.100161823110468
-0.10078555427157826 0.2801686534177772
0.2815693906379236 -0.356687292183572
-0.35418933515343637 0.15415793633150165
0.16277918087544035 -0.3785285105128995
-0.38898267857869556 0.0733651095033116
0.03166773081496432 -0.2139243732566401
-0.09597004934804443 0.41647159420906893
0.27031720713977936 0.08606407681197337
-0.3723659372207996 -0.2463846452140201
0.09691016666241142 0.40083414895412367
-0.2724531617982157 0.01782683648067429
0.3690106332218264 -0.05432802754669175
-0.10942877396686124 0.16177992619331114
0.3003848256258736 -0.3875710733410892
-0.31601026275900085 0.03718682665055145
0.27813636550298754 -0.11224670744334797
-0.35963499570710006 0.306276794408569
0.1433667160255862 -0.3023188094079941
-0.3627954428174837 0.311503670752644
0.13201366074677268 -0.28950621235409807
-0.34416780933988633 0.3386840216275648
0.1956585929270297 -0.21304775699562678
-0.4131644314332199 0.4159602099185354
-0.0716492543178266 0.08407671242001724
0.209085283448245 -0.24113662053741308
-0.415866204307535 0.4045646176534357
-0.08371309751536682 0.03414182533705429
0.2401710494619988 -0.10315891189591442
-0.40517338964503774 0.2863361498683215
-0.036829178317229316 -0.3444885982218521
0.11106840774409663 0.19434963027522884
-0.3034510696521775 -0.41235231818449286
0.3084240446791049 -0.06823215799441629
-0.2966180260657648 0.19982707282469808
0.3235641860341827 -0.4140891429751156
-0.2571466784944042 -0.07597594746517095
0.3888312797704092 0.22025193850284386
-0.03152890408609704 -0.41441270690031573
0.09532872003565754 -0.07746879248094896
-0.2681573056577806 0.22406929609514747
0.3743786196957819 -0.4132431732019407
-0.08842252538948425 -0.07234189555623921
0.2515499665538514 0.21063345740967604
-0.3946765167758227 -0.41527602491559584
0.007333235611765299 -0.08141914435511749
-0.022343095071090828 0.23406791297396
0.06780701136634637 -0.40851470290027536
-0.19847529895023502 -0.05168993705264324
0.4132225842396547 0.15388851507070686
0.07240339599387574 -0.3768049001950944
-0.210669063769087 0.07887878449533381
0.4149961834258685 -0.22749178413324944
0.08032406579165935 0.41155159986131906
-0.23114773569694796 0.06510913505594706
0.4098057966092095 -0.19108611259765967
0.05748784110027122 0.41010801258544455
-0.17009498561280723 0.05883055671729864
0.394938611370539 -0.1738146868935629
-0.005929145780345035 0.3983139167811173
0.018049228004339727 0.008217965851140319
-0.05480173291741343 -0.02500784374559168
0.16251898389953529 0.07572607605243109
-0.38690119481970403 -0.21917282901505775
0.03872596580823634 0.41372636397992246
-0.11634707736308716 0.07491721646049182
0.3135359871682857 -0.21701918142348053
-0.28280656682698146 0.4140048897984716
0.34966689452610766 0.07620715963143188
-0.1762009835288818 -0.2203217293935864
0.3999822257295632 0.4132620991002274
0.015499324601525644 0.07297759520274189
-0.04705626633258107 -0.21184743149900553
0.14040694903551748 0.41425068254193353
-0.35666190440814616 0.07740906095285038
0.15219073501010594 -0.22332629885164268
-0.37379151990896964 0.4122343984806647
0.0897531923772854 0.06855800732982364
-0.2541159642071903 -0.2000404596056931
0.3907170323495337 0.4126378272194747
-0.022861830901795555 0.07039322490413907
0.06919215784999193 -0.20488337651099708
-0.20167347810422032 0.4135195088016458
0.41289621441606106 0.07434258938217392
0.07160903905954735 -0.21522887515834815
-0.20803918372997487 0.41360565840433267
0.41371649540043975 0.07478007502446365
0.07528899270748957 -0.21632057454378129
-0.2176277483159822 0.4133672307923014
0.4131337191288027 0.07378315229298055
0.07277101592717267 -0.21367139256051582
-0.21100387589046837 0.4135352179016205
0.4136011421259141 0.07458197234153352
0.07489215459558263 -0.21570759260688405
-0.2164987158671413 0.4132356018394228
0.4130972833219997 0.07331539950203037
0.07272389469417456 -0.21235192809142006
-0.21078546522194386 0.4133978617851621
0.4133932276114879 0.07408846661190643
0.07408687891231347 -0.21432453566782977
-0.21430435265306513 0.4131695924931374
0.41313644665382476 0.07313756022816764
0.07301023401989687 -0.21179100867554967
-0.2114416231383841 0.4132069498511959
0.4131794540074356 0.07335909213617559
0.07325667855721224 -0.21232328839690084
-0.2120394585009231 0.4130858736770957
0.41306098189420937 0.07288171492490464
0.07279085526133305 -0.21102585858782447
-0.21077193885365952 0.4130107520549677
0.41297697709726755 0.07260721299243345
0.0724772424709384 -0.21025889421567345
-0.2099021803408489 0.4129047380027526
0.41286430987235007 0.07219670950017398
0.0720375025743189 -0.20913425919441364
-0.2087002762818604 0.4127721677377155
0.412718315804941 0.07166948148652147
0.07145127344198893 -0.2077011021331307
-0.2071109840186553 0.41258751747460304
0.4125052140699003 0.07091337587178392
0.07057016449936848 -0.2056616071453417
-0.20473962332834972 0.4122831457245871
0.4121249025124505 0.06963143427618984
0.06895490468447008 -0.20222319364997038
-0.2004108720002845 0.4116139274577008
0.4111668277976349 0.06674949700308203
0.06480852618881872 -0.19448969879340255
-0.18924937248681345 0.4092028037243885
0.4067988771085887 0.05626909298871707
0.04586152028931534 -0.16580119847098473
-0.1363970162821477 0.3883991166741404
0.3486472877686734 -0.031105100846884226
-0.177745460806506 0.09342231140761015
0.3991960628216845 -0.2618099306398915
0.013529111125598237 0.3796690653337332
-0.040904129815436216 -0.06566673764224262
0.12205967798711294 0.1914364303661663
-0.32301120828236446 -0.40756789518988445
0.2553833339988792 -0.04936718643470417
-0.38717774734938176 0.14629479702814038
0.035819600206423774 -0.36372469922829
-0.10721393979353802 0.1253457978212566
0.2927440895592266 -0.32905336129397084
-0.32794070479982074 0.23817549929774334
0.2413444839504849 -0.4024643869716317
-0.4001404128912317 -0.02759740295859936
-0.017766005251276307 0.08295078391693508
0.05360452787321926 -0.23613413737731978
-0.15813601672858135 0.4036634146742638
0.3792007308496046 0.03279348335787835
-0.06711855464402283 -0.09826965146827304
0.19511576541805836 0.2727024493543198
-0.40860638840372904 -0.3636399100503603
-0.054165555296494305 0.1253266543399688
0.15963480327470517 -0.3287164772310886
-0.3808046540888389 0.23877060556468582
0.060718390701396785 -0.4016286826301641
-0.17771905506145264 -0.02429581947163789
0.3983779617598591 0.07307184335331819
0.010626300839262748 -0.21072081023381628
-0.03208824370315731 0.41125165741413583
0.09611686531037476 0.0658499897397723
-0.2675279872339807 -0.19155904384274008
0.3709327639475895 0.40676331177034736
-0.09827507957519688 0.04640639526483725
0.27242794802465614 -0.1375998550588177
-0.3635719837043017 0.34966768401892223
0.12519307228446475 -0.17334557985399301
-0.3281190638135184 0.3944538279912294
0.24004770542349985 -0.00549297787084535
-0.4002221796919869 0.016586916967259547
-0.01863880167184373 -0.04997627603565358
0.05611905424037235 0.14765997788048618
-0.16484540908024947 -0.36475044697312914
0.3860496419271209 0.12075161475747209
-0.03952157596978245 -0.3195774455023269
0.11770122899179714 0.2634812636537669
-0.313585604926771 -0.37597824294248494
0.2790197077421551 0.07884401228862231
-0.35241683861565987 -0.22525081616249754
0.1637587555376102 0.40793215407646743
-0.38467394739970584 0.05179245120208015
0.044838591723931676 -0.15266391212592606
-0.13294202926640497 0.3713055056883869
0.34145971979847145 -0.09636500018084343
-0.19940217633465052 0.2676396657409983
0.40884839702233455 -0.36996464202088086
0.05587954661194622 0.10128524348284196
-0.16399895047356303 -0.27875031993836225
0.3846913282414707 0.35252723173428796
-0.0445803058427256 -0.1631014960052502
0.13212521650749115 0.38365681725780404
-0.3398551838452826 -0.04863275159125441
0.20419312918498872 0.1436356925928472
-0.40959471585277324 -0.35829923904743904
-0.059275557251018074 0.14312591255359125
0.1732617744454881 -0.357479093167375
-0.39347404527757923 0.14592872890587344
0.008890718850463109 -0.3615652427087263
-0.026778459457481085 0.1315056565870069
0.08020139800688625 -0.33858140667111547
-0.22831056018910129 0.20790613665982427
0.405943937271573 -0.4097291285490986
0.04365571610599517 -0.06001393100427843
-0.1293540781717406 0.1751795264874957
0.3346968563643886 -0.39485513833785724
-0.21959304846334682 0.003021717840212046
0.40864124508577315 -0.009101499509800888
0.05538950964661665 0.027394351873146323
-0.16238745994972634 -0.08196792044170989
0.38229994361500585 0.23258256148167186
-0.05352711551817435 -0.4035340596814738
0.1571745183995907 -0.033528063658582075
-0.37614703478871847 0.09996371122273642
0.07729903602164045 -0.27524786473123053
-0.2207248745836758 0.3574163675345893
0.4080635526806086 -0.14562114357487876
0.053064883633144155 0.36058949996259726
-0.1558162946916036 -0.13444876130286437
0.3742987255087581 0.3430830927444796
-0.0841815983426647 -0.19322398012790715
0.23787805110356303 0.40557633020164036
-0.39991877557991623 0.04245678083279214
-0.018452427809902805 -0.12574027280545064
0.0553498152289431 0.32772677387932486
-0.1620863094131867 -0.2394197925261568
0.3814876068214551 0.39870636359984674
-0.0563280285798774 0.01344917317980504
0.16475503361529967 -0.040386536391269386
-0.384290534046949 0.11973686837817293
0.045225853187359055 -0.31629693730303104
-0.13357671786066252 0.27034961970655885
0.34128197651236913 -0.36441346514658607
-0.1985363969027334 0.12039503968401988
0.407006939049691 -0.31746821395389885
0.04885934443771478 0.26716872696971566
-0.14382127247875173 -0.36888185296724857
0.3573916039147895 0.10399627596545263
-0.14510050058427282 -0.2836858261823638
0.35922137856193326 0.3421271690115879
-0.13866502179069012 -0.19566630827191323
0.34936231978210636 0.40585552401591607
-0.17220477764246528 0.044051051919877904
0.39111556173590994 -0.13011260083404605
-0.01751247873871098 0.33503422068335287
0.05246529024860393 -0.21739485283716697
-0.1538250311967289 0.4077306154863294
0.37097123539672666 0.052211684415254256
-0.09597027309450978 -0.1530949418247605
0.2654558650365454 0.369971522027028
-0.370770792582112 -0.0996328306105056
0.09663965763559768 0.2737449019723024
-0.26693300532473874 -0.3585249974811664
0.36862159382487736 0.14074565962246743
-0.10451495093602126 -0.3522692073704272
0.28445478263793506 0.16213488380603946
-0.3401414652372225 -0.3806492342955792
0.20139529354909652 0.05887926253147646
-0.40693004192645893 -0.17139056790770632
-0.04899877785467077 0.3898913238537055
0.14396077740115812 -0.022119141235768414
-0.356940598803252 0.06608340545428609
0.14600249382376218 -0.1907705132237364
-0.35986629227586764 0.40312465348045046
0.13574972833532317 0.032841479899920756
-0.3440283514175555 -0.09758380082684673
0.18886300853776017 0.26880878851218426
-0.40206186224867224 -0.3654612924278623
-0.028419977400794938 0.11568524352148479
0.08462205105462914 -0.3074298579941302
-0.23809549297999985 0.2911550743493044
0.39806294733912717 -0.32679315043850904
0.011710765412433044 0.24061088358685018
-0.03506441828820776 -0.3961976222962141
0.10398266026426893 -0.004002574623329036
-0.28287282042493594 0.011995461930395485
0.3423305914077995 -0.03590689861387357
-0.19393757074390455 0.10640181449650539
0.40399774050776255 -0.28803311620785216
0.0368535916190621 0.33263908231587086
-0.1091171595606312 -0.22347417916497042
0.2937223196805572 0.40504379350866354
-0.32121753187228175 0.041371212440404925
0.25567279592844394 -0.12208614703655815
-0.3817559183481274 0.3194808235423928
0.05389421095571545 -0.2602646954081326
-0.1573403257521424 0.37627356716273674
0.37419261260045156 -0.07500963661057486
-0.08288076630215463 0.213703605616251
0.2334836415967383 -0.40673100026780906
-0.40028912318146415 -0.04874932998497594
-0.021421797292727085 0.14293429009030775
0.06387266447095064 -0.35456892232977166
-0.18444091254749773 0.15328765449835768
0.3987159926892313 -0.3689371831101206
0.01491812764258521 0.10229728920759723
-0.04455998972906969 -0.2787438496663542
0.13104518758344552 0.3488166505686369
-0.3352775241044544 -0.17241157071930074
0.2150381006767797 0.3895790250985462
-0.40622860091623775 -0.02248194416648258
-0.04681067689929114 0.06696253675934857
0.13736451194434623 -0.19254037745663968
-0.34564683493503323 0.4026161270235701
0.1825676827262792 0.031494745647751676
-0.3971846080127872 -0.09338082243411415
-0.008774496327912384 0.2583561435312333
0.02622156891885303 -0.37785961372102966
-0.07793685763686276 0.0684301661436657
0.2208101548584066 -0.19631061048691795
-0.4048212802881588 0.4038156341749462
-0.04099643718987939 0.036719088984108805
0.12075758308245751 -0.10847525929476218
-0.31627492613204844 0.29167508439117495
0.2677554028421094 -0.32430741610974834
-0.36531676677250124 0.24622864894901642
0.1149512061650253 -0.3901252290729972
-0.30486372927158145 0.0198973991970941
0.2956253982305299 -0.059248151823342685
-0.3160243672645324 0.17162918210691425
0.2682120346201061 -0.38824385128346883
-0.3644588263767359 0.027378487596140477
0.11788443877442611 -0.08124863898738705
-0.3105117267966534 0.22886609364995403
0.28195200242690566 -0.40148214489542056
-0.3423071344022496 -0.027134115019213534
0.1925840189925888 0.080509476678949
-0.4018591156092235 -0.22696205607657058
-0.028783048038340586 0.40216667146417795
0.08531440218021606 0.030100345888939062
-0.23872863515927228 -0.08915176112257958
0.3955520627164401 0.24793718241470067
0.002574188830965385 -0.3880228966843513
-0.007682909561464269 0.02799292098742412
0.022918208348153103 -0.08297500019847691
-0.06808195141997199 0.23292553990667347
0.19500883544965758 -0.39902104112581854
-0.4024848387437496 -0.01706469426254259
-0.031624570245170236 0.05078619108451088
0.09352783332796549 -0.14812054939764893
-0.25804869038685213 0.36073477737384374
0.37705091331986834 -0.13062840155362854
-0.07070079809002239 0.3334490959243271
0.201749165221621 -0.2191801045141602
-0.40416395061522004 0.4040553043454687
-0.03887327829768483 0.03841214152286082
0.11439187607472656 -0.11307037187743593
-0.3030643598375765 0.3004047651991646
0.29878368342489625 -0.30475464186577816
-0.3082792099274544 0.29486991808103835
0.28652965001328246 -0.31657713447595137
-0.3330719073096037 0.2658036822542642
0.2200269347335485 -0.36677426671666324
-0.40355860583422065 0.10871510495180137
-0.03648490231200985 -0.291288843393742
0.10746373837058357 0.32371265153064205
-0.2886162431084831 -0.24660122646737032
0.3288937413756837 0.38838102918882716
-0.23200048237818016 -0.02599700865618304
0.3987385733785578 0.07699222439778113
0.016363010661101685 -0.21760572878227458
-0.048626970661476365 0.4037956062256435
0.1418554209667696 0.03764740443257403
-0.35104151019618846 -0.1107395428346575
0.1631964201968359 0.2952714777274128
-0.3785946957324011 -0.3152438464351126
0.06421097819065885 0.2687614156938599
-0.18434679255036002 -0.3620945956041398
0.39632371854408277 0.1251121002563489
0.006540011654552369 -0.32302468550787933
-0.01946101286544918 0.24805500227768162
0.05773559642519978 -0.38657281370273544
-0.1668653627383419 0.03289484432645806
0.38215129542527654 -0.09697557271806292
-0.05025582939650941 0.2652924057835673
0.14626034261471826 -0.3666868964979143
-0.3571389515575922 0.1084415756525326
0.14218895407938364 -0.29022046205374846
-0.35114349587088023 0.3250662720143786
0.16244090549482004 -0.24215465859473534
-0.3773405522108825 0.3913292782069165
0.06865321882579295 -0.013617311367732643
-0.19584925081707277 0.040435262014796046
0.4012946265087027 -0.11854042088154074
0.02753944249436191 0.3103681375463705
-0.08134825497028968 -0.28035167611898226
0.22805711550138674 0.3430498582010413
-0.39969946764893116 -0.18847998216573592
-0.020943999581320705 0.3980021687281059
0.062022014622817784 0.01390211130154606
-0.1782033949796996 -0.041254325001598834
0.39146304683967736 0.12080036605502964
-0.012835917406584685 -0.31449189989789017
0.03809168693813184 0.2698262782135673
-0.11176238623603718 -0.3596241775503639
0.2966845885996888 0.13308695142136362
-0.31124845134194257 -0.33625512639000993
0.2778104302178517 0.20918663900016005
-0.34696169533243537 -0.4032254981859987
0.17561631873203265 -0.03596779248773463
-0.38919226508734417 0.10563135896922188
0.021788532955734186 -0.28377576640760765
-0.06444215456896361 0.3364510167139471
0.18447784474062345 -0.20841905831352608
-0.39527690875371513 0.40300402519082507
-0.002990381723711355 0.035151762191389324
0.008878018891984573 -0.10324289331411696
-0.026339565907791754 0.2785179063571542
0.07771918746756545 -0.34544053367534094
-0.21865406095507728 0.1802393709097529
0.4019523552285941 -0.39234372933790657
0.03084315454066311 0.00885433882788822
-0.0907759046176869 -0.026259967448198522
0.2502707570864716 0.07745928296601481
-0.38297915362088686 -0.21792269650049187
0.04607304209590146 0.40193093175001815
-0.13416749463346436 0.030852858172486897
0.3375141205213745 -0.09077130261104449
-0.20475746008307516 0.250168367497376
0.40220699183817576 -0.38290996931462834
0.03209268851209873 0.04622805318588552
-0.09432702183543018 -0.1345533048396106
0.2583340468838159 0.33802065989205365
-0.3739111661027267 -0.20306836105917347
0.08058776641392634 0.4017965521340219
-0.2255337919472039 0.030467966515108247
0.3994108403097595 -0.08959949005309689
0.02053547285174462 0.24725215537135095
-0.06065083182771053 -0.3853688850088295
0.17403244731516485 0.03637092269423253
-0.3869926214689414 -0.10655726760320564
0.029899651298839036 0.28511104750905003
-0.08791679717100989 -0.3330128922651485
0.24316276536089462 0.21779280408711976
-0.38868752596924006 -0.40132361612160505
0.02305822355249726 -0.028684345995140748
-0.06799692166268634 0.08437187921982395
0.19335875164143962 -0.23458794944361097
-0.39862356054971465 0.39459493122190736
-0.017508176874634296 0.0009139264018425686
0.051717511471821895 -0.002706894571081892
-0.14959993718695558 0.008016331078913154
0.3599573868564701 -0.023726424192070848
-0.1306559730644105 0.0699130568284751
0.33095350226762216 -0.19823663159276794
-0.22345499168045918 0.40004160377668463
0.3994712279284733 0.023547743673915544
0.021192666296095064 -0.06937178804564832
-0.06248701744093349 0.1967778971507551
0.17868137060007871 -0.3994816601166905
-0.39001092147394767 -0.021296816534618346
0.01740493982013913 0.06277816360746162
-0.051369969001625965 -0.1794165650690463
0.14851336954897293 0.3904477955052689
-0.3581588255353025 -0.015583885317851764
0.13658666684870813 0.04600955311867599
-0.3404419650285955 -0.13360393588669506
0.1946398055051971 0.33557670942622253
-0.39847315927941274 -0.20944217489421502
-0.017292692049994784 0.40122831327015474
0.05101117846259086 0.02878409468032067
-0.14743920921193787 -0.08450926144646903
0.3564656242958575 0.23449324297398272
-0.14219628495799502 -0.39381014218822546
0.3488813313468523 0.001760492208509934
-0.16752672810934666 -0.005204849614148751
0.38006184465525583 0.015383669176666892
-0.05618372849874359 -0.045381906682676366
0.16151019022545451 0.13173459259698367
-0.3737558026015806 -0.3321621548649077
0.0800510038400079 0.21919729454906406
-0.22345776840721004 -0.3998093403901049
0.39860472964580934 -0.023104090440308922
0.01812275920196832 0.06795046765242276
-0.05339246047609143 -0.19272105692433228
0.15382662830492283 0.39719905636917363
-0.36451786427664784 0.012375159454086626
0.11366611915306424 -0.03650741867804357
-0.2986934962427545 0.10657979752160443
0.30424817376271723 -0.2841538546652185
-0.29182887546965935 0.33317857197711165
0.3184864520297817 -0.21589296275961067
-0.2567562974901109 0.4000526791871699
0.3737246683918701 0.02433768619282406
-0.07982840461126334 -0.0714854774019787
0.22268199125403076 0.2016918057191266
-0.3983867462782169 -0.3995469938821512
-0.017504634185744383 -0.022315079902040513
0.05152975013695334 0.06558022677225446
-0.14856844217060844 -0.18632486582620644
0.35726048574914887 0.39366981080755703
-0.13872857412981177 -0.0017615696782503631
0.3428884033042102 0.005197998860865429
-0.185977334529023 -0.01533382574418115
0.393353379732421 0.04514827591861873
-0.002962947204489197 -0.13082725864970757
0.008740066878444608 0.3299636791558998
-0.02576423038511473 -0.22477116843610728
0.07555241091546533 0.3972912276165151
-0.211807703359715 0.01322641830041843
0.3998513495677868 -0.03894720719989636
0.023860786186870098 0.11333115738933427
-0.07000878829061749 -0.29749926640846336
0.1976396588247952 0.30604419673770233
-0.3979914338667955 -0.2869106054023821
-0.016236396599544012 0.3272571789501362
0.047752912753571644 -0.2321980810064802
-0.13795980867734997 0.3936453249334674
0.34128298868148527 -0.0015032503435005728
-0.19054835707410994 0.004430416414087164
0.39516987101633244 -0.013054512531589155
0.004770845454934225 0.03841239053794057
-0.014055219498646517 -0.11172784758676291
0.04134119521846494 0.29404396924412857
-0.11998159972706512 -0.31292569957752137
0.3101006854725275 0.26995535445400165
-0.2768737921892081 -0.35533905344183137
0.34454398388120105 0.1445975358177829
-0.18004204572021015 -0.3509684761159131
0.3888817093150421 0.15918470954724917
-0.020420494640025377 -0.36970856526327867
0.05991384003226022 0.09378553212169954
-0.1709050157170366 -0.2552215648204748
0.3815343718064392 0.37411445437394236
-0.04918560720835974 -0.07740753338397827
0.14174123098752947 0.21604751762139363
-0.3465868587925406 -0.39858906801613325
0.17326017319506215 -0.01915048364576044
-0.383424526846889 0.0561844240351758
0.04173463931562438 -0.16080600028845626
-0.12095012433694896 0.3712468721003438
0.3115480045295136 -0.08788769436240923
-0.27283940132272455 0.24135013253339582
0.35043173968367247 -0.38679041694446953
-0.16054948667004687 0.02841445009825677
0.3708217021796406 -0.08299953763531889
-0.08933192394227174 0.2295986537088648
0.244655530312327 -0.3939759906036613
-0.3839537549435842 -0.00046862092168148406
0.03944515658976727 0.001378210614435027
-0.11442139066839621 -0.004052960040330764
0.29880657417265755 0.011916335892300425
-0.30198664757218097 -0.03499481530818023
0.2949559487712031 0.10178766047078512
-0.3100793699459582 -0.27260057122173437
0.2760227125317608 0.3504025355070311
-0.3449743340682362 -0.1603206221174805
0.1778676118553656 0.37022949175877035
-0.3864591362553511 -0.09121418277095455
0.029391696434735715 0.2488197796418044
-0.08571983562725423 -0.37980698492640136
0.23588097071216785 0.055216215248226286
-0.3899871346506145 -0.15792666670656902
0.015293711791872 0.36733777629803105
-0.04483871803702604 -0.1015942206836038
0.12940618493789663 0.27196374082140706
-0.3260827482733484 -0.3510120204580742
0.23396861326813945 0.1580138429667337
-0.39095428795553633 -0.36729996311351054
0.011290978382107297 0.10160675602002611
-0.033120190141652905 -0.2718920445732149
0.09632018270788806 0.3509560462198146
-0.2602060991025154 -0.15806399949243477
0.36695020953591956 0.3672191388137537
-0.1027449355985533 -0.10177461983039932
0.274247155014247 0.2721563817791952
-0.34715098629541596 -0.3503894901564035
0.17034381868399695 0.1597961676068821
-0.3797177281752193 -0.3690546391609847
0.05514395932663552 0.09499420120039753
-0.15752858560383665 -0.2570738656913576
0.3663743844315992 0.370420393945056
-0.10461887831030936 -0.08992884213692581
0.2780835830727071 0.24541012878811447
-0.3406705551932038 -0.38210955921690054
0.19058785547643198 0.04580132923965641
-0.39314206765898385 -0.13188471050214304
0.0020977317320154953 0.3297585857845057
-0.006152143075244762 -0.2229801975828194
0.018036182610827498 0.39523522818541934
-0.0527393927039807 0.006462021008407259
0.15088951966682088 -0.018941315986065306
-0.3578727820352665 0.055361939061865394
0.13421562840836554 -0.15797081420510592
-0.3334164810846728 0.3665288439559753
0.21217295843378803 -0.1037405870908189
-0.3970493908828069 0.2759566012411106
-0.014021455394677251 -0.343736417378734
0.04102314047539305 0.1806539822586009
-0.11845144017379258 -0.38719154084350366
0.3055137832601601 0.025603585864435008
-0.2854158164821933 -0.0745917207998021
0.32721495220215135 0.20799042268178763
-0.22974426466019882 -0.39686547737755024
0.3920290775663403 -0.013409021389832465
-0.006210798037245946 0.03921767958053119
0.018186134294749166 -0.11332725384563822
-0.05311135925957429 0.2954293991809601
0.1517167471973328 -0.3073726133286372
-0.35848505561085026 0.28082161952233775
0.131670318465813 -0.3351694465301793
-0.3288179530043677 0.20653337326251153
0.22495952211319475 -0.396496078101499
-0.3937725490947907 -0.0120788251359078
-0.001014674128051396 0.03531526959698688
0.002970205053969049 -0.10224798766917256
-0.008693326108426627 0.2723667497636303
0.025427293534484984 -0.34872342771008535
-0.07399489893277272 0.16413813819476353
0.2062403261980475 -0.3725670729452729
-0.3962195756491577 0.0811054044290293
-0.01111061750065312 -0.22378183873958157
0.03247254024022385 0.39389626670279176
-0.09412429042682123 0.0017016129543065417
0.25429532494799667 -0.004977802494989
-0.37207739215483027 0.014557953072995136
0.08277146794054824 -0.04250283097560193
-0.2277151418083334 0.12234640705308322
0.39217706705247635 -0.3121316936356282
-0.005112790555463986 0.2687243439039084
0.01494728101703275 -0.35369986091692673
-0.04361968908716961 0.14737059680352949
0.12540987730945014 -0.3521158929873774
-0.3175302577501344 0.1525958889971139
0.25493145097975795 -0.3589318848797867
-0.371052642416636 0.129487164519264
0.08630346290226676 -0.3245421496296607
-0.23597545734670516 0.23615558426936317
0.3874233324570588 -0.3873082363783184
-0.02384274541773751 0.024296872177331563
0.06932366853784834 -0.07063045206455967
-0.19408464166480793 0.1974179353482239
0.3928313087622131 -0.3939117388935054
-0.0021871126442667976 -0.0021762807537977213
0.006388929939281638 0.006357290446820981
-0.018655930481129207 -0.018563608298426234
0.05432521780050907 0.054058015041588775
-0.1545751816432368 -0.15385461039025344
0.3610119563490819 0.36012697155661383
-0.12191878035181719 -0.12499609408234552
0.31084866435965386 0.31640089205311833
-0.2711968015011317 -0.2573268144652297
0.349351434722204 0.367786485353455
-0.1611527033383816 -0.0977821102379055
0.36843389804847526 0.2619098181915896
-0.09539253154081967 -0.362116388715427
0.25656113453565915 0.11788149545201426
-0.36850336123283783 -0.3031663258173584
0.09506801444414908 0.2890128883127258
-0.2557785701726848 -0.3186067343564089
0.36929041631367776 0.2513550994448192
-0.09213899074107862 -0.37398016429832887
0.24909610345984462 0.0748684100687424
-0.3761415019016133 -0.20777632151229375
0.06674404376503834 0.39492105081834883
-0.1871332961470435 0.006716604074772092
0.38903204029611244 -0.019583036363606577
-0.016876844799528168 0.05692283063567448
0.04909581529233843 -0.16130888420705558
-0.1401515678639399 0.36818678018858064
0.3407875475103767 -0.09592197671137104
-0.18782997047306044 0.2574668923927248
0.3892070635955806 -0.36696904263170893
-0.016054845116405536 0.10023716125529702
0.04669598224274078 -0.2668982420902142
-0.13351698876766277 0.35481688666368105
0.330276586109392 -0.1424438437883963
-0.21892056220154782 0.34399888318608446
0.39346001733678876 -0.1776289941159031
0.0010907495197640116 0.38270246414571857
-0.003178306165900202 -0.04138189224663524
0.009259803578909823 0.11876484253746941
-0.026958045031806096 -0.3042816113921436
0.07803540299969704 0.28570690454347636
-0.21529594387005252 -0.3240465357265805
0.39389351020675417 0.23610112613924217
0.0029840745403367785 -0.3857770002267783
-0.008690350311693167 0.02927323079698807
0.025291811146811203 -0.0846100726032431
-0.0732375114026788 0.23109490347358286
0.203303214580562 -0.3885501173353715
-0.3936551655584748 0.018276083893637052
-0.0021444387884989036 -0.053053678994498865
0.006242734523452661 0.15064981959686619
-0.018166626295465817 -0.35484575638947047
0.05272667876320091 0.14185317416160098
-0.1497357413547162 -0.3426541679376053
0.35357571830775636 0.18132461068273864
-0.14602941853556806 -0.38468802676660707
0.3485270765631231 0.033262575843905184
-0.16257459649660988 -0.0958480504344083
0.3686482527228472 0.25674872271626187
-0.09347829825183085 -0.3668194958739441
0.25140078308040037 0.10004171059572614
-0.37252943508702296 -0.2659001883806195
0.0792281289909082 0.355220804547507
-0.21787361902101293 -0.1403062737881693
0.3927563191925621 0.3400897348132526
-0.0011472810307009418 -0.18895332221421374
0.0033362327664014932 0.38864037907892507
-0.009700069801355283 -0.017515970415918347
0.02818031840072915 0.050791571408316846
-0.08135904288688112 -0.14433512123382936
0.2229280339313114 0.3457960451860263
-0.3912115107716791 -0.17096464107789838
0.007192047295296766 0.3763219031308496
-0.020894566825603676 -0.06486594209335916
0.060493869180620385 0.1816012801178625
-0.1701838336908841 -0.3842756424860696
0.375521061117148 0.03442989576692357
-0.06777239277174463 -0.09900321811144724
0.18902817488182416 0.26332229176345334
-0.388284652023202 -0.3581161690245779
0.0186460957083166 0.13004131332859648
-0.05399994316507588 -0.32339017540154846
0.15285287859685998 0.23671631986215613
-0.35679743107022394 -0.38408163703757303
0.13443437388795615 0.035008448497366174
-0.33049424096631386 -0.10057457779077666
0.21681008229016696 0.2665735866106499
-0.39222607478365923 -0.3534858502741759
0.002802616158878557 0.14547043888121142
-0.00813627891691801 -0.3469029278701114
0.02360666271522381 0.16692242979521404
-0.06819193058336911 -0.3720905995891551
0.18991256975964158 0.0801373927446914
-0.38827198002735286 -0.219615617020971
0.018399782599425096 0.3914151321706991
-0.05323869894711901 -0.005902523255782499
0.15065938787844468 0.017123171317791338
-0.35364807273436594 -0.049557778499199304
0.1446705679562632 0.14069704359867635
-0.3455292890426121 -0.339795299135411
0.17103244084773644 0.1888910047139159
-0.3755555674902054 -0.3875596775177193
0.06706746984420486 0.02103582601153403
-0.18689168954677088 -0.06077614574041422
0.386478448411028 0.17057626484894833
-0.025214242384615615 -0.3750443012800356
0.07270889835801846 0.06888214810824222
-0.20111941493423974 -0.19146836601674644
0.39142766774077625 0.38849401905860925
-0.005563632826711129 -0.017207205898985722
0.016124826822134595 0.0497544960637354
-0.04663638055902575 -0.1411020499783166
0.1326043742084815 0.34006853642090024
-0.3268688862223974 -0.18769888711724786
0.22624014313686958 0.3865913687230727
-0.3886036304744136 -0.024558619326351172
0.016627351132064816 0.0707892257215871
-0.04806266742519577 -0.19615864233967004
0.13643816950830193 0.38988312209348275
-0.3328316441372481 -0.011502262448891243
0.20910403962426583 0.03328350465224603
-0.39181554819020914 -0.0954777931899205
0.003747330529325632 0.25475603711972816
-0.010852489145015506 -0.3669801042203549
0.03139854661901976 0.09791577168370447
-0.09014261716114882 -0.2600706693721154
0.24265225929591192 0.3607140080977903
-0.3783354612229404 -0.11991456260549554
0.05603454410304892 0.30446025685013506
-0.15777271109770272 -0.2825734100374753
0.3614172861196556 0.3268859646165225
-0.11737430364990808 -0.22570545473379483
0.29963012976302245 0.3882746907921068
-0.29319858368472457 -0.017567015193678925
0.30663739231956094 0.050704283412101495
-0.2773720405028179 -0.1434316925031917
0.33556828243204356 0.3428397961283503
-0.20059336970651026 -0.17849097715704082
0.39040339477244684 0.3803500325844928
-0.009022580181459183 -0.048145760075454624
0.026083499479653847 0.1364538177529628
-0.07500235993789292 -0.3323215204648384
0.20631777725997122 0.2099667109023894
-0.3910294030186058 -0.3911258574287312
0.006430683952760086 0.006046711513178704
-0.018590640855849615 -0.017481343451582407
0.0535964536851251 0.050416170202279176
-0.15107817854326488 -0.14253391755663197
0.3528519010744354 0.34125309591117975
-0.14599792852288201 -0.1830810432651518
0.34607498426188793 0.3829895011603804
-0.16793784930452843 -0.03777086122214823
0.3713421628856703 0.10781083388977983
-0.08144921818806516 -0.28042287691387646
0.22182044559491704 0.3298746992783046
-0.3888860103080342 -0.21662056998639967
0.014675760193572418 0.3900848576811673
-0.042326154993482766 -0.00991436788973804
0.12037189634467352 0.02862143917572607
-0.30462091128730484 -0.08209610094920872
0.28126657910984276 0.22327211904436606
-0.3281982197286386 -0.3882376458745975
0.22115694351052262 0.01710469534505965
-0.38882686535183253 -0.04927725682284122
0.014742317848485897 0.13928951178443033
-0.042493732497332314 -0.33606491885400186
0.12076576197611119 0.19831710136982145
-0.30516610998919236 -0.38900066562344576
0.27977721821879853 0.013973611417278431
-0.3305047128179548 -0.0402746353521132
0.21440354831133923 0.11461419236521903
-0.38994554401742976 -0.29353430209169745
0.010156519438618561 0.30478217919016953
-0.029288695055395754 -0.28050544160269625
0.08389365950479619 0.32910332451842933
-0.22729976318534575 -0.21824142398272334
0.38622406978864376 0.38914331636382354
-0.024676029407517952 -0.01322389314156297
0.07081740111683898 0.03809683722796629
-0.19537500894396514 -0.10851298915984055
0.38776376697363063 0.2813050191456805
-0.018568791295997644 -0.32750313261864594
0.0533999920254799 0.22253439477298687
-0.15017407912983438 -0.38778442177079553
0.35076041851447515 0.01842495819378598
-0.15194717467821894 -0.052977811292436006
0.3529606299596162 0.1490154175747457
-0.1446611413426393 -0.3491782599578177
0.3432646686709197 0.15701293717256437
-0.17577090147468816 -0.35896947925948997
0.37687394216384057 0.12435460828421824
-0.06011381311684871 -0.3110735202858899
0.16779917467308536 0.2651134595051203
-0.37007475816779556 -0.3520862913535315
0.08510257581291719 0.14736723665427448
-0.22982064508541988 -0.3467890284922821
0.384428499154011 0.16447587004300968
-0.031224506943415886 -0.36676826646858773
0.08919689195701978 0.09689879178675137
-0.2392401517809758 -0.25648840828676533
0.3785961595666839 0.3625785945435579
-0.05341831199054853 -0.11160789111320663
0.15002394432089297 0.2870336205131657
-0.3500776700723456 -0.31648593860728147
0.1536802551576173 0.251300558283154
-0.35460432191181457 -0.3679958625820515
0.1387130420563426 0.0923178826642152
-0.33417395014781115 -0.24618580335579537
0.20273669161189078 0.37275924250869114
-0.3886160636525926 -0.07496014795151479
0.014616874501130472 0.20522954751955164
-0.04199926822906347 -0.3888541582718901
0.11902306874407986 0.013638735072647012
-0.3009621877736731 -0.039192877518515586
0.28782420098820494 0.11127977158036889
-0.3146280674235583 -0.28612102215419793
0.25564198340534827 0.31777986231713135
-0.3629924004795553 -0.24760911410359804
0.10974926615747704 0.371152997059847
-0.2830030277217712 -0.08060199065184304
0.32330430043801084 0.21876851573652434
-0.232938462415909 -0.3876220904965991
0.3819553425779201 0.018267974465201564
-0.04017732640064331 -0.05239094946672242
0.11391658838107951 0.1470562443788121
-0.29106002990347146 -0.34561112960671736
0.30805472637103815 0.16742489106946268
-0.27129364238251175 -0.3687888904237303
0.34219869639350065 0.08895019730273113
-0.17801197496919985 -0.2381704042078096
0.37737303372217346 0.378401609543147
-0.057348939773691654 -0.053486076534706495
0.16010120941837439 0.14989107503725685
-0.3612463557745462 -0.34913726891992614
0.11543222355795912 0.1559506792877532
-0.2937564250129923 -0.356523585591647
0.3023674267209549 0.13151787251608188
-0.28402485370582403 -0.3221793292421492
0.3209200065279199 0.23547013789450766
-0.2387852781072211 -0.37990414241203907
0.3776542727740642 0.04761422249046432
-0.05607222506070908 -0.1340615614079908
0.15663135932003172 0.32615206971398253
-0.35710271227397294 -0.2245549252212446
0.12936262613369193 0.385182467938364
-0.3184396502577074 -0.02728626998974565
0.24506756805293084 0.07784678374343074
-0.37250071496517634 -0.211730786962605
0.07501281399517573 0.3878125133504528
-0.20479898440818856 -0.016961770978528357
0.387627253138085 0.04857393764612372
-0.017645185459542856 -0.13655628416049012
0.050513516753444024 0.3298100151411074
-0.14174573741261903 -0.21405769164957866
0.33749319815025913 0.3874171312676009
-0.1916268686419934 -0.0183836082349087
0.3841522986299495 0.05260052836768485
-0.03101288082356557 -0.14727738667161222
0.08823524804880557 0.345075106983616
-0.23603256302837033 -0.16824791457262056
0.37888542919689777 0.36864069178865977
-0.05100234391373226 -0.08871005213898009
0.14296468813336866 0.2370697155052931
-0.33901434866882185 -0.37811116114583043
0.1868094600230793 0.0538485779595097
-0.3817016230570671 -0.15050905035788237
0.04021732806170497 0.34908493189233825
-0.11368763433460335 -0.1552674727069564
0.28972903632352776 0.3548597542373957
-0.3093287878992266 -0.1362719863057662
0.2670040541860379 0.3289439115147604
-0.34703724362651134 -0.21600077408852852
0.16169895919650734 0.38658836250995393
-0.36187829633828195 -0.021241112414467078
0.1122706403577412 0.060640467738535306
-0.28684031098689106 -0.16819718126885796
0.3145942650948094 0.3681560231864007
-0.25394887870095356 -0.09007412142072407
0.36292053972117827 0.23990641209632896
-0.10852652992107886 -0.3756158351080056
0.2793388169492636 0.06280697134850927
-0.3277499509768839 -0.17371517758901783
0.2190355508151664 0.37269078262965577
-0.3856395654670059 -0.07351819292357814
0.024695830253575968 0.2006325583109359
-0.07035088035606041 -0.3859653952644689
0.19275660293347308 0.02339073556129817
-0.38367709455699606 -0.0666609322426397
0.03218436728034635 0.18345768969800674
-0.09131259053323493 -0.37918570893224063
0.24249827907760368 0.049235675803126044
-0.37324837955554224 -0.1379539959652843
0.07127096055504528 0.3309831836490221
-0.1949522880031886 -0.20961626292273766
0.3842338246955494 0.3864920968344355
-0.029894785905546062 -0.02115815381600633
0.0848827780730767 0.0603140878462569
-0.2276694097679895 -0.16709613863848216
0.3822392449122954 0.3665420126184774
-0.0374577352462781 -0.09531211843636106
0.10584749251147227 0.25120520889684983
-0.2735065890677909 -0.3650589323019161
0.336521640922152 0.10048471465413567
-0.19322559099876357 -0.2623063901586785
0.3833499461526608 0.3522706749236857
-0.03308002615841221 -0.14393390169926196
0.09369525151613425 0.3393185116098182
-0.24752079794692525 -0.18473916281732083
0.3683955994870106 0.3793651220446642
-0.08847045194749292 -0.04814553904040392
0.23572741220162602 0.13485052096359754
-0.3774842520094526 -0.32577210444488014
0.05513951097995007 0.2236624184648206
-0.15341236781685058 -0.38336022192904573
0.35145730688385973 0.032850091047498586
-0.14634391134126978 -0.09299891446230205
0.34237328073386203 0.24582128455095273
-0.17514225982718606 -0.3696438980368988
0.37279529198166766 0.08377925271829473
-0.07231932446233275 -0.2247474258169186
0.19717983930587313 0.38275235860032536
-0.38409645837352646 -0.035028961712832596
0.02985478727394869 0.09898938685686237
-0.08461372973516797 -0.2587564139431135
0.2266150250605975 0.35602785529366626
-0.38185746712804336 -0.13097142943130963
0.03833697740612341 0.31923744104898927
-0.10806676032620496 -0.2406806213154598
0.27747256867882075 0.37350495040770165
-0.3293701691060321 -0.06949506706300584
0.2131686881657684 0.1900366536656245
-0.3851614490252976 -0.3813005671283707
0.025542736766990592 0.04032660433689517
-0.07249642720050624 -0.11347006526112724
0.19742483752617018 0.2879587340730683
-0.3837487535590067 -0.3106964676537695
0.03089587963539142 0.2617995610037726
-0.08743111814662997 -0.3518853831037934
0.23289401789426367 0.14436460947458252
-0.37832232275117617 -0.3391060650213414
0.05139014753635701 0.1845030655173086
-0.14321658546675708 -0.3782907922142859
0.337434558533436 0.051464728069941956
-0.1894367420447403 -0.14339482188236796
0.38066227960397797 0.33763552922747014
-0.042468399231564036 -0.18878364963430122
0.11920125275508212 0.3803104639182479
-0.29842716743435316 -0.04375622958860237
0.28928428099483183 0.12267746799071402
-0.3077514093958498 -0.30463280287957684
0.2683845302526051 0.27557466811823306
-0.3426041264557448 -0.3317611426780611
0.17351240652509892 0.205777554189431
-0.3705632648760335 -0.3846097631445593
0.0796378328395439 0.027210492978931244
-0.2144257736405668 -0.0770533730623558
0.384257185863468 0.20822029160531827
-0.02850359797127472 -0.3845923775769967
0.08064694882198144 0.02719401903067853
-0.21676207708271367 -0.0769862437271619
0.3837643905851389 0.20800079891557816
-0.030311213513514845 -0.38446894207242915
0.08565693317840205 0.02758539745511801
-0.22841437675498383 -0.07805799711086885
0.3798619449482808 0.21051888078097308
-0.04506245377097351 -0.38432106757668244
0.12605292135278287 0.02807033580292645
-0.31010824687558847 -0.07938945214094154
0.26228383247282683 0.2136413353866823
-0.3502769493364396 -0.3839600128365336
0.14879146791593534 0.029372821737318255
-0.3442349925218377 -0.08299528234239589
0.16793398837651402 0.22209056080560502
-0.36528299092853606 -0.38203825138920794
0.09800072084402517 0.036629354740075226
-0.25570295790259234 -0.1030310355508404
0.35793585789977567 0.26628894853728446
-0.12327320445602691 -0.34472804780972754
0.30505465533571724 0.16623989401945194
-0.27376546157301945 -0.36355643952666883
0.3337140666780853 0.10390396620725023
-0.1993632935996837 -0.2679982350788586
0.3828300946399215 0.3421946244555701
-0.033422950749490865 -0.17396502443082268
0.09414220967037976 0.37006577178643923
-0.24715730058385918 -0.08072627310178854
0.3662998853704278 0.21654407339102788
-0.09411297604470281 -0.3829861094762037
0.24704149106639833 0.03272258512592302
-0.36631253748286946 -0.0921759708864315
0.09399860021727535 0.24273185257155472
-0.24673883490726156 -0.36994744901307
0.36649392008897874 0.08099288064026289
-0.09328788207977734 -0.21706833511733054
0.24512380788320487 0.38267540721278887
-0.3678270808987869 -0.03376080273782872
0.08848888907841124 0.09499667542369944
-0.23434443724059578 -0.24881950530117902
0.37564948310145646 0.3643790619576728
-0.06004561361451688 -0.10058535861018097
0.1652223901712655 0.2607406103467114
-0.36200241938764444 -0.3512281620206836
0.10877469687122976 0.14490274365260347
-0.27742067674572274 -0.3382814240481242
0.3271583436586741 0.1852878355544597
-0.21727531180378828 -0.3768970786114195
0.38227188698660247 0.05527077050136503
-0.03504502151080985 -0.15276585921842142
0.09845197289662772 0.34828339237971484
-0.25606048463221837 -0.1542145424454956
0.3564836635679632 0.3499664194812848
-0.1273337977931867 -0.14876304262849072
0.3112860529185858 0.3431800012340025
-0.25815668835477323 -0.17014872109191137
0.3539472319146909 0.36612983126933474
-0.13567169078054236 -0.094063913865852
0.32459740367567974 0.24645314071793745
-0.22394607228200886 -0.36597909873808676
0.380045251418293 0.09452580349921874
-0.04321701078817802 -0.2474119760970948
0.1206199730952377 0.3650169736108703
-0.29942996781916786 -0.0978378702944257
0.2849516292908517 0.2545181083726538
-0.31359787811008144 -0.3577914232382668
0.25220014867762364 0.12262237442069601
-0.3601897481050763 -0.3029005359914779
0.11443137652447516 0.2772447314626405
-0.28790398777678594 -0.32674649501095365
0.307995466495548 0.2177804461949755
-0.2655226185837124 -0.3814739485974121
0.3441423525085304 0.037589411099031744
-0.16670192974243347 -0.10526086964014578
0.3625746193493147 0.2698135264942878
-0.10606420646897552 -0.3380286294425866
0.2714022927031711 0.18525378791361458
-0.3356267921788681 -0.3760316050685385
0.19231168220632672 0.05782442374627855
-0.37915666752132254 -0.1590820625492356
0.04614988087787486 0.35476145793825675
-0.12833755652176307 -0.13238928086591345
0.31234370968147607 0.3189244146599229
-0.2547909921601291 -0.23827745622836188
0.356909361638827 0.37173293132963786
-0.12513020077460807 -0.07339879601978866
0.30684597772101735 0.1981325648344881
-0.2677369222409542 -0.38070887300135575
0.340600683115931 0.04014374878122301
-0.1771705715685789 -0.11209246848399584
0.3706835108661483 0.2830200525353635
-0.07705515772797483 -0.31627209282910657
0.20687696646670567 0.24479414511865955
-0.381759770351443 -0.3663874152759606
0.03604488023182778 0.09230181496760287
-0.10088689907402207 -0.24195066184625413
0.26039252719143813 0.3686328591709209
-0.3499993425866226 -0.08427007608628356
0.1475312352560444 0.2237569827805368
-0.34047409303103277 -0.37893151704337713
0.17726920766550341 0.04656633447673525
-0.3704507989425047 -0.12927449481461986
0.07764600140674904 0.31344681143189423
-0.20813182490422327 -0.2515226247821367
0.38146639155507706 0.3597487107345998
-0.03692499604384125 -0.11505471066331735
0.10321386896022841 0.2883306842734703
-0.26501590362790517 -0.3060866152303213
0.3437246104482492 0.2688823033117994
-0.16707597820297282 -0.3383368216500545
0.3619640734158912 0.18344270919750338
-0.10732578069558363 -0.3740863538663671
0.27324977738948963 0.06423445356726343
-0.3317368334289087 -0.17506564929942015
0.20261029350049176 0.36850051553435637
-0.3807377517363131 -0.08433359756278513
0.03944513492692375 0.22362600280382278
-0.10998674368325334 -0.3784351271191155
0.27838711863393084 0.04803707375369476
-0.32335793325289774 -0.13302816912148044
0.22560155442391994 0.31907434252279443
-0.3775718751991606 -0.2368311612955757
0.05116565099026105 0.3715614379646982
-0.14125961816980095 -0.07317256538989975
0.3313118693647429 0.19706681859341812
-0.20352608342452905 -0.3793422703312255
0.38053194718677674 0.044476522869420554
-0.039989124560078415 -0.1234647783482195
0.1113773035575176 0.30307042237908394
-0.280872941395946 -0.27509645799641497
0.31883840442115363 0.32834860891528334
-0.2371617929581541 -0.21169355255345995
0.3710359788032065 0.38052590558096894
-0.07484624978330806 -0.03988585774779796
0.2009820908561223 0.11105263841329838
-0.37990427893906265 -0.28012815488232135
0.042158638586181574 0.31992887757340605
-0.11716130032119773 -0.2341741074789755
0.29159377786691876 0.37276192138919173
-0.29885265426787444 -0.06846921854699672
0.28396487933596404 0.1853169829689041
-0.3130980116762022 -0.37426964611417224
0.2512780588302166 0.06290786214630384
-0.35880646177141773 -0.17136046520762074
0.11732578979549191 0.3647832520639741
-0.29175304659769663 -0.09675774237140317
0.29833355119431615 0.25077049845506527
-0.28486383432369555 -0.35919497792231314
0.311274667233539 0.11591539055610256
-0.25550945683339576 -0.28906884930142146
0.35410067016447444 0.3034115962277146
-0.1328672722834624 -0.2737017355354289
0.3181002321219445 0.3298640958385191
-0.23844609064396638 -0.2068681509368106
0.3694830611664096 0.37996763919059856
-0.07992760179492275 -0.04152130867585907
0.21276887326700822 0.11529653024800532
-0.3796940542378501 -0.28775615229505
0.04248376615596161 0.30565521626384484
-0.1178598271394578 -0.2684069316464006
0.2924236907670498 0.337470112821163
-0.2965689059434284 -0.1846938365441131
0.2881282613197092 0.3733552409334706
-0.30480870405000554 -0.06578549174199283
0.2701880154638157 0.17834381410196054
-0.33475414962148725 -0.3694382736523599
0.1925411872805775 0.07984148300915445
-0.37673214706948516 -0.2124063076681093
0.0532924038760611 0.37940454422913117
-0.14637932243985707 -0.043336021283357284
0.33723848208232643 0.12005602483068487
-0.18512014990150538 -0.29616232788047003
0.37330332467481775 0.2886796008076191
-0.06575589381938063 -0.30347272603781394
0.17814849067496938 0.27290486879311304
-0.36903426161953323 -0.3303964344565997
0.08105896731654982 0.20475681384068212
-0.2151110924713298 -0.3791700217401237
0.3787755638763351 0.04402316254814076
-0.04547393835909147 -0.1218198716561133
0.12567960483718435 0.29909990448321633
-0.30573391947921047 -0.2822494888563667
0.26757091122814336 0.31490750506899023
-0.3379552138593376 -0.245664609323199
0.1826570599053936 0.3628635062297799
-0.3715862226679525 -0.1025000663550189
0.07168942558083113 0.2621058001678649
-0.19261945075642828 -0.3451255386176728
0.37616627051282625 0.16072219846112645
-0.0549307708570031 -0.35370204287862983
0.15042442388773966 0.13323313464135783
-0.34191125001757416 -0.317798073513447
0.17053406928095038 0.2381386630894904
-0.36279437356076116 -0.36852097175826104
0.10253069469044485 0.08248207598811236
-0.2620057905287733 -0.21815179610412516
0.34498110673008436 0.37766300240123507
-0.16094599204513166 -0.04922959209230926
0.3537038465739835 0.13546077107209253
-0.13300978837183264 -0.32104695010420337
0.31724817604483463 0.22952636105562696
-0.23928817927761697 -0.3734156836095449
0.36743157432257817 0.06471570395524001
-0.08613831871640393 -0.17520040748734875
0.2263938503582994 0.3661690566169574
-0.3747291088622371 -0.09053741824412898
0.059840315260938914 0.23622151592559043
-0.1628501870511759 -0.36939542191085667
0.35537585187424203 0.07905813463388078
-0.12725869323535322 -0.20995878986003408
0.30775775902607916 0.3783319625353319
-0.2620842945006463 -0.04645099238073369
0.344400309306127 0.12799941640729623
-0.16234816189569823 -0.30891851735631726
0.3547211879456872 0.25928463942341684
-0.12927843807218597 -0.34776776741314275
0.3109468599700907 0.1517262991007094
-0.254384666635639 -0.34287253699534287
0.3532804909179597 0.16693360380419936
-0.13391390125044123 -0.35897253972519255
0.318205280203398 0.1149706451707016
-0.2363014961010914 -0.28587165511905166
0.3688933481966451 0.3072575363940162
-0.08051197174914221 -0.2629062770079833
0.2131473867482815 0.3429896993950369
-0.3776568510904671 -0.16639746289701185
0.04863949176303317 0.358300959656604
-0.13364442826082598 -0.11706956362481835
0.3176099399183848 0.2896026077794443
-0.23759896569492123 -0.3000742214374183
0.36778368185044785 0.2787525260634586
-0.08426662621388131 -0.319410773856538
0.2217015672111699 0.23290509883463256
-0.37561482726635936 -0.37065340167431576
0.05599606983214217 0.07398686846022134
-0.15271272184042492 -0.19754046246841755
0.34359285956437413 0.37628977715288486
-0.1642407509650835 -0.053452733384326934
0.3559637573847636 0.14611319243232368
-0.12459495733891046 -0.3352368766789964
0.3026382596298576 0.18920654768569722
-0.2728459475389846 -0.3733369500968877
0.3284863465946135 0.06413498029938708
-0.20831640824573683 -0.17327562987965983
0.3773761581123313 0.3636489511930764
-0.04927745790442978 -0.09840806959698467
0.13514810548023953 0.2525384624822073
-0.31948997337643953 -0.35437261571331685
0.23226437808523542 0.1296365425814685
-0.370540305060674 -0.31080871196365956
0.07404058187193008 0.2537937367209745
-0.19745490265636706 -0.35292713134250975
0.37581564619878355 0.13427307825121093
-0.054854806161196534 -0.31802043895433724
0.14957913750735785 0.23586944481063027
-0.33930454412901995 -0.36818847236259616
0.17678439738635626 0.08227811758229697
-0.365884478759059 -0.21676091630989786
0.0903381246715863 0.37613479236497555
-0.23492677713650867 -0.053555830677025185
0.36863760738434015 0.14616347041007124
-0.08057651183642572 -0.33478063712212114
0.21274689552905945 0.18996309096397013
-0.376592738437891 -0.37304434017479304
0.05176620691947975 0.06472060007082492
-0.1414717244008382 -0.17447844217983954
0.3282912486121541 0.363979372013977
-0.20822131546254252 -0.09676395575997382
0.3766833473088558 0.24868856566380904
-0.05132719403327768 -0.35754679261635003
0.140281916317121 0.11858929103237686
-0.3264957323567719 -0.29148943873702876
0.21302111300305226 0.2951766923529184
-0.3762729491509872 -0.2877845156065357
0.05273095480543466 0.30220321296069835
-0.1438806158619829 -0.2728402069865518
0.3313794341292515 0.32748777237590004
-0.19931833180777847 -0.21017217003971017
0.3754968368484485 0.37635061748182846
-0.055471167777867036 -0.052340038906696584
0.15090255447371387 0.14281879967807176
-0.34031262518791344 -0.32981318034290436
0.17309878888192481 0.20359328676760685
-0.36248134376953484 -0.376010610427484
0.10154171248131666 0.05348275806455649
-0.25836552311892547 -0.1457289301514507
0.34673829981145265 0.3336172123153951
-0.15321934324592107 -0.1926759438713489
0.34292068496078104 0.37338249554576586
-0.16500351776382433 -0.06295792475820239
0.35535587404487706 0.16978669704708962
-0.1253753734078218 -0.3595953449232422
0.3028628471633463 0.11118910871227161
-0.2708772264301288 -0.277339540293334
0.3298964229093414 0.31987706292789925
-0.2030196962287527 -0.2299895622679125
0.375576852914116 0.3703623263456008
-0.054797169760585296 -0.07364867748574289
0.14898861091381788 0.19588914583677502
-0.3375081416991404 -0.37408358134763414
0.18100478849158524 0.06017870514585255
-0.3674512308046301 -0.1626751166820465
0.08385893375879133 0.3528059216737045
-0.2197044417741696 -0.13344595183257796
0.3741090246778911 0.3156175378198641
-0.05997966577977415 -0.24053310023570085
0.16211765863126276 0.3634029914842418
-0.35212630514465343 -0.09784834608439169
0.13553203337943848 0.25029554392530684
-0.31868351297995573 -0.3547988348538059
0.2326537738179804 0.12676193577177375
-0.3684835938538203 -0.30477626812765324
0.07999613105029935 0.266071445228902
-0.21066546171007383 -0.33614916090917857
0.37528814859325776 0.1846408315237934
-0.05547217130049387 -0.36912463672601026
0.15054050788284964 0.07763802634410083
-0.339002624699823 -0.2050987356358021
0.17611430999186117 0.3751444363583765
-0.363763621545675 -0.055912298168493746
0.09631065084934598 0.15162705087558045
-0.24683074643570424 -0.3402257318768217
0.3576939520004765 0.17235261198839125
-0.1168596562777251 -0.36084994601116993
0.2873042169790059 0.10620047582779057
-0.30162146831787917 -0.2670391546243388
0.27267492853725317 0.33443762069330185
-0.3262371341080723 -0.1892815148114615
0.2122428677624686 0.37096656131881
-0.3747358026682319 -0.07079408999046977
0.05716922790483181 0.18859917327962483
-0.15472244712089647 -0.3705912642485274
0.34358973432272133 0.07207030417698668
-0.16185818776187388 -0.19164107681583759
0.35118734044833744 0.37173576114976564
-0.13791698720647305 -0.06790840127301634
0.32161121624004957 0.18149943860780565
-0.22434845445542279 -0.36677903532977435
0.371623447134202 0.08542207796962781
-0.06822533702157668 -0.22271020399918223
0.18222586125545798 0.37215067785654204
-0.3670949345519288 -0.06628887731921324
0.08422622632938376 0.1774501324199413
-0.21994443373464678 -0.36405256121212465
0.3728812888197126 0.09477309017791408
-0.06357184926081144 -0.24315900502517895
0.17067761616489974 0.36015124727748404
-0.35888180348229903 -0.10804352710813764
0.11230094532045465 0.2702366710279847
-0.27837956108451417 -0.32921819774291156
0.31653837734442175 0.203474338756015
-0.23698018103790291 -0.3740692386790469
0.36458529167710846 0.05912594962651019
-0.09272919396088664 -0.15945366612647935
0.23861943449751016 0.3482270652514228
-0.3633615689605541 -0.14687439760960402
0.09688564480859169 0.3334659668526915
-0.24744015010341708 -0.19130722883292117
0.35607375348602915 0.3709509797149976
-0.12140723183872837 -0.07020217991801336
0.29466822745212645 0.186787477722218
-0.28630627609194953 -0.3689481103688857
0.30239625293252465 0.07725855870131493
-0.26994122907586166 -0.20357363383046045
0.3292089171177785 0.37371282573206954
-0.20311003837826574 -0.06014203025450848
0.37360733535900975 0.161874942280047
-0.06048135855593478 -0.3503773380022743
0.16270608851338703 0.13972623959367647
-0.3511487761916226 -0.32347199211767
0.13720523226617837 0.21856345687579076
-0.3197868557945478 -0.37245781350334334
0.22815351342794754 0.06452158129401525
-0.3689998549089277 -0.17272316891524386
0.07681439126979928 0.35981059044822483
-0.20236689124734947 -0.1085544270801111
0.37323761395538596 0.2707117872662304
-0.06160543059240342 -0.3277043007760177
0.165413172038448 0.20692527099982932
-0.35347431397909124 -0.3734987767856576
0.12944586375554673 0.06059868372086963
-0.3076617598869424 -0.16285904427376885
0.25753921009246944 0.3509726831783646
-0.34483793133104174 -0.1374611670413457
0.15675914759698312 0.31987174457745393
-0.34457630381068066 -0.22758768100298377
0.15751803393609248 0.3688820529860929
-0.34535399983762144 -0.07694850161993594
0.15506432941484266 0.2025048051720134
-0.34259229271546604 -0.3728904635546042
0.1635011753647932 0.06258164130699995
-0.3513692723238661 -0.16770366117002594
0.13597357743426153 0.35520626078954637
-0.3174807046922958 -0.12347508814481933
0.23344970730217246 0.29753066400709066
-0.3655585545468593 -0.2794656054253504
0.08839809158438877 0.31340288029779134
-0.22847156653550088 -0.24349070447638282
0.3681234891936041 0.358350124429005
-0.07936276347229798 -0.1129115394539692
0.20796784966382686 0.27855288876927353
-0.3728890304375484 -0.3147752915110512
0.06233263345759066 0.23998955330408667
-0.16694968489254175 -0.3609564519059648
0.35423556516183946 0.10401938633191343
-0.12637652716757392 -0.26125795853456946
0.30214417278869554 0.339692217021904
-0.26926853174968923 -0.17182680416932783
0.32889660101824447 0.35823067166353306
-0.20283572543467643 -0.11308174801510068
0.37234239676142444 0.2786801597423763
-0.06410734122506839 -0.3142766980532105
0.17125023927032937 0.24094713989499544
-0.35764352841593594 -0.3599401979145172
0.11492558117475055 0.10722957358589952
-0.281994633632434 -0.2674203194629464
0.30852500309104186 0.33127482597650304
-0.2545749136306377 -0.19599316937379896
0.34714461166213845 0.37080911775350345
-0.14873468521546435 -0.06942102795978361
0.3343260757984841 0.18415118959013288
-0.187207743692908 -0.3660128132644124
0.36749612535003345 0.08624615469705987
-0.08104388584301259 -0.22329557199660927
0.21150552750332946 0.3695176518550623
-0.37206274357523544 -0.07387918129757165
0.06479245037594511 0.1947574159261693
-0.17276834990600126 -0.3702143566475539
0.3584487422368719 0.07134429929893465
-0.1118958134998525 -0.18867192712714648
0.27608181056312686 0.3679315099363463
-0.31791821999808645 -0.0793424532554759
0.23132765363197116 0.20747477319095065
-0.3656572639338628 -0.37198564682366486
0.08721852532901803 0.0648991645280953
-0.2252787643974894 -0.1729388301363401
0.36842308884946495 0.35837328230704496
-0.07748423595470949 -0.1119655814871271
0.2030777047757522 0.27606240132516796
-0.37156048565254246 -0.31771884733261896
0.06629290536217791 0.23161918932886988
-0.1762882996533734 -0.3652667697289162
0.36065855407647834 0.08839702090180446
-0.10414847237022495 -0.22776249184050812
0.2608247001442307 0.36712446895619344
-0.33909385379337337 -0.08186640825269037
0.17264107540480028 0.21307375485386842
-0.3578621593912817 -0.3712815667348616
0.11341954117975411 0.06711902072781434
-0.2785669165180347 -0.1782108539874846
0.31334339789587745 0.36174313589356755
-0.24217824900862123 -0.10029128860775144
0.3578417557428227 0.2528987327736703
-0.11337344415214529 -0.3479165394059967
0.2783866570062142 0.14547417136959134
-0.31349720064472936 -0.3293502576875469
0.24166950199424359 0.20037021247437237
-0.35809910185098676 -0.3706876873867577
0.11240228755873927 0.06902189320267593
-0.2764852774652286 -0.18270871060427224
0.3164405775560836 0.36419573477874073
-0.23427313772133812 -0.09167760329337787
0.36311952598535263 0.2346219862771467
-0.09532816007722489 -0.3628758331272335
0.24238342623173248 0.09613970887354706
-0.35730061755160236 -0.24407562859711907
0.11487538435613825 0.35588089840875525
-0.28090432385646813 -0.11954412698005301
0.3089103339158328 0.28925034382180165
-0.25226049069645784 -0.29386613757234376
0.34808781515565357 0.28485030481761303
-0.14453064644214703 -0.30192497085311126
0.3277219320757715 0.2679504111750289
-0.2044187070400605 -0.32888460511196776
0.37071066553825394 0.20119733196396
-0.06857916915639095 -0.37032155007942874
0.18143235168939326 0.06993970876067124
-0.36302217754825444 -0.18470111865960454
0.09532913053018538 0.36478143425723314
-0.24214090198741134 -0.08926316711427806
0.35706020769280766 0.22909597931620623
-0.1153301855262851 -0.36542715400977127
0.28144686815661407 0.08696559582927399
-0.30755615049401447 -0.22399456901718973
0.25499478889395105 0.36754450824513196
-0.3447377519346248 -0.07953123698511821
0.1545938997215483 0.2071614379807537
-0.3397059372194933 -0.3704716011766148
0.1697840917803934 0.06915257504734418
-0.35451495194509336 -0.18265941880198966
0.12349186423182262 0.3633768628663827
-0.2955857060479945 -0.09382821108144163
0.280766419339062 0.23875269663130028
-0.30843376443352477 -0.3592488852679867
0.2526934758213736 0.1077453190530297
-0.3469141631144874 -0.26697186875421763
0.14761076606861484 0.3295832953921135
-0.3311253701640691 -0.19867713524121022
0.1943510865805424 0.36924632442117256
-0.36813176047788415 -0.07325329334236963
0.07715156728625544 0.1923187650708778
-0.20145223004341928 -0.36742430240085294
0.36961468077302284 0.0795852833776497
-0.0718680902811707 -0.20705087568662195
0.18897971640688432 0.3699971004328605
-0.3660474119692482 -0.07047361486050424
0.08429367453402054 0.18562529476168038
-0.2176851465765089 -0.36447512155776923
0.3687569267109128 0.08968422685637023
-0.07476346447874632 -0.22956904332660022
0.1957511937693031 0.36436165616839866
-0.36820311867499694 -0.09000908654102696
0.0766442276397869 0.23022930221845184
-0.2001112416202725 -0.3639387725137745
0.36907646685989637 0.09139644067132091
-0.07351105877236325 -0.23318398488470932
0.19272347211717256 0.36221960882562904
-0.36713039959909965 -0.09720410101123456
0.08026701369047323 0.2454266189403057
-0.2083925024215733 -0.3531910939806041
0.3695518048203909 0.1271018935598216
-0.07170787038657045 -0.30095095304859726
0.18837284793090808 0.26868966417211676
-0.3653110423774412 -0.326406512538946
0.08645291507154729 0.20668918085688387
-0.2222328281338053 -0.3694080127462213
0.3669725641692636 0.07210903217683445
-0.08062360698582083 -0.18926375952098856
0.20908222164140167 0.36555085954371874
-0.3692850988747727 -0.08551547039297891
0.07245740188612476 0.22007844720579245
-0.19003990748656713 -0.3674957680177557
0.3657547929419979 0.07869136863158155
-0.08472323052144148 -0.20458335696892999
0.21825399689571784 0.36906332882831655
-0.367862484067155 -0.0731321744823693
0.07732405552148175 0.19157340873405881
-0.20137036802104813 -0.36619575746932087
0.3686157775581089 0.08308717651378816
-0.07462024757530228 -0.21451253096358042
0.19502562197682116 0.36846697273564327
-0.36719226707756847 -0.07509990391591775
0.07953600667715666 0.19612376290563904
-0.20638745740005376 -0.36743424138897385
0.368875361996667 0.07864923976754562
-0.07358096871417519 -0.204323329230148
0.19250494558686798 0.36871455642139767
-0.3662514440785189 -0.074103424103866
0.08267859256059046 0.19370884447725856
-0.21344933635324365 -0.3665872215854069
0.3683411852872019 0.08146994766143584
-0.07532821977445531 -0.21068705481072808
0.19652754912261294 0.3685646395431266
-0.3672659830596239 -0.07450221301828308
0.07902217247486565 0.19456793179034698
-0.20504474409549617 -0.36668418116842566
0.36848741950477665 0.08100426319346704
-0.07468812101081274 -0.20954566937066416
0.1949520732039728 0.3684631958726963
-0.3666866895716523 -0.07473059608253518
0.08090978307655794 0.19502572673332735
-0.2092752388109252 -0.3666536172881211
0.3683636204000455 0.08098182260872316
-0.07499466325072929 -0.20941120046072798
0.1955919371505368 0.36830291091873296
-0.36670120660625405 -0.07516487124782817
0.08073079613829226 0.19596384602428818
-0.20878491870342486 -0.36674539140449425
0.3682138494467161 0.08053445254907748
-0.07539178932277829 -0.2083104020971735
0.1964416817456739 0.36816908178629965
-0.3667590360626416 -0.07550601420670466
0.08040145620420547 0.19668208241521912
-0.20795231814210752 -0.36676426457316635
0.3680633727353862 0.08034051568325967
-0.07579088970997122 -0.2077859367237022
0.1972936450950582 0.3680094429164625
-0.36680095763891296 -0.07593699144872396
0.08012752723054706 0.19760749808856265
-0.207245525133061 -0.36681791108193945
0.36789890344999293 0.08002589671476062
-0.07623837268638717 -0.20698633078303702
0.1982555740266187 0.3678414055548354
-0.36684934235528005 -0.07639674550211306
0.07983128045948129 0.19859693782523113
-0.20648753949894388 -0.3668649513219603
0.3677225347662399 0.07973436641775927
-0.07672679466129212 -0.20623898747507285
0.1993093828155988 0.3676611200130424
-0.3668937044822817 -0.07689860432745188
0.07954915280958047 0.199680717990197
-0.20576145146304914 -0.36690641423577103
0.3675350947897831 0.0794623560399953
-0.07725312319436989 -0.20553591351670664
0.20044729293052638 0.3674708500521242
-0.36692623557465526 -0.07743454521016246
0.07930826947111319 0.20083951458845345
-0.2051293715851783 -0.3669324766559849
0.36734152213546567 0.07924399833276569
-0.07780004044253402 -0.2049552906358914
0.20162865900839405 0.36727723853893474
-0.36693509051220524 -0.07798132942595265
0.07914978559624097 0.20201916616385773
-0.20468565530313637 -0.3669305862656036
0.3671518237468607 0.0791228856383604
-0.07833267015281498 -0.2045970691059899
0.2027729797754143 0.3670916065032766
-0.3669082915171348 -0.07849955518777679
0.07911525857608254 0.20312907450025813
-0.20452553097665477 -0.36689025830955485
0.366977902490963 0.07913536507359237
-0.0788097137156486 -0.20454446087748773
0.20378599299814038 0.36692469046372483
-0.36684095310501663 -0.07895204228425967
0.07922152450970343 0.20408475219460365
-0.20468725841481084 -0.36681035035321197
0.36682497185132124 0.07928524002148457
-0.07921324897399046 -0.20480571562921895
0.20462779276219173 0.36677778737015515
-0.3667395657928116 -0.07933449121160396
0.07944583937635813 0.20487755395688273
-0.20511806349184003 -0.36670037746310663
0.36668648766248313 0.07953926389016058
-0.07956618740636301 -0.20530398403979344
0.20535179072896892 0.3666414455599155
-0.3666165110882803 -0.07967985797556909
0.07974504352986328 0.20558362752357956
-0.2057184790698639 -0.3665724191219651
0.3665506486153102 0.07985535426278884
-0.07990954010814022 -0.20594234667514
0.2060520027263631 0.3665043320384087
-0.3664806715321733 -0.0800274923932292
0.08008819164483966 0.20629294298594353
-0.20641724482267948 -0.36643307819087306
0.3664088702937846 0.08021049291187049
-0.08027304935554058 -0.2066677224731162
0.2067960625294779 0.3663594202307607
-0.3663341981255219 -0.08040169865161101
0.08046772524446455 0.20706057565314467
-0.2071965941950804 -0.3662826849856727
0.3662563449519015 0.080603432510785
-0.08067328074757812 -0.20747670162048676
0.20762116373191258 0.3662023787706135
-0.36617469928287844 -0.08081737857826782
0.08089180897483866 0.20791981813965277
-0.2080744115825322 -0.36611779327465566
0.36608849708313046 0.0810459682868584
-0.08112593347569352 -0.20839531401282607
0.20856214591470063 0.3660279945268804
-0.36599669175781396 -0.08129240227231765
0.08137923936298197 0.20891027143447866
-0.20909230283853592 -0.365931682440312
0.3658978335007386 0.08156113772327245
-0.0816566914566339 -0.20947455302036255
0.20967586072778022 0.3658270062426401
-0.36578981348532424 -0.08185851923708265
0.0819655244648756 0.21010218192490387
-0.2103288107182646 -0.3657112036475109
0.3656694450293245 0.08219400777198166
-0.08231665513421244 -0.21081405283277455
0.21107524951312684 0.36557994076951583
-0.36553162323174115 -0.0825824550090074
0.08272756762442218 0.21164292425126036
-0.21195371679049235 -0.36542597404322624
0.3653676094457834 0.08304865875134743
-0.08322817485379524 -0.21264337613531203
0.21303000756514612 0.36523620727872774
-0.36516110760717824 -0.08363742736885288
0.08387421396383266 0.21391377604941192
-0.21442632829779779 -0.3649844488061658
0.3648782073602848 0.08443827037430585
-0.08478151639655279 -0.21564979455873456
0.21639541137684642 0.3646109689564786
-0.3644373486273054 -0.08565493439279598
0.08622804348524199 0.21829378022460494
-0.21953872546302905 -0.3639529567560767
0.3635991128501544 0.08784089738956175
-0.08902621900039953 -0.223032102424992
0.2255856315700328 0.36243878454397677
-0.36142609848875357 -0.09292468357084233
0.09632336011173137 0.23387799900810913
-0.24095840812596309 -0.3571351951340276
0.35223099485280157 0.11056738928302395
-0.12646344229196782 -0.26894384464689897
0.29660902857462895 0.32149429769294474
-0.27339157703185873 -0.21558529832413859
0.3148895788233495 0.36423853079860186
-0.23217807566746979 -0.08663053137577675
0.3579373659109159 0.22023189563013174
-0.10776737483309473 -0.3630430859885408
0.26354165554793524 0.09063876444349106
-0.32863761726354296 -0.22885502641103794
0.19638080974524913 0.35958387103821976
-0.36348584362245157 -0.1022142584048838
0.08904785781160407 0.25267421912628374
-0.22537934294284823 -0.3412376890323602
0.3610393998790338 0.16019376644813743
-0.09725587048963652 -0.3406727109365135
0.24260539166817785 0.16183199769928136
-0.35045280240646703 -0.3422345778683614
0.13173714449854607 0.15710971344197244
-0.3045361029204509 -0.33740637663568207
0.25598935794388905 0.1713580505872878
-0.3374263149332904 -0.350430962144061
0.1712518948647806 0.13171514849797983
-0.3502994081330701 -0.3044201789282557
0.13208573936279666 0.2561411950287371
-0.3049420565649124 -0.3371438149005178
0.25492569381595226 0.1719779697519488
-0.3384368352531692 -0.35075868572697433
0.16815410628535138 0.1305406232514978
-0.3476515681088283 -0.3024971243884206
0.14025377196867272 0.26021433188657306
-0.3166159940669572 -0.33220513514091965
0.22722257567294002 0.1859468340510566
-0.3597161865707075 -0.35920054781572364
0.101271873881356 0.10298854522334483
-0.25041645473174834 -0.2538181319740622
0.34288947617214194 0.33938417640472995
-0.1546888629876157 -0.16515245091350783
0.33434849374140957 0.3448271482478795
-0.17971208990323811 -0.14875573225928201
0.35569553252380487 0.3274225767102418
-0.11437490324181288 -0.19892054671067505
0.27517946639596463 0.36320801850110684
-0.31104785087616643 -0.08932988353208693
0.24041486459340117 0.22552596277123388
-0.3513873285152053 -0.3601213166371477
0.12813669882592543 0.09965951497446435
-0.29837884107197127 -0.24698820739546268
0.26852168132139126 0.345814631462087
-0.32078283099238153 -0.14549652419146475
0.21622948239378176 0.3231413193715322
-0.36282731206456614 -0.210081668419212
0.09042878555019346 0.36362027923344525
-0.22774451809136387 -0.08771609299598743
0.3588952127073207 0.22189678546347674
-0.1035448355352735 -0.36120179138991554
0.25455700763706796 0.09582521016242912
-0.338000520078833 -0.23900971268548543
0.1687147525731006 0.35206855359616274
-0.34738812963396376 -0.12567339649749532
0.1403825486864126 0.29417789954042567
-0.31614661004006356 -0.2767459817484302
0.22761723580193588 0.30804650353382107
-0.3587059079617448 -0.2469184372121867
0.1039763495538108 0.34543173292527946
-0.2552487697877658 -0.14630175063594836
0.33699208660314983 0.32380767471582006
-0.17143554240643044 -0.20793020202096868
0.34933587246476516 0.3632757704370113
-0.1340973480671276 -0.08854636289306711
0.30702083598846636 0.22345661393822536
-0.24905550843786156 -0.360216203377018
0.34321159443649735 0.0987804335176859
-0.1528736149412276 -0.24479189532867518
0.33149243447442583 0.3470355681840983
-0.18689212042546927 -0.14113095446547186
0.35852736454183237 0.3168411126188776
-0.10428447828367832 -0.2255121334008413
0.25562936496222544 0.3592182531358675
-0.33620876857242077 -0.10195153963383874
0.17339020086362789 0.25101956912023016
-0.3504786522246336 -0.3410320989072414
0.1302037807493574 0.15920247430275758
-0.3008792350396686 -0.3380773489131132
0.26227813549930445 0.1678713349912006
-0.32813815900742027 -0.34605686760598225
0.19586549262326225 0.14389782683988828
-0.3613589131244259 -0.3202713267343782
0.0946108787518663 0.21658175495133647
-0.23599627055243771 -0.3617201192813846
0.3532652809887061 0.09335436942109099
-0.12112676861854765 -0.23334814546137322
0.28603158294179004 0.35486934638108997
-0.2913730358100079 -0.11590932793122216
0.28136085252605564 0.276963989771223
-0.2995221415399118 -0.30679150504326075
0.264845378359366 0.24892405279068114
-0.3244807225154726 -0.3426426131483587
0.20538120225632678 0.15400661940797222
-0.36241789984966094 -0.33219446621457815
0.09079052156891165 0.184321909507004
-0.2277960443555836 -0.3566794890451189
0.35754946049727293 0.10981827161918867
-0.10694336628112039 -0.2657340859700104
0.2603031694246975 0.3231009516024614
-0.33003858657876234 -0.2088360081421296
0.1901695308628109 0.36223192442944324
-0.35906888981175716 -0.09126896863596795
0.1018196764701691 0.2287048486112449
-0.2502792860329118 -0.35692194493346646
0.34096480180870364 0.10884984117565161
-0.15872271832923757 -0.26378420478609144
0.3369151795918338 0.32545915014027627
-0.17056174071783814 -0.20241241030731727
0.3475368974159617 0.3618075481594134
-0.1386636465897471 -0.09252745145946106
0.31260469444294603 0.23123511370166316
-0.23482658315213722 -0.3553896610879148
0.35324581128173727 0.11367132192598428
-0.12056705842025794 -0.27250858907160713
0.2845514141857635 0.31302090536200855
-0.2932676178443396 -0.2337261516354192
0.27691684421983215 0.3538158205282431
-0.3061017296670408 -0.1186475592079122
0.24975475428751287 0.28119375013400355
-0.3410647183599184 -0.2989904863086041
0.15807479031967386 0.26517091234829854
-0.3359044417091651 -0.32322087040823716
0.1731204308996711 0.20794990796512064
-0.3491055023519164 -0.361643631951356
0.1334377537842401 0.09275927083671204
-0.30478812794481785 -0.23149344882934592
0.25248688873118114 0.3548357352443829
-0.33809171585991243 -0.11513694893242676
0.16664559534673168 0.2748600258468741
-0.34381578634114424 -0.30901929308310216
0.14958508291425915 0.24277980119533715
-0.32625260678766194 -0.34697617443523765
0.19967692661952646 0.13987527680920264
-0.3607843800600366 -0.31378878027196005
0.09542446771984203 0.23139077030059102
-0.2368700565981834 -0.3546459919242945
0.3512486292384486 0.11555262385077192
-0.1263989551214864 -0.27543333497366124
0.2936912063864705 0.3078792897707053
-0.27546794973195476 -0.24517269198074637
0.3077705675431466 0.34471315781477935
-0.24536990220539245 -0.14660786738512438
0.34448610204767827 0.3223863964140268
-0.14725259446345162 -0.20960373572019875
0.3231407180339991 0.3610203128817414
-0.20758896426279333 -0.0944016897890172
0.36103803181595945 0.23459046107193682
-0.09429993341160076 -0.3524330694883674
0.23434922454090235 0.12239021657429783
-0.3525286017938316 -0.2869452214650716
0.12204125148213474 0.28801349943762633
-0.2863263335147633 -0.2860217020023824
0.2890864822835441 0.2896378633576061
-0.2839688244130211 -0.2829313743232913
0.2932451954081647 0.2950591616253967
-0.27592324066622503 -0.2723164785988472
0.30661946254654543 0.3121609575588893
-0.2475751489155879 -0.23471011140468234
0.3420615241632356 0.352056943549905
-0.15419470969856802 -0.12334425371364732
0.33088124839324884 0.28831185375437113
-0.18636174173040831 -0.28520089951487876
0.3559489252348207 0.2908445186020023
-0.11073996172983275 -0.2803709353371417
0.2662617979470259 0.29916168216822764
-0.3205478643030824 -0.2636281554486682
0.21377077857545318 0.32401261402684195
-0.35996984349390265 -0.2047602620307108
0.09741424464904863 0.36040512194671864
-0.24040082897905868 -0.09594483988734076
0.3477773611830314 0.23739412969365487
-0.13651354305597968 -0.34993074256161255
0.308283756443596 0.12977384158904132
-0.2433695160921137 -0.2982892850061074
0.3453102024994786 0.2652144133601212
-0.14401104845089407 -0.32168243671111685
0.3183607738106396 0.2106078247840224
-0.21903902387373514 -0.36007286634099955
0.3585598237399374 0.09685906194224636
-0.10184635317686047 -0.23911761517933178
0.24906830601551105 0.3484600225620826
-0.340022853047314 -0.1341688063464212
0.15971697813145203 0.3046978332339377
-0.3361328132981838 -0.2512081971162226
0.17099524953800338 0.3378337620894875
-0.34601326387760045 -0.16605654093689598
0.14161101677243593 0.3419543431343485
-0.3149840272974196 -0.15386856792498166
0.2271205327297836 0.3298905992715818
-0.35532679556057756 -0.18842008829976764
0.11217148725197945 0.3561189416422089
-0.26840149132258034 -0.10957980744373519
0.3168577789591876 0.2636312599990967
-0.22238796259666177 -0.3232709831729416
0.3570925734152199 0.20603940382016567
-0.10631935587861008 -0.3597388481291918
0.25744518172548264 0.09758546895817183
-0.3307349008480876 -0.24030727264820456
0.18587696322875774 0.3470830980029936
-0.3547972367899787 -0.13802870589464433
0.11366556349126489 0.3098346354524726
-0.2709173315827715 -0.23906657748555826
0.31297974164270376 0.3478969111825696
-0.23158692050391844 -0.1354234030078993
0.3526572195838901 0.30606621555373364
-0.12041866596757134 -0.24758575319670711
0.2825682025438035 0.3407368970482246
-0.2942646323568197 -0.15702755572198718
0.2725064449156273 0.3328265555045058
-0.31043790522753273 -0.1797898779298307
0.23742910785974963 0.35135198829453895
-0.34881588076963804 -0.1244299800974884
0.13236721441637617 0.2890872110272995
-0.3014122022729245 -0.2823707590133391
0.2575751491527543 0.29441781980597437
-0.33009378852838217 -0.27201765896576224
0.18721262014428192 0.3109782526088529
-0.35493607281023304 -0.23598354121885856
0.11282666919638057 0.34960222252812323
-0.2690906187898071 -0.1297565974875317
0.3151246608158429 0.2973294685624581
-0.22594800465825393 -0.26596881599919164
0.35495491909815036 0.31939208657479756
-0.11265748426695005 -0.2152950988415544
0.268697302198117 0.3581914769488992
-0.31554606581772776 -0.10207558830550634
0.22479279943511915 0.24876835970338512
-0.35530165718112044 -0.33905341060067856
0.1114293540921043 0.16149745816939004
-0.2663841075306696 -0.3368027270959451
0.31861325324846773 0.16798762696029085
-0.21706016141359347 -0.3425234882779538
0.35761064475260357 0.1511341124802188
-0.10380978054570134 -0.3258055817318259
0.2520060535566847 0.1983797676342856
-0.33562927660032504 -0.3579096474413605
0.17121533859360172 0.10276608154234096
-0.34493524455911706 -0.24993532212471975
0.1437235004696184 0.3376262727833192
-0.3166420542903727 -0.1653978046911037
0.22174774209527442 0.3401117485234982
-0.3560504371150533 -0.158089546568635
0.10870239500583201 0.33314729888262895
-0.26112455654253647 -0.1780834193695624
0.32505859120614095 0.3494929544860813
-0.20009453545379202 -0.1295214730534483
0.3579123757977422 0.29645583380155255
-0.10252282210132274 -0.2670776014632554
0.24928301343781756 0.31717928816826674
-0.33796182046263734 -0.22019379464680183
0.164168974954766 0.3563034025160962
-0.3387658201095134 -0.10768786870225838
0.16178225366529442 0.25907855115704903
-0.3365197980460212 -0.3272978371239088
0.16824169944813977 0.19390383673981437
-0.3421654095828561 -0.356350522283409
0.1516563824625266 0.10742763171000158
-0.3258738159935616 -0.2585062598646658
0.19761697292267033 0.32783973827549395
-0.3571456414579409 -0.19232303690220187
0.10475334464039276 0.3557513569746448
-0.25337349069826004 -0.10926363381457682
0.33346973866681556 0.2618396423802867
-0.176705126288836 -0.3236538623911863
0.34813725199497975 0.2033269183383155
-0.13329470953394362 -0.35778312347633034
0.3017177483196457 0.10254221210895292
-0.2555507661103952 -0.24901212341763218
0.3309470941472876 0.33770736386533323
-0.18359628735231515 -0.1644663114156763
0.35193671701185036 0.3385905455798665
-0.12126280565016306 -0.16185436545751902
0.28275020149432595 0.3361509137479597
-0.29219199632509396 -0.16885763537470266
0.27484634197022373 0.34221644052900513
-0.30509660542127115 -0.15107134974999448
0.24793513566803027 0.32478712853780567
-0.33848316218065355 -0.20003583777287814
0.16200555578475784 0.357080054298195
-0.336132295529757 -0.10456249388413691
0.16874802599445915 0.25269489744771617
-0.3419634743321842 -0.3336690023050312
0.15166615069135891 0.17569759397170442
-0.32531251742085265 -0.34701944654830813
0.19847860266240225 0.1363209946499213
-0.3566448678773553 -0.3056906632537795
0.10583015321212225 0.24635683493928234
-0.25499235639704365 -0.33965866988280385
0.3310222888197436 0.15834083118698367
-0.1829145309600847 -0.3323369859159034
0.35109815075055184 0.17924201722238625
-0.12347435541015178 -0.34904743640409636
0.28601441599258737 0.12987186552284496
-0.2859024541869022 -0.29606739023508516
0.28607764421215387 0.266645133438046
-0.2857358835091832 -0.3165056302544143
0.28632427146961525 0.2206948008715936
-0.2852380527192808 -0.35490140937075626
0.2871623275616798 0.11121328697987626
-0.2836625252607835 -0.26477362331625887
0.2898918443226828 0.3188819229045978
-0.27854149726484856 -0.21465810943484165
0.29849655674636133 0.3562478074608355
-0.2614313084247538 -0.1067571969372132
0.32305861661349644 0.25645806546627425
-0.2038834012754981 -0.32893296066145405
0.35676214243940674 0.18823742518315578
-0.10500231408945426 -0.3531093330936883
0.2530731793717602 0.1167354653257921
-0.33251755517904213 -0.27438743473391614
0.17826800182436986 0.30487145680743377
-0.34797869849586294 -0.24754419567260877
0.1327438844163134 0.33790270686959334
-0.2999697190645949 -0.1628846090689391
0.25806549449266347 0.33614515281390267
-0.3268186898556613 -0.16789879818241937
0.1937015911598865 0.34045366897323215
-0.35472461227494245 -0.15534135786910092
0.11135330179145259 0.3285799990841427
-0.2646817397973696 -0.18888665965728302
0.3184668322462461 0.35304077929248334
-0.21520877934414667 -0.11667313214543151
0.3556219654991715 0.2740461440329758
-0.108356187837571 -0.3050493798799485
0.2591062252601396 0.2468201093028466
-0.3253239754241908 -0.3382172305685578
0.1974377300958281 0.16167412573873097
-0.3553761005454975 -0.3347232332022128
0.10904291596619509 0.17164594684608286
-0.2602907650182279 -0.3430735444333248
0.32376415334298614 0.14726525545279984
-0.20141685474315563 -0.3191035900088005
0.3558773703536531 0.21334180976957295
-0.10731835689023767 -0.35565101104656105
0.25700789093827364 0.10802831601758878
-0.3275026615851732 -0.2583128894988168
0.19139047069011844 0.32596603697867454
-0.3535137854201192 -0.19547262460991266
0.11480052758020898 0.35466098403900126
-0.27047969771255775 -0.11110871391496319
0.3099112575085642 0.2638771002468797
-0.23535556328862406 -0.31895792020237057
0.34667576984083703 0.21346389030567658
-0.13606596227677198 -0.35537182824904867
0.3041350526695668 0.10871610506058466
-0.24830712781695302 -0.25941763864141837
0.33627755995981695 0.32438982273613665
-0.16678071513494125 -0.19939435462651084
0.33878325023561634 0.3551943547160065
-0.15950302714051923 -0.1091813017653595
0.33211699327326993 0.26018992049091005
-0.17842303679502092 -0.3233249010968562
0.3470835758681585 0.2020563130920614
-0.13459506608589505 -0.3554094021508435
0.3018418822116098 0.10838257461474643
-0.2530352590512964 -0.25863325593108616
0.3312964461051835 0.325054427385486
-0.18055617921162392 -0.1974069648127828
0.3481762522354934 0.3545852219515007
-0.13109921921501522 -0.11092527846134154
0.29660514750236616 0.2632018411027232
-0.26382778347120256 -0.3192961920470628
0.31846181396897727 0.21212616041436955
-0.2141951664142276 -0.35503585712168245
0.3547074632630794 0.10937228272781291
-0.11040552071585108 -0.26028684685318365
0.2621562147870404 0.322806720992631
-0.32046568603327635 -0.20304053928543425
0.20902242001191912 0.35511352628737053
-0.35515624664534234 -0.10901647425163413
0.10885790463880829 0.25954938519405846
-0.25924096858726275 -0.32356450620415533
0.32390682262246995 0.20095235871200745
-0.2000355436730734 -0.35477773632140575
0.35463091488410126 0.10998879415940221
-0.11043841169180596 -0.2612445748559886
0.26204572614489996 0.3213646198815051
-0.3203384842001187 -0.20651241267010156
0.20910353190536335 0.3549925688868437
-0.35489399430744484 -0.1091930750928155
0.10948837979758214 0.2597051295302378
-0.2602291740900598 -0.323111052362454
0.3224507254138757 0.20189155030712486
-0.20357647884681057 -0.3546289346079588
0.3547434934121854 0.11025364748993205
-0.10986519428539099 -0.26155705591263345
0.2608328930468265 0.3207105689651395
-0.3215799512525834 -0.2079404703324299
0.2056959708298461 0.35471383192204287
-0.35470336870492764 -0.10987548130965474
0.1098878263986835 0.2607839863127308
-0.2607895755291472 -0.32153373802282315
0.3215003106078624 0.20571815954376338
-0.20577972440353604 -0.3546015040192001
0.35457696585675375 0.11012944734924957
-0.1101868470632208 -0.2611617284612891
0.2612491390350496 0.3209355503313845
-0.32080084910901635 -0.2071264149790843
0.20744549865972922 0.3544759180701655
-0.3544447253877922 -0.11042557722920499
0.1105042027050781 0.2616147365407752
-0.26174030178153385 -0.32024047559455643
0.3200572433000618 0.2087725976878853
-0.20921249863425562 -0.3542947314776059
0.3542447117961983 0.11089913050848949
-0.11103780188803053 -0.2623867639958265
0.26262001613002334 0.3191387326554418
-0.31881675776343216 -0.21143132977150314
0.21221460653888785 0.3539535688207761
-0.35383521015301383 -0.11188252886203753
0.11223873537347329 0.26406986634668006
-0.26468962991597955 -0.3168464588268153
0.3160084693648385 0.21701153260848982
-0.2190439927777701 -0.3528666478213556
0.352319086432226 0.11523244231063773
-0.11694395268497731 -0.26989743514040243
0.27283555129184844 0.3087391941608245
-0.3044002634624521 -0.23616729766436872
0.2458863073274583 0.3441258885448282
-0.3365483268571685 -0.14212179120425894
0.16433311415876728 0.31078183386029323
-0.33500556923037256 -0.23134240646241477
0.16867759019869316 0.3469709592613447
-0.33859804037952396 -0.1334036046565411
0.1583378426562158 0.29873795198911374
-0.32928962637033243 -0.25781531018944176
0.18443978613559453 0.3241497385104601
-0.34850552244699906 -0.19811337920273692
0.12857745399916537 0.35295902029940257
-0.2914625092048541 -0.1146203828734062
0.2722149085662983 0.26856804265219775
-0.30495986671190983 -0.3102312632739303
0.24430244425192688 0.23235341644348534
-0.3375551859036186 -0.3461070306038469
0.16112519954945598 0.13579911635975073
-0.3317673224748564 -0.3019367863722464
0.17741574983495068 0.25078597584281737
-0.3444394766593055 -0.3314481677178204
0.14075866991092312 0.17825100196348032
-0.3086102841237535 -0.34489998765140295
0.2358929132721787 0.13932610619179353
-0.3437015123248414 -0.3066632268977062
0.1428870770378795 0.24025767213339944
-0.3112934666534724 -0.34054978724918994
0.22957919173392466 0.15219221609035566
-0.34731424505043146 -0.3223783338825378
0.13185102044620994 0.20225649672974455
-0.29602336389719885 -0.35304439505764473
0.26278716206606245 0.11394647635183991
-0.31749507835912305 -0.26705811135012414
0.21448978362402016 0.3118259266200426
-0.35240555503899773 -0.22815620037709272
0.11588261613541562 0.34784459480140983
-0.2703580235601419 -0.13007146621681698
0.3070781481652282 0.29324502886574977
-0.23900150895503897 -0.2681256597500462
0.341143748183334 0.31019342655866877
-0.15015491335487685 -0.2318257647134926
0.3198006010847065 0.3457540383859611
-0.20851472605938465 -0.13632464796535126
0.352850744303619 0.30217497398758975
-0.11428440047044464 -0.24964799083671785
0.2674252381076267 0.3319107329569485
-0.31098047193247386 -0.17639579936222316
0.22982117807995234 0.343162824648904
-0.3466652060879792 -0.1439900337565913
0.13340024194337446 0.3122183207833971
-0.2978903953571911 -0.22683913078541468
0.2584803146420731 0.3480471801470901
-0.32223894920826124 -0.1291022532193561
0.2020443824572784 0.2914785496469232
-0.3524210705707974 -0.2711365295799243
0.11540932457735975 0.3054763472679607
-0.2691908932753852 -0.24213842851213108
0.3082247850450183 0.3382644325767993
-0.2359090703197711 -0.1581541638904368
0.3427717767590525 0.32798008764450765
-0.14489048383866499 -0.1867877334559846
0.31309488880929087 0.34831690057031034
-0.22446778635217507 -0.12805625991876546
0.3487538730983131 0.2896967603311136
-0.12666568850598175 -0.274259063300632
0.2875158336164217 0.3005427238630809
-0.278246226600889 -0.2525755297933193
0.2942056695039142 0.32838378717380556
-0.26547655672475085 -0.1855154945468237
0.31301951436056236 0.34757307108127056
-0.2244525886457282 -0.13016900204090337
0.3485525928087985 0.29273950777313623
-0.1271146454898378 -0.26824667028386323
0.28806095868363973 0.3091349986911969
-0.27704223871764216 -0.23343415442352017
0.29593382093075143 0.3439210046876638
-0.26182963971071765 -0.141106926774892
0.31752145234606216 0.3079478822834336
-0.2133416434035253 -0.23604662079106709
0.3514445346788703 0.34215733439246954
-0.11795134271809155 -0.146273373270971
0.27309749055935384 0.31437653918325287
-0.3018645299709255 -0.22091542683044735
0.24934046560340195 0.3495279749480254
-0.3311837536562453 -0.12384178018289055
0.17750305525581556 0.2826995030952348
-0.34293511902638485 -0.2862762100217137
0.14380963779404 0.2799569223917289
-0.31118776678167853 -0.2908578164228191
0.2283104231579542 0.2714306408317542
-0.34633736812164345 -0.30413399064262797
0.13348695624983847 0.24422974570762718
-0.29719665831967235 -0.3356177429999782
0.25884429957984467 0.16494129490353943
-0.3207083247985286 -0.33350056245723236
0.20495596327572518 0.17085441903261778
-0.3515442958776659 -0.3382001632937194
0.11727846264287384 0.1574654249613971
-0.271659324112349 -0.3264367152793117
0.30356418604930374 0.18999916157643199
-0.24525042354983545 -0.34860607988220854
0.3345023220343793 0.12632735239582987
-0.16788749631983607 -0.28629944833054627
0.33574691762241854 0.2795064695560588
-0.1643267117662766 -0.29119058223375976
0.3327211784634701 0.2703915550124815
-0.1727748068797485 -0.30523092224342835
0.33933741169299275 0.24142147454693758
-0.15392730802524413 -0.3374988435316451
0.3225278439217139 0.1592151167372985
-0.1999537109690403 -0.32790162231563913
0.3507576655562789 0.1858139068447573
-0.11942147622885146 -0.3466705788048974
0.27499319999466826 0.13199778577556637
-0.29814303440099105 -0.294615611423325
0.25635488790329103 0.2634800172723631
-0.3230070290910984 -0.3144090979081334
0.19855419471757535 0.2199927843480463
-0.3503727676656944 -0.3489186507742011
0.12047253597229912 0.12497873669112208
-0.27660614864009303 -0.2838576457320738
0.2954384811645703 0.2833735649973103
-0.26166647712284763 -0.28418988515269955
0.31652436889719615 0.28274171482959626
-0.21469268508164352 -0.28522976260016425
0.35004185145223454 0.28085713272785645
-0.12135289018561152 -0.28837978094296873
0.27792220380526655 0.2751062105330962
-0.29315606496983904 -0.29760701997826916
0.26599640756103604 0.25710534330839835
-0.3107343950370579 -0.32179078282806456
0.2283473048962097 0.20134942366842573
-0.34523280159464853 -0.35040493177687787
0.13592231130814492 0.12007594894949897
-0.2998190607041052 -0.27570328193223265
0.2523776078174708 0.2964979491332255
-0.32678429005299575 -0.2591861579422074
0.188194065588488 0.3191815262841123
-0.3470242048748669 -0.20778296081944164
0.13036122243956594 0.3504551553716087
-0.29171152936546624 -0.11977166074340362
0.2684867137941284 0.27507647102150806
-0.3070067476239901 -0.2972926914394169
0.2365798186241796 0.25739815165875674
-0.3401083219820837 -0.3210909941592531
0.15086333138116548 0.20280326540281218
-0.3183795650886164 -0.3501866484723581
0.2095693033078575 0.1204585072180186
-0.3501307011941529 -0.2760835161030359
0.12058998388194553 0.29554260953275485
-0.27626357040007266 -0.2607574978431096
0.29520816557558927 0.3169202938369399
-0.26137524544755764 -0.21305441525619145
0.31610713801509926 0.3496098794438068
-0.21499568913627431 -0.12209875778880747
0.3492230051782592 0.2786291652414319
-0.12325233937832736 -0.29129333106652266
0.2804455788695515 0.2688838425126825
-0.2882500583107354 -0.3060358165080903
0.27453557977557413 0.2383603104570895
-0.2976641588758951 -0.33845131074291557
0.2561917044744492 0.15531665956576385
-0.321993874373568 -0.32285593510124744
0.20007906630464461 0.19786647758749332
-0.34946381145887534 -0.3491216648821487
0.12231776927621107 0.12337435762870352
-0.2787845488015473 -0.2804772222343723
0.2907591652662564 0.2879677872715398
-0.2696228998688425 -0.2748269452189275
0.3047051960684571 0.2969850001382254
-0.24103350113816607 -0.2573523184922989
0.336165881285235 0.32044324597741647
-0.16161273597287013 -0.20380923979753063
0.32878234366798564 0.3495782331095828
-0.18199703447140303 -0.12177376505748083
0.3433629566952948 0.27774500055037327
-0.14059342264142688 -0.2922119203071775
0.3052641917578867 0.26662147417734033
-0.23960697268779313 -0.30864915575574076
0.33704709813113926 0.23198696499034693
-0.1589254154394662 -0.34205541032116543
0.326070570905749 0.14436047797249923
-0.18904412329230358 -0.30995349537085964
0.3462624434222302 0.2288989074404188
-0.13171239696571319 -0.3436207186763412
0.2928429079458075 0.13963073888961464
-0.26517670005179805 -0.3038210639789457
0.31035484741427943 0.2425510739699589
-0.22785082260022904 -0.3345185313197212
0.3440102339381127 0.16588258819660318
-0.13836033207201326 -0.3321492532463559
0.3020304690473031 0.1724303107753734
-0.24629187927543955 -0.3371449725119249
0.33118897932433683 0.15835746365599113
-0.1750029278206528 -0.3252355358674247
0.33882287056250054 0.19094043139146255
-0.15347135027502218 -0.34660331413579726
0.3201633194800905 0.13040088220755675
-0.20390518143719477 -0.2906742366582385
0.3489392275788234 0.26900654518068107
-0.12319649106495684 -0.3047825537526931
0.27956198795464915 0.24010697779431228
-0.2885942272477908 -0.33607780031948403
0.2727938578782063 0.16117247519938238
-0.2991767658342884 -0.3276974572990328
0.25198591691895567 0.1841973685279284
-0.325374150408402 -0.3437063750375147
0.19030024487467112 0.13890036552797774
-0.34610387359390915 -0.3024173889587272
0.1316583260667944 0.24504680404048446
-0.2922900424915818 -0.33185087241088757
0.26562192189567296 0.17280143289079258
-0.3091201743935877 -0.33694933487949136
0.23009042453795575 0.15847295879340817
-0.3422344183137775 -0.32491630531143423
0.14309355499693233 0.19131469345683783
-0.3076851839663869 -0.34624255477582766
0.23325501528968628 0.13106811269168317
-0.34033325786256363 -0.29127807642942233
0.1485840931437551 0.26736094507541125
-0.3142352193363912 -0.3065606793707902
0.2179240367521248 0.2356831323946112
-0.34686211044050386 -0.33869783093778444
0.12906176919699808 0.15323883239716785
-0.2881978761940976 -0.3193437436825162
0.2729724199267937 0.20532910661911702
-0.29834802514196784 -0.3483154968275128
0.2531573776970298 0.12454264365655132
-0.3235893523620808 -0.2812019156937998
0.1944411207665478 0.2851811213625508
-0.3467855564672136 -0.27828727933859465
0.12912447698287127 0.28993906665251756
-0.2881427529977407 -0.26956669628533925
0.27287349514986203 0.3031446874584196
-0.2982924722668322 -0.2428712990135078
0.2530749807869712 0.33304701608934184
-0.3234704344290782 -0.16893573427368824
0.19456371724802723 0.3335499448405703
-0.34662282098739394 -0.16749383210594027
0.12944851518326578 0.3323736732580503
-0.28847684035551574 -0.17070903417953914
0.2720593780024915 0.3347954886966766
-0.29929982994338705 -0.16392349431436515
0.2507970801583182 0.3293090017479665
-0.32560103138420066 -0.1789839032594085
0.18883207726725076 0.34010241452310563
-0.34468209887642237 -0.148668081773985
0.1351268108891483 0.31377565166511723
-0.29650078842307315 -0.21838153387522785
0.2563788739088593 0.3460605415240511
-0.31951494980245465 -0.1309167623582137
0.20429384062361855 0.2904363977637213
-0.34764948759750636 -0.2681340569645533
0.12603060361629004 0.30464945208026595
-0.2830433108481604 -0.23911260119924516
0.28139219988607095 0.33546119689080856
-0.2841802389329417 -0.16174069473945873
0.27936994653631625 0.32706343499956614
-0.28749311798520955 -0.18467577409221547
0.273411419005351 0.3426789213624417
-0.2968238518565804 -0.14080931320329354
0.25543144849478777 0.30387556107371927
-0.32026403773940776 -0.24060801775639007
0.20213560284039517 0.3341304186275834
-0.3472292143867172 -0.1652969687308007
0.1270575566895477 0.3299981194862999
-0.2843979699710518 -0.17662323748125902
0.2787386479852435 0.33819937545177053
-0.28827237288475804 -0.15368755174482718
0.27173767430861995 0.31887551547801923
-0.2990629522461731 -0.2054459445669075
0.2506036124954073 0.3472090718504581
-0.3250768054870514 -0.12697131600788986
0.18956427225816774 0.2841386828115767
-0.3442789109420602 -0.2790169285895068
0.13573501417690392 0.2876427156923843
-0.2968053882981636 -0.27271551610278866
0.25507638187322834 0.2974371328915594
-0.32024567405921944 -0.25377035777729107
0.20181065763531547 0.32163262370146384
-0.34681157420946984 -0.19828083818805387
0.1279884471415077 0.34634375535230644
-0.28551508838028866 -0.1293835980470906
0.2763689155320003 0.28758244642171554
-0.29166049849375403 -0.27262638095897956
0.26499411346359475 0.2973676546626523
-0.30806311873392694 -0.2537160578951006
0.23071978904227924 0.32148630998815314
-0.3400122518094986 -0.1984680335587356
0.14799702664636655 0.3461806477625727
-0.3121173089043196 -0.12970751092868033
0.2212850198788276 0.2879139285205231
-0.34409404404808847 -0.2718229480900961
0.13590307714525635 0.29835523726844426
-0.29669124034089417 -0.2515022274858264
0.25486646018354325 0.323586042454881
-0.32001614876879475 -0.19290916509618017
0.20197034227787153 0.3447772996538728
-0.34638743286936197 -0.13375649789274846
0.12889315337465063 0.2936088704483863
-0.286539631051737 -0.26086274466823783
0.27409065884210865 0.3129399572900821
-0.2947331853314367 -0.21908864951161805
0.2585812572829324 0.34450925643681135
-0.3156028745349801 -0.13443060757972175
0.21265400366571102 0.29444112967975017
-0.34584631528248094 -0.2590838518719299
0.13035706242084433 0.31493324511741555
-0.28855447506792253 -0.21419783357601302
0.2702266351536716 0.34551619105352865
-0.30024663342455493 -0.1312868888918427
0.24716585484770992 0.28985349835410257
-0.32734589832491756 -0.2677423266201412
0.18267964175450357 0.3036690668948684
-0.34045995142310304 -0.23980169103403737
0.14613453870209908 0.33342067030236944
-0.30939682211325187 -0.16612069112191374
0.22697196485310717 0.3295390845539783
-0.3411555750232938 -0.17669719234732195
0.14402000925520408 0.33705913671781174
-0.30675448317920073 -0.1558108426435587
0.23284783725999658 0.31998619430384434
-0.337934340022197 -0.20146809182448266
0.15324890036389965 0.345736943583119
-0.3172605836819108 -0.1303281328171466
0.20815326251882227 0.28819722188465335
-0.3458042331534936 -0.27046277739963365
0.1300625799797151 0.299478223422623
-0.2877526041681074 -0.24835663734348556
0.271201408869349 0.32580491892337127
-0.29833236956558257 -0.18636198267498505
0.2506495687966062 0.3417218434280266
-0.3235030829320899 -0.14208392589952884
0.19227812331882949 0.3040830903168754
-0.3437204473172701 -0.2384228296227171
0.1361225476499282 0.33393068907156
-0.29618822624072316 -0.16426259804483617
0.25485423522741546 0.32754804882996486
-0.31896239673702287 -0.1815796118857655
0.20363048694916175 0.33933433967106713
-0.3454754358687042 -0.14885805605405172
0.13075632460286685 0.3120700159041153
-0.2885074177370366 -0.22019372674005377
0.2694740726085363 0.3431778543802875
-0.300463836556902 -0.13753994121547491
0.24588895385682485 0.2979336001742988
-0.32763750233794586 -0.25110246437573025
0.1811397042869135 0.32266938684837
-0.3389017162697133 -0.19407690447916093
0.1499107639774676 0.3438477337840329
-0.3130779261083567 -0.13542702013518193
0.2176119227497756 0.2949493559704448
-0.3436968706093745 -0.2569571498962373
0.13581150150190935 0.3162389570849784
-0.29542000330171014 -0.20997161029982958
0.25595068244036345 0.3449639562464867
-0.31729726142038983 -0.13197345636087138
0.20732180307902537 0.289986364469615
-0.3450587145080338 -0.2663622982839653
0.13162693505802492 0.3043920376313719
-0.28943316813809356 -0.23712842475362417
0.26732017902260335 0.33419052700940044
-0.3030144422259404 -0.16296838813367687
0.2400395217857662 0.3258659705619549
-0.33200225132941036 -0.1854342611680878
0.16895142679789926 0.34054174410004867
-0.33069869074835834 -0.14480256241382783
0.17246593008368605 0.30677416106024546
-0.33320466606350163 -0.2316859621435663
0.16555142686610547 0.3374310747877578
-0.3279138700805002 -0.15366684838040062
0.1798669206718192 0.3167268729399214
-0.33767864140534987 -0.2083682246024381
0.1528965303171384 0.3446450216509437
-0.31584988033730166 -0.13254786501632493
0.21042742860367558 0.2904711874756493
-0.3444062548056942 -0.26501228847603336
0.1331965833056883 0.30573989921562866
-0.2913337564094663 -0.23374328612636014
0.2633089525565499 0.3359569969994914
-0.3078776274850897 -0.15762611278841898
0.22890553807651653 0.3205321242148071
-0.33860956043813656 -0.19872114881126418
0.1500182783805456 0.3439627218367413
-0.3125053209969271 -0.1343685333406418
0.21816605789569593 0.29284356562643477
-0.3427095132424453 -0.2602467023798215
0.1380121099804505 0.3115170141230339
-0.29773858900949307 -0.22040674489436596
0.2504613399314594 0.3419695009748436
-0.3222247366952434 -0.14012348999233737
0.19423387903157746 0.3004460800911135
-0.3428687647127467 -0.24479654729950717
0.13741604110444394 0.3274103936577355
-0.2968294684254857 -0.18069039302523593
0.2521593640404353 0.3375935549812378
-0.32035655527897805 -0.15264305226466068
0.1988196652295367 0.31510607809553726
-0.3436195578486832 -0.21168734533507838
0.13507087387097727 0.34369752788003394
-0.2935330741495235 -0.13481885542777877
0.25854579674212114 0.29316681030656333
-0.3131685744986507 -0.2592327605618604
0.2161850780779619 0.31233210510383747
-0.34276404574408964 -0.2181295411156624
0.13747154499369224 0.3422515108444466
-0.296674841612014 -0.13895764048658604
0.252181708256419 0.298621239589382
-0.32003196591610045 -0.24819876121165085
0.19935917866329395 0.32393481206321917
-0.3434092218778883 -0.18942072592193626
0.13544118613674766 0.34101159363419453
-0.2938155593518339 -0.14245607509938707
0.2577047542033214 0.30298057517854354
-0.3138464940804758 -0.23889616683692544
0.2143015253677345 0.33157445434243754
-0.34286427349644166 -0.16899973796192075
0.13692357768577113 0.32961661225660754
-0.29571274899864447 -0.17426409901397233
0.25381926455813336 0.3332761534099047
-0.3180128409082211 -0.16423762472988934
0.2040933129559121 0.32571272227693426
-0.343515563706521 -0.18453375241248726
0.13487483828936558 0.33881218307581673
-0.29281236865002425 -0.1485585701592506
0.25936092780785647 0.31003000540613473
-0.31160332054851947 -0.22295554313223326
0.219296352713799 0.34013753318449685
-0.3413530897279493 -0.14465399079448366
0.1411008819759535 0.30536679237966463
-0.3009429586099968 -0.23333431225621787
0.24282209246126613 0.3349092622913708
-0.3280975481297212 -0.15943888290735697
0.17799809080641388 0.3211731993214746
-0.3352315181218724 -0.19592451532944644
0.15847262802161677 0.34223412287427235
-0.3201953191471714 -0.13837627426268923
0.19831366122967115 0.29728363642213107
-0.3425935128766551 -0.2502078016590673
0.1372579792787812 0.32124619963466383
-0.29574359078561235 -0.19560454773830527
0.25322859608559695 0.34202611549376194
-0.3180887499421026 -0.13885965515266058
0.2034039175586843 0.29780346495123905
-0.34296176022572783 -0.24900878944159271
0.1360485149229847 0.3222630749387256
-0.2940030285110997 -0.1928925149241773
0.2565181411304095 0.3412339853606651
-0.31435002291347003 -0.14104697191880694
0.2123186129739525 0.3005071473487853
-0.3423693811066627 -0.2432843620955653
0.1376642970103354 0.32724100530540207
-0.2960571337890987 -0.17984844736004896
0.2523152123012712 0.3358330934067853
-0.31874256622688546 -0.15637547221796422
0.20151839439238461 0.31775550138848
-0.34255166995700403 -0.20392583004816217
0.1370033387315266 0.3426720409553006
-0.29506276941779847 -0.13662871666873866
0.2541471900649371 0.29454149847210825
-0.31666156755084934 -0.2551504272151201
0.20648163571557948 0.31554721383508794
-0.34256917758797706 -0.20915317189486454
0.13682624877630617 0.34241201757570877
-0.29471244520988527 -0.13726663773411774
0.25469421236414513 0.2952822052577917
-0.31592080066344586 -0.2535451985192537
0.20813827997562173 0.31712999784017526
-0.3423605602278186 -0.2051817409770118
0.13731286328798503 0.3424109195819679
-0.2952493701576119 -0.13714422661471143
0.25349044464844217 0.29500572425365473
-0.3170635414119234 -0.25394821084839486
0.20522976230825574 0.3165510820565706
-0.34229173293063153 -0.20645302510824043
0.13738904844449956 0.3422583075479176
-0.29523748476749173 -0.13746607071428424
0.2533703391844158 0.2953209661199526
-0.3170413618010511 -0.2531811100034973
0.20514711294423565 0.3172161544022951
-0.34214796308435763 -0.20469825223029103
0.13768462205477183 0.34211886340807496
-0.29551637438116524 -0.13774888136331792
0.252674065495932 0.29558252336116686
-0.3176228860975558 -0.2525188207551682
0.20359072453443766 0.3177594789552932
-0.34196853874473704 -0.20323352582999188
0.13808401946966686 0.3419291341424088
-0.2959302923650855 -0.13817828872593907
0.2517073839263868 0.2960354074678505
-0.31847034847782874 -0.25147385570803993
0.2013733727174697 0.31868312610356053
-0.3416853837772841 -0.2008259397645885
0.13878550414925106 0.3416109221345711
-0.2967357986268339 -0.13898179017347517
0.24995169817405788 0.2969724413094469
-0.3200779515885959 -0.24945152122132197
0.19725039316924758 0.320540972056819
-0.3410053993053949 -0.1960698306455244
0.14063942775287458 0.34076172757584944
-0.29900897898681594 -0.14132566213360626
0.2451840491196982 0.2998582984336045
-0.3243521231966698 -0.24340420161494786
0.18626309915949363 0.3258485363612747
-0.33769147061260446 -0.18235527735045848
0.15003425851186825 0.3359385239519957
-0.3100613373224999 -0.15496467272229497
0.22100228056798038 0.315268184121434
-0.338853017766564 -0.20877206880245558
0.14663638686989966 0.34133642688344534
-0.3061239942180229 -0.1394467004549273
0.22976707215784725 0.2972710288414027
-0.33494222254945333 -0.2484686421496069
0.15760279385618992 0.32108667791896645
-0.31773657318032306 -0.19434051028575344
0.20263233683681398 0.34001408344803624
-0.3412097788596767 -0.1431521450222114
0.13966870445902752 0.3018201832888865
-0.29742416756931117 -0.23891263033081578
0.24799286386486935 0.3289781050067466
-0.3213618484423017 -0.1737358111355627
0.19349084137754885 0.33067869793990434
-0.3396450827074951 -0.16911999315571452
0.14406811050163448 0.32740485426799515
-0.3028001263178407 -0.17782749518894114
0.23666331420237996 0.3331014216807643
-0.33040243291386673 -0.1624229649360398
0.16975794760625706 0.32189819068941905
-0.32776808382915396 -0.19197969748556065
0.17675739492461823 0.3390791170106833
-0.33236655494403394 -0.1455460533232043
0.1643321616925823 0.30443179476040527
-0.3234253464336655 -0.23298358323213675
0.18798002669098413 0.3326007992360921
-0.337666909887817 -0.16362581090503098
0.14946856480648307 0.32276620848326304
-0.3088355101845402 -0.1895971946020229
0.2231009065215585 0.3381624929272175
-0.33736329981915697 -0.1479961486288891
0.15024489896033227 0.30711873513829224
-0.30961394555014254 -0.22688683250835895
0.22124041349330992 0.3356732634732267
-0.337945341054011 -0.1549409985553954
0.1485085936487155 0.3145094897744999
-0.3076009430946919 -0.2097651024161289
0.2256945356325455 0.34039315268886017
-0.3360947426774248 -0.14142938622050294
0.15365291487709715 0.2991076670837323
-0.31308917576972844 -0.24387108361493887
0.21301107916088263 0.3243200040377571
-0.339850546094524 -0.18530467409977752
0.14288971115542332 0.3362304160936514
-0.3008232373748019 -0.1531657242508408
0.24019082616454002 0.3124816153154694
-0.3271582232231873 -0.21432139150316104
0.17779866096009866 0.33949499882752726
-0.3323983631148809 -0.14380730304951234
0.1636854385773266 0.30184566312522515
-0.3223319680671487 -0.23792108390576
0.19019041625159805 0.3287117159523501
-0.337829125899913 -0.1735745948677821
0.14845943376729526 0.3296989585541619
-0.3071898912100359 -0.17089174769631404
0.22619634722685333 0.32782821048305144
-0.3354316899448301 -0.17583330323423962
0.1551277493041051 0.3310396688055306
-0.31423025960455486 -0.16719067389106607
0.2099064318246585 0.32499145651817607
-0.33983150046580435 -0.18317293691980063
0.14256836112927895 0.33488565500701817
-0.30008274384010886 -0.15654400401758217
0.24131409927038944 0.31553548406996235
-0.3258441639796242 -0.20667850548110012
0.18084757360333886 0.3399210956131272
-0.33364543574769584 -0.14220623402123617
0.15987384068050736 0.2995401537442456
-0.3185927490301594 -0.24232143437576548
0.1991354795041937 0.32491555588327514
-0.3394235387347511 -0.18314964896064545
0.14353149752613287 0.33465088146458544
-0.3010682806848627 -0.15698414502817176
0.2390219966175261 0.31576063604564775
-0.3273490223284332 -0.20591210030746
0.17668472430645832 0.33970178918803773
-0.33113413217489773 -0.142628397063865
0.166525601304432 0.29986954199251026
-0.32406582842167875 -0.24140556129378887
0.18514332761622176 0.3254042364334333
-0.33532852743737884 -0.18166346092342045
0.15490682535056632 0.3337194712816949
-0.3135210416076377 -0.15934978579785836
0.21103980097934927 0.31779984377485526
-0.3391341962121798 -0.2007444689336868
0.14406826325679195 0.33925579240591164
-0.30144762478012804 -0.14369928906754703
0.23789807492659604 0.3009834034925458
-0.3278223254374502 -0.23885013235484354
0.17513088431614138 0.32710872903821886
-0.3298855898947776 -0.1769907674617034
0.16959113061770892 0.3309850424858293
-0.3260982555309397 -0.16660690334617267
0.17957254227012437 0.3238122798521146
-0.33236085975357416 -0.18546446300347408
0.1628023750674057 0.335125301650545
-0.32061438088435606 -0.1551558300616161
0.1934963227702688 0.3134681438735672
-0.3377112716343725 -0.21082491889867155
0.14782780412304086 0.33880452311929904
-0.3055715802264714 -0.14469761309291468
0.22871157421303284 0.3019120300533246
-0.3331020776577032 -0.23656916289217372
0.16060185833689827 0.3283849672078791
-0.3185105406875043 -0.17331549387951478
0.19853350232051326 0.3284002116531373
-0.338505961952248 -0.1732317854355802
0.1454029148606869 0.32830197697299685
-0.30261207092468545 -0.17344915062658334
0.2349211796027969 0.32840121385031323
-0.32931199575364567 -0.1731426619250757
0.17069606716287067 0.328156868376194
-0.3264640605592503 -0.1737472449273823
0.1781812622738122 0.3285085058414337
-0.33116122589972513 -0.172771436695852
0.1656370965504183 0.327824554564683
-0.32255506993217486 -0.17453982659899986
0.18816600590909782 0.32892845365448503
-0.3356470977919862 -0.17156830979437326
0.15321529292737895 0.32692300559152543
-0.3110270641931266 -0.17682695702196394
0.2159906002957041 0.330232943398857
-0.33734561183238626 -0.16799149358668164
0.1483602408191252 0.32424758162734163
-0.30570378249251273 -0.18368926491636423
0.2278697053793507 0.333690602247583
-0.33294403903901415 -0.1584949195643499
0.16052515288598812 0.3161001532639248
-0.31794657186570047 -0.2038826525418712
0.19938123307608552 0.3384219279701173
-0.3380624720704029 -0.14516305154967302
0.14616356968789646 0.30188625055460255
-0.3030382017272083 -0.235928439489081
0.2334572964487206 0.32808967337314215
-0.3296544652512663 -0.17345005814210296
0.1692644068187959 0.32784047439237357
-0.324921213201472 -0.17406564328478963
0.18166957549007295 0.3281945460710874
-0.3324581422005994 -0.1730862559420145
0.161599523200531 0.3275161059625397
-0.31865532857083667 -0.1748348509358411
0.19737730081059723 0.3285937839516691
-0.33749920851694126 -0.17194159382912239
0.14750879551497847 0.3266640496690973
-0.3043519124792503 -0.17698567860653774
0.2303557162256783 0.32980232069998633
-0.33116857267499344 -0.16863279675823822
0.16493393115512406 0.32422131153742295
-0.3213149878357551 -0.18323292691018533
0.19059273805115584 0.33295148823545817
-0.33572664371011596 -0.16001714433909547
0.15232110700960289 0.3170148920392454
-0.3094573014966023 -0.2011375205959931
0.218854403788935 0.3377118007042119
-0.33582599534715823 -0.14667863123872693
0.15195984873030222 0.30318946870946645
-0.30899769495267004 -0.23260409240136654
0.21980459741089176 0.32961604945227646
-0.3354394619321204 -0.16887449090240142
0.1529544190802083 0.32414663547598677
-0.3099595896898482 -0.1831633104853987
0.21753062831791609 0.3326540071703955
-0.33600891251037607 -0.16057701853159428
0.15128122981762765 0.3172742617561608
-0.3081191683664976 -0.20024151254177236
0.22160025478257567 0.3373511001219668
-0.3346443416640958 -0.14744833014257946
0.15499553730544885 0.3038374240933528
-0.31187942389455364 -0.23093822210115744
0.21293613096642122 0.3302916354266333
-0.33682133489693294 -0.16680765431767547
0.14883640246587276 0.32232643014464935
-0.3052995898325619 -0.1875395506559897
0.22765480088582735 0.3341856924030041
-0.3318948762874969 -0.15611693852904818
0.16237019466563013 0.31284826974444935
-0.31858384327458034 -0.210523079525764
0.19675631832070628 0.3370010500983346
-0.336569071146413 -0.14818530728658197
0.1493783814180898 0.30443686176534684
-0.3057429277796582 -0.22936979154916776
0.2265027441454482 0.33085617081065827
-0.3322520199426415 -0.16503308081042894
0.16122952689756298 0.3206662018406074
-0.3174244075494224 -0.19144840333600127
0.1994113305951632 0.33518880462479334
-0.336776120354283 -0.15308680576334327
0.1486307093572461 0.30956118131503674
-0.30475993905649185 -0.21782669465367166
0.22846402256582982 0.33528847771780534
-0.3311085531868327 -0.15272614751106972
0.1641611242956169 0.3091084054489067
-0.31976548636677465 -0.21876198839827987
0.19349043245361902 0.33492710885409493
-0.3355237965290407 -0.15364615124965492
0.1519669659308691 0.3099773592840522
-0.3082158728666183 -0.2166999033949943
0.22065811107548766 0.33539547086778515
-0.3342094493173003 -0.15226160145990114
0.15552696714651415 0.3084660491769348
-0.31176744674154666 -0.22002884281895424
0.21247693796755895 0.3343458684022374
-0.3361443950937779 -0.15508756130575857
0.1500686939988694 0.3112720524711175
-0.30602963785313686 -0.21355372276014356
0.22532776040654323 0.3358894068729527
-0.33220916248580834 -0.15071862445011458
0.1608397902499955 0.3066729205803307
-0.31658860534916833 -0.2238428020214055
0.2009042394324908 0.33276512782749257
-0.3363784902871966 -0.15926121564801587
0.14924760299229767 0.3151025591302124
-0.3049767595238898 -0.2043998838693007
0.22744635776849476 0.3364820724180814
-0.331039823845367 -0.14889529276198332
0.16383872567068525 0.3045300896009657
-0.3190024018298363 -0.22834694192500848
0.1948474643601471 0.33052239879151635
-0.3352893522863075 -0.16516836424916032
0.15211921115402632 0.32002836952934155
-0.3079039073732174 -0.1922471582733919
0.22081402536792882 0.33459847015761046
-0.33358798242183085 -0.15397175912836725
0.15673526549504163 0.30975410526798747
-0.31246571713841315 -0.2165780179982802
0.21031962996957515 0.334766031525145
-0.3358789926494134 -0.15342482138760427
0.1503115594803343 0.3091180032659988
-0.3058251485059067 -0.21792910586892034
0.2252319435231236 0.33431564070514797
-0.33168019516111014 -0.15458617577302564
0.16177038027499607 0.3102148630591025
-0.31691632624109056 -0.21534964216577968
0.19958330563845705 0.33486782263367676
-0.33569749640223734 -0.15297648775858463
0.15065151741354005 0.3084999361223705
-0.3060352322376659 -0.21914114700005105
0.22459026647368457 0.3337737343819983
-0.33176642677898555 -0.15591155037934862
0.16136853650975874 0.3113672277085369
-0.3164027655525951 -0.2125288133748791
0.20064575246733324 0.3352236053906574
-0.33562285354878924 -0.1518238947531122
0.15069352805094538 0.30714339957543724
-0.3059245921149125 -0.22198784643629887
0.22465205569676328 0.33262894030994294
-0.3315506217650881 -0.1588776420930169
0.16178469456016148 0.31402264994980406
-0.3166024914814729 -0.20616100165396584
0.19998865934525378 0.33563847453711254
-0.33537652412170516 -0.1505051050184411
0.15121269985408814 0.3055864802592257
-0.3063223651504766 -0.2252336969842797
0.22359804665841632 0.33113395790262373
-0.3317971538163097 -0.16276287333573597
0.16094940804839197 0.31729869228138097
-0.3157092506789138 -0.19815230661497907
0.20195703564012896 0.3349917649850478
-0.3353570593206166 -0.152134924606797
0.15110111715487 0.3071564309706739
-0.30604820520156567 -0.22159870445204655
0.22401985163111743 0.33239264674601743
-0.33143650615110615 -0.15918632053856252
0.16175731274703475 0.3139839276890674
-0.3162531757778644 -0.20589820398679443
0.20047738186811748 0.33527616978267544
-0.33506004332407313 -0.15118082702106345
0.15175938111720833 0.30599671636108444
-0.30658768149665155 -0.22397499280766492
0.22265342015856143 0.33128965643083924
-0.33178987791915765 -0.16200700401669554
0.16063393578405816 0.3163265668746758
-0.3151062133256056 -0.20014733856919303
0.203042895896825 0.33486908001889354
-0.33504576937134156 -0.15214320107323542
0.1516334312476607 0.30685274588755823
-0.3062996058293368 -0.2219111074290469
0.22310756799799536 0.33190270716506604
-0.3314256332708132 -0.1601819206100421
0.16145142551332775 0.314562254518615
-0.3156627561927667 -0.20417936346269533
0.20154031227545227 0.33491544022446623
-0.33478203487470876 -0.15184950277239184
0.15219774846153172 0.306390122052748
-0.3067341324842624 -0.22275122414640142
0.22197092752800995 0.3313992332720956
-0.3316691581376813 -0.1613762270012608
0.16062604261955787 0.3154554897896761
-0.3147760852274231 -0.20188131984712065
0.2034747380051996 0.3346451336989523
-0.3346946458690731 -0.15243124551547027
0.15227385867498283 0.3068401524191415
-0.3066574440009521 -0.22157988864887618
0.22196059899765752 0.3316468969262903
-0.3314850564762376 -0.16054003888900836
0.16095642269989796 0.31455873086211017
-0.31490614844167397 -0.2038355936624956
0.20299043630426894 0.33454369865093925
-0.3344959228305656 -0.15254589380266625
0.15265700186464254 0.30680289774275643
-0.30689807764268295 -0.22148288279994627
0.22125032229821606 0.3314940240936484
-0.33155312591413477 -0.16078607703596282
0.16060561512782723 0.3146150576052769
-0.3144355435057458 -0.20352653494063772
0.20392908250409397 0.3343538691990005
-0.3343401461897571 -0.15290392838627143
0.15292107658210247 0.3070156212871001
-0.3070137240431255 -0.22083390968461009
0.22081574420797695 0.331534125316214
-0.3315169654894265 -0.16051096886181876
0.16053645765116314 0.3142109090439882
-0.3142133786424341 -0.20430558150224143
0.20427780032121262 0.3341858368101206
-0.33416274755554126 -0.15320127211510626
0.15324413522570557 0.3071638358175264
-0.30718803575999226 -0.22032721179253745
0.22025130253190855 0.33151845177954653
-0.3315202950941259 -0.16038662377736868
0.16036082835626897 0.3139399028709719
-0.3138969270344222 -0.204768152075592
0.20484726079915128 0.3340057208183
-0.3339828471058397 -0.1535312367304057
0.15357342134444374 0.3073432655348311
-0.30736648606719197 -0.2197511675931298
0.21967738473042742 0.3315199258686407
-0.33152020555553785 -0.1602161519806135
0.16019459673385872 0.31362789167196325
-0.31358865892993626 -0.20532534922287893
0.20539539480800084 0.33381990025692143
-0.3337961913835653 -0.15387618181200535
0.1539205708370059 0.3075355108088318
-0.30756064577530645 -0.21914633386483673
0.21906824709341016 0.33152355484630625
-0.33152424601125413 -0.1600400381721922
0.16001739315866242 0.3133106808423474
-0.3132704550043096 -0.2058926267704329
0.2059647279314576 0.3336270823210398
-0.3336024535908434 -0.15423957975075253
0.1542863907028753 0.307743727739627
-0.30777094644941955 -0.21850555433609964
0.21842276744583616 0.33153035082438354
-0.3315313971229173 -0.15985555107913735
0.15983197158536722 0.3129857867778983
-0.3129446914733219 -0.20647566734134187
0.20654951553292483 0.33342668079184506
-0.333401074054772 -0.15462294131679893
0.1546723237871393 0.30796901329085674
-0.30799840773418347 -0.21782619687113874
0.21773847895241533 0.33153959390512006
-0.33154086620014306 -0.1596646391185832
0.1596404724440847 0.31265488259091984
-0.3126132292864536 -0.20707042131991177
0.20714527538439825 0.33321830479556974
-0.333191691580821 -0.1550272352961864
0.1550792531010342 0.30821185902667286
-0.30824343345276073 -0.21710695182349787
0.21701426549409197 0.33154998866499424
-0.33155127248423166 -0.15947079933798358
0.1594466245929807 0.31232107329041026
-0.31227937576583226 -0.20766956347020915
0.20774422501008 0.3330019612743953
-0.33297438603310664 -0.15545233182104312
0.15550685123347624 0.30847163485207696
-0.3085051940321747 -0.21634898691005067
0.21625173921418572 0.3315594392092267
-0.3315604095551212 -0.1592796818389185
0.15925637710746443 0.3119894380875918
-0.3119484954704039 -0.2082613045183545
0.2083339255279924 0.3327783784409362
-0.33274999959024637 -0.1558961417663704
0.15595271575148767 0.3087457972712353
-0.3087808444813456 -0.21555776468642762
0.21545703849776243 0.33156484154490484
-0.3315650335343464 -0.1590996560643262
0.15907846859667246 0.31166759691531165
-0.31162854594864475 -0.20882814183417187
0.20889612556999126 0.3325493866012942
-0.33252052908523366 -0.1563535890676156
0.156411326988397 0.3090289916122892
-0.3090646236557022 -0.21474510009340902
0.21464290720300527 0.3315620208946945
-0.33156084581121226 -0.1589419708331659
0.1589244868945282 0.3113658685882036
-0.3113301693449857 -0.2093465873993906
0.2094066276189117 0.33231825912263036
-0.33228943943684275 -0.1568157275729451
0.15687322211988902 0.30931236906713055
-0.30934722739243564 -0.2139307993919488
0.21383019599946268 0.33154599394775275
-0.3315428069307947 -0.1588200323823809
0.1588079900462671 0.31109661555056994
-0.31106587796493085 -0.20978872918549013
0.20983720568536285 0.33208969618516476
-0.33206157880298365 -0.15726980671424945
0.15732526658921203 0.3095838244245416
-0.3096162402965654 -0.2131422082097777
0.2130469832478037 0.33151176932711546
-0.33150600017067844 -0.15874725423341168
0.15874218262605355 0.31087224476778
-0.31084787844248385 -0.2101267907317989
0.21016056672150174 0.3318691717219862
-0.3318424307340796 -0.15770109231881885
0.15775270864520663 0.3098298616542969
-0.30985821494278554 -0.21241007152518782
0.2123239329470007 0.33145557119882424
-0.3314469044150481 -0.158733734119139
0.15873646693843707 0.31070205868673223
-0.31068482647389994 -0.21034022131854274
0.2103576435932435 0.3316615249449025
-0.33163663643692776 -0.1580966554800704
0.15814316027814024 0.3100391383294353
-0.3100623588315696 -0.211760460299243
0.2116858880246742 0.33137606782048346
-0.3313645422801264 -0.1587829439002431
0.1587933614572884 0.3105891441802308
-0.3105789125862586 -0.21042262538049578
0.2104240663738628 0.331469357751003
-0.33144643369950344 -0.15844966888226453
0.15849078917477277 0.31020624940498487
-0.3102242076459609 -0.21120607287954463
0.21114341416080828 0.33127485403986046
-0.3312608518450847 -0.1588904504674305
0.1589075055190841 0.3105291897732604
-0.3105249631238858 -0.2103842841957425
0.21037205641234857 0.33129220537630377
-0.33127099111522773 -0.15876157863390006
0.1587980221181472 0.3103334239752866
-0.3103468675069487 -0.2107422215422745
0.21068981353399113 0.3311558378047861
-0.33113995001472635 -0.1590456010063913
0.15906769086819045 0.31051211515217836
-0.31051238228956357 -0.21024840941394074
0.21022596851065767 0.3311270901780037
-0.33110709871801836 -0.15904055324915423
0.159073645600455 0.310428824219116
-0.3104390278234072 -0.2103506025295654
0.2103055691696855 0.3310238847765068
-0.33100671215735794 -0.15923520156867654
0.1592606994307924 0.3105255538579434
-0.3105287972293487 -0.21004324596444318
0.2100140545247574 0.33096997002040124
-0.3309507002818962 -0.15929755936580087
0.15932865920861894 0.31050287178541797
-0.3105111085041233 -0.21000764305795544
0.20996710377092048 0.3308834730250079
-0.3308655050515256 -0.15944713563951635
0.15947471672227198 0.31055823637088786
-0.3105632286615887 -0.2097944675752733
0.20976131664393616 0.3308171458449072
-0.3307982005082093 -0.1595425863589514
0.15957275912964286 0.3105648371640403
-0.3105720880599773 -0.2096923171654856
0.20965403679145583 0.3307379342204499
-0.3307194987859781 -0.1596724155378657
0.15970119749612138 0.31060186032201376
-0.3106077911945021 -0.20952095839528573
0.2094856931217539 0.3306659700682876
-0.33064709851730356 -0.1597827495868498
0.15981267339171434 0.31062122553204075
-0.3106281034471945 -0.20938983752057283
0.20935243022334882 0.3305893335964706
-0.3305706046462471 -0.15990546946783551
0.15993498221083918 0.31065130211308806
-0.3106577386180695 -0.20923437332352562
0.20919797863777873 0.3305148637709799
-0.33049593556862816 -0.16002228992483442
0.16005230874436294 0.3106758550044847
-0.3106826671839358 -0.20909152614741255
0.20905428478281518 0.3304387506694243
-0.33041981467518 -0.16014338839515113
0.16017339788281865 0.3107038853724545
-0.31071061475183 -0.20894080020280714
0.20890375742818373 0.330363036372632
-0.33034398641187196 -0.16026331112550068
0.16029359719908293 0.3107305798922044
-0.3107374724295655 -0.2087931554226315
0.2087557520186788 0.33028665186514855
-0.33026754264759395 -0.16038490753753504
0.1604153229255766 0.3107584344463162
-0.31076536607092 -0.20864290828511983
0.2086054260415494 0.33021012705866876
-0.33019092708646647 -0.16050676470653913
0.16053739550680352 0.3107862078819974
-0.31079324791017476 -0.20849288587678605
0.20845516829099103 0.3301331941137976
-0.3301139202402625 -0.16062959579007763
0.16066039462210197 0.3108145167443024
-0.31082162520863427 -0.2083416848580678
0.2083038181753713 0.3300559761237062
-0.3300366168291477 -0.1607530705088011
0.16078406669869766 0.3108430677888259
-0.3108502667069365 -0.2081899694862533
0.20815190546988882 0.3299784070564415
-0.32995896343183906 -0.16087735971993322
0.16090855001923238 0.3108720036811831
-0.3108792867071188 -0.2080374145161547
0.20799916901183352 0.3299005080792505
-0.32988098016349526 -0.1610024105242922
0.1610337927390349 0.3109012706908708
-0.310908639881796 -0.20788414317606463
0.20784571312100303 0.32982226359892586
-0.329802647232924 -0.16112825614158682
0.16115984592205007 0.31093089384015127
-0.31093835754840093 -0.20773009808002363
0.20769146152295082 0.3297436695795698
-0.3297239669042149 -0.16125491297477712
0.1612867007738501 0.31096088134510474
-0.31096842902988886 -0.2075752617580086
0.20753644188348286 0.32966472093872096
-0.32964492464871886 -0.16138238692206763
0.16141439257986034 0.31099122777566807
-0.3109988793285886 -0.207419642983733
0.2073805958138185 0.3295854094484653
-0.329565524834466 -0.1615107006662891
0.1615429104369387 0.31102195078508077
-0.3110296872732606 -0.20726320226654982
0.20722397091802197 0.32950573108369774
-0.3294857539908184 -0.161639861138606
0.16167228331371963 0.3110530459881359
-0.3110608757577136 -0.20710595049014613
0.20706651407699883 0.3294256786741574
-0.32940560599942725 -0.16176988575546036
0.16180253281631096 0.3110845215866702
-0.3110924561261581 -0.2069478639226866
0.2069081994721551 0.32934524400588605
-0.3293250757950339 -0.16190079716497047
0.1619336648066108 0.31111639311761785
-0.31112442398753476 -0.20678891255610565
0.2067490369521517 0.3292644230651405
-0.3292441583146481 -0.16203260122346508
0.1620656893376483 0.31114865409144427
-0.3111567770493861 -0.2066291062414663
0.2065890290214833 0.32918320659783235
-0.32916284220778264 -0.16216532055811078
0.16219863742272894 0.31118132108329905
-0.31118954341793326 -0.2064684087014999
0.20642811214697987 0.32910159059784044
-0.32908112137426915 -0.16229896415405454
0.16233252642695362 0.31121438655244993
-0.3112227218376841 -0.2063068360857122
0.20626629095760723 0.3290195637239475
-0.3289989907646978 -0.1624335588081356
0.16246736217788516 0.3112478712550088
-0.31125631105335405 -0.2061443406125571
0.20610356484055703 0.32893711673938025
-0.3289164390456304 -0.16256912605914586
0.1626031725031507 0.3112817833617632
-0.31129032657243993 -0.20598090281951148
0.2059398986109009 0.32885424669937374
-0.328833462225012 -0.16270567381235368
0.16273996425945858 0.31131611846776003
-0.3113247692282097 -0.20581653154042218
0.2057752906259958 0.3287709422800314
-0.32875004793335144 -0.16284322672863638
0.1628777725800532 0.31135089416474093
-0.31135965556217365 -0.2056511863777365
0.20560970049417698 0.32868719844980165
-0.32866619114069945 -0.16298179688405273
0.16301660639325855 0.31138610708969056
-0.3113949843043364 -0.2054848751308978
0.20544313287708643 0.328603000754836
-0.32858188158399443 -0.1631214204319496
0.16315648823457146 0.31142178005605503
-0.3114307657012911 -0.2053175427739845
0.20527555997781405 0.32851834522175893
-0.32849710900713586 -0.16326210523294982
0.16329744167138083 0.3114579096925831
-0.31146701208678845 -0.2051491981737244
0.20510695715789856 0.32843322159791594
-0.3284118663011834 -0.16340387589212757
0.16343949025535337 0.3114945051890418
-0.3115037284599927 -0.20497981983857544
0.2049373092148145 0.3283476175439402
-0.32832614112845177 -0.16354675595208207
0.16358265333717142 0.31153157782206464
-0.31154092504888087 -0.20480938001218618
0.20476659258452268 0.32826152596101166
-0.3282399253451218 -0.16369077312530672
0.16372695653285563 0.3115691430465647
-0.3115786099820705 -0.20463784363177107
0.20459479104253792 0.328174934524154
-0.32815320871981984 -0.16383594673571988
0.16387242125730478 0.311607199568858
-0.31161679138257425 -0.2044652122730501
0.2044218789602258 0.32808783719174134
-0.3280659789358208 -0.163982294003649
0.16401907727964066 0.3116457565553992
-0.31165548364367274 -0.20429146136155857
0.20424782863395646 0.3280002153752098
-0.32797822682217576 -0.16412986246933914
0.16416694493663603 0.3116848378072881
-0.3116946896457945 -0.20411654124018325
0.20407262701898032 0.3279120640935184
-0.32788994321336773 -0.16427865467470593
0.1643160466437198 0.31172443574222675
-0.31173441644945515 -0.20394046293011459
0.20389626317066906 0.3278233700030003
-0.32780111058488787 -0.1644287108014843
0.1644664278037879 0.31176456996327245
-0.3117746899271132 -0.203763184128175
0.2037186696997172 0.3277341208145064
-0.3277117197880294 -0.16458005427856587
0.16461809720153825 0.3118052475176548
-0.31181550666911795 -0.20358468555486475
0.20353985869827773 0.3276443021560459
-0.32762175749784517 -0.16473272315291715
0.16477109810800883 0.31184648694375305
-0.31185688312246823 -0.20340492495120288
0.20335979104370555 0.3275539038457008
-0.32753121144310454 -0.1648867366354314
0.1649254580909814 0.31188829004923313
-0.3118988325891928 -0.20322389665850382
0.20317843286302184 0.32746291048277
-0.327440067271182 -0.16504213482286317
0.1650812047000163 0.3119306743109477
-0.3119413631389706 -0.2030415595006142
0.20299576493167248 0.32737130876623444
-0.3273483127276199 -0.16519894629390058
0.16523837069043695 0.3119736509271216
-0.3119844849247205 -0.20285788590777598
0.20281176490456615 0.32727908435908326
-0.3272559292983512 -0.16535720692036415
0.16539699924166318 0.3120172289992652
-0.31202821853585166 -0.20267285459536855
0.20262638225348711 0.32718622293286237
-0.32716290579223545 -0.1655169462853724
0.16555711783963578 0.31206142493252825
-0.3120725720185311 -0.20248642654048804
0.20243959780897536 0.3270927059920988
-0.3270692247599223 -0.16567821274753453
0.16571876648266232 0.31210625303260947
-0.3121175586329001 -0.2022985679667511
0.2022513819746104 0.32699852131690693
-0.326974868762876 -0.16584102957832375
0.1658819809676773 0.3121517213326569
-0.3121631895422041 -0.202109259734359
0.20206170308604643 0.3269036493879296
-0.3268798245488437 -0.16600544717425741
0.16604679915607573 0.3121978514280606
-0.3122094832082823 -0.20191844931739572
0.20187052115004617 0.32680807487354574
-0.32678407052527 -0.16617149920004465
0.16621326932070413 0.31224465029054904
-0.31225645494973564 -0.2017261186616902
0.20167779724362844 0.3267117782770451
-0.3266875882435343 -0.16633923286490127
0.16638143448616316 0.3122921405372543
-0.3123041211182832 -0.20153221425029866
0.20148349351283157 0.3266147390714933
-0.32659036344001124 -0.1665086953468521
0.16655132930294986 0.3123403343381856
-0.3123524897094026 -0.20133671181168683
0.20128759090579612 0.3265169409148119
-0.32649237247120527 -0.16667992231969392
0.1667230071760346 0.3123892438548141
-0.3124015843571702 -0.20113957353099904
0.20109003074996518 0.3264183633034465
-0.3263935958811652 -0.1668529650787809
0.1668965110458625 0.31243889062614993
-0.3124514172093413 -0.2009407532754781
0.20089078673881616 0.32631898366137735
-0.3262940110972586 -0.1670278769718309
0.1670718994673122 0.31248929096304345
-0.3125020087457285 -0.20074021224199545
0.20068980547493193 0.32621877838380187
-0.3261935966039147 -0.16720471027001926
0.1672492215740431 0.31254046742037617
-0.31255337839039105 -0.20053789184504106
0.20048704506312237 0.32611772283904544
-0.3260923267293983 -0.16738352346497887
0.16742853689235426 0.3125924331565485
-0.3126055486808642 -0.2003337658512243
0.20028244904378079 0.32601580179063405
-0.32599018207216757 -0.16756435416595739
0.16760988614940447 0.312645203405366
-0.3126585233812413 -0.2001277913694482
0.20007600684888188 0.3259129822955921
-0.32588713594665114 -0.16774727851639487
0.16779333818390818 0.3126988048514088
-0.31271233438461843 -0.1999199099077662
0.1998676422743545 0.32580923976734033
-0.32578315960132065 -0.16793235281380303
0.16797895762165 0.31275325791065745
-0.3127670010616331 -0.19971006926357238
0.19965731042013973 0.3257045496349792
-0.32567822638574245 -0.1681196343611469
0.16816680592222716 0.3128085777768167
-0.31282254276936505 -0.19949823289408164
0.1994449622497798 0.3255988810925309
-0.3255723096660368 -0.16830919500795433
0.16835694658913763 0.3128647900472153
-0.31287898197597375 -0.19928434032708137
0.19923054563505527 0.32549220751929825
-0.32546537761789684 -0.16850109718460254
0.16854944933369614 0.3129219109299532
-0.3129363369685522 -0.1990683477916954
0.19901401368940635 0.32538449398033237
-0.32535740051877443 -0.1686954241074995
0.1687443911117265 0.31297997327966687
-0.3129946385146878 -0.19885018135320953
0.1987952956119644 0.3252757118097548
-0.32524834658309154 -0.1688922401995086
0.16894183841881277 0.3130389953555696
-0.3130538996650887 -0.1986297952320914
0.19857435395916723 0.32516582819531675
-0.3251381819621746 -0.16909162129303767
0.1691418754041708 0.3130989964441049
-0.3131141501125615 -0.19840713951695177
0.19835112009015543 0.32505480409979226
-0.32502686658411606 -0.16929366086567693
0.16934459344820957 0.3131600093457547
-0.3131754247325492 -0.19818213935500695
0.1981255129224614 0.32494260883528636
-0.32491436976762955 -0.16949842632050321
0.16955006306149883 0.31322205227264205
-0.3132377334067111 -0.1979547449140711
0.19789750136816375 0.3248291961259366
-0.3248006514852718 -0.16970602871562074
0.16975837655923964 0.3132851631883157
-0.31330110577269754 -0.19772486790533217
0.1976670158720909 0.324714537409418
-0.3246856706940541 -0.1699165322269176
0.16996962931856863 0.31334934986751284
-0.31336557248755387 -0.19749248770683248
0.1974339806850846 0.3245985843773118
-0.3245693884565772 -0.17013005195517766
0.17018391457572368 0.31341465335516033
-0.3134311558675715 -0.19725750259568714
0.19719834506699213 0.32448129499140027
-0.3244517596189737 -0.1703466769295906
0.17040133070829555 0.31348109283315534
-0.31349788445058463 -0.19701986602534777
0.19696003335874196 0.32436262931764154
-0.32433274113456695 -0.17056650756108344
0.17062198122989553 0.31354869578542005
-0.31356578363531096 -0.19677951172891478
0.19671898658570297 0.32424253705007616
-0.3242122858238924 -0.17078965667233115
0.17084597374766236 0.3136174927937909
-0.31363488295904574 -0.19653636412990816
0.196475130222725 0.3241209720708106
-0.32409034445729745 -0.1710162286998323
0.1710734220370677 0.3136875092218027
-0.3137052088196796 -0.1962903580958148
0.1962283991487604 0.3239978841324221
-0.323966867834182 -0.17124634152470486
0.1713044377243106 0.31375877249178863
-0.31377678655610347 -0.1960414285393256
0.1959787303659079 0.3238732209388556
-0.3238418057438793 -0.17148011503281702
0.17153913652218267 0.313831311044125
-0.31384964356561534 -0.1957895041846618
0.19572605676438187 0.3237469343807027
-0.32371510384989716 -0.1717176555297104
0.17177764134333295 0.3139051408326391
-0.31392380203052495 -0.19553454081334343
0.1954703206300452 0.3236189701434311
-0.3235867109631355 -0.17195908795281523
0.1720200687925943 0.31398028922137056
-0.31399928411529976 -0.1952764734673088
0.19521146428953906 0.32348926978988823
-0.3234565696928897 -0.17220454754762127
0.17226654890348747 0.3140567804371205
-0.3140761119657831 -0.1950152351577652
0.19494943426466127 0.32335778010867455
-0.32332462268110906 -0.1724541518237288
0.17251721370647655 0.31413463349626675
-0.3141543077089669 -0.19475078386127836
0.19468417088681 0.3232244437654434
-0.3231908167553079 -0.1727080306776601
0.1727721764639868 0.3142138590926618
-0.3142338799587745 -0.1944830817392293
0.194415649824079 0.32308920553347403
-0.32305509254383324 -0.17296630354716275
0.17303157424451499 0.31429447102223956
-0.3143148425068006 -0.19421209824774438
0.19414383431156784 0.32295200814069
-0.3229173969346742 -0.17322910225242505
0.17329552120163344 0.31437648099066573
-0.3143971987534323 -0.1939377935283635
0.19386870836756487 0.3228127943464797
-0.3227776706180254 -0.17349655023248517
0.1735641511367101 0.3144598882392379
-0.3144809562404321 -0.1936601692579224
0.19359024772665206 0.3226715110900439
-0.32263586157851215 -0.1737687635912934
0.17383757390895188 0.3145446878531174
-0.3145661038258114 -0.19337922711876931
0.19330847586472066 0.3225281074124995
-0.32249191990106185 -0.17404584902879777
0.17411589309078584 0.3146308655784826
-0.31465262310659264 -0.19309499576754868
0.19302342869643913 0.3223825406774839
-0.32234580295462795 -0.17432789555193917
0.17439919871328152 0.3147183926440217
-0.3147404853134787 -0.19280753599935596
0.192735165972803 0.3222347630818392
-0.3221974702006551 -0.17461499937873037
0.17468757142582103 0.3148072392509432
-0.3148296492445063 -0.19251691272641913
0.19244378059472445 0.32208474343367965
-0.32204688526366954 -0.17490722349536936
0.17498108354185055 0.3148973528028156
-0.3149200706046343 -0.19222324162795634
0.19214936748556416 0.32193245469731857
-0.3218940273316068 -0.17520460701481616
0.1752797575796286 0.3149886651786714
-0.31501166987641765 -0.19192667770798466
0.1918521085852753 0.3217778843542761
-0.32173888595831884 -0.1755071620873584
0.17558360569084358 0.3150810927450732
-0.3151043592914551 -0.19162741111824372
0.19155220541809015 0.3216210343911103
-0.32158146623655126 -0.17581486148684988
0.17589258614472153 0.3151745208244111
-0.3151980221137076 -0.191325703399028
0.1912499236328714 0.321461921285667
-0.3214217929290414 -0.17612764278933818
0.17620662098673107 0.31526882236823944
-0.3152925147336678 -0.19102185426792867
0.19094560020480678 0.32130058221154184
-0.3212599094148384 -0.17644539182540442
0.17652557742248426 0.3153638372490181
-0.31538767601239626 -0.1907162316304259
0.1906396102302137 0.3211370874506158
-0.3210958869974212 -0.1767679106120062
0.17684925957479702 0.3154593598580892
-0.31548329726045404 -0.190409317097407
0.19033243939490146 0.32097152793601663
-0.3209298269506646 -0.17709495367091938
0.17717739300313862 0.3155551702075157
-0.3155791409148791 -0.19010162615576037
0.19002464557088278 0.3208040318048108
-0.32076187084982183 -0.17742618871687232
0.17750961027021683 0.31565099977478583
-0.3156749271035065 -0.18979379200771418
0.1897168887829223 0.3206347633307839
-0.3205921922558009 -0.17776118637634125
0.17784546861796163 0.3157465408583558
-0.3157703429949109 -0.18948653856012548
0.18940990421171977 0.3204639373881542
-0.32042101428697634 -0.1780994078435167
0.17818439723675827 0.31584143832962097
-0.3158650200561917 -0.18918070415698574
0.18910456733843867 0.3202918111302667
-0.3202486095783382 -0.17844020082930845
0.1785257159989475 0.31593529691568273
-0.3159585506550655 -0.1888772311377392
0.188801845193309 0.32011869533941056
-0.32007530127741224 -0.17878279240843015
0.17886862312864776 0.316027676059089
-0.3160504849889059 -0.18857716057853569
0.1885028045577331 0.31994495541938384
-0.31990146817794324 -0.17912628187305712
0.17921218495249663 0.31611809099057964
-0.3161403311206404 -0.18828164979866746
0.18820861912363257 0.31977101135224684
-0.3197275467454747 -0.17946963876620775
0.1795553287634386 0.31620602207576526
-0.31622755501467337 -0.18799193606118064
0.18792056113033984 0.319597338691427
-0.3195540238327915 -0.1798117060866286
0.17989687395943377 0.31629091691450756
-0.31631159711936 -0.18770933960838493
0.1876399681894793 0.3194244664511621
-0.31938144181277356 -0.18015119831999893
0.18023550627470386 0.31637219347231277
-0.3163918744596305 -0.18743525428559676
0.18736823702417643 0.31925296776030515
-0.31921038199413404 -0.18048673462736775
0.18056982130960486 0.3164492576826986
-0.3164677909967086 -0.18717110095410527
0.18710679447116468 0.3190834525938169
-0.31904146252591276 -0.18081685235779354
0.18089834630911872 0.31652152000044514
-0.3165387603832365 -0.18691829645370367
0.18685704783602108 0.3189165522428485
-0.31887531873387154 -0.1811400453547694
0.18121956295255093 0.3165884057368636
-0.31660421319398796 -0.18667822156227026
0.18662037043592522 0.31875290896706904
-0.31871258864255897 -0.18145478879040883
0.18153196215851203 0.31664937158599926
-0.31666362068209297 -0.18645218485226256
0.18639803032283608 0.31859314705724173
-0.31855389334585593 -0.18175961047495037
0.1818340771371052 0.3167039272992855
-0.31671650508188814 -0.18624136591923252
0.18619118209939917 0.3184378676884227
-0.3183998204946175 -0.1820531032073967
0.18212453500733866 0.31675164907678244
-0.3167624602304824 -0.1860467896552589
0.1860008060599493 0.31828761278819584
-0.318250901602925 -0.18233400425864488
0.18240210526543665 0.31679219500826195
-0.3168011711368823 -0.18586928402382374
0.18582766701438586 0.3181428599233609
-0.3181075842117859 -0.18260121487527126
0.18266575853465478 0.31682532153347714
-0.31683242010559204 -0.1857094347759331
0.18567229070922814 0.318003987244926
-0.31797022782845935 -0.18285387862537222
0.182914680857367 0.3168508916235598
-0.3168560918222122 -0.1855675846128732
0.18553496195406205 0.3178712756337683
-0.3178390885118779 -0.1830913729425741
0.18314831585030444 0.31686887469578
-0.31687218669132944 -0.18544380757156825
0.18541568352171223 0.31774489432786585
-0.31771430037586323 -0.183313346099565
0.18336639030290935 0.3168793485919433
-0.31688080938830376 -0.1853379236927773
0.18531421353541533 0.3176248948183648
-0.3175958921996338 -0.183519726280086
0.18356889124414566 0.3168824974253491
-0.31688216567835237 -0.18524949509903982
0.18523005328243514 0.31751121919935704
-0.3174837730645741 -0.18371070071461099
0.18375607811700279 0.3168785991116752
-0.31687656026994715 -0.18517785509638168
0.1851624825056588 0.3174036950948413
-0.3173777530841504 -0.1838867268237609
0.18392845573491534 0.3168680160049648
-0.3168643678455819 -0.18512213931347027
0.18511059982013 0.3173020656659072
-0.3172775486380742 -0.18404846081961274
0.18408673798139752 0.31685117110257494
-0.31684602784557536 -0.18508133537700006
0.18507335071226283 0.31720599173872305
-0.31718280616848915 -0.18419674826534232
0.18423180844941245 0.3168285418052396
-0.31682202791269054 -0.18505429644164134
0.1850495730443733 0.31711507868282734
-0.31709311357732817 -0.18433256617126875
0.18436467905671916 0.31680062893506983
-0.3167928770400047 -0.18503981761081328
0.18503803736001878 0.3170288826385859
-0.31700802707940534 -0.1844570012390619
0.1844864383900413 0.31676795877594616
-0.3167591034909215 -0.1850366452657723
0.1850374840558494 0.31694694457730227
-0.31692707328739167 -0.18457117038960186
0.18459823515079787 0.3167310541877692
-0.31672122282406245 -0.1850435214334865
0.18504667598258717 0.3168687872189088
-0.31684978943261555 -0.1846762300183012
0.18470119152471665 0.3166904253300164
-0.316679740995916 -0.18505922708360906
0.18506440048785 0.31679394699381264
-0.3167757048046722 -0.18477330382069118
0.18479644236751736 0.31664655936569647
-0.31663513890784944 -0.18508259446439573
0.18508950958980996 0.3167219781527723
-0.3167043860949367 -0.18486346221009015
0.18488503627429176 0.3165999101753109
-0.3165878600628028 -0.1851125379740453
0.1851209395010769 0.3166524640847392
-0.3166354229419015 -0.18494770690710477
0.18496795419471945 0.3165508922012808
-0.316538310594197 -0.18514806851881221
0.18515772086407611 0.31658501832201763
-0.31656844130309214 -0.1850269648155804
0.18504609403695615 0.3164998825387206
-0.31648685517522734 -0.1851882831356217
0.18519898073571617 0.31651929893574976
-0.3165031034250674 -0.18510205924317086
0.18512026558550154 0.31644721375681856
-0.3164338191115258 -0.18523238655018653
0.18524394559984714 0.31645499511157
-0.31643911193295515 -0.1851737274925362
0.1851911761554874 0.31639317702261655
-0.3163794821945043 -0.18527968800241973
0.18529194540619176 0.3163918446284287
-0.3163762108273984 -0.18524259827833983
0.18525944200115096 0.31633802316437704
-0.3163240828556094 -0.18532958674774752
0.18534241142858776 0.3163296142593192
-0.3163141813328888 -0.18530922990575777
0.18532558530122623 0.3162819627027575
-0.3162678264344416 -0.18538157919193238
0.18539485662554722 0.3162681151871006
-0.316252834663174 -0.18537407121322208
0.18539004658567204 0.31622517617678575
-0.3162108852052119 -0.18543524131467676
0.18544887145792366 0.3162071834155937
-0.31619202125975354 -0.18543750694281552
0.18545319200472354 0.31616781005059064
-0.3161533942870528 -0.18549021934493198
0.18550413308816394 0.31614668592331524
-0.3161316132668929 -0.18549986293713366
0.18551531853452186 0.31610998394291595
-0.31609546710635394 -0.18554622970481288
0.1855603693005815 0.31608651240728297
-0.31607151274568 -0.18556139384107545
0.1855766632907283 0.3160517957925288
-0.3160371985011411 -0.1856030466081156
0.185617359488638 0.31602658143767776
-0.3160116300486203 -0.18562229241618872
0.18563743649293096 0.3159933208474211
-0.31597866164879906 -0.18566048247028494
0.18567492947232644 0.3159668229505021
-0.31595190746743185 -0.18568273073024016
0.18569777212000693 0.3159346199096032
-0.31591990911346157 -0.18571839610604918
0.18573295043093252 0.3159071823508666
-0.3158922904154364 -0.1857428324094335
0.18575780612189774 0.3158757383184955
-0.3158609893121652 -0.18577668138125863
0.18579131110659908 0.31584762152936025
-0.3158327428469665 -0.18580268912754344
0.18581761781419903 0.31581671110393533
-0.31580193418311064 -0.18583525279128937
0.1858499342375559 0.31578810754090075
-0.3157732349072957 -0.18586237913557874
0.18587727823791067 0.31575757018977685
-0.315742765365025 -0.18589403927711295
0.1859087713926323 0.31572861465642793
-0.31571374601025837 -0.18592196418884938
0.18593683988880316 0.3156983330906857
-0.3156835085937547 -0.18595299243611157
0.18596775772792162 0.3156691253843273
-0.31565425352817855 -0.18598148339451998
0.18599635420080252 0.31563901628284635
-0.3156241741752329 -0.18601207725520247
0.18602687057117562 0.315609625326667
-0.3155947512866173 -0.186040972752252
0.18605583353152455 0.31557963006704365
-0.31556477343682143 -0.1860712700457791
0.18608608520922987 0.3155501093406878
-0.31553522695161496 -0.18610044152758481
0.18611530666735732 0.3155201826836184
-0.3155053115347627 -0.18613055124280237
0.186145382081362 0.31549056920573854
-0.3154756774412163 -0.18615991027889506
0.18617478388776865 0.31546067825898066
-0.31544579567668796 -0.1861899054024055
0.18620475293663674 0.315430994651904
-0.3154160955673855 -0.1862194026329797
0.18623428162769806 0.315401125024302
-0.3153862299844433 -0.18624932119880572
0.1862641823414718 0.3153713856843599
-0.3153564782539925 -0.1862789206374556
0.18629380296282128 0.315341522991568
-0.31532661447062793 -0.18630879347381296
0.1863236702729718 0.31531173922816386
-0.315296821399922 -0.1863384694187507
0.1863533622604524 0.31528187525263
-0.3152669563334638 -0.18636831604590892
0.1863832033631334 0.3152520522103795
-0.3152371260394694 -0.1863980520468987
0.18641295129542956 0.3152221807914863
-0.3152072494237871 -0.18642788992278597
0.18644279391231178 0.3151923287446397
-0.31517739217952623 -0.18645766748450404
0.1864725751906352 0.3151624406455819
-0.31514749785838125 -0.18648751405869973
0.18650243060967364 0.31513256370594217
-0.31511761572253105 -0.18651732085220568
0.18653224111779043 0.31510265687754896
-0.3150877036993056 -0.18654718227819794
0.18656210933416206 0.31507275505074744
-0.31505779872964046 -0.1865770203454949
0.18659194598390216 0.315042830522615
-0.3150278659298461 -0.18660689559167626
0.18662183314852554 0.31501290689198563
-0.31499793813129984 -0.1866367515852701
0.18665169387904423 0.3149829595385432
-0.31496798558510264 -0.18666665295666557
0.18668159793357286 0.314953013083007
-0.3149380318855548 -0.18669653610167097
0.18671149094209727 0.31492304701167523
-0.31490806369939495 -0.18672644922973008
0.1867414005984639 0.3148930767107227
-0.31487808307939646 -0.18675635849132627
0.18677132792518603 0.3148630908998474
-0.3148480961796398 -0.18678629055013335
0.18680125548634396 0.3148330967587321
-0.3148180937722105 -0.18681622694458883
0.1868312037894695 0.31480309018686176
-0.31478808508664924 -0.18684617792730313
0.18686115129970216 0.314773073236111
-0.31475805987131455 -0.18687613836942302
0.1868911246727244 0.3147430469327928
-0.3147280304297405 -0.18690610621894316
0.1869210921248714 0.31471300820256437
-0.3146979834364946 -0.1869360886502019
0.18695108645883707 0.3146829580717789
-0.31466793016832684 -0.18696608361058437
0.18698108204558916 0.3146528985915357
-0.3146378634515006 -0.18699608392341865
0.18701109220851664 0.31462282668830593
-0.31460778841168013 -0.1870260988113976
0.18704110874656865 0.3145927433881976
-0.3145776978764724 -0.1870561272471441
0.18707114498008137 0.31456265176648573
-0.3145476020942556 -0.18708615898145925
0.18710118041267643 0.3145325456763782
-0.31451749081969904 -0.18711621245658144
0.1871312355358007 0.31450243331566113
-0.31448737122604553 -0.18714626410470175
0.18716129702768602 0.3144723054649296
-0.3144572371676009 -0.18717633646387238
0.18719137820439957 0.31444216827215116
-0.3144270968406049 -0.1872064162137504
0.18722145857611583 0.31441202071402047
-0.31439694205169977 -0.18723650540161024
0.18725155555508288 0.31438185971900007
-0.31436677689923775 -0.18726661221934232
0.18728166299341142 0.3143516934815814
-0.3143366003601974 -0.18729671413336185
0.18731178498551293 0.3143215056175492
-0.31430641345970833 -0.18732685312991154
0.18734191231295927 0.31429131763260915
-0.314276214151181 -0.18735697800478707
0.18737205623781905 0.3142611100728168
-0.314246005507408 -0.1873871317631695
0.18740220549505793 0.31423089727370407
-0.31421578343437917 -0.1874172857337671
0.18743237236873045 0.31420066899843163
-0.3141855530519414 -0.187447458343382
0.18746254354804848 0.31417043343795653
-0.3141553071957448 -0.18747763321068472
0.18749273540967604 0.31414018240452274
-0.31412505507921873 -0.18750783080620653
0.18752292747983812 0.3141099240876262
-0.3140947874920125 -0.18753802963317262
0.18755314022703906 0.3140796513242549
-0.31406451364609445 -0.1875682470889372
0.18758335215742516 0.31404937025591667
-0.31403422330932906 -0.1875984678206904
0.1876135888527205 0.3140190747440991
-0.3140039236458595 -0.18762870819942262
0.1876438308681142 0.3139887699061335
-0.3139736126105128 -0.18765895594396215
0.1876740853643909 0.31395845267376504
-0.3139432912275234 -0.18768921514532205
0.18770434620130105 0.31392812509443097
-0.3139129574522037 -0.1877194847784998
0.18773462565293297 0.3138977851233629
-0.31388261333146417 -0.1877497689332545
0.18776491041892474 0.31386743583039084
-0.3138522547753847 -0.18778005942451143
0.18779521481722183 0.3138370731255134
-0.3138218899672197 -0.18781036545582036
0.1878255163451128 0.3138067011009133
-0.3137915076587553 -0.18784067782056452
0.187855844658958 0.3137763146446401
-0.31376112012249624 -0.1878710087885455
0.187886172145576 0.31374591784830935
-0.3137307161117251 -0.18790134813156406
0.1879165202767179 0.31371551173550577
-0.31370030380747005 -0.18793169380336178
0.1879468747355001 0.3136850911954912
-0.31366987809899294 -0.1879620601154574
0.18797724267692706 0.3136546623633741
-0.3136394410323121 -0.18799242764150553
0.18800762307640906 0.3136242180848409
-0.3136089926086173 -0.18802281580257024
0.18803801388752894 0.31359376653845356
-0.31357853589539064 -0.18805320926362085
0.18806840897619403 0.3135632995486349
-0.31354806169563054 -0.18808362028791642
0.18809882980300685 0.3135328242708261
-0.3135175822741211 -0.18811403456540615
0.18812924775058437 0.31350233457476157
-0.31348708536950554 -0.1881444684450893
0.1881596893864922 0.3134718355708928
-0.313456580179468 -0.18817490761881434
0.1881901352937605 0.3134413221517504
-0.31342606159657926 -0.1882053663892616
0.1882205977314131 0.3134108004486051
-0.31339553268702847 -0.18823582636415553
0.1882510675025002 0.3133802643332075
-0.31336499345200297 -0.18826630593074795
0.18828154767019756 0.3133497168714637
-0.3133344387854442 -0.18829679793546478
0.1883120484467291 0.31331916010733046
-0.3133038778811227 -0.18832729522662767
0.18834254531679606 0.3132885889353532
-0.31327329848469665 -0.18835780903748417
0.18837307198209519 0.31325800744205595
-0.31324271387346025 -0.1883883322167202
0.18840359473905732 0.3132274146074016
-0.31321211179480324 -0.1884188657838583
0.18843414115764834 0.3131968083905318
-0.3131815024608985 -0.18844941586333136
0.18846469183465286 0.3131661918558198
-0.31315087770491534 -0.18847997326363636
0.18849525902047715 0.3131355629626484
-0.31312024365385027 -0.18851054206708268
0.1885258345454871 0.3131049217124445
-0.3130895962255239 -0.18854112839641496
0.18855642453283028 0.31307426912713326
-0.31305893950424424 -0.18857172306214548
0.18858702081456424 0.31304360622872046
-0.31302826736731604 -0.18860232606285948
0.1886176376779919 0.3130129289360319
-0.31299758696018176 -0.18863294556161853
0.18864825777072036 0.3129822392916924
-0.3129668911405714 -0.1886635795145633
0.18867889741924337 0.31295154239910056
-0.31293618603246265 -0.18869421363365407
0.18870954233515957 0.3129208260150573
-0.31290546755572557 -0.18872487648779873
0.1887402027203613 0.3128901054455811
-0.3128747377522604 -0.18875553440413634
0.18877087653171598 0.3128593674288214
-0.3128439966232097 -0.18878621696813797
0.18880155560607004 0.3128286221676581
-0.3128132421299229 -0.1888168996936858
0.188832254222976 0.3127978594627811
-0.3127824763136565 -0.18884760808068218
0.188862960139615 0.3127670884954867
-0.3127516971359998 -0.18887832070639504
0.18889368253360928 0.31273630518724954
-0.3127209096974576 -0.1889090436891981
0.18892440916454944 0.3127055074999792
-0.3126901048213043 -0.18893978518533333
0.18895515940633834 0.3126747025730912
-0.31265929372569967 -0.18897052887677152
0.1889859077640026 0.31264388021120587
-0.31262846519604914 -0.1890012951551075
0.18901668074635192 0.31261304755305624
-0.31259762942921177 -0.1890320687236942
0.18904745490117525 0.3125822035803673
-0.3125667762318517 -0.1890628536590298
0.18907825265501188 0.31255134727498385
-0.3125359157992643 -0.18909364995918926
0.1891090515788354 0.31252047863832605
-0.3125050389589712 -0.18912446068001415
0.18913987205718985 0.31248959767169365
-0.312474151827844 -0.1891552817422802
0.18917070083731302 0.31245870335741116
-0.31244325338792633 -0.18918612027797038
0.18920153893689862 0.3124277987540231
-0.31241234160248743 -0.1892169650747167
0.18923239144934056 0.31239688182479813
-0.31238141851089596 -0.18924782224520892
0.18926325735318317 0.3123659505333248
-0.31235048207658034 -0.18927869688168203
0.18929413460851674 0.3123350089564411
-0.3123195343387084 -0.1893095787931865
0.18932502321338252 0.31230405505785536
-0.31228857326110804 -0.18934047205338395
0.18935592520321243 0.31227308782032975
-0.3122576008825464 -0.18937138175347185
0.18938683853849925 0.3122421082638565
-0.3122266141486356 -0.1894023027978587
0.18941776830988222 0.31221111842684285
-0.3121956161163574 -0.18943323111072746
0.18944870738550013 0.31218011423680453
-0.3121646067870084 -0.18946417789317022
0.18947965576379777 0.31214909671361285
-0.3121335861618849 -0.18949513703214188
0.18951061649798684 0.31211806993186514
-0.31210254915108504 -0.18952610241611628
0.18954159773151902 0.312087025747173
-0.3120715028834129 -0.18955709033454898
0.18957258215293782 0.31205597434246773
-0.31204044226972494 -0.18958808144007194
0.18960358401423094 0.31202490859237425
-0.3120093693475474 -0.18961908896613872
0.18963459822260964 0.31199382849850626
-0.311978285136151 -0.18965010985623237
0.18966562274021204 0.31196273915187883
-0.3119471876011569 -0.18968113901884237
0.18969666163647458 0.3119316344467676
-0.3119160777617951 -0.18971218561240816
0.18972771185580029 0.311900518455732
-0.3118849556194788 -0.1897432414925299
0.18975877543151543 0.31186938812721426
-0.31185382015796415 -0.1897743137808196
0.18978985134381732 0.31183824956805056
-0.31182267239632033 -0.18980539128174206
0.18982093959060087 0.3118070936219764
-0.3117915113185017 -0.18983649027347188
0.18985204220455743 0.3117759274126471
-0.31176034099535266 -0.18986759549196014
0.18988315002738032 0.31174474788938017
-0.31172915328985784 -0.18989871507440664
0.18991428136849697 0.31171355505366655
-0.3116979563413772 -0.1899298510527086
0.18994541689785305 0.3116823519583343
-0.3116667440484072 -0.18996099325289578
0.18997657187095207 0.3116511335192976
-0.31163552048071586 -0.1899921518443783
0.19000773509748192 0.3116199048232641
-0.311604283605753 -0.19002331970559988
0.19003891267758122 0.3115886597699233
-0.3115730354587294 -0.19005450700382348
0.19007009952460963 0.31155740649572855
-0.3115417719738105 -0.190085699500465
0.1901013058045986 0.31152613686760205
-0.3115104982361916 -0.19011690939539666
0.19013251829737687 0.3114948539374944
-0.3114792111972162 -0.19014813566894612
0.19016374513473933 0.3114635627897256
-0.31144790780874465 -0.19017936205338287
0.19019499241336946 0.3114322522438147
-0.31141659722078974 -0.19021061904316822
0.19022623980091735 0.311400934498886
-0.31138526927036614 -0.19024187410815635
0.19025751067378305 0.31136960142511877
-0.31135393107352727 -0.1902731475752391
0.19028878673484806 0.3113382570892956
-0.3113225775503967 -0.19030443029506977
0.19032008119393684 0.3113068974279635
-0.31129121378342617 -0.19033573242772656
0.19035138388663042 0.31127552650722984
-0.31125983469341323 -0.1903670407608306
0.19038270497201604 0.3112441392483684
-0.31122844434602814 -0.1903983715494298
0.19041403631919773 0.31121274378071867
-0.311197040710703 -0.19042970548705201
0.1904453769106561 0.31118133197826786
-0.311165620741636 -0.19046105984263112
0.19047674096609557 0.3111499099375877
-0.3111341945980376 -0.19049241836043346
0.19050810207257218 0.31111847156570865
-0.31110274806130367 -0.19052379830649951
0.1905394927314482 0.31108702295821106
-0.3110712933207943 -0.19055518647420738
0.190570885517243 0.3110555600540185
-0.31103982225338844 -0.19058658895541086
0.19060229870849865 0.3110240828548118
-0.31100834095351626 -0.19061800676314128
0.1906337170705843 0.31099259339301627
-0.3109768453610118 -0.1906494378640164
0.1906651517713267 0.3109610916699555
-0.3109453354774755 -0.19068087717938914
0.19069660382316578 0.31092957768715074
-0.31091381333485657 -0.19071232876874739
0.19072806611694793 0.31089804433988105
-0.31088227893459675 -0.1907438078570159
0.19075953966606485 0.3108665068564344
-0.31085072923298906 -0.1907752789125689
0.1907910285287403 0.3108349489974371
-0.31081916626178374 -0.19080678050596472
0.1908225327023424 0.310803380914295
-0.31078759306705495 -0.19083828624466254
0.19085404305057663 0.31077179956377504
-0.31075600254641367 -0.1908698072909935
0.19088557479413937 0.3107402039325577
-0.31072440180489136 -0.19090134364236783
0.19091711473825457 0.31070859605164064
-0.31069278475576645 -0.19093288920827317
0.19094867201320687 0.3106769728786987
-0.3106611574883621 -0.19096445210384022
0.19098023647063345 0.3106453384735755
-0.31062951493142654 -0.19099602623907225
0.1910118202828861 0.31061368979414267
-0.3105978611442499 -0.19102761465538448
0.19104341127409996 0.3105820258277107
-0.31056618902791744 -0.191059220393403
0.19107502668627796 0.3105503526617452
-0.31053450974120234 -0.19109082823626405
0.1911066421738311 0.31051866218375596
-0.3105028111149467 -0.1911224604957406
0.19113828309052017 0.31048696048037855
-0.3104711032922566 -0.19115409891377216
0.19116992712252523 0.3104552434968158
-0.3104393812042069 -0.19118575667171106
0.19120158643726848 0.31042351326267975
-0.31040764181063984 -0.1912174266686369
0.19123326914341543 0.3103917697795246
-0.3103758932242757 -0.19124910890252272
0.19126495496037288 0.31036001304890376
-0.3103441293635987 -0.1912808043851147
0.19129665909396543 0.31032824205859794
-0.3103123532714007 -0.19131251615531092
0.19132837140440262 0.3102964588375084
-0.31028055988112 -0.19134423711495446
0.19136010709423967 0.3102646603463816
-0.3102487573029533 -0.1913759753709809
0.19139184588919245 0.31023284861396044
-0.3102169384438168 -0.19140772585309546
0.19142360603065434 0.31020102465521454
-0.31018510533225563 -0.19143948754585766
0.19145537940815638 0.31016918441818014
-0.3101532589832784 -0.1914712685539613
0.1914871629796988 0.31013733195776566
-0.31012140041173586 -0.19150305874175605
0.1915189597831618 0.31010546524907884
-0.31008952657951394 -0.19153486519985002
0.19155077386882124 0.31007358530681245
-0.3100576395144873 -0.19156668286011796
0.19158260016855244 0.3100416911195308
-0.3100257392182052 -0.19159851678570455
0.1916144376673915 0.3100097837017682
-0.3099938236664428 -0.19163036089636604
0.19164629244080134 0.30997786102941755
-0.3099618948866013 -0.1916622243060105
0.19167816043462826 0.3099459251297227
-0.30992995288018976 -0.1916940989092511
0.19171003962124056 0.309913976004271
-0.3098979956234532 -0.19172598470426977
0.1917419360746887 0.30988201162938595
-0.3098660251433203 -0.19175788979006653
0.19177384472921188 0.3098500360569451
-0.3098340414413381 -0.19178980201300927
0.1918057655827976 0.3098180422009768
-0.30980204148174717 -0.19182173655879392
0.19183770572032444 0.30978603816278477
-0.3097700303281917 -0.1918536782379761
0.19186965400283595 0.30975401786961726
-0.30973800190831213 -0.191885638184706
0.19190162460061133 0.3097219843600903
-0.30970596229724556 -0.19191761032259785
0.19193360030287043 0.3096899366235883
-0.30967390744793344 -0.19194959363756064
0.1919655942661248 0.3096578746618914
-0.3096418383741202 -0.19198159622416583
0.1919976014272109 0.3096257994884694
-0.3096097560894715 -0.1920136089713525
0.19202962077200048 0.30959370806916836
-0.30957765755987243 -0.1920456399727139
0.19206166039338168 0.3095616044532727
-0.3095455478461798 -0.19207768113056684
0.1920937061229423 0.30952948763043947
-0.30951342087940303 -0.19210973345502808
0.19212577212367465 0.3094973535554892
-0.3094812827314618 -0.19214180807260922
0.1921578482758105 0.3094652062768038
-0.30944912733414753 -0.19217389385204792
0.1921899426701651 0.30943304478443073
-0.309416959747023 -0.19220599382606057
0.1922220462004246 0.3094008700914845
-0.3093847769373024 -0.1922381059694221
0.19225416796764783 0.30936868118812905
-0.309352580929359 -0.19227023028017115
0.19228630088956866 0.309336475042204
-0.3093203697022533 -0.19230237686906243
0.19231844900934403 0.30930425873418527
-0.3092881432577991 -0.19233452854193783
0.19235061535789488 0.30927202518730307
-0.3092559046310023 -0.19236670248708115
0.19238278982136903 0.3092397784477447
-0.3092236467461871 -0.19239888454618842
0.19241498958554915 0.30920751548424735
-0.30919138072597374 -0.19243108786047342
0.1924471883620985 0.30917524034221594
-0.3091590954518745 -0.192463299284848
0.19247941546585923 0.3091429479690008
-0.3091267990123001 -0.19249553195853458
0.19251164764434625 0.30911064443107933
-0.30909448534439543 -0.19252776970630242
0.19254389904651892 0.3090783236658305
-0.3090621595033777 -0.19256002970846758
0.19257616259481092 0.3090459917387545
-0.3090298164378067 -0.19259229781321824
0.19260844333997362 0.309013640567015
-0.30899746120219584 -0.19262458816627476
0.19264073521636582 0.3089812792468823
-0.30896509076672407 -0.19265688459717395
0.19267304327407686 0.30894889868628955
-0.3089327051331613 -0.19268920529113148
0.19270536751041534 0.3089165079800236
-0.30890030430327675 -0.19272153104906048
0.19273770590228056 0.30888409803746014
-0.30886789029924944 -0.1927538800535647
0.1927700564270407 0.30885167795202
-0.30883546009234897 -0.19278623512889487
0.19280242413307258 0.30881923863444277
-0.3088030157045196 -0.19281861445465392
0.19283480497756955 0.3087867881667346
-0.30877055713745094 -0.1928510008575896
0.19286719996828428 0.3087543215007667
-0.30873808237308387 -0.19288340645506247
0.1928996141520375 0.3087218406580146
-0.308705595452369 -0.1929158221557749
0.19293203439885476 0.3086893436208083
-0.30867309132838405 -0.19294825805523746
0.19296447686263363 0.3086568334199316
-0.3086405720222918 -0.19298070405370232
0.19299693447245048 0.3086243080378302
-0.3086080385454393 -0.1930131662069135
0.1930294052067717 0.30859176646676484
-0.30857549089951297 -0.19304564653115924
0.19306188906346156 0.3085592107274689
-0.3085429270674247 -0.19307813795762035
0.19309439007785711 0.3085266388030095
-0.30851034906971253 -0.19311064956841534
0.19312690420996392 0.30849405574154204
-0.3084777558988301 -0.19314316420299288
0.19315943448526673 0.30846145246182116
-0.30844514856569394 -0.19317570809940238
0.1931919778737048 0.3084288380481121
-0.3084125240447597 -0.19320825703445493
0.19322454143652557 0.3083962074566398
-0.3083798853650178 -0.1932408251336319
0.19325711608960128 0.3083635606892436
-0.30834723151930876 -0.19327340835803214
0.19328970687563996 0.30833089976568145
-0.3083145635182365 -0.19330600569629502
0.19332230975671294 0.3082982246875973
-0.30828187934599127 -0.19333861714609807
0.19335493280077787 0.30826553142172813
-0.3082491810217477 -0.19337124875740258
0.19338756591785866 0.30823282602215457
-0.30821646653008317 -0.19340388842332307
0.1934202161664893 0.3082001034475071
-0.3081837368814445 -0.193436548245212
0.19345288152681972 0.3081673667252585
-0.30815099207762886 -0.19346922015194673
0.19348556502162506 0.30813461384029567
-0.3081182331286939 -0.19350190918356197
0.19351825858110328 0.30810184681120883
-0.3080854570115362 -0.1935346123122596
0.19355097127817988 0.3080690626148554
-0.30805266675285115 -0.1935673355851742
0.19358369706046863 0.30803626629414255
-0.3080198613461731 -0.19360006589286766
0.19361643895020564 0.30800345079385144
-0.3079870387771232 -0.19363281835558604
0.19364919795283475 0.30797062115642343
-0.30795420207177526 -0.19366558288956776
0.19368197003365784 0.3079377783915261
-0.3079213482080697 -0.19369836150867398
0.19371476123791476 0.307904917461236
-0.30788848222720666 -0.19373115924992307
0.19374756148428718 0.3078720413911609
-0.30785559707632837 -0.1937639710712879
0.1937803848796894 0.3078391491754133
-0.30782269981145194 -0.19379679999357652
0.19381321529773143 0.3078062418235426
-0.30778978438848237 -0.19382964399873343
0.19384606684351002 0.30777332135246843
-0.307756853832135 -0.19386249905411762
0.1938789344759696 0.3077403827263168
-0.30772390814416206 -0.1938953742251887
0.19391181718504658 0.30770742896949305
-0.3076909453116127 -0.19392826346429554
0.19394471597569007 0.30767446008382576
-0.30765796936579803 -0.19396116676917236
0.19397762782340666 0.30764147405663395
-0.30762497627933416 -0.1939940891737107
0.19401055574773418 0.30760847290429344
-0.307591969075774 -0.19402702866040272
0.19404349571758328 0.3075754576356156
-0.3075589427215216 -0.1940599771698754
0.19407645880848223 0.30754242523135905
-0.30752590426771753 -0.19409294376376668
0.19410943293296856 0.3075093767005272
-0.307492846667376 -0.1941259294459879
0.19414242715132957 0.30747631305181417
-0.3074597759638412 -0.19415892817233477
0.19417543139215865 0.30744323328029305
-0.3074266861181918 -0.19419194296103653
0.19420845974811696 0.307410138394618
-0.30739358417936535 -0.19422497380944842
0.194241495102077 0.307377026383263
-0.30736046612248447 -0.1942580187018073
0.1942745465122061 0.307343898254997
-0.30732732892992587 -0.19429108367502052
0.19430762001491042 0.3073107550180874
-0.3072941776361945 -0.1943241606741241
0.1943407065487055 0.30727759667443405
-0.30726101023022534 -0.19435725372271523
0.1943738081242241 0.3072444212131256
-0.3072278257077049 -0.19439036382452074
0.19440692775785007 0.3072112286362538
-0.30719462708932355 -0.19442349198299863
0.1944400614218249 0.30717802095821917
-0.30716141135830344 -0.19445663517671913
0.19447321112616767 0.3071447971747073
-0.3071281785167731 -0.19448979340327638
0.19450637988637842 0.3071115572876922
-0.3070949305787083 -0.19452296666026586
0.19453956266952965 0.30707830129914787
-0.30706166654002387 -0.19455615896890116
0.19457276148514246 0.30704502719916177
-0.3070283864026545 -0.194589369320259
0.19460597532483292 0.3070117400189209
-0.3069950901685726 -0.1946225886594904
0.1946392041861994 0.3069784337257791
-0.30696177582840334 -0.19465583106489354
0.19467245510636355 0.30694511335015257
-0.3069284453954263 -0.19468908446529337
0.19470572204823078 0.3069117768826655
-0.30689510188813307 -0.19472235589769765
0.19473899595976396 0.3068784213087296
-0.30686173827012564 -0.1947556463646895
0.19477229795374762 0.3068450526631636
-0.30682836158120375 -0.19478894882542624
0.19480560590796747 0.3068116649155112
-0.30679496478608326 -0.1948222713205155
0.1948389389216718 0.3067782620891281
-0.30676155492360213 -0.19485560781528993
0.1948722809076494 0.3067448411703077
-0.30672812495943547 -0.19488896534357109
0.194905647946363 0.3067114061815593
-0.30669468092628616 -0.19492233083597593
0.194939024958121 0.3066779520996344
-0.30666121981098415 -0.19495572137626044
0.19497241998107617 0.30664448395140836
-0.30662774262047754 -0.1949891218864624
0.19500583100252855 0.3066109977191895
-0.306594248351866 -0.1950225424135092
0.19503925902472408 0.30657749641950466
-0.30656073801198136 -0.19505597692550486
0.195072703040177 0.3065439750306003
-0.3065272105980754 -0.19508943446247834
0.19510616304634543 0.3065104405873558
-0.30649366611226614 -0.19512290095602042
0.19513964104980785 0.306476888068592
-0.3064601045565939 -0.19515638645018446
0.1951731380521241 0.3064433184809853
-0.30642652693750494 -0.19518988993741143
0.19520665103692314 0.30640973182657555
-0.30639293325692385 -0.19522341041041175
0.1952401759843101 0.3063761281074399
-0.3063593205040537 -0.1952569488707479
0.19527372293512146 0.30634250933412305
-0.30632569269802157 -0.1952905002943502
0.19530728485636062 0.30630887149176594
-0.3062920488364588 -0.1953240737165775
0.1953408597374462 0.3062752196031347
-0.30625838390109494 -0.19535765708489333
0.1953744616328974 0.306241548649882
-0.3062247079342373 -0.195391260437839
0.19540806744707218 0.3062078596382973
-0.3061910119021337 -0.1954248847760633
0.1954416962533826 0.3061741575898433
-0.3061572968110343 -0.19545851604227854
0.1954753470442414 0.3061404354796556
-0.30612356768198024 -0.1954921733071428
0.1955090077712508 0.30610669531747065
-0.3060898205020225 -0.19552584954050017
0.19554268746583325 0.3060729411200383
-0.3060560552733479 -0.19555953470310977
0.19557638712848924 0.3060391668677774
-0.30602227400515636 -0.1955932418397343
0.19561010173845061 0.30600537858406757
-0.3059884756959542 -0.19562696191554024
0.19564383229679372 0.30597157025009153
-0.30595466034785035 -0.19566070496242055
0.19567757880099323 0.30593774487826747
-0.30592082595635905 -0.19569446194684365
0.195711348271411 0.3059039034740379
-0.30588697653658337 -0.19572823386984978
0.19574513067228994 0.30587004503617526
-0.3058531090809309 -0.19576202674797066
0.19577892800793018 0.305836168563489
-0.3058192235917372 -0.19579583455936328
0.1958127483002745 0.30580227506134344
-0.3057853220770136 -0.1958296623166536
0.1958465815158985 0.30576836252578515
-0.3057514015300441 -0.19586350901372024
0.19588043567594549 0.3057344349706929
-0.30571746395880106 -0.1958973676275259
0.19591430476014082 0.30570048838673997
-0.30568350936542643 -0.1959312471812527
0.19594819177433054 0.30566652478166906
-0.30564953574657505 -0.1959651426580004
0.19598209872098915 0.30563254415758306
-0.30561554811762726 -0.1959990560604727
0.196016015571008 0.3055985465165079
-0.30558153946260713 -0.19603298437817313
0.19604995836309547 0.3055645298555926
-0.3055475157987412 -0.19606693362359856
0.19608391205646858 0.30553049517954817
-0.3055134721160342 -0.1961009007861783
0.19611788968014077 0.3054964434929323
-0.3054794124260727 -0.19613488486071468
0.196151880205104 0.305462375800074
-0.3054453327219653 -0.1961688838400108
0.19618589365144012 0.30542828909634795
-0.30541123801687864 -0.19620290072828145
0.1962199189919711 0.30539418338415764
-0.3053771243043769 -0.19623693953101878
0.1962539652433719 0.30536006167186863
-0.3053429935907489 -0.19627099122653185
0.19628802639040988 0.3053259199536534
-0.3053088438742817 -0.19630506783608997
0.19632210844216202 0.3052917632412681
-0.30527467716095835 -0.1963391543276763
0.1963562063861215 0.30525758652760654
-0.30524049345287496 -0.19637326272130645
0.1963903212215179 0.3052233928203089
-0.30520628874530475 -0.19640738900655147
0.1964244579540998 0.30518918011807833
-0.3051720670473552 -0.19644153318060426
0.19645861157231426 0.3051549504264776
-0.30513783036417075 -0.19647569423903882
0.19649277706586354 0.30512070374756256
-0.3051035726888086 -0.19650987117769608
0.19652696845317996 0.30508643808056685
-0.3050692960265261 -0.19654406799972018
0.19656117571639953 0.30505215342781106
-0.30503500438506015 -0.19657828370061242
0.19659539885294774 0.30501785079293137
-0.30500069275992203 -0.1966125172761028
0.19662964086404777 0.30498353017813346
-0.30496636315598713 -0.19664676872335257
0.19666390074554507 0.3049491925867485
-0.3049320155754601 -0.1966810360373093
0.19669817949565294 0.30491483401666547
-0.30489765002050706 -0.19671532722372936
0.19673247611037115 0.304880459475302
-0.30486326549239473 -0.19674963226919745
0.19676679058690238 0.3048460669628363
-0.30482886199351567 -0.19678395517508046
0.19680112592491894 0.30481165347900235
-0.3047944415277176 -0.19681829994179828
0.19683547711724647 0.30477722503090104
-0.3047600020956701 -0.1968526575592648
0.19686984616281245 0.3047427756163275
-0.30472554369976357 -0.19688703803204272
0.19690423606061014 0.304708307239052
-0.30469106734283147 -0.1969214373541623
0.19693864280516304 0.30467382390350445
-0.30465657302711147 -0.19695585052008274
0.19697306739427567 0.3046393186083605
-0.30462206075480247 -0.19699028553113268
0.19700750782438436 0.3046047953578975
-0.304587527527188 -0.1970247403830671
0.19704197409607827 0.3045702551545298
-0.3045529773477489 -0.19705920907111657
0.19707645320216316 0.30453569399955044
-0.3045184072181458 -0.19709370359547235
0.19711095414210544 0.30450111589598533
-0.30448382014111175 -0.19712821095041827
0.19714547091189527 0.30446651884589987
-0.3044492121186192 -0.19716273713428006
0.1971800105091296 0.3044319038516306
-0.3044145891529526 -0.19719728014414323
0.19721456093096013 0.30439726891558233
-0.3043799432469946 -0.19723184597670868
0.1972491371736549 0.3043626150399768
-0.3043452794025848 -0.19726642962924673
0.19728373123478027 0.30432794222719667
-0.30431059862164156 -0.1973010310989763
0.19731834111210633 0.30429325047962413
-0.30427589690764634 -0.19733565338206577
0.19735297180136524 0.30425853979952705
-0.3042411782615404 -0.19737029447602245
0.19738761930099225 0.3042238101892483
-0.30420643868737085 -0.1974049533783812
0.19742228960523778 0.30418906265062845
-0.3041716801865517 -0.1974396290869052
0.19745697771345683 0.30415429618651096
-0.30413690376080915 -0.19747432459704922
0.19749168362283653 0.30411950880057975
-0.30410210841306107 -0.1975090409050086
0.19752640832983714 0.30408470349317923
-0.30406729414564737 -0.1975437750098173
0.19756114783486267 0.30404987726902216
-0.30403245796369593 -0.19757853190438252
0.19759591512390073 0.30401503412700653
-0.303997603865953 -0.1976133045915966
0.19763070120118786 0.3039801710721834
-0.3039627328535379 -0.19764809506704434
0.19766549807223244 0.30394528910604884
-0.3039278399342398 -0.19768290632463997
0.19770032071855115 0.30391038623315075
-0.30389292910597343 -0.19771773836112533
0.19773516014679782 0.3038754664512528
-0.30385799837347405 -0.1977525861793737
0.19777001835184416 0.3038405257676023
-0.30382304873793375 -0.19778745676775028
0.19780489632936704 0.3038055651833909
-0.3037880782044633 -0.19782234512962044
0.1978397960734114 0.3037705866982899
-0.3037530897712136 -0.19785725126218273
0.19787471258802236 0.30373558632056147
-0.303718079446635 -0.19789218015499938
0.19790965086276313 0.30370056904497705
-0.30368305222534764 -0.197927124815722
0.19794460690072602 0.3036655308802871
-0.3036480031178852 -0.1979620922300847
0.19797958569053498 0.3036304728273032
-0.3036129361198594 -0.19799707840155806
0.19801457924302046 0.3035953968849026
-0.30357785023542183 -0.19803208133087485
0.19804959154840396 0.30356029906288756
-0.30354274247270363 -0.1980671070039755
0.19808462859202447 0.30352518136005807
-0.3035076168263364 -0.19810215342121934
0.19811968138819203 0.3034900467727161
-0.30347247030482627 -0.19813721459171668
0.19815475592187193 0.30345488931569514
-0.3034373039086047 -0.1981723004918336
0.19818985019399005 0.303419712983061
-0.3034021176401491 -0.19820740413314303
0.19822496320372762 0.3033845157817224
-0.3033669124996644 -0.19824253149911003
0.198260094948145 0.30334930070715144
-0.3033316854966307 -0.1982776716120515
0.19829525041230456 0.30331406377140074
-0.3032964386288287 -0.1983128384358303
0.19833042560235747 0.30327880996457074
-0.30326117389366336 -0.19834801600649227
0.1983656155280048 0.303243532306918
-0.303225887303861 -0.19838322227581023
0.19840083016069876 0.30320823578809103
-0.30319058085671247 -0.19841844626850885
0.19843606451003026 0.303172919413173
-0.3031552535574502 -0.19845368997635954
0.19847131857295364 0.30313758218743364
-0.3031199064058986 -0.19848895339631728
0.19850659434064166 0.30310222610778653
-0.30308454040154353 -0.19852423652526324
0.1985418848302346 0.3030668491824104
-0.30304915155879575 -0.19855954035716944
0.19857720200343132 0.3030314524109024
-0.3030137438681847 -0.1985948618979499
0.1986125378805843 0.30299603280509974
-0.3029783173320292 -0.19863021111366302
0.1986478884714563 0.30296059535187075
-0.3029428679656375 -0.19866557404459823
0.19868326673180325 0.30292513706327556
-0.3029073987618849 -0.19870095866256204
0.1987186606969198 0.3028896589385714
-0.30287191171666816 -0.1987363619741847
0.19875407136100887 0.30285415699385126
-0.30283639985623423 -0.19877179194925237
0.19878951167660908 0.302818637211235
-0.30280086916255256 -0.19880723861840283
0.1988249686848501 0.30278309660356645
-0.30276531764518166 -0.19884270496841078
0.1988604453723949 0.3027475341771188
-0.3027297453067729 -0.19887819398530354
0.1988959447251213 0.30271195292352765
-0.302694154142396 -0.19891369869155168
0.19893146175821985 0.30267634985653286
-0.3026585401696368 -0.1989492300430133
0.19896700045372462 0.30264072697101635
-0.30262290538367576 -0.19898477707803258
0.19900256280039108 0.30260508227743105
-0.30258725177909496 -0.1990203457706165
0.19903813983033114 0.302569416774541
-0.30255157537448674 -0.19905593711333097
0.1990737434926816 0.3025337304648809
-0.30251587916028655 -0.1990915501066976
0.19910936382452393 0.3024980213593124
-0.30248016114743037 -0.19912718673902768
0.19914500779389277 0.3024622954353858
-0.3024444223343432 -0.1991628360532311
0.19918067041849075 0.3024265447296168
-0.3024086617280387 -0.19919851198709465
0.19921635766930434 0.30239077521891894
-0.3023728793311602 -0.19923420557587507
0.19925206556019293 0.3023549839189686
-0.30233707912857455 -0.19926992079903755
0.19928779010591235 0.302319168841557
-0.3023012561452554 -0.19930566362596674
0.19932353628111277 0.3022833359620279
-0.3022654113795118 -0.19934142011686723
0.19935930806376945 0.3022474813013572
-0.30222954483394704 -0.1993771992275329
0.19939509947823908 0.302211603867002
-0.3021936575066073 -0.19941300194968342
0.19943091151668968 0.30217570664737453
-0.30215774840494836 -0.1994488233037925
0.1994667461661751 0.30213978665963853
-0.3021218195218255 -0.1994846672673926
0.1995025964578485 0.3021038458967606
-0.30208586787484826 -0.19952053284191568
0.19953847333407193 0.302067884361303
-0.30204989545660965 -0.19955641803413365
0.1995743688314512 0.3020318990712472
-0.3020138992852396 -0.19959232980508207
0.19961029090575833 0.30199589500357876
-0.3019778833427639 -0.19962825720786886
0.1996462306000205 0.30195986818176485
-0.3019418456423075 -0.19966420720319672
0.19968219288494804 0.3019238176140386
-0.3019057861865785 -0.19970018376610937
0.1997181747732525 0.30188774827626624
-0.3018697049783954 -0.1997361739630759
0.19975417924550398 0.3018516561928805
-0.3018336020204647 -0.19977219072046398
0.1997902053037397 0.3018155433555009
-0.3017974763211281 -0.1998082240899574
0.19982625692211498 0.30177940777814233
-0.3017613318604714 -0.19984428500678003
0.1998623221649639 0.301743249463509
-0.30172516168120944 -0.1998803665067514
0.19989841594381486 0.30170706940877995
-0.3016889707574555 -0.19991647057507894
0.19993453228915103 0.30167086662251735
-0.3016527580976226 -0.19995259522007364
0.19997066622712134 0.30163464408988255
-0.3016165237045981 -0.19998874143254425
0.20000682272509884 0.30159839684328155
-0.3015802665871278 -0.20002491417904672
0.20004300277352227 0.3015621298554128
-0.3015439857541795 -0.2000611005347988
0.200079208356453 0.3015258391535643
-0.3015076861777449 -0.20009731639893574
0.20011543052578473 0.3014895257343156
-0.3014713628915271 -0.20013355182935982
0.20015167325397387 0.3014531915880522
-0.30143501589866917 -0.2001698088103952
0.20018794448692223 0.30141683373646005
-0.30139864718918385 -0.20020608833237524
0.20022423627163333 0.3013804541697
-0.3013622567658414 -0.20024239039179098
0.20026054860496967 0.3013440528904678
-0.301325843637976 -0.2002787139916991
0.20029688247723043 0.301307628908097
-0.30128940780850455 -0.20031506012217687
0.20033324185842893 0.30127118123214286
-0.3012529502734821 -0.20035142977308046
0.2003696207850041 0.3012347118521324
-0.3012164680560736 -0.2003878199610813
0.2004060252131752 0.3011982197776562
-0.30117996513197154 -0.2004242346556399
0.20044244918023646 0.30116170501151746
-0.3011434385245986 -0.20046067087372682
0.20047889963451093 0.30112516755662916
-0.3011068892298582 -0.20049712960505478
0.20051536862816588 0.30108860642291296
-0.30107031923660665 -0.2005336118391155
0.2005518591370452 0.3010520226062709
-0.30103372259032923 -0.2005701185651057
0.20058837810766128 0.3010154161095026
-0.3009971062437974 -0.20060664779365872
0.2006249146152863 0.30097878792821237
-0.3009604642433459 -0.20064319555050086
0.2006614795767322 0.3009421370725777
-0.3009238015552822 -0.20067976481077704
0.20069806306152282 0.3009054615603394
-0.3008871142120686 -0.20071636152656996
0.20073467201458417 0.3008687623870621
-0.3008504061867243 -0.20075298370859213
0.20077129849234832 0.300832040548125
-0.30081367152754124 -0.20078962639084214
0.20080795539313734 0.3007952970388323
-0.30077691619177993 -0.20082628857787616
0.20084462981220574 0.3007585298774021
-0.3007401352208683 -0.20086297721259055
0.20088133365370509 0.3007217390667383
-0.30070333357885326 -0.20089968832212585
0.20091805401499918 0.3006849226256116
-0.30066650730004063 -0.20093642587155708
0.2009548008144839 0.3006480865096905
-0.30062965837157485 -0.20097318092832456
0.20099156908801274 0.300611224769516
-0.3005927848124461 -0.2010099634095704
0.2010283637919913 0.30057434038407643
-0.300555888609502 -0.2010467673596376
0.2010651789711696 0.3005374303807374
-0.3005189677820632 -0.20108359773441703
0.20110201958140195 0.3005004987298497
-0.3004820243167172 -0.201120449571022
0.20113888264360236 0.30046354345073284
-0.3004450562330042 -0.20115732286623306
0.2011757711292742 0.30042656454646816
-0.30040806650880125 -0.20119422257476388
0.20121267809354204 0.3003895620199519
-0.30037105018936716 -0.20123114274339987
0.20124961543156217 0.3003525348828246
-0.30033401322663555 -0.2012680903092185
0.20128657025012342 0.3003154831381282
-0.30029694868372314 -0.20130506130247555
0.20132355444283623 0.30027840976303616
-0.3002598625118983 -0.20134205175434933
0.20136055908364858 0.3002413107953122
-0.30022275174025237 -0.20137906959181212
0.20139759011665548 0.3002041872293603
-0.3001856183541496 -0.20141611381944063
0.20143463960883046 0.3001670410504704
-0.3001484593833792 -0.20145317749557418
0.20147171746792703 0.3001298702795388
-0.30011127483112543 -0.20149026656339014
0.20150882269856207 0.3000926729377557
-0.3000740676733783 -0.20152738399182507
0.20154594736929632 0.3000554549738064
-0.3000368369222497 -0.20156451887692833
0.20158309544054354 0.30001821044548066
-0.2999995815899609 -0.20160168310565357
0.2016202678995076 0.2999809443098031
-0.2999622996982505 -0.20163886478482235
0.2016574687052065 0.29994365161629394
-0.2999249971942559 -0.20167607480899624
0.2016946879471193 0.29990633534009276
-0.2998876661561609 -0.20171330822090966
0.2017319394900412 0.2998689935031566
-0.2998503125304389 -0.20175056798851404
0.2017692084720376 0.2998316261087363
-0.2998129343393029 -0.20178785410776495
0.20180650479439788 0.29979423514082487
-0.2997755305954468 -0.20182516360354125
0.20184382548200186 0.2997568196121159
-0.29973810328271533 -0.20186249350153168
0.20188116855065308 0.29971937952589406
-0.2997006514139475 -0.20189985370064062
0.20191853696746354 0.29968191389492443
-0.2996631720218996 -0.2019372352850644
0.20195593765919684 0.29964442470279234
-0.2996256720402516 -0.20197464023169215
0.20199334983043915 0.299606909972477
-0.299588144542107 -0.2020120724969094
0.20203079525846324 0.2995693706971168
-0.2995505905207142 -0.20204952613709531
0.20206826601912653 0.299531806879955
-0.29951301393881946 -0.2020870060982019
0.20210575814933296 0.2994942155546975
-0.2994754118300551 -0.2021245153455135
0.20214327659452302 0.29945659969397526
-0.2994377832079874 -0.2021620469466932
0.2021808213507036 0.29941896029062914
-0.2994001300552417 -0.2021996018879731
0.20221839043468104 0.29938129338938496
-0.29936245237494663 -0.20223718709264177
0.2022559828532674 0.29934360394115594
-0.29932474819135835 -0.20227478870346965
0.20229360355011183 0.2993058870019077
-0.29928701948658565 -0.20231242353781503
0.2023312475740654 0.2992681465323646
-0.29924926527448337 -0.20235007675068212
0.20236891591092576 0.29923037660006163
-0.2992114845691255 -0.20238776416741328
0.20240661251386605 0.2991925841330583
-0.29917367935217865 -0.2024254739124775
0.20244433540021411 0.29915476517768663
-0.2991358466594284 -0.2024632059826244
0.20248208159887038 0.2991169217156117
-0.29909798946162736 -0.20250096433059112
0.20251985308428644 0.2990790517719257
-0.29906010677291883 -0.20253874994133964
0.20255765183044006 0.29904115535000547
-0.2990221976076277 -0.20257656083297132
0.2025954748666745 0.2990032334421326
-0.2989842629580348 -0.20261439700165534
0.20263332317810134 0.2989652860515722
-0.2989463028274051 -0.2026522574548401
0.20267119774957754 0.2989273131816253
-0.2989083172189658 -0.20269014515482792
0.2027090965998677 0.29888931285825676
-0.2988703031702882 -0.2027280591089236
0.20274702565667557 0.2988512870621372
-0.2988322646390116 -0.202765998324616
0.20278497799596107 0.29881323579652813
-0.2987941986629976 -0.20280396279808127
0.2028229585563064 0.2987751560995096
-0.29875610821083276 -0.2028419574673907
0.20286096140338283 0.29873705291630853
-0.29871799032085133 -0.20287997343318226
0.20289899345172235 0.2986989213087274
-0.2986798459847413 -0.20291801859816277
0.20293704975594007 0.29866076226859967
-0.29864167520597884 -0.2029560919697187
0.20297513327674133 0.2986225787637416
-0.29860347699986456 -0.20299418860312463
0.20301324697410306 0.2985843698092711
-0.29856525235782805 -0.20303230750693763
0.20305138491560182 0.2985461314567304
-0.29852700227126117 -0.20307045954514508
0.20308954709760618 0.2985078676613407
-0.2984887257556076 -0.20310863582186073
0.20312773549214191 0.29846957645077216
-0.29845042281426537 -0.20314684028462054
0.2031659491075153 0.2984312598040049
-0.29841209048756734 -0.20318506897826644
0.20320419386604516 0.2983929157489988
-0.2983737327297833 -0.20322332387449943
0.2032424648248753 0.2983545433017402
-0.2983353485565716 -0.20326161089476563
0.20328076000501716 0.29831614444080595
-0.2982969359964359 -0.20329992114668577
0.20331908532762766 0.2982777181822532
-0.29825849702780516 -0.20333825857652704
0.2033574338764219 0.2982392665043651
-0.29822003066684477 -0.2033766221927858
0.20339581255913097 0.298200787435752
-0.2981815379042452 -0.20341501199155082
0.2034342154477191 0.2981622799927593
-0.29814301578189795 -0.2034534299433291
0.20347265142309956 0.2981237461533757
-0.29810446726483586 -0.20349187505669414
0.20351111060924254 0.2980851849338721
-0.2980658933436009 -0.2035303463405121
0.20354959201570577 0.2980465953508091
-0.29802729007365514 -0.20356884675182968
0.2035881064956775 0.2980079783947635
-0.29798865844557476 -0.203607373325499
0.20362665009656544 0.2979693340693023
-0.29795000142347905 -0.20364592803127018
0.20366521689310746 0.2979306604043384
-0.2979113140769092 -0.20368451382521274
0.20370381477579802 0.2978919603637716
-0.2978725993698371 -0.2037231237957125
0.20374243880660403 0.2978532329644115
-0.2978338582924348 -0.20376175991245132
0.20378108996816358 0.297814477223249
-0.2977950878884388 -0.20380042611771204
0.20381977022947018 0.297775693143882
-0.29775629013459115 -0.20383911944751837
0.20385847859965678 0.2977368817164438
-0.29771746503437957 -0.20387784088418498
0.20389721211540301 0.297698041958067
-0.29767861160508147 -0.20391658845085542
0.2039359747181616 0.29765917288620986
-0.2976397298503275 -0.20395536806118392
0.20397476344490528 0.2976202764769936
-0.2976008187876832 -0.2039941737931536
0.20401358420863713 0.29758135372011135
-0.29756188039305054 -0.20403300367063798
0.20405243207405988 0.2975424006747533
-0.29752291171186407 -0.2040718655784442
0.20409130999518899 0.2975034193167834
-0.29748391669189844 -0.2041107545818574
0.20413021303778156 0.29746440767806165
-0.29744489435067856 -0.20414967659221778
0.20416914119813456 0.29742536970581684
-0.2974058407485506 -0.20418861977461183
0.20420810334465922 0.29738630441782593
-0.2973667588467137 -0.204227592011967
0.20424709257214912 0.2973472068890219
-0.2973276486488624 -0.20426660019969894
0.2042861098622083 0.2973080830372727
-0.29728850917306093 -0.20430562954818482
0.20432515915289606 0.2972689289238987
-0.29724934239404266 -0.20434469188080867
0.2043642315698888 0.2972297455382212
-0.29721014437366955 -0.20438378029436138
0.2044033359787072 0.2971905348549719
-0.29717091807212126 -0.2044228997118473
0.20444246941840805 0.29715129392149536
-0.29713166250771106 -0.2044620481579898
0.20448163188464796 0.297112023727037
-0.297092377684235 -0.20450122464321469
0.20452082337308508 0.2970727252606237
-0.29705306360548855 -0.20454042916332577
0.20456004486450174 0.2970333955705376
-0.29701372027522943 -0.20457966565458247
0.20459929339922722 0.29699403761597626
-0.296974347697323 -0.2046189311570255
0.20463857192821988 0.2969546504155734
-0.29693494587552505 -0.20465822271149275
0.2046778794620573 0.29691523298832284
-0.2968955148136261 -0.20469754523857536
0.20471721501157158 0.2968757863229566
-0.29685605254585723 -0.20473689774878118
0.20475658349648918 0.2968363104232276
-0.2968165610456738 -0.2047762782681472
0.204795980973 0.29679680529295965
-0.2967770393322102 -0.20481568777717624
0.20483540940604417 0.2967572689667061
-0.2967374893785223 -0.20485513020993412
0.20487486288362877 0.29671770144846915
-0.296697909219342 -0.20489460359242656
0.20491434730901936 0.2966781056957391
-0.29665829787412523 -0.2049341039821853
0.2049538616932015 0.2966384817121909
-0.2966186573157078 -0.20497363039084665
0.20499340800032728 0.2965988255642224
-0.2965789865634708 -0.2050131897047806
0.20503298032003392 0.2965591382402673
-0.29653928562148335 -0.205052783887456
0.20507258553786434 0.29651942269680126
-0.2964995525252653 -0.20509240112366228
0.20511222266477436 0.2964796740170805
-0.29645979023125446 -0.2051320551873657
0.20515188874378676 0.29643989712551294
-0.2964199977592241 -0.20517173426472884
0.20519158377062152 0.2964000890739367
-0.2963801741291989 -0.2052114442558179
0.20523131069272238 0.29636025085031065
-0.29634031934520566 -0.20525118515599466
0.2052710695053077 0.2963203804908702
-0.2963004343950577 -0.20529095892826937
0.20531085626855594 0.2962804799672872
-0.29626051928274333 -0.20533076261650068
0.20535067392941153 0.2962405492834776
-0.29622057302849836 -0.20537059523259177
0.2053905214996702 0.2962005864761775
-0.29618059465284574 -0.205410459723057
0.20543040192555895 0.2961605945001942
-0.29614058612694893 -0.20545035313255183
0.20547031323516163 0.2961205704089061
-0.2961005454878288 -0.20549027939058923
0.20551025542392232 0.29608051322308454
-0.2960604737230754 -0.2055302394756458
0.20555022947057022 0.2960404258969938
-0.29602037280327287 -0.20557022846613865
0.2055902304540269 0.29600030745133094
-0.2959802378161992 -0.2056102473410511
0.20563026623593794 0.2959601588733592
-0.2959400726988597 -0.2056502970790804
0.20567033189544348 0.29591997721763735
-0.29589987450595645 -0.20569037865878154
0.20571043234337105 0.2958797634715698
-0.29585964619074157 -0.20573049305842356
0.20575055971070288 0.2958395196052323
-0.2958193867743021 -0.20577063634133302
0.20579071890801792 0.29579924365678695
-0.2957790942949432 -0.20581081243473437
0.20583091189626201 0.29575893563038685
-0.29573876973974167 -0.2058510193681649
0.205871135722121 0.2957185945475111
-0.2956984121302114 -0.20589126205066305
0.20591139332910913 0.2956782223777275
-0.29565802441855693 -0.20593153261566094
0.20595167979907247 0.29563781814258433
-0.29561760267845083 -0.20597183695454985
0.2059920029881387 0.2955973828287231
-0.29557715084422953 -0.20601216916725923
0.20603235208359183 0.29555691349291807
-0.2955366659726665 -0.2060525390740809
0.20607273494091682 0.2955164111218797
-0.2954961490504 -0.2060929388104627
0.20611314959041527 0.29547587670235337
-0.29545559811705324 -0.2061333732834439
0.2061535989741763 0.29543531122065264
-0.29541501612367493 -0.20617383561229613
0.20619407915823507 0.2953947117344073
-0.2953744011100289 -0.20621433266804418
0.20623459112019926 0.2953540792301435
-0.29533375209840673 -0.20625486346341743
0.20627513878354464 0.29531341567619857
-0.29529307203917277 -0.20629542308335985
0.20631571330521403 0.29527271911276326
-0.29525235799074023 -0.20633601741526147
0.20635632450031394 0.2952319875803134
-0.2952116099574599 -0.20637664547214313
0.20639697138150792 0.2951912230471108
-0.29517082990727095 -0.20641730724898338
0.20643764805293607 0.29515042649917395
-0.29513001588100385 -0.2064579997956109
0.20647835745533905 0.295109596959038
-0.2950891688647824 -0.2064987240891782
0.20651910154707387 0.29506873246785353
-0.2950482868997212 -0.2065394860144701
0.20655988032301764 0.2950278359746877
-0.2950073748978672 -0.20658027771379656
0.2066006859262326 0.2949869045394126
-0.2949664279561113 -0.20662110507144554
0.20664152914824485 0.29494594111073497
-0.294925446078938 -0.2066619631752747
0.20668240507684188 0.2949049427489177
-0.2948844312335617 -0.20670285692726215
0.20672331468843363 0.2948639104397553
-0.2948433824430454 -0.20674378435966917
0.20676425895921768 0.2948228441876936
-0.29480230069293145 -0.20678474546752518
0.20680523395962058 0.2947817439971769
-0.29476118304440746 -0.20682574122692315
0.20684624557143694 0.2947406108536383
-0.2947200324451361 -0.2068667657467403
0.20688729084626567 0.2946994437805653
-0.29467884595662375 -0.2069078249084167
0.2069283707600965 0.294658239839713
-0.2946376265261734 -0.20694892361115397
0.20696948432694084 0.2946170029590885
-0.2945963712157169 -0.20699005498345163
0.20701063252264917 0.2945757311815061
-0.2945550829721264 -0.2070312190205636
0.2070518124000409 0.29453442647295397
-0.2945137588578306 -0.20707241473704036
0.20709303081876984 0.2944930839347722
-0.2944723998580039 -0.20711365095348205
0.20713428287039237 0.29445170847448926
-0.29443100793823906 -0.20715491785874335
0.20717556560855355 0.2944102971551013
-0.2943895801616382 -0.20719622329183135
0.2072168829504415 0.29436885194198475
-0.29434811653295234 -0.20723755842377073
0.20725823979256042 0.29432737185939944
-0.29430661803702973 -0.2072789301122972
0.20729962828699822 0.29428585495136245
-0.29426508565875287 -0.2073203403124459
0.20734105234984335 0.2942443051433365
-0.294223517442208 -0.20736177921700089
0.20738251001566765 0.2942027185193525
-0.2941819124121131 -0.20740325564258205
0.20742400617977086 0.2941610941041986
-0.2941402725332315 -0.20744477350364382
0.2074655359365748 0.29411943680250635
-0.29409859781016334 -0.20748632005481632
0.20750710026105945 0.2940777456388121
-0.2940568853079232 -0.2075278992114475
0.20754870306750595 0.29403601669831586
-0.29401513699102055 -0.20756951684758934
0.2075903423906732 0.29399425194545553
-0.29397335482353704 -0.20761117001836532
0.20763201332673364 0.2939524494255899
-0.2939315358710525 -0.20765286165753555
0.20767371881001717 0.29391061306207006
-0.2938896791589152 -0.20769458686145353
0.2077154666717913 0.2938687389411932
-0.2938477886099051 -0.2077363505227991
0.20775724417256802 0.2938268290268226
-0.29380586129030895 -0.20777814773871123
0.20779905718455927 0.29378488234433814
-0.2937638952462964 -0.20781998340112712
0.20784091451650588 0.29374289889850586
-0.2937218943998974 -0.20786185456649703
0.20788280147288718 0.2937008796734418
-0.2936798558182112 -0.20790376025040275
0.20792472882054702 0.29365882467387333
-0.29363778244352257 -0.20794570044781507
0.20796668676232544 0.29361673194632026
-0.2935956713433183 -0.20798768102818282
0.2080086850842977 0.29357460149564935
-0.29355352252246436 -0.20802969709050306
0.20805071986460022 0.293532433326903
-0.29351133696489273 -0.20807175254534788
0.2080927910978908 0.29349023038165084
-0.2934691146754307 -0.2081138405347897
0.20813489780000927 0.2934479887492299
-0.29342685565893967 -0.20815596790575525
0.20817704094454226 0.29340571039221014
-0.29338455600539315 -0.20819812975881052
0.2082192293343903 0.2933633933581316
-0.29334222257049725 -0.20824033293953764
0.2082614443689942 0.2933210386306003
-0.29329984753032845 -0.20828257157032554
0.2083037056156808 0.2932786481717207
-0.29325743871823906 -0.20832484564598347
0.20834599643334095 0.29323621807231187
-0.2932149873329012 -0.2083671610320394
0.2083883344291858 0.29319374931593983
-0.29317250120667215 -0.20840951478727437
0.2084307029643776 0.29315124288602695
-0.2931299774093634 -0.2084519039711799
0.20847310888245318 0.29310870074410517
-0.2930874139894971 -0.20849432760035563
0.20851555609074257 0.29306611800397525
-0.2930448119303859 -0.2085367934951407
0.20855804164877734 0.29302349858338655
-0.29300217221519953 -0.20857929284647586
0.2086005626167987 0.29298083857509677
-0.29295949387095555 -0.2086218373857654
0.20864312387958062 0.29293813994024226
-0.29291677690267437 -0.20866441928270102
0.2086857215195761 0.2928954026839489
-0.29287402033765386 -0.20870703657613493
0.20872836139854067 0.2928526287670667
-0.29283122613660195 -0.20874969121651393
0.20877103471032465 0.2928098142833377
-0.29278839137144086 -0.20879238613165402
0.20881375122714851 0.2927669611935028
-0.29274551800273396 -0.20883512033795754
0.2088565031216133 0.2927240675473804
-0.2927026070132508 -0.2088778938297266
0.2088992933212569 0.29268113432791604
-0.29265965645287806 -0.20892070660123013
0.20894212279799973 0.2926381644727541
-0.2926166643719602 -0.20896355571431707
0.20898499447839447 0.29259515309967493
-0.2925736327307006 -0.20900644702806875
0.2090279054241866 0.2925521021688106
-0.29253056251161547 -0.2090493746724455
0.2090708526978302 0.2925090107082228
-0.29248745176539725 -0.20909234646010327
0.20911384313450831 0.29246588067751084
-0.29244430049729697 -0.20913535261284072
0.20915687184222487 0.2924227091505263
-0.29240111066691155 -0.20917840485091882
0.20919993979245277 0.29237949906373933
-0.2923578783712164 -0.2092214894891385
0.20924304893354106 0.2923362474914926
-0.2923146075236588 -0.2092646192233681
0.20928619535174964 0.29229295541604633
-0.2922712951987201 -0.20930778818562717
0.2093293849028215 0.29224962284278494
-0.29222794335542623 -0.2093509973470425
0.2093726117197311 0.2922062497770563
-0.29218455102232066 -0.20939424670176326
0.20941587872725032 0.2921628362242063
-0.29214111527476117 -0.20943753429061535
0.20945919275602798 0.2921193812130228
-0.2920976380715572 -0.2094808649910997
0.20950254598656537 0.29207588572547555
-0.29205412332434844 -0.20952423489075617
0.20954593353065742 0.2920323497669414
-0.29201056517945145 -0.20956764496036911
0.20958936612419932 0.29198877041351184
-0.2919669665716993 -0.20961109714696452
0.20963283887874307 0.2919451515763645
-0.2919233236011878 -0.20965459144431603
0.2096763556936917 0.29190148837921354
-0.291879645059975 -0.20969812784637515
0.20971990582407707 0.2918577866852559
-0.2918359211910657 -0.2097417014660365
0.2097635029313537 0.291814040642772
-0.2917921539526238 -0.2097853210830281
0.20980714310430748 0.2917702541618416
-0.29174834627848845 -0.2098289788822328
0.20985082145661205 0.29172642431988377
-0.2917044962221418 -0.20987268071402937
0.20989454383840123 0.29168255307446017
-0.29166060281323414 -0.2099164226683698
0.20993830926739787 0.2916386394552198
-0.2916166680091484 -0.20996020766695261
0.20998211480993745 0.29159468249195103
-0.2915726898638893 -0.2100040366792803
0.2100259633874405 0.29155068414178836
-0.2915286703345552 -0.21004790579615457
0.21006985401795242 0.2915066424589446
-0.29148460649975116 -0.2100918169630755
0.210113786695444 0.29146255842476815
-0.2914405003165019 -0.21013577017394464
0.2101577623893196 0.29141843009385476
-0.29139635081490434 -0.21017976639820263
0.21020178206877493 0.29137425942298084
-0.2913521570252636 -0.21022380562957949
0.21024584377671318 0.2913300454423457
-0.2913079218795045 -0.2102678888371688
0.21028994555642577 0.29128578815764855
-0.2912636424573465 -0.21031201308879616
0.21033409325357055 0.2912414865994715
-0.2912193187645916 -0.21035618130417683
0.21037828491112687 0.2911971417488363
-0.29117495178222597 -0.2104003934769088
0.2104225185725328 0.2911527516612758
-0.2911305405409673 -0.2104446505757081
0.21046679618179642 0.2911083192678295
-0.2910860869966335 -0.2104889477190895
0.21051111383272447 0.29106384067439134
-0.2910415872552573 -0.21053329367561174
0.21055547834382105 0.2910193188116114
-0.2909970422977829 -0.21057768258899406
0.21059988970823795 0.2909747527104118
-0.29095245407967185 -0.21062211152875937
0.21064434207067873 0.2909301433515233
-0.2909078206573237 -0.21066658438800018
0.21068884224797146 0.29088548684198895
-0.290863142036631 -0.21071110603359483
0.21073338243637918 0.29084078611178604
-0.2908184191983203 -0.21075567061098782
0.21077796945189387 0.29079604214132476
-0.2907736511736556 -0.2108002771394863
0.21082259938987846 0.2907512510385533
-0.2907288379686993 -0.2108449304852748
0.21086727516733872 0.2907064137841235
-0.290683978615062 -0.21088963064155503
0.21091199775196223 0.2906615313584396
-0.2906390740931125 -0.21093437565294554
0.21095676323995838 0.29061660474172984
-0.2905941234347028 -0.210979163564522
0.21100157552191456 0.2905716319915351
-0.2905491276200579 -0.21102399729259763
0.21104643264280476 0.290526612139879
-0.2905040847070305 -0.21106887780465794
0.2110913355702554 0.2904815471410844
-0.2904589976239028 -0.2111138011978992
0.21113628137570395 0.2904364360272413
-0.29041386248084766 -0.21115877330978822
0.21118127492258787 0.2903912797782537
-0.29036868123197346 -0.21120378731616857
0.21122631620395071 0.2903460745049207
-0.2903234529095401 -0.21124885197530946
0.21127140326537164 0.29030082216120806
-0.29027817849355175 -0.2112939614374733
0.21131653512656712 0.290255523727119
-0.29023285506921737 -0.21133911861717164
0.21136171567566042 0.2902101782350835
-0.2901874865373708 -0.2113843215603382
0.21140694198487076 0.29016478569138543
-0.2901420709569329 -0.2114295702604107
0.21145221404763692 0.2901193461023062
-0.2900966073607477 -0.21147486568426593
0.21149753283083683 0.2900738585006892
-0.2900510967286004 -0.21152020977194014
0.211542897354407 0.2900283228928818
-0.29000553614687674 -0.21156560056979495
0.21158831539799572 0.289982740258562
-0.28995992951500504 -0.21161103709787515
0.21163377430211805 0.28993710865761874
-0.28991427586610086 -0.2116565232423298
0.21167928184607787 0.2898914280965333
-0.289868572287067 -0.21170205704980644
0.21172483899596173 0.2898457015010139
-0.2898228197575744 -0.21174763754035658
0.2117704457445967 0.2897999249851862
-0.2897770192570478 -0.21179326665326298
0.2118160981931223 0.2897540995286482
-0.2897311698190481 -0.21183894438153034
0.21186179925359894 0.28970822611075236
-0.28968527145008227 -0.2118846707181305
0.21190754891903496 0.28966230279228194
-0.28963932318391594 -0.21193044468336825
0.21195334912788488 0.2896163315253594
-0.28959332697249696 -0.2119762662703943
0.21199919500960263 0.2895703103710778
-0.28954728087705617 -0.21202213741763204
0.21204509142058803 0.28952423836351066
-0.2895011829591355 -0.212068059090524
0.21209103932611084 0.2894781184269229
-0.28945503906041714 -0.21211402641939986
0.21213703093915304 0.2894319486228882
-0.2894088443250903 -0.21216004425979523
0.21218307208781695 0.2893857270132915
-0.28936259875996106 -0.2122061155214558
0.21222916762645905 0.2893394555495476
-0.28931630237165984 -0.21225223339080473
0.2122753097693899 0.28929313521060757
-0.2892699561392763 -0.21229840077776657
0.21232150239861403 0.2892467630864804
-0.28922355812517464 -0.2123446186474151
0.21236774647899803 0.28920034015618273
-0.2891771102803453 -0.21239088796454902
0.21241404005907039 0.289153866426442
-0.2891306106674615 -0.21243720677780215
0.21246038410373735 0.28910734190405313
-0.2890840612372658 -0.212483575080107
0.21250677569011334 0.28906076465206826
-0.28903745908093914 -0.21252999675181122
0.21255322355775985 0.28901413662108816
-0.28899080323360893 -0.2125764688698591
0.2125997257550416 0.28896745781786665
-0.28894409758919715 -0.21262299045532002
0.2126462715857138 0.2889207272775282
-0.28889734118289667 -0.2126695624727984
0.21269286978809565 0.2888739440354035
-0.2888505320782707 -0.21271618685825072
0.2127395203546817 0.2888271090700409
-0.288803671253832 -0.21276286360413815
0.21278622036357253 0.28878022044538226
-0.2887567577451138 -0.21280959270299377
0.21283297369332632 0.2887332791400063
-0.2887097896164015 -0.21285637511866856
0.21287978227897186 0.2886862851608973
-0.2886627697887971 -0.21290320792965028
0.2129266402849831 0.2886392385151411
-0.2886156963268245 -0.2129500930712142
0.2129735545026582 0.2885921392097521
-0.2885685692375314 -0.2129970295647265
0.2130205181260969 0.2885449872517774
-0.28852139047035175 -0.21304401837394366
0.21306753503244824 0.2884977807061507
-0.28847415614807315 -0.2130910614334553
0.21311460618512623 0.2884505186091883
-0.28842686919095517 -0.21313816067740293
0.21316172769270303 0.28840320485187537
-0.28837952766434183 -0.21318531027238757
0.21320890440226536 0.28835583652862057
-0.288332131575478 -0.21323251215293665
0.21325613436436264 0.28830841364677146
-0.2882846809316756 -0.21327976922382225
0.2133034195127993 0.2882609352428776
-0.2882371757401748 -0.2133270824478119
0.21335075886902954 0.2882134022949396
-0.2881896160082488 -0.2133744479344581
0.2133981504841984 0.2881658148102982
-0.288142000772718 -0.21342186761739862
0.21344559920336403 0.2881181727962229
-0.28809433004092 -0.21346934051843963
0.21349309919580772 0.28807047431918503
-0.28804660479077826 -0.21351686954122445
0.21354065530603894 0.28802272229776443
-0.2879988240591761 -0.2135644517666993
0.21358826655573238 0.28797491091742305
-0.2879509868832705 -0.21361209397917152
0.2136359319668415 0.28792704600732594
-0.28790309230049294 -0.21365978743827524
0.21368365444215454 0.2878791236941068
-0.28785514225872366 -0.213707536987423
0.21373143300338826 0.28783114592561015
-0.2878071348252508 -0.21375534261857593
0.2137792676425737 0.2877831117391924
-0.2877590719477081 -0.2138032033537654
0.21382715641181205 0.28773501920255234
-0.28771095266362157 -0.21385112306482262
0.21387510124317577 0.28768687026318246
-0.2876627750408587 -0.21389909786392008
0.2139231040683257 0.28763866395884646
-0.28761453908721746 -0.21394712871302973
0.21397116681844253 0.287590399327513
-0.2875662467498049 -0.213995216573919
0.21401928075794396 0.28754207831632256
-0.2875178970666895 -0.21404336240804794
0.21406745266684668 0.2874936989935483
-0.28746948810638484 -0.21409156329849705
0.21411568350644195 0.28744526233660145
-0.2874210208463007 -0.2141398211764564
0.21416397326829917 0.28739676641423323
-0.28737249529418873 -0.2141881379727047
0.21421231903585036 0.28734821220374634
-0.28732391145790126 -0.2142365117401242
0.21426072177049849 0.2872995977743356
-0.2872752683759773 -0.21428494537853454
0.21430918437192648 0.2872509260417831
-0.28722656605629915 -0.2143334359716847
0.21435770586240355 0.28720219313703527
-0.28717780547591976 -0.21438198641902056
0.21440628332619927 0.2871534019756286
-0.28712898470454207 -0.21443059574288442
0.2144549206316273 0.28710455159626574
-0.28708010181221055 -0.2144792600588929
0.2145036197081751 0.287055640069059
-0.2870311606829745 -0.21452798807981882
0.21455237764022383 0.2870066693398819
-0.28698215744911226 -0.214576773014384
0.21460119441950498 0.28695763651021894
-0.2869330959942208 -0.21462562163622873
0.21465006906885498 0.28690854158831486
-0.28688397341988403 -0.21467453103005102
0.21469900351753168 0.2868593874885899
-0.2868347877969941 -0.21472349634385585
0.21474800163162855 0.28681017228179734
-0.28678554203972684 -0.21477252434998523
0.2147970595277433 0.2867608959760369
-0.28673623518759217 -0.21482160922834231
0.21484617622892965 0.286711558579612
-0.2866868672488234 -0.21487075678168915
0.21489535269531768 0.28666215913220067
-0.2866374362948526 -0.21491996506432326
0.2149445918235644 0.28661269667378736
-0.286587942334114 -0.21496923600431467
0.21499389360477072 0.2865631721810847
-0.28653838634328443 -0.2150185666879964
0.21504325609358443 0.286513583726033
-0.2864887663943375 -0.215067964852433
0.21509268315405772 0.28646393228520267
-0.28643908346391045 -0.2151174217749054
0.21514217090466348 0.2864142188352296
-0.286389338528535 -0.21516693841521556
0.21519172030482714 0.28636444144845824
-0.28633952966055476 -0.21521651960487825
0.21524133231380593 0.28631460110134793
-0.2862896568685601 -0.21526616243096136
0.21529100692275205 0.2862646978023506
-0.2862397191933055 -0.21531586785258922
0.21534074799405067 0.28621472768868544
-0.2861897185789397 -0.21536563876431486
0.2153905487440274 0.2861646936725391
-0.28613965019549625 -0.21541547322139137
0.21544041690578875 0.2861145957624583
-0.2860895208254619 -0.21546536927955479
0.21549034569638603 0.2860644339670558
-0.2860393246716142 -0.21551532886525954
0.21554033994505528 0.2860142053922991
-0.2859890636779201 -0.2155653558395671
0.21559039867502983 0.28596391004710403
-0.28593873495078825 -0.21561544825805096
0.2156405218772769 0.2859135498752275
-0.28588834333617197 -0.2156656032093452
0.21569070760795628 0.2858631239180895
-0.28583788400604127 -0.2157158235865499
0.21574096166188816 0.2858126302499934
-0.2857873579366562 -0.21576611034768495
0.2157912801605999 0.2857620727487787
-0.28573676513702284 -0.21581646058180398
0.21584166502926394 0.2857114456202879
-0.28568610464899635 -0.21586688008260463
0.21589211819261056 0.285660750807956
-0.2856353774486232 -0.2159173649721698
0.21594263480602072 0.2856099892878963
-0.28558458257799235 -0.21596791620822303
0.2159932187282877 0.2855591601021283
-0.285533721013042 -0.21601853571516044
0.21604386801617426 0.2855082632596799
-0.2854827898623118 -0.21606921961606568
0.2160945874944309 0.285457297802941
-0.28543179010183684 -0.216119971768919
0.216145372319545 0.28540626277440134
-0.28538072174091156 -0.21617079409744194
0.2161962263489201 0.28535515914998905
-0.2853295838220896 -0.21622168175863915
0.21624714763963904 0.28530398790556116
-0.2852783763547623 -0.2162726366764091
0.21629813908175877 0.28525274615067003
-0.2852271003146797 -0.21632366077427762
0.2163491958331456 0.2852014348612352
-0.2851757547447288 -0.21637475210967688
0.21640032175015655 0.2851500530802786
-0.28512433675523996 -0.2164259145385214
0.21645152165459214 0.28509860178350915
-0.2850728492546446 -0.2164771461181812
0.21650278780602716 0.28504707808156043
-0.28502129031997103 -0.21652844683899258
0.21655412309374877 0.2849954848827227
-0.28496966092698917 -0.2165798157250694
0.21660552944020794 0.2849438192980673
-0.2849179591529941 -0.21663125856325444
0.21665700683540756 0.2848920823032573
-0.28486618693970245 -0.21668277051307255
0.2167085523714275 0.28484027390793215
-0.28481434139885997 -0.2167343515648385
0.21676017086824517 0.2847883912240747
-0.28476242350615644 -0.2167860075040749
0.21681186038389966 0.2847364381248903
-0.28471043327132617 -0.2168377325253526
0.21686362283990324 0.2846844117225948
-0.2846583697383177 -0.21688952855049176
0.21691545629460807 0.2846323100957278
-0.2846062329170299 -0.21694139943219964
0.21696736170368236 0.28458013808245036
-0.2845540218517463 -0.21699333743512744
0.2170193400225936 0.28452788989901917
-0.2845017375179708 -0.21704535413623688
0.21707139027558808 0.28447556652103884
-0.2844493799255593 -0.21709744373164858
0.2171235095563383 0.2844231708548926
-0.28439694715371877 -0.21714960331493477
0.2171757055780389 0.28437070097964984
-0.2843444372818573 -0.21720183287637057
0.21722797929514914 0.2843181549748534
-0.28429185225077247 -0.21725414205867738
0.21728032587060442 0.28426553188538245
-0.28423919207061366 -0.21730652602469042
0.21733274529421154 0.284212833651928
-0.2841864557864253 -0.21735898379877633
0.21738524045101715 0.2841600593195331
-0.2841336434084185 -0.21741151537061093
0.21743781036535925 0.2841072088984751
-0.2840807539818697 -0.21746412169483892
0.21749045502678233 0.28405428239899416
-0.284027788482085 -0.21751680276097268
0.21754317442480076 0.28400127597187313
-0.2839747449896406 -0.21756956338281203
0.21759597144338705 0.28394819155744705
-0.2839216225502451 -0.21762240258433313
0.2176488451069264 0.2838950310956056
-0.28386842406865065 -0.21767531263682932
0.21770179347528407 0.2838417936320527
-0.2838151447319539 -0.2177282993182949
0.21775482232570897 0.28378847628333875
-0.2837617884092545 -0.21778136454717117
0.2178079258596034 0.2837350800247524
-0.28370835125298155 -0.2178345092769039
0.21786111081786463 0.28368160197348263
-0.2836548342383848 -0.21788773253196242
0.21791437236703715 0.28362804599817976
-0.2836012364119336 -0.2179410333369209
0.2179677162824153 0.28357440921633154
-0.28354755971298784 -0.2179944126452698
0.21802113290976244 0.28352069260311136
-0.28349380222389375 -0.21804787044601287
0.21807463188098342 0.28346689616926707
-0.28343996491958223 -0.2181014067281573
0.21812820643559017 0.2834130160690754
-0.28338604588273164 -0.21815502533718173
0.2181818633115159 0.28335905520596744
-0.28333204319625427 -0.21820872240539518
0.21823560346121562 0.28330501166288763
-0.28327795879928985 -0.2182625017777074
0.21828942108944782 0.2832508864148569
-0.28322379270294373 -0.21831636151477024
0.2183433229323941 0.2831966765813398
-0.28316954106283276 -0.21837030353306347
0.2183973051231557 0.2831423841013317
-0.28311520774560883 -0.21842432782103965
0.21845136861420222 0.28308800898592973
-0.28306078987120176 -0.2184784314761255
0.2185055153215144 0.283033550282686
-0.28300628841461695 -0.21853261834175824
0.21855974523341903 0.2829790060756761
-0.2829517014599958 -0.21858688936987553
0.21861405641129905 0.28292437733993386
-0.28289702998243815 -0.21864124262172652
0.21866845173417981 0.28286966312344125
-0.2828422730298904 -0.21869567904929005
0.21872293215366956 0.2828148634377515
-0.28278743061383627 -0.21875019960431158
0.21877749380462141 0.28275997636777156
-0.2827325008193501 -0.21880480812818298
0.21883214245527483 0.28270500385169056
-0.2826774846213822 -0.21885949882925543
0.2188868761670656 0.2826499449379157
-0.28262238203157486 -0.2189142745855565
0.21894169492810944 0.28259479771188384
-0.2825671901723633 -0.2189691353852718
0.21899660065269588 0.28253956218557014
-0.2825119119448225 -0.21902408603159157
0.21905159043971112 0.2824842383707768
-0.28245654447181956 -0.21907912073426822
0.21910666812914859 0.2824288262795048
-0.28240108872825276 -0.2191342433331283
0.2191618317830375 0.2823733249607851
-0.282345542800455 -0.2191894509275067
0.21921708716606259 0.28231773442674674
-0.28228990862594594 -0.21924474831929225
0.21927242463828467 0.2822620556520424
-0.28223418332879335 -0.21930013164519863
0.2193278528521816 0.28220628479807525
-0.28217836692125176 -0.21935560281859462
0.2193833708324947 0.28215042283992925
-0.2821224584530778 -0.21941116760245744
0.2194389804917214 0.282094469789752
-0.2820664598615741 -0.21946681828390796
0.2194946750799841 0.28203842565995724
-0.28201036923423173 -0.21952255870067333
0.21955046228451625 0.28198228757574256
-0.28195418465874034 -0.21957839076499103
0.2196063411301089 0.28192605843669255
-0.2818979080723235 -0.21963431253949744
0.21966230871727732 0.2818697344061774
-0.2818415385252584 -0.21969032882277367
0.2197183688823804 0.28181331645912294
-0.28178507506791906 -0.21974643671520638
0.2197745196883344 0.2817568046082271
-0.2817285167509792 -0.21980263620406099
0.2198307640086753 0.28170019886618364
-0.28167186262524335 -0.21985892631461884
0.21988710375431508 0.2816434982837613
-0.2816151127036015 -0.21991530895819805
0.21994353602626093 0.28158670287378057
-0.28155826796089445 -0.2199717850837955
0.22000006081165813 0.2815298097635642
-0.28150132744815026 -0.22002835756385036
0.22005667713593668 0.2814728208898008
-0.28144428925494325 -0.22008502253799783
0.22011339171831812 0.28141573434209627
-0.2813871533943829 -0.22014178480175378
0.22017020166019652 0.28135854821035505
-0.2813299198796757 -0.22019864530318983
0.22022710790988087 0.2813012644311191
-0.2812725877624731 -0.22025560018249163
0.22028411045399887 0.2812438839791063
-0.28121515609465764 -0.2203126475036577
0.22034120831779946 0.281186403983196
-0.28115762681252565 -0.22036979302232568
0.2203984014880529 0.2811288244568155
-0.28109999704531996 -0.22042703576351536
0.22045569571932788 0.28107114349085766
-0.2810422658452806 -0.22048437955879613
0.22051308715266982 0.2810133620601916
-0.28098443322619393 -0.22054182054931654
0.22057057769695598 0.2809554792172863
-0.2809264992017755 -0.2205993606438887
0.2206281682995168 0.2808974940147743
-0.2808684637857026 -0.22065700078984535
0.22068585606339852 0.2808394074275122
-0.2808103260307693 -0.22071474001229546
0.22074364674090696 0.2807812165863654
-0.2807520830679736 -0.22077258214125178
0.22080153743513065 0.2807229224662831
-0.28069373779418805 -0.22083052427983824
0.22085953005382697 0.2806645250812632
-0.28063528830161666 -0.22088856545344543
0.2209176236221203 0.2806060225238433
-0.2805767336436741 -0.2209467114127504
0.2209758200474412 0.2805474157688583
-0.28051807287393793 -0.22100495830054828
0.22103411835495634 0.28048870194859515
-0.28045930600682734 -0.22106330994529694
0.22109252429387816 0.2804298810775376
-0.28040043209604515 -0.221121766332479
0.22115103208632803 0.28037095509111837
-0.28034145019572576 -0.22118032552662786
0.2212096455599707 0.280311921122315
-0.28028236224122827 -0.2212389884739801
0.22126836277941353 0.2802527772651136
-0.28022316536595926 -0.2212977618824648
0.2213271856509409 0.2801935264151086
-0.2801638595846837 -0.22135663613415507
0.22138611319974688 0.2801341647460604
-0.28010444491219577 -0.22141561985693775
0.22144515021211486 0.28007469515335365
-0.28004491848279245 -0.221474710155194
0.22150429379266312 0.28001511285116715
-0.2799852812717354 -0.22153390893438735
0.2215635468067313 0.27995541881482683
-0.27992553233399775 -0.22159321713950947
0.2216229092391716 0.2798956140193863
-0.2798656707247824 -0.2216526328355663
0.22168238107487437 0.27983569751997933
-0.2798056964593625 -0.22171215792743287
0.22174196133892754 0.27977566741209486
-0.2797456105128133 -0.22177179240004025
0.22180165193584533 0.2797155246709064
-0.27968540810166354 -0.22183153815770423
0.2218614557295192 0.2796552664325879
-0.279625091160987 -0.22189139518509787
0.2219213698254372 0.2795948917532241
-0.2795646606659118 -0.22195136730522486
0.22198139612745926 0.27953440160807436
-0.27950411375323503 -0.22201145162358044
0.22204153462013654 0.2794737960127864
-0.27944344756045125 -0.2220716471652458
0.22210179104456196 0.27941307402363075
-0.27938266690053204 -0.22213195583369177
0.2221621557908352 0.2793522337377011
-0.2793217669925504 -0.2221923795319935
0.22222263843701517 0.2792912751710313
-0.27926074977108295 -0.22225291920352414
0.22228323512988168 0.2792301964212061
-0.2791996123745062 -0.22231357770984023
0.22234394969036575 0.27916899750444985
-0.2791383529008643 -0.22237435119806265
0.22240478210224723 0.2791076774780435
-0.2790769732848192 -0.22243524252955754
0.22246573043123308 0.27904623731740724
-0.2790154716247387 -0.22249625072907336
0.22252680041507933 0.27898467416200096
-0.27895384889596886 -0.22255737865731867
0.22258798436590377 0.2789229889873683
-0.2788921022385289 -0.22261862629775747
0.22264929089748886 0.27886118085120354
-0.2788302316691491 -0.22267999267512023
0.22271071711665635 0.278799246893985
-0.27876823720465516 -0.22274148064929739
0.22277226492429392 0.2787371900088181
-0.2787061150272453 -0.22280308828619094
0.22283393717956668 0.27867500541932694
-0.27864386802995056 -0.22286482036234595
0.22289572907253485 0.27861269601843947
-0.27858149527124176 -0.22292667398500304
0.2229576425037686 0.27855026086459084
-0.27851899389287316 -0.22298864817901837
0.22301968416550433 0.2784876951828547
-0.2784563629538046 -0.22305074963663135
0.2230818492483183 0.27842500090760497
-0.27839360438830696 -0.2231129764236371
0.22314413869352479 0.27836217709799277
-0.27833071533895115 -0.22317532852281413
0.22320655440051618 0.2782992228133972
-0.2782676948652798 -0.2232378097496696
0.22326909922639693 0.2782361361551526
-0.2782045439431753 -0.22330041625400315
0.22333176740489036 0.2781729190574774
-0.27814126067436296 -0.2233631518508003
0.2233945656252695 0.2781095686639548
-0.2780778431607953 -0.22342601364841014
0.22345749482761168 0.2780460849927799
-0.2780142933364773 -0.223489006419137
0.22352055020446127 0.2779824661462292
-0.2779506073880694 -0.22355212918715378
0.22358373844334523 0.27791871405829943
-0.27788678533401856 -0.2236153819345787
0.22364706048372596 0.2778548230005942
-0.27782282719273266 -0.22367876943227
0.22371051343414394 0.2777907958650054
-0.2777587301097916 -0.22374228974634497
0.22377410014958654 0.2777266307547504
-0.27769449506166466 -0.2238059428586066
0.22383782156923426 0.2776623248159659
-0.2776301201520258 -0.22386973258099369
0.22390167863210753 0.27759788094019383
-0.277565605399858 -0.22393365602233245
0.22396566940477536 0.2775332962739239
-0.27750095082420434 -0.22399771507912652
0.22402979578364435 0.27746856987895424
-0.2774361554867274 -0.22406191164745332
0.22409405870742016 0.2774037017745185
-0.2773712146203141 -0.224126243793963
0.22415846294358388 0.27733869006549255
-0.2773061292018957 -0.2241907162860733
0.22422300751557223 0.2772735347713304
-0.27724090020819825 -0.2242553271902798
0.22428768857579762 0.2772082330403171
-0.27717552670175627 -0.22432008127295083
0.22435251184774074 0.2771427839352823
-0.2771100058311772 -0.2243849766004949
0.22441747348415775 0.27707719034712314
-0.27704433761662306 -0.22445001028278017
0.22448258112126807 0.27701144655423643
-0.276978520164296 -0.22451519091270838
0.22454783186858485 0.27694555449059616
-0.2769125525377333 -0.22458051272936191
0.22461322953357044 0.27687951321967
-0.2768464357139889 -0.22464597954037208
0.22467876835594636 0.27681331989166164
-0.27678016493020396 -0.22471159515254818
0.22474445788279585 0.2767469726139438
-0.276713744033555 -0.22477735763236867
0.22481029235401828 0.2766804733205977
-0.2766471673053529 -0.224843268872768
0.2248762755759084 0.2766138191627679
-0.2765804357232884 -0.2249093269405355
0.2249424094409801 0.2765470101615957
-0.2765135493083668 -0.22497553372845253
0.2250086910595518 0.27648004633814954
-0.2764465061690573 -0.2250418920851583
0.22507512614924263 0.27641292293198455
-0.27637930345783857 -0.2251084048587691
0.22514171468909594 0.2763456428334307
-0.2763119421526068 -0.22517506629097322
0.22520845761427777 0.2762782031954199
-0.27624442131875404 -0.22524188114223126
0.22527535012326383 0.27621060212748944
-0.2761767400220628 -0.22530885130376904
0.22534239793191302 0.27614283965160064
-0.2761088963723578 -0.22537597771037193
0.22540960197501436 0.27607491387777333
-0.2760408894358044 -0.22544326320850266
0.22547696414304963 0.27600682387226844
-0.27597271923457833 -0.2255107049088591
0.22554448154695117 0.27593856965748925
-0.27590438101201886 -0.22557830374598237
0.22561216181179644 0.27587014838854135
-0.2758358757466677 -0.22564606447716656
0.22568000300392077 0.27580156008811135
-0.27576720346124106 -0.22571398516898128
0.22574800414574892 0.2757328019120832
-0.27569836131171854 -0.2257820696220903
0.2258161699933704 0.27566387579466783
-0.27562934836564357 -0.22585031399200056
0.22588449861333892 0.27559477793680737
-0.2755601627353942 -0.22591872398983853
0.2259529938052789 0.2755255074064305
-0.27549080731061903 -0.22598730054843624
0.22602164981423256 0.2754560623163003
-0.27542127542722783 -0.22605604460046774
0.2260904771268072 0.2753864426901826
-0.27535156901969615 -0.22612495707838337
0.22615947094341526 0.27531664664135297
-0.2752816852462362 -0.22619403700409207
0.22622863506215918 0.2752466732387335
-0.27521162222073914 -0.22626328722027717
0.22629797328029122 0.27517652250646324
-0.2751413809225982 -0.22633270770375685
0.22636748079887192 0.27510619064856584
-0.2750709594661508 -0.22640230225146457
0.22643716045987727 0.2750356776896928
-0.2750003559660894 -0.2264720698847777
0.22650701414976926 0.2749649817447302
-0.27492956853749395 -0.22654201344482633
0.22657704375462184 0.27489410188374824
-0.2748585952958319 -0.22661213099810723
0.22664725306964817 0.2748230381318692
-0.2747874372210839 -0.2266824263399691
0.2267176372968348 0.2747517857405874
-0.27471609242916273 -0.2267529013556811
0.22678820118571275 0.27468034569026695
-0.2746445571270717 -0.22682355506622948
0.2268589466211015 0.2746087151428021
-0.27457283324986026 -0.22689439317466892
0.22692987262380115 0.274536895078574
-0.2745009150964036 -0.22696540992903874
0.22700098298721938 0.2744648826601846
-0.2744288065108347 -0.22703661198608688
0.22707227673187524 0.27439267600505696
-0.274356500838696 -0.22710799741200066
0.22714375860457425 0.2743202751397383
-0.2742840009696693 -0.22717956904478548
0.22721542476274448 0.27424767627371976
-0.2742113040676438 -0.22725132972189638
0.2272872780440418 0.27417487943399205
-0.2741384063429525 -0.22732327846355066
0.2273593260561002 0.27410188178525313
-0.2740653068687964 -0.22739541906066746
0.22743156209415283 0.274028683354871
-0.2739920075808495 -0.22746775244123157
0.2275039909026778 0.2739552813082496
-0.27391850373656257 -0.22754027762522183
0.22757661245563188 0.27388167567323235
-0.2738447953639064 -0.22761299649448247
0.22764942958850964 0.27380786361605997
-0.27377088058312404 -0.22768591283812495
0.22772244418241216 0.27373384421107666
-0.2736967546536102 -0.2277590256756598
0.2277956571644416 0.2736596155791691
-0.2736224214189772 -0.22783233593425872
0.2278690704149937 0.27358517488799544
-0.27354787423209703 -0.22790585026265092
0.22794268295350073 0.27351052025924477
-0.2734731140758554 -0.2279795676796496
0.22801649952069025 0.27343565076860415
-0.2733981390722887 -0.22805348911130358
0.22809052008896902 0.27336056549194826
-0.2733229454370498 -0.22812761453005642
0.22816474844441847 0.27328526350537236
-0.2732475331999741 -0.2282019448617441
0.22823918455893777 0.2732097419785225
-0.27317190048431605 -0.2282764838919365
0.22831382745124718 0.2731339980815925
-0.2730960463670328 -0.2283512344521728
0.22838868090627418 0.27305803089173136
-0.27301996706570664 -0.2284261936544188
0.22846374870816855 0.27298184043952783
-0.2729436616579637 -0.22850136528295956
0.22853902987492336 0.27290542199014906
-0.27286712922168244 -0.22857675312133557
0.22861452437779284 0.27282877462173055
-0.2727903659760871 -0.22865235618742225
0.22869023790572318 0.2727518983655857
-0.27271337290557474 -0.22872817731090295
0.22876616757052315 0.27267478753576063
-0.2726361452774394 -0.22880421741532503
0.2288423200128057 0.2725974431171945
-0.2725586831236898 -0.22888047932950645
0.2289186923442994 0.272519862283573
-0.2724809826656378 -0.2289569630235963
0.22899529120419548 0.27244204316192283
-0.2724030439357955 -0.22903367323097273
0.22907211179891407 0.27236398292695646
-0.2723248622040011 -0.22911060992114912
0.22914916267165097 0.27228567970659595
-0.27224643750343325 -0.2291877768737141
0.2292264428388776 0.2722071316290798
-0.27216776700998846 -0.22926517215280723
0.22930395417460825 0.27212833777556117
-0.2720888488525435 -0.22934279858491463
0.2293816995048108 0.27204929627497704
-0.27200968116032387 -0.22942065804360684
0.22945967594121375 0.2719700033521029
-0.27193026206310034 -0.22949875430661498
0.22953789107057276 0.2718904571368998
-0.2718505896908284 -0.22957708638996327
0.22961634105220097 0.27181065671194865
-0.271770662174041 -0.2296556590225956
0.2296950315671552 0.2717305992557341
-0.2716904757394356 -0.22973447122016372
0.22977396448722043 0.2716502828994583
-0.2716100275665251 -0.2298135248545558
0.22985314263577794 0.27156970482275916
-0.2715293176911352 -0.22989282465304745
0.22993256693177377 0.27148886125390576
-0.27144834138981344 -0.22997237248637187
0.23001223924591363 0.27140775413289103
-0.27136709774729917 -0.23005216736940465
0.23009216144848899 0.2713263758817805
-0.27128558489676724 -0.23013221402782075
0.23017233350604216 0.2712447274894471
-0.27120380097183716 -0.230212515282828
0.230252759191666 0.2711628051863327
-0.2711217422032711 -0.23029307014874595
0.23033344227768127 0.2710806090100271
-0.2710394048226016 -0.2303738795431745
0.2304143836811715 0.27099813233765685
-0.2709567898195083 -0.23045495104391472
0.23049558241612378 0.27091537711048225
-0.2708738943779012 -0.23053628081020022
0.2305770432050096 0.27083233860991845
-0.2707907137795482 -0.23061787451560573
0.23065876791545536 0.27074901402090007
-0.27070724711232164 -0.23069973402740435
0.23074075841467445 0.2706654014801954
-0.2706234906106584 -0.23078186026129416
0.23082301847189124 0.27058149912498425
-0.2705394405097644 -0.23086425413282113
0.230905549953364 0.27049730414175926
-0.27045509589887495 -0.23094692036167236
0.23098835567597154 0.27041281086442365
-0.2703704549163428 -0.23102986271560194
0.2310714327501805 0.2703280202848774
-0.2702855128482561 -0.23111307925582175
0.2311547906490462 0.2702429286403322
-0.27020026878498327 -0.2311965737493598
0.23123842648250437 0.270157534070443
-0.2701147199155953 -0.23128034806080006
0.23132234401668916 0.27007183091215187
-0.27002886247896296 -0.2313644088081767
0.23140654511555125 0.2699858173063559
-0.26994269461613885 -0.23144875215058386
0.23149103164266227 0.26989949329580815
-0.26985621351794253 -0.23153338280352626
0.2315758054612479 0.26981285417019923
-0.26976941637579743 -0.23161830358045515
0.23166087033521265 0.2697258952202461
-0.26968229848070624 -0.23170351729431365
0.23174623097817315 0.2696386155394814
-0.26959485702546215 -0.2317890248565772
0.23183188830118795 0.26955101327123615
-0.26950709015384433 -0.23187482907927032
0.23191784226484802 0.2694630827579149
-0.269418994109502 -0.23196093277394253
0.23200409758114915 0.26937482309443733
-0.269330568937698 -0.23204733685106554
0.23209065421002428 0.2692862305253407
-0.26924180898274896 -0.2321340469718019
0.2321775149619817 0.269197301295862
-0.2691527104904041 -0.23222106214546095
0.23226468644722198 0.2691080345023384
-0.26906327160712995 -0.2323083861317508
0.23235216672449543 0.26901842354123157
-0.2689734885799764 -0.2323960226897111
0.2324399595527179 0.2689284665600888
-0.26888335765675664 -0.2324839736777588
0.23252806963990302 0.2688381617068322
-0.268792876035846 -0.2325722409539342
0.2326164959942476 0.2687475052301605
-0.26870204376561635 -0.23266082637596613
0.23270523952365552 0.2686564933795997
-0.2686108523470795 -0.23274973465037602
0.23279431063279832 0.2685651233550756
-0.2685192999303728 -0.232838965734478
0.23288370737907538 0.268473389508366
-0.2684273846661368 -0.23292852433365235
0.23297343066903564 0.2683812928392077
-0.2683351037559104 -0.23301841040459131
0.2330634833080606 0.26828882675129756
-0.2682424515534726 -0.23310863149976496
0.2331538699998792 0.26819598749787427
-0.268149425261917 -0.23319918567619707
0.23324459164981637 0.2681027751305122
-0.2680560239835943 -0.2332900738393166
0.23333565011229662 0.268009183055774
-0.267962240176264 -0.23338130353930214
0.23342705198764235 0.26791520752918
-0.26786807294353865 -0.23347287662956268
0.2335187953322767 0.2678208457562264
-0.2677735166437113 -0.233564794014046
0.23361088579597444 0.2677260949430394
-0.26767857038149323 -0.23365705849469204
0.2337033252311107 0.26763095134728915
-0.2675832285167936 -0.2337496738218942
0.23379611643877296 0.2675354083805332
-0.26748748825753943 -0.2338426437453805
0.23388926032169544 0.2674394679957988
-0.26739134586342683 -0.23393596537190192
0.23398275968018478 0.26734312265746235
-0.2672947966461473 -0.23402964529711584
0.23407662300662346 0.26724637052404504
-0.2671978368669453 -0.23412368442278925
0.23417084456102333 0.26714920501097766
-0.26710046468547866 -0.23421809029136714
0.23426543188570714 0.2670516233295333
-0.2670026754157756 -0.23431286190618145
0.23436038493280953 0.2669536226916778
-0.26690446532151413 -0.23440800111651278
0.2344557083971327 0.2668552012584769
-0.26680582971862354 -0.23450350977126838
0.23455140507564398 0.26675635150072335
-0.2667067648724557 -0.23459939256440038
0.2346474749196492 0.26665707158109236
-0.26660726989427774 -0.23469565229212302
0.23474392072543449 0.2665573568176613
-0.2665073363092356 -0.23479228795703316
0.23484075003014682 0.26645720537439016
-0.26640696512637485 -0.2348893061477481
0.23493795614637603 0.266356611622717
-0.26630614882137216 -0.23498670681446315
0.23503554945468408 0.26625556993541494
-0.26620488366367767 -0.2350844946480089
0.23513352895665418 0.26615408132280344
-0.2661031678196991 -0.23518266770192314
0.2352318993421081 0.26605213826312174
-0.26600099756020146 -0.23528123161412012
0.23533065866441216 0.2659497379758227
-0.26589836631321984 -0.2353801891775958
0.2354298144562239 0.2658468757851992
-0.2657952712994013 -0.23547954223701745
0.23552936666614388 0.26574354891217805
-0.26569170879228576 -0.23557929074118694
0.23562931619064797 0.2656397526828796
-0.26558767601396094 -0.23567944032527505
0.23572966676909823 0.26553548337200455
-0.26548316829177243 -0.23577999093743734
0.2358304192973243 0.26543073630753183
-0.2653781828492795 -0.2358809463162858
0.23593157561858036 0.2653255087134932
-0.2652727140681147 -0.23598230830463157
0.23603313852335162 0.26521979686703706
-0.2651667601209102 -0.23608407495521305
0.23613511080152727 0.26511359799366524
-0.265060314443745 -0.2361862509529709
0.2362374924005265 0.26500690647733754
-0.2649533752108163 -0.23628883813998974
0.23634028705697085 0.26489971954512087
-0.2648459396493731 -0.23639183930526425
0.2364434928233946 0.26479203347742236
-0.2647380030930133 -0.23649525250133668
0.23654711248871907 0.26468384455559174
-0.26462956277058103 -0.2365990814640629
0.23665114978838997 0.26457515000881565
-0.26452061212322175 -0.23670332708734337
0.2367556065631462 0.2644659451728539
-0.2644111521695005 -0.23680799026503002
0.23686047707758573 0.264356228225414
-0.26430117729943636 -0.23691307189082894
0.2369657679074999 0.26424599545080846
-0.2641906847447393 -0.23701857191150238
0.2370714789994015 0.26413524218739454
-0.264079672684569 -0.23712449311438505
0.2371776093531166 0.2640239675616009
-0.2639681345648708 -0.23723083449924615
0.23728415986234053 0.26391216596657724
-0.2638560714064705 -0.23733759885296896
0.2373911333138039 0.26379983558325487
-0.26374347760360595 -0.23744478328220514
0.237498525867752 0.2636869745930866
-0.2636303503915931 -0.2375523905736116
0.23760634220402987 0.2635735783383248
-0.26351668795271543 -0.23766041878095773
0.23771457942987206 0.2634596468946134
-0.26340248563053636 -0.2377688640656493
0.23782323938527072 0.26334517749855574
-0.26328774634045027 -0.23787773205359758
0.23793231633914724 0.26323016833352925
-0.26317246353449086 -0.23798701606773415
0.23804181213203623 0.2631146156910534
-0.26305663634350274 -0.23809671889491874
0.2381517267116917 0.2629985177558028
-0.26294026484468713 -0.23820684048294444
0.2382620543491304 0.2628818727128764
-0.2628233462771331 -0.23831737604921682
0.2383727968853152 0.2627646796940178
-0.26270587882654295 -0.23842832365039696
0.23848395048485538 0.2626469387772313
-0.26258786257110045 -0.23853968228957317
0.23859551509700394 0.26252864720272856
-0.262469294751261 -0.23865144907836616
0.23870748405004005 0.2624098041032031
-0.26235017733753696 -0.238763622074952
0.23881985634859182 0.26229041144902615
-0.26223051040845247 -0.23887619366326557
0.23893262721456054 0.2621704683731287
-0.2621102912055394 -0.23898916379475238
0.23904579376243096 0.2620499730629627
-0.26198952264494313 -0.23910252769270984
0.23915935121605036 0.2619289303258548
-0.26186820480552764 -0.23921627869024492
0.2392732938548494 0.2618073374038172
-0.2617463377663236 -0.23933041295869267
0.2393876197415553 0.2616851962670617
-0.26162392349730634 -0.2394449257247782
0.23950231937592104 0.26156251172175143
-0.261500966804466 -0.2395598084346407
0.23961738515050357 0.2614392838464052
-0.26137746682095164 -0.239675055372421
0.2397328160767479 0.2613155136650018
-0.2612534255159267 -0.23979066365936613
0.23984860076874448 0.26119120409182556
-0.2611288486392557 -0.2399066238009257
0.23996473162374932 0.26106635993111565
-0.2610037400494245 -0.24002292535950293
0.24008120104068975 0.2609409878765226
-0.26087810454932425 -0.24013955884481625
0.2401979966949419 0.26081508989523644
-0.2607519459961123 -0.24025651665877773
0.24031511287948804 0.26068867078915253
-0.2606252682462188 -0.24037378742516774
0.24043253727416025 0.2605617391390484
-0.26049808082484005 -0.24049136071504756
0.24055025945107722 0.2604342997446308
-0.2603703904208212 -0.24060922421215553
0.24066826520546847 0.2603063602392279
-0.260242201832396 -0.24072736843713766
0.24078654505935582 0.260177926365238
-0.2601135245804115 -0.2408457791892537
0.24090508292409518 0.26004900858744945
-0.2599843691286233 -0.24096444132614475
0.24102386460367586 0.2599196173686809
-0.2598547431051078 -0.24108333970867807
0.24114287779423993 0.2597897603361999
-0.2597246588590254 -0.24120246109003235
0.2412621035831738 0.2596594498382309
-0.25959412495952217 -0.24132178750394057
0.24138152778404331 0.2595286991650803
-0.2594631565847696 -0.2414413009879311
0.24150113054723488 0.2593975187715056
-0.2593317651327989 -0.24156098547203114
0.24162089297171063 0.25926592099887585
-0.25919996577654403 -0.2416808230011646
0.24174079710459284 0.2591339219630811
-0.25906777368595524 -0.24180079090306456
0.24186082122014851 0.2590015377769647
-0.2589352049722419 -0.24192086651027273
0.24198094265314707 0.2588687864384876
-0.258802272911418 -0.24204103093627222
0.24210114346334932 0.25873568216592174
-0.2586690011608125 -0.24216125963460594
0.2422213934425428 0.2586022457826858
-0.2585354067657255 -0.24228152806390496
0.24234167182797484 0.258468497164216
-0.258401509599707 -0.24240181168791902
0.24246195219815558 0.25833445335059907
-0.2582673295325033 -0.24252208597560904
0.24258220908091954 0.25820014176012335
-0.25813289114868654 -0.2426423188509415
0.2427024132344774 0.25806558319978606
-0.257998218084343 -0.2427624848504208
0.24282253447949953 0.25793080130344
-0.2578633349146019 -0.24288255379773255
0.2429425426429408 0.25779582441824195
-0.25772826809689264 -0.24300249457917739
0.24306240755797404 0.2576606742811442
-0.2575930450268975 -0.24312227514417678
0.24318209529017298 0.25752538394639996
-0.2574576949818078 -0.24324186439200252
0.24330157379888284 0.2573899798578399
-0.25732224817634175 -0.243361224624907
0.24342080633338292 0.25725449694419805
-0.2571867348193314 -0.24348032003941783
0.24353975803709926 0.2571189625811386
-0.25705118794333337 -0.2435991176692413
0.24365839217416818 0.2569834126277096
-0.25691564246067633 -0.24371757700935553
0.2437766691868124 0.25684788010648846
-0.2567801323336989 -0.24383566227864367
0.24389455141155103 0.256712401805737
-0.25664469246104005 -0.24395333204497133
0.24401199930658746 0.2565770135634448
-0.2565093643352385 -0.2440705439417769
0.24412896862334144 0.25644175498233973
-0.25637418284020774 -0.2441872574969451
0.24424541983684045 0.25630666754293646
-0.25623919228140735 -0.24430342941795496
0.24436130683023782 0.25617178800338564
-0.25610443129874316 -0.24441901830678897
0.2444765900954663 0.2560371578283183
-0.25596994323793687 -0.2445339780601869
0.24459121882007517 0.25590282507295
-0.2558357723788728 -0.24464826352676333
0.2447051506856588 0.2557688292991191
-0.25570196204985307 -0.2447618295644149
0.24481833961206856 0.25563521665878036
-0.25556855839811576 -0.24487462915504193
0.24493073670094923 0.25550203423710977
-0.2554356094466167 -0.24498661340508404
0.24504229589111193 0.2553693281674239
-0.2553031613237703 -0.2450977362581141
0.24515296924590146 0.25523714834321315
-0.2551712610910949 -0.2452079488398367
0.24526270601142552 0.2551055427632742
-0.25503996239666293 -0.2453172004012753
0.24537145921287118 0.2549745603590698
-0.25490931039763365 -0.24542544303035324
0.24547918000058033 0.2548442500521762
-0.25477935683722186 -0.24553263070888903
0.24558581953462266 0.2547146635805669
-0.25465015156396276 -0.2456387108331825
0.24569132804280336 0.2545858517297784
-0.25452174535837646 -0.24574363552027106
0.2457956567048888 0.2544578662170181
-0.25439419275852426 -0.2458473568966884
0.24589875576834175 0.2543307568651087
-0.2542675416980821 -0.24594982238905844
0.24600057737440773 0.25420457819625114
-0.2541418457520621 -0.24605098696914524
0.24610107461555486 0.2540793762451759
-0.2540171537756445 -0.2461508056177239
0.24620019965187268 0.2539552064546759
-0.2538935183809675 -0.2462492276740395
0.24629790559457054 0.25383211672285994
-0.2537709893444796 -0.24634620907908772
0.24639414933061132 0.253710158704517
-0.2536496154908249 -0.24644170201614463
0.2464888830476908 0.25358938310238116
-0.25352944845934566 -0.2465356633855586
0.24658206176742115 0.2534698377842967
-0.2534105361129825 -0.24662805009616612
0.24667364616885945 0.25335157060833335
-0.25329292630477696 -0.24671882188945216
0.24676359505594891 0.25323462848133854
-0.2531766640539648 -0.24680793757342717
0.2468518672407659 0.25311905641796467
-0.2530617934293542 -0.24689535878801755
0.24693842813215894 0.2530049003648362
-0.25294836037298907 -0.24698104812178207
0.24702323938085718 0.2528922006120684
-0.25283640611176295 -0.24706497381749287
0.24710626640959343 0.2527810002647211
-0.25272597186407714 -0.24714709659531958
0.24718747747092534 0.25267133959595756
-0.2526170950757123 -0.24722738941639028
0.24726684270552945 0.25256325604748886
-0.2525098131846892 -0.24730582054215988
0.2473443341416321 0.2524567851715012
-0.2524041607985587 -0.24738236576737332
0.2474199266353861 0.25235196063097387
-0.2523001706359815 -0.2474569980688337
0.24749359598850373 0.2522488132595551
-0.2521978735272665 -0.24752969795467694
0.24756531988876024 0.2521473720028893
-0.2520972965334886 -0.2476004431145264
0.2476350826128661 0.25204766674126977
-0.25199846670993037 -0.2476692178266252
0.2477028656184822 0.25194971794253784
-0.25190140546276807 -0.24773600825332381
0.24776865789116465 0.25185354795129933
-0.25180613419355485 -0.24780080055943804
0.24783244747783134 0.2517591781669384
-0.2517126695970411 -0.247863585614493
0.24789422712966852 0.25166662340127766
-0.25162102836433337 -0.24792435617038783
0.24795398771827665 0.2515759003436339
-0.2515312253023253 -0.24798310874139923
0.24801172763915275 0.2514870153364174
-0.2514432676924898 -0.24803984172288762
0.24806744998901037 0.2513999803619658
-0.2513571599939425 -0.24809455633073324
0.24812115598334178 0.25131479987851896
-0.2512729094851231 -0.2481472566007391
0.24817284965737324 0.25123147834316173
-0.2511905168622001 -0.24819794656758698
0.24822253880547174 0.2511500145716223
-0.25110998188093975 -0.24824663778504574
0.24827023310010282 0.25107040831951466
-0.25103130053710815 -0.24829333804440373
0.24831594691111658 0.2509926518230075
-0.2509544669471979 -0.2483380645341267
0.24835969272548097 0.2509167382593813
-0.2508794695898004 -0.248380834438861
0.24840148960607933 0.2508426579876136
-0.2508063016443449 -0.24842166118052444
0.2484413537923788 0.2507703985493526
-0.25073494689445214 -0.24846056851485915
0.2484793099774787 0.25069994560907566
-0.25066539006635885 -0.24849757831325409
0.2485153800304064 0.25063128201512164
-0.2505976121309136 -0.2485327143216582
0.24854959145287664 0.2505643868609429
-0.25053159312301765 -0.24856600497864384
0.24858196986187975 0.25049923924395145
-0.2504673112025313 -0.2485974768379351
0.2486125446267487 0.25043581826558087
-0.2504047417153358 -0.24862716020522257
0.24864134698943907 0.2503740964557548
-0.2503438571941168 -0.2486550853800093
0.24866840724621947 0.2503140454105449
-0.25028463111623667 -0.24868129016963897
0.24869376226166967 0.25025563673141876
-0.2502270350856714 -0.248705803920868
0.248717444196906 0.2501988439038293
-0.25017103507723326 -0.24872866254832948
0.2487394908412034 0.25014363196641054
-0.250116601767747 -0.2487499038375361
0.24875993715887867 0.2500899697208408
-0.25006370208374396 -0.24876956462719857
0.24877882186303674 0.2500378222190042
-0.2500122982635245 -0.24878768550431585
0.2487961855367935 0.24998715358070517
-0.2499623563083644 -0.2488043023532212
0.2488120668772209 0.24993792981062996
-0.24991384128739275 -0.24881945668385175
0.2488265045735048 0.2498901131649156
-0.2498667135828775 -0.24883318718145098
0.2488395401232555 0.24984366684595255
-0.2498209373397089 -0.2488455372168727
0.24885121313826836 0.2497985503086712
-0.2497764757712167 -0.24885654827493853
0.24886156697667366 0.24975472864764736
-0.24973328552795998 -0.24886625713913524
0.24887064123379754 0.24971216133321372
-0.249691332654287 -0.24887470715518983
0.2488784764353128 0.24967081065912844
-0.24965057663208223 -0.24888193978308948
0.24888511403717956 0.24963063704976884
-0.24961097788968567 -0.24888799553608243
0.24889059642533606 0.24959160281408954
-0.2495724987398883 -0.24889291398090113
0.24889496222396185 0.24955366933025008
-0.24953509962649878 -0.24889673655282152
0.24889825098775226 0.249516795169397
-0.24949874287761425 -0.2488995046788266
0.24890050507788702 0.24948094360173928
-0.24946339082871477 -0.2489012569630844
0.24890176215645493 0.24944607696668164
-0.24942900207057406 -0.24890203106394698
0.2489020636302523 0.24941215761116353
-0.2493955417682358 -0.24890186744622733
0.24890144620774035 0.24937914882752948
-0.24936297321777823 -0.24890080187684221
0.2488999447142295 0.24934701485340116
-0.249331262536302 -0.2488988748049225
0.2488975977194035 0.24931571618202697
-0.24930037115847198 -0.2488961210446154
0.24889444284745615 0.24928521987916713
-0.2492702652154361 -0.24889257634079476
0.2488905149017841 0.2492554920793546
-0.24924090896970857 -0.24888827549344156
0.2488858486788597 0.24922649892385995
-0.24921227044147154 -0.24888325235792763
0.248880476155331 0.24919820749831217
-0.24918431859485873 -0.2488775389077061
0.2488744302389561 0.2491705858324778
-0.249157018650146 -0.24887116898484107
0.24886774476845047 0.2491436028999156
-0.24913034239664406 -0.24886417267479655
0.2488604488885563 0.24911722580560108
-0.24910425600502029 -0.24885658193187077
0.24885257455038146 0.24909142822251268
-0.24907873502588052 -0.2488484258918584
0.2488441480747196 0.24906617914238766
-0.24905374939115132 -0.24883973368479978
0.24883519577723417 0.2490414522493093
-0.24902927372482359 -0.24883053162326407
0.24882574959124348 0.24901721935830085
-0.24900527984435972 -0.2488208469517572
0.24881583207262759 0.24899345603841816
-0.24898174144715834 -0.2488107031610024
0.24880547045804946 0.24897013880065555
-0.2489586359838385 -0.24880012748503916
0.24879468729373472 0.24894723947572112
-0.2489359399725795 -0.24878914434169008
0.24878350605835003 0.24892473833223333
-0.2489136299362446 -0.24877777252249367
0.24877194835218858 0.248902613769087
-0.24889168614969825 -0.2487660373730332
0.24876003764474064 0.24888084418936085
-0.2488700860813579 -0.2487539558029459
0.24874779178046058 0.24885940893731595
-0.2488488118877381 -0.24874155127545083
0.24873523141022175 0.24883828829789711
-0.24882784104567868 -0.2487288397559445
0.2487223771808434 0.24881746349669942
-0.24880715665596387 -0.2487158456358245
0.24870924505223424 0.24879691763594258
-0.2487867427592801 -0.2487025792538291
0.24869585098112257 0.2487766319484866
-0.24876658433593551 -0.24868906124776918
0.2486822099846161 0.24875659328932942
-0.24874666356009367 -0.24867530569644242
0.2486683408223163 0.24873678477066463
-0.2487269654183888 -0.24866132667593543
0.24865425569596333 0.248717194189573
-0.24870747770930307 -0.2486471391957238
0.24863996867731453 0.24869780560057703
-0.24868818448891566 -0.2486327563899402
0.24862549383538768 0.2486786058699526
-0.24866907543332684 -0.2486181923262331
0.24861084430017616 0.24865958373875935
-0.24865013554025556 -0.24860345826115127
0.24859602945497095 0.24864072514218516
-0.24863135636264022 -0.24858856544909635
0.24858106148909148 0.24862202163416436
-0.24861272664714262 -0.24857352420619244
0.2485659488457458 0.2486034638343368
-0.2485942370145222 -0.24855834391059706
0.24855070558160303 0.24858503862080283
-0.2485758734081469 -0.24854303674618822
0.24853533826421936 0.24856673755325198
-0.24855763206777332 -0.24852761115126198
0.24851985533120663 0.24854855406450865
-0.248539500812482 -0.24851207275528392
0.24850426615428822 0.24853047784607196
-0.24852147682021575 -0.24849643280056322
0.24848857729629625 0.24851250139827114
-0.248503547913628 -0.24848069691361352
0.24847279531894373 0.24849461815853047
-0.24848570940206516 -0.24846487352639346
0.24845692958901672 0.24847682063003734
-0.24846795191840726 -0.24844896732735927
0.24844098572976853 0.24845910318839826
-0.24845027170984135 -0.24843298581022677
0.24842496842791695 0.24844145927492006
-0.2484326640889452 -0.24841693553186717
0.2484088842398366 0.24842388420280098
-0.2484151206281136 -0.24840081837147143
0.24839273785019694 0.2484063723510314
-0.24839763851274704 -0.24838464181918818
0.2483765330075049 0.24838891903482702
-0.24838021305849556 -0.24836841242844632
0.24836027626487944 0.24837151770005583
-0.24836283958187816 -0.24835213207598594
0.24834396949884302 0.24835416740432126
-0.24834551340043692 -0.24833580263814342
0.24832761926056218 0.24833686440042957
-0.24832823170248958 -0.2483194325356211
0.24831122742516487 0.24831960307193063
-0.24831099074205126 -0.24830302083843736
0.24829479773719076 0.24830238060828902
-0.24829378770871136 -0.24828657409556026
0.2482783330056063 0.24828519419940392
-0.24827661792307998 -0.2482700941806925
0.24826183790835749 0.24826804010102588
-0.24825947951081623 -0.2482535839019338
0.24824531338366662 0.24825091643903086
-0.24824236966333707 -0.2482370460667957
0.24822876223885965 0.2482338194704079
-0.2482252855726172 -0.24822048161309784
0.2482121872807056 0.24821674919119036
-0.24820822723475233 -0.2482038961510496
0.24819558944634368 0.24819970092477528
-0.24819119184242971 -0.24818728874849988
0.24817896967278885 0.24818267653667364
-0.24817417752335313 -0.24817066034224733
0.24816233356873635 0.2481656694826308
-0.2481571796024657 -0.24815401467209852
0.24814568113590724 0.24814868256283573
-0.24814019901143852 -0.24813735267407966
0.2481290123759911 0.24813171203709355
-0.24812323574751488 -0.24812067621833683
0.24811232915904136 0.24811475510019476
-0.2481062870054238 -0.24810398717467635
0.24809563335477175 0.2480978126839976
-0.24808935091457068 -0.24808728554426296
0.24807892776658458 0.24808088291796965
-0.24807242467067286 -0.24807057413040617
0.24806221239533577 0.2480639639319181
-0.24805551013992688 -0.24805385106599886
0.2480454863078843 0.2480470557240148
-0.24803860638641534 -0.248037121021697
0.24802875230683058 0.2480301573584046
-0.24802171154050207 -0.24802038119636532
0.24801200945894086 0.24801326883335312
-0.24800482560057624 -0.24800363625976635
0.24799526056619914 0.2479963845444692
-0.24798794763121557 -0.2479868852784507
0.24797850562890678 0.24797950915926548
-0.24797107576355548 -0.2479701273190305
0.24796174464742643 0.24796263987518874
-0.24795420999635653 -0.24795336518281247
0.2479449794892527 0.24794577762450393
-0.24793735032831798 -0.2479365979362858
0.2479282092209364 0.2479289205387789
-0.24792049582469688 -0.2479198246462167
0.2479114366430457 0.24791206955037204
-0.2479036446174619 -0.24790304904661614
0.2478946608220392 0.24789522185777857
-0.24788679950579612 -0.2478862702039737
0.24787787895785934 0.24787838026008946
-0.24786996048846233 -0.24786948718490204
0.24786109385064387 0.2478615419562315
-0.24785312476444904 -0.2478527009227765
0.24784430736678054 0.24784470694533728
-0.24783629139966157 -0.2478359142170894
0.2478275195059868 0.2478278742933121
-0.2478194603933252 -0.24781912613430013
0.2478107312010545 0.2478110458655292
-0.2478026317446348 -0.24780233574102206
0.24779393965251095 0.2477942188619009
-0.2477858063858595 -0.24778554303715772
0.24777714672625262 0.24777739701364127
-0.2477689833831519 -0.24776874895540713
0.24776035428777698 0.2477605737892895
-0.2477521627356774 -0.24775195629418822
0.24774355860518332 0.24774375385273523
-0.24773534537552178 -0.24773516132153867
0.24772676247676678 0.24772693533754947
-0.24771852943625644 -0.2477183659028338
0.24770996496941844 0.24771012010849325
-0.2477017149172624 -0.24770156910493385
0.24769316794817625 0.24769330536670936
-0.24768489995263365 -0.24768477186023308
0.24767637234512735 0.24767649297686734
-0.24766808827217418 -0.24766797510084937
0.24765957442941572 0.247659681073092
-0.24765127707751866 -0.24765117789376678
0.24764277793081563 0.24764287151980818
-0.24763446730054012 -0.24763437930612286
0.24762598005142222 0.24762606338384668
-0.24761765894062132 -0.24761758120240424
0.247609182655661 0.24760925479985468
-0.24760085199708415 -0.2476007835821168
0.24759238481070084 0.24759244949656445
-0.247584045537036 -0.24758398644464408
0.24757558744838531 0.24757564374413332
-0.2475672395599527 -0.24756718792512467
0.24755879056819025 0.24755883847440485
-0.2475504368616782 -0.2475503908197091
0.24754199230531593 0.2475420355510088
-0.24753363371304477 -0.2475335932635363
0.2475251954556681 0.2475252321770532
-0.247516831977652 -0.2475167971202673
0.24750839722263102 0.24750843021607655
-0.24750003165488466 -0.24750000052531707
0.2474916004016825 0.247491628735525
-0.24748323181215848 -0.24748320441019372
0.24747480219660517 0.24747482866672277
-0.24746643244901217 -0.24746640691071115
0.24745800633432657 0.2474580318726276
-0.24744963356486205 -0.24744961082182704
0.2474412118822938 0.24744123183015454
-0.24743283422746137 -0.2474328161429889
0.24742441697653528 0.24742443412934423
-0.24741603629973796 -0.247416020078562
0.24740762254825438 0.247407637837828
-0.24739923978101735 -0.24739922542301557
0.24739082766535792 0.2473908420233597
-0.2473824437391453 -0.24738243031265417
0.2473740341904379 0.24737404761692905
-0.24736564910501985 -0.2473656356785287
0.24735723932853337 0.24735725275502451
-0.24734885401525186 -0.2473488424515375
0.2473404468048913 0.24734045743724786
-0.24733205940074 -0.2473320515623652
0.24732365382479576 0.24732366259446725
-0.24731526526099473 -0.24731525835385554
0.2473068622503507 0.2473068691574899
-0.24729847252667064 -0.24729846748194162
0.24729007021850424 0.2472900761944078
-0.24728168119712618 -0.24728167522122263
0.24727327865997256 0.2472732846358761
-0.2472648903406064 -0.24726488436470284
0.24725648943634143 0.24725649448119258
-0.2472480980944875 -0.24724809304963635
0.2472396978918911 0.24723970293674224
-0.2472313091134518 -0.24723130406860067
0.2472229077501904 0.24722291279504155
-0.24721451967289337 -0.24721451462804223
0.24720611714886054 0.24720612312458096
-0.24719773163415476 -0.24719772658927308
0.24718932887993017 0.24718933392481185
-0.24718094220417125 -0.24718093809006736
0.24717254108114317 0.24717254519524706
-0.2471641532441638 -0.2471641500607767
0.24715575468266826 0.24715575693536912
-0.24714736568424034 -0.24714736343153948
0.2471389668919295 0.24713897007525565
-0.24713057952379242 -0.24713057727106108
0.24712218050037738 0.2471221827531087
-0.24711379290105262 -0.24711379064832129
0.24710539364636652 0.24710539589909786
-0.2470970086071061 -0.24709700542390184
0.24708860819035688 0.24708861137356114
-0.24708022198904167 -0.24708021880583741
0.2470718241317716 0.24707182731497584
-0.2470634376985249 -0.24706343544567172
0.24705503867891976 0.24705504186209354
-0.24704665480450655 -0.24704665069104265
0.24703825462233897 0.24703825780554323
-0.24702987051560077 -0.24702986826262574
0.2470214710312239 0.24702147328419893
-0.24701308855227028 -0.24701308536912692
0.24700468790499863 0.247004691088142
-0.24699630519326604 -0.24699630294023012
0.24698790710336344 0.24698790935639936
-0.24697952322845668 -0.24697952004537416
0.24697112583542058 0.24697112715847075
-0.2469627417272205 -0.24696274040417032
0.2469543441008082 0.24695434542385836
-0.24694596068907387 -0.24694596029594856
0.24693756375895337 0.24693756508197312
-0.24692918104333678 -0.24692917972031703
0.2469207838793263 0.24692078520234606
-0.2469124018595404 -0.2469123996067174
0.246904003531641 0.2469040067142368
-0.24689562220745953 -0.24689561995460618
0.24688722457499074 0.2468872268278441
-0.2468788448757478 -0.24687884262289445
0.24687044514934758 0.24687044833185218
-0.24686206707475633 -0.24686206389225174
0.24685366804315267 0.2468536702960668
-0.24684528973362424 -0.2468452874807101
0.24683689046700086 0.24683689179038526
-0.24682851192237032 -0.2468285096694866
0.2468201142795004 0.24682011653238412
-0.24681173549948143 -0.24681173324659772
0.2468033385505491 0.2468033408034328
-0.24679495953491637 -0.24679495728203266
0.2467865642089831 0.24678656460317178
-0.24677818309881638 -0.24677818177531052
0.24676978939559613 0.24676978978981517
-0.24676140804936536 -0.24676140672588992
0.24675301503922498 0.24675301636270042
-0.24674463345670516 -0.24674463213322972
0.246736241139359 0.24673624246283443
-0.24672785932032532 -0.24672785799684988
0.2467194686245926 0.24671946994806804
-0.24671108656875962 -0.24671108524528418
0.24670269563614555 0.24670269510153287
-0.24669431241433565 -0.24669431201993464
0.24668592403168726 0.24668592442608828
-0.24667754057262903 -0.24667754017822802
0.2466691510237276 0.2466691523470514
-0.24666076918510293 -0.24666076786177915
0.24665238032750914 0.24665238165083292
-0.2466439973223557 -0.24664399785669555
0.24663561194224992 0.2466356104791086
-0.2466272249839696 -0.2466272273758821
0.2466188421522051 0.24661883976029259
-0.24661045588449038 -0.24661045827640288
0.2466020718857585 0.2466020704225263
-0.24659368630838574 -0.24659368777161794
0.2465853039284429 0.24658530153659097
-0.24657691625523842 -0.2465769195756798
0.2465685354938006 0.24656853310191834
-0.24656014943883775 -0.24656015090219113
0.24655176658138434 0.24655176511803095
-0.24654338214437926 -0.24654338360773265
0.2465349990477445 0.24653499758439112
-0.24652661437147683 -0.2465266158348302
0.24651823382063054 0.24651823142889967
-0.2465098470480615 -0.24650984851144514
0.246501467185965 0.24650146572258136
-0.24649308017368715 -0.2464930816370708
0.24648470285656987 0.24648470139318623
-0.24647631374778683 -0.24647631613939663
0.24646793804704847 0.24646793565543867
-0.24645954869805037 -0.24645955201782582
0.24645117275701584 0.24645116943724038
-0.24644278409574571 -0.24644278834362637
0.2464344088422673 0.24643440459438665
-0.24642602086838167 -0.24642602418821757
0.2464176444460871 0.2464176420542657
-0.24640925808734787 -0.24640926047916928
0.24640088049607523 0.24640087903220786
-0.24639249575213912 -0.24639249721600648
0.24638411791962034 0.24638411645575298
-0.24637573479008384 -0.2463757362539512
0.24636735486037015 0.2463673533965028
-0.24635897241714783 -0.2463589738810152
0.24635059317357716 0.2463505917097098
-0.24634221141632645 -0.2463422128801938
0.24633383378626833 0.24633383139468862
-0.24632544900385772 -0.2463254523231196
0.24631707484239446 0.24631707059548064
-0.246308688890027 -0.2463086912816973
0.24630031355861687 0.24630031209453812
-0.24629192921899667 -0.24629193068307542
0.2462835527174786 0.2462835540359934
-0.24627517370026758 -0.24627517145425182
0.2462667913908851 0.24626679363690085
-0.24625841584067892 -0.24625841359466316
0.2462500342156273 0.24625003460682215
-0.2462416565674403 -0.24624165710362572
0.24623327655390892 0.24623327787242377
-0.2462248995896611 -0.24622489919846619
0.24621651933260802 0.24621651972380293
-0.2462081430520182 -0.24620814358808296
0.24619976347845224 0.24619976201515797
-0.24619138602678026 -0.24619138656287515
0.24618300713648072 0.246183007527555
-0.24617462944076574 -0.24617463090396952
0.24616625308766965 0.24616625069735698
-0.24615787422049173 -0.24615787568372566
0.24614949762299165 0.24614949615975773
-0.2461411185113298 -0.24614112090158224
0.24613274445023092 0.24613274205997848
-0.246124364166786 -0.24612436563008022
0.2461159907877709 0.24611598747062047
-0.24610761025934141 -0.24610761357649186
0.24609923756212987 0.2460992323912437
-0.2460908567884958 -0.24609086103254418
0.24608248477280753 0.24608248145556683
-0.2460741037537491 -0.2460741070709898
0.24606573149255678 0.24606573002881094
-0.24605735300806642 -0.24605735354509495
0.24604897957434274 0.2460489790373142
-0.2460406008439886 -0.24604060138101713
0.2460322290175757 0.24603222755392018
-0.24602385004107835 -0.24602385150473388
0.24601547796844248 0.24601547650478695
-0.24600709967217943 -0.24600710020929822
0.2459987273531014 0.24599872681598262
-0.2459903506632698 -0.24599035027391197
0.24598197717102382 0.24598197756038165
-0.2459736020872843 -0.2459736007715101
0.24596522834809798 0.24596522781109947
-0.24595685209098223 -0.24595685262798073
0.24594847995740926 0.24594848034673694
-0.24594010252675863 -0.2459401030637271
0.24593173199846002 0.24593173238775767
-0.24592335617282401 -0.24592335393105436
0.24591498354445673 0.24591498671243234
-0.24590660839738065 -0.24590660522940505
0.24589823644740416 0.24589824054152565
-0.2458898619785495 -0.24588985788442802
0.24588149070662513 0.24588149480074661
-0.24587311506354198 -0.24587311189547623
0.2458647453954771 0.24586474856354285
-0.24585636950400308 -0.24585636633593733
0.24584799958746806 0.2458480027555338
-0.24583962437338075 -0.245839621205315
0.24583125513406323 0.24583125645031784
-0.2458228805970244 -0.2458228792807698
0.24581451018289552 0.2458145105733046
-0.24580613632268739 -0.2458061359322783
0.24579776565943484 0.24579776512405843
-0.24578939340153516 -0.24578939393691157
0.24578102156315584 0.24578102102777943
-0.24577265183292252 -0.24577265144260346
0.245764276967868 0.24576427828385256
-0.24575590976496353 -0.245755908448979
0.24574753465007287 0.24574753596605742
-0.2457391681228291 -0.24573916588126904
0.24573079368343043 0.24573079592499047
-0.2457224259804791 -0.24572242373891906
0.2457140522163554 0.24571405445791544
-0.2457056861139661 -0.24570568387240604
0.2456973102484437 0.24569731341542927
-0.24568894667173502 -0.24568894257935386
0.24568056963008267 0.24568057372246382
-0.24567220672792678 -0.24567220356088126
0.24566383128596458 0.24566383352770443
-0.2456554662821378 -0.24565546404039795
0.24564709243958927 0.24564709468132911
-0.24563872718448637 -0.24563872586796232
0.2456303549409552 0.24563035533229344
-0.24562198850914402 -0.24562198811780578
0.24561361693916806 0.2456136173305063
-0.24560525118074406 -0.24560525078940582
0.24559688028398724 0.24559687975025946
-0.2455885124235062 -0.245588512957234
0.2455801440498246 0.2455801435160968
-0.2455717759371427 -0.24557177647087047
0.2455634063862357 0.2455634067774542
-0.24555503987108945 -0.24555503947987095
0.24554667191746044 0.24554667138379255
-0.24553830329990872 -0.2455383038335766
0.24552993694328196 0.24552993733444067
-0.24552156714808526 -0.24552156768172317
0.24551320238812563 0.24551320185448772
-0.2455048341893386 -0.24550483379823967
0.24549646825141075 0.24549646771780276
-0.24548809887466733 -0.24548809940827532
0.24547973360808917 0.24547973399912826
-0.24547136490252813 -0.24547136636072342
0.24546300123155224 0.24546300069794424
-0.24545463227222147 -0.24545463280582946
0.24544626927192587 0.24544626688926285
-0.24543789913411268 -0.2454379015167757
0.24542953587981453 0.24542953534608702
-0.24542116826123483 -0.24542116787052448
0.2454128038281917 0.24541280514331004
-0.24540443780401355 -0.2454044364888952
0.24539607126772223 0.24539607350718878
-0.24538770868630772 -0.24538770552252281
0.2453793400466135 0.24537934413468687
-0.24537097721041495 -0.2453709740466002
0.24536261108854562 0.24536261332813164
-0.2453542479972291 -0.24535424668184197
0.24534588069599567 0.24534588293555182
-0.2453375191977446 -0.24533751695818845
0.24532915071699235 0.24532915388065785
-0.2453207908114734 -0.2453207876478079
0.2453124220750974 0.24531242616281257
-0.24530406191387777 -0.24530405875018235
0.2452956947697037 0.24529569793339911
-0.24528733342854953 -0.24528733211277431
0.2452789688001744 0.24527896919201936
-0.24527060627887187 -0.24527060588702693
0.24526224139423158 0.24526224178607653
-0.24525387861658676 -0.24525387822474182
0.24524551624696006 0.245245516638805
-0.2452371513650778 -0.24523715282079517
0.24522878966256967 0.2452287882068523
-0.24522042637136104 -0.24522042875079997
0.24521206441188748 0.24521206295614023
-0.24520370086363646 -0.24520370324304563
0.2451953414179402 0.2451953381148989
-0.24518697576510973 -0.24518697814454876
0.24517861698565369 0.24517861460621465
-0.24517025107535467 -0.2451702534547937
0.24516189388537907 0.24516189150594003
-0.24515352679385577 -0.2451535291732948
0.24514517119302864 0.2451451688135896
-0.24513680199670418 -0.24513680529956672
0.24512844983154064 0.24512844560528435
-0.2451200794536259 -0.2451200836798822
0.2451117279535533 0.24511172280396282
-0.24510335824056373 -0.24510336154354534
0.24509500371215176 0.24509500133244477
-0.2450866392802183 -0.24508663889019067
0.24507828080009914 0.24507828119012676
-0.24506991887903656 -0.24506991756582364
0.24506155921682177 0.2450615605300347
-0.2450531988830541 -0.24505319756984117
0.245044838961687 0.24504484027489992
-0.2450364783686909 -0.24503647797854433
0.24502812003409224 0.24502812042423883
-0.2450197591815962 -0.2450197587914496
0.24501140058742132 0.2450114009775679
-0.2450030403982203 -0.2450030400080737
0.24499468154425746 0.24499468193440405
-0.24498632109519236 -0.24498632255082153
0.2449779656727219 0.24497796237137642
-0.24496960311774596 -0.24496960457343459
0.24496124651226553 0.24496124597937563
-0.2449528873881377 -0.24495288699825862
0.24494452775389797 0.24494452906651631
-0.24493617021475012 -0.24493616982484134
0.24492781216523601 0.24492781255514479
-0.24491945436525947 -0.24491945489800082
0.2449110960548408 0.24491109552209944
-0.24490273799388385 -0.24490273944921587
0.24489438034496985 0.24489437981219886
-0.24488602386788416 -0.24488602347812383
0.24487766503508246 0.24487766450234122
-0.24486930829659453 -0.2448693097518077
0.24486095012475695 0.244860949591986
-0.24485259496948097 -0.2448525955022519
0.24484423561345314 0.24484423415829937
-0.24483588019635333 -0.2448358816515071
0.2448275233453966 0.24482752189024282
-0.24481916674385001 -0.2448191681990038
0.2448108123975165 0.24481081002009858
-0.24480245276684376 -0.2448024551442617
0.2447941000025997 0.24479409762518178
-0.24478574103158768 -0.2447857424868305
0.2447773870825492 0.2447773856273064
-0.24476903061521937 -0.24476903022623053
0.2447606754811763 0.24476067494807896
-0.24475231875091186 -0.24475232020606574
0.2447439651979127 0.24474396282073196
-0.24473560912644177 -0.2447356096596281
0.2447272543881367 0.2447272529329828
-0.24471889897524945 -0.24471889858652746
0.24471054397345565 0.24471054344026938
-0.24470218921888304 -0.2447021897520693
0.24469383487524 0.24469383434205372
-0.2446854789350153 -0.2446854813118403
0.24467712709289274 0.24467712471606773
-0.2446687699668066 -0.2446687714218715
0.24466041878229727 0.2446604164055019
-0.2446520623136605 -0.24465206469045586
0.2446437099430942 0.24464370756629883
-0.24463535597498093 -0.24463535743013465
0.2446270024181485 0.24462700096299478
-0.24461864910694792 -0.24461865056210164
0.24461029436375875 0.24461029383015787
-0.24460194263078516 -0.24460194316438605
0.24459358946557047 0.24459358893196959
-0.2445852365459269 -0.2445852361580637
0.24457688311549075 0.24457688258191945
-0.24456853177336046 -0.24456853138552692
0.24456017715605977 0.2445601775438933
-0.24455182646977036 -0.24455182608193682
0.244543472508147 0.24454347289598055
-0.2445351206347985 -0.2445351211682515
0.24452677009241497 0.24452676955896196
-0.24451841611051256 -0.24451841664396556
0.2445100653020737 0.24451006568981848
-0.24450171473871418 -0.2445017143509694
0.24449336182155695 0.24449336128816307
-0.2444850119129094 -0.2444850115251942
0.24447665872922142 0.24447665819585707
-0.24446830947501857 -0.24446831000838293
0.24445995602459192 0.244459956412248
-0.2444516083455578 -0.24445160703691082
0.24444325370716413 0.24444325593677246
-0.24443490668204093 -0.24443490537336443
0.24442655269739544 0.24442655400607194
-0.2444182054049846 -0.2444182050171808
0.24440985207382054 0.2444098533824675
-0.24440150543472822 -0.24440150504689484
0.2443931518359359 0.24439315222376928
-0.2443848049291411 -0.24438480362055315
0.24437645290402232 0.24437645513333534
-0.24436810572925882 -0.2443681034999458
0.24435975343609712 0.24435975566541013
-0.2443514069138532 -0.24435140376390374
0.24434305527304873 0.24434305934360517
-0.24433470848242178 -0.24433470533244278
0.24432635749370835 0.24432635972313937
-0.24431801043449158 -0.24431800820506056
0.2443096600976033 0.24430966140654536
-0.24430131276958988 -0.24430131146064782
0.24429296308426113 0.24429296255234328
-0.24428461548724445 -0.24428461693956277
0.24427626645320955 0.24427626500089122
-0.2442679195073244 -0.24426792095964273
0.24425956928363496 0.24425956875162863
-0.24425122390895754 -0.24425122536124638
0.2442428743359722 0.2442428738039364
-0.2442345277713896 -0.2442345283034254
0.24422617976909616 0.24422617923706036
-0.2442178329346258 -0.24421783254649698
0.24420948558250627 0.24420948505049989
-0.24420113939804766 -0.24420113900994833
0.24419279085562556 0.24419279032364866
-0.24418444532097294 -0.2441844449329031
0.2441760974281948 0.244176098736282
-0.24416775254302442 -0.24416775123493722
0.2441594052995667 0.24415940476773712
-0.24415105738383924 -0.2441510588355978
0.2441427135493126 0.24414271209755406
-0.2441343653626093 -0.24413436589449777
0.24412602033719283 0.24412602072514494
-0.24411767463885953 -0.24411767333109624
0.24410932842234784 0.24410932973011112
-0.2441009842921914 -0.2441009820646758
0.244092636884438 0.2440926381922307
-0.24408429340244203 -0.24408429209464932
0.24407594572302355 0.24407594795048032
-0.24406760288892393 -0.2440676025007364
0.2440592567768457 0.244059256245428
-0.24405091275110935 -0.24405091328252704
0.24404256728650248 0.24404256767463117
-0.2440342239080761 -0.24403422260043045
0.24402587817113047 0.24402587855928853
-0.24401753452029235 -0.24401753413213428
0.24400918943029076 0.24400919073787763
-0.24400084734563504 -0.24400084511864883
0.2439925010634566 0.2439925032904428
-0.2439841587059799 -0.24398415831767484
0.2439758149088413 0.24397581529714635
-0.2439674713589398 -0.24396747005135294
0.24395912728864427 0.24395912859623115
-0.24395078438473633 -0.2439507839963725
0.24394244096027307 0.2439424413486369
-0.24393409870203686 -0.24393409739450878
0.2439257540848147 0.2439257553923428
-0.2439174143102571 -0.2439174120836235
0.24390906758099584 0.24390906980762944
-0.2439007293706899 -0.2439007271440563
0.24389238236739674 0.24389238367501292
-0.2438840438829863 -0.2438840425753701
0.24387570028135114 0.24387569975104983
-0.24386735784673874 -0.24386735837704004
0.24385901580858177 0.24385901527828047
-0.24385067585606962 -0.24385067638637092
0.2438423317054697 0.24384233025632707
-0.24383399239705417 -0.24383399292738483
0.2438256488903907 0.24382564836006004
-0.2438173093069978 -0.24381730983732847
0.24380896644400868 0.243808965913678
-0.24380062658543522 -0.2438006271157659
0.2437922852845239 0.24379228383552787
-0.2437839451505081 -0.24378394384359614
0.24377560265547554 0.2437756039623875
-0.24376726316450897 -0.243767261857597
0.2437589231494618 0.2437589235378257
-0.2437505824640696 -0.2437505820757057
0.24374224309159143 0.24374224347995532
-0.24373390213014828 -0.24373390082332425
0.2437255615631162 0.24372556286994024
-0.24371722308074112 -0.24371722085551561
0.2437088822373248 0.2437088853809225
-0.24370054347849357 -0.24370054033489585
0.243692202358549 0.2436922055021467
-0.2436838660779707 -0.24368386201608866
0.24367552376292345 0.24367552598829545
-0.24366718720548408 -0.24366718589833786
0.2436588455317007 0.24365884775704338
-0.24365050961536527 -0.24365050739002259
0.24364216858252624 0.24364217080786893
-0.2436338333069758 -0.24363383016352447
0.24362549199668265 0.2436254942220546
-0.24361715460750633 -0.24361715146408425
0.24360881485577446 0.24360881799919654
-0.2436004799429038 -0.2436004767994817
0.24359213807733104 0.24359214213871544
-0.2435838028865896 -0.24358379974313826
0.24357546349678583 0.24357546664023716
-0.24356712802785513 -0.24356712580227835
0.24355878835979028 0.24355879058536706
-0.24355045261252722 -0.2435504513047665
0.2435421154194189 0.24354211672717963
-0.24353377664023235 -0.24353377716798674
0.2435254419217623 0.24352544231173623
-0.24351710378148134 -0.24351710247380826
0.243508767866418 0.2435087691740911
-0.24350043220012274 -0.24350043089244966
0.2434920941706537 0.2434920954783268
-0.24348375822522117 -0.24348375783513027
0.24347542266920252 0.24347542214174045
-0.24346708460926741 -0.24346708605425327
0.24345875152632301 0.24345874916384264
-0.24345041226926672 -0.2434504146317471
0.24344207982408989 0.2434420774616095
-0.2434337421220492 -0.24343374356712266
0.24342540847950866 0.24342540611705749
-0.24341707141481783 -0.243417071942572
0.2434087365748298 0.24340873696439497
-0.2434004010645785 -0.24340040159230347
0.24339206686152276 0.24339206633379779
-0.243383730153582 -0.2433837325157704
0.2433753975044608 0.24337539605947495
-0.24336706051586193 -0.24336706287802112
0.24335872942030012 0.24335872797528513
-0.24335039306789968 -0.24335039359579969
0.24334205985712049 0.24334205841213463
-0.24333372414077686 -0.24333372558576272
0.2433253915658961 0.24332539012091026
-0.24331705740229104 -0.2433170588472769
0.24330872362899575 0.24330872126704073
-0.2433003910178127 -0.24330039154588778
0.24329205512905067 0.24329205551788635
-0.24328372498691347 -0.24328372276431443
0.24327538881630661 0.24327539012205318
-0.2432670583922541 -0.2432670561696842
0.2432587228564556 0.24325872416223132
-0.24325039215028832 -0.24325038992774756
0.2432420563323045 0.24324205947158117
-0.24323372717729502 -0.24323372403801835
0.2432253919935461 0.24322539329946752
-0.24321706072266808 -0.24321706033339519
0.24320872708963248 0.24320872747890537
-0.24320039645263247 -0.24320039606335958
0.243192063453317 0.2431920629260288
-0.24318373253334746 -0.24318373306063568
0.24317540016749506 0.24317539872370397
-0.2431670680478834 -0.2431670694916745
0.2431587372317398 0.24315873578794872
-0.2431504066615922 -0.24315040718896774
0.24314207372912205 0.2431420722853601
-0.2431337447081816 -0.24313374523558623
0.2431254105756891 0.24312541004828447
-0.2431170821873418 -0.2431170836310455
0.24310874960355505 0.24310874907612134
-0.24310042001494603 -0.24310042054237974
0.24309208897955026 0.24309208845211655
-0.2430837591067222 -0.2430837596341559
0.24307542778703745 0.2430754281757574
-0.2430670976298503 -0.2430670981572549
0.24305876785792752 0.24305876824661837
-0.2430504383321916 -0.24305043885956712
0.24304210827552547 0.24304210683211264
-0.24303377846497637 -0.243033778992381
0.24302544995538566 0.24302544851200186
-0.24301711985976743 -0.24301712038720108
0.2430087901491168 0.24300878962168315
-0.243000461600132 -0.24300046212756565
0.2429921316041448 0.24299213107671114
-0.24298380368558764 -0.24298380329718744
0.2429754743198711 0.2429754747082713
-0.24296714611565218 -0.24296714389570045
0.24295881554845739 0.2429588168526624
-0.24295048888993082 -0.2429504875857258
0.24294215986818446 0.2429421602567009
-0.24293383200788388 -0.2429338307037079
0.24292550361564202 0.242925504919818
-0.24291717638468935 -0.24291717416491182
0.24290884770606647 0.2429088490102715
-0.24290052110420657 -0.24290051796891465
0.2428921912234912 0.24289219344326873
-0.24288386708149806 -0.24288386394623518
0.24287553508303705 0.24287553730284356
-0.24286721156968488 -0.24286720934987838
0.24285888203050532 0.24285888425031182
-0.24285055639925757 -0.24285055509482034
0.24284222748830797 0.2428422297080855
-0.2428339034004453 -0.24283390301129043
0.2428255732867906 0.24282557459122778
-0.2428172507420006 -0.24281724943756344
0.2428089203407266 0.2428089225603881
-0.2428005984234436 -0.2428005971189774
0.24279226864952047 0.24279226995398667
-0.24278394644429485 -0.24278394422469135
0.2427756172974685 0.24277561677174703
-0.2427672929739455 -0.24276729258458762
0.2427589671992289 0.2427589666735364
-0.24275064167229188 -0.24275064036794164
0.24274231469417928 0.24274231599852952
-0.24273399070875445 -0.24273398940440422
0.2427256643569769 0.24272566566132714
-0.24271733916792027 -0.242717339693381
0.24270901527203498 0.2427090156614508
-0.24270069070884615 -0.24270068940458273
0.24269236469421696 0.24269236599848037
-0.24268404167154772 -0.24268403945249467
0.24267571445291375 0.24267571850148822
-0.2426673938851847 -0.24266739075134197
0.2426590663770532 0.24265906768149037
-0.24265074551975802 -0.24265074238597317
0.24264241772199163 0.24264241994113162
-0.2426340984042249 -0.2426340961850849
0.24262577031657068 0.24262577162112364
-0.24261744887973125 -0.24261744848973638
0.2426091241602844 0.2426091236357501
-0.2426008006042351 -0.24260080295776987
0.24259247833804015 0.24259247689897673
-0.2425841544915866 -0.24258415684509238
0.24257583284933248 0.2425758304958267
-0.24256750779789543 -0.2425675092370167
0.24255918677938743 0.24255918625462175
-0.24255086235154127 -0.24255086196198022
0.24254254195646913 0.24254254234603018
-0.24253421815190385 -0.2425342168480739
0.24252589563723742 0.24252589785530732
-0.24251757337002738 -0.24251757206616859
0.2425092523924745 0.24250925461051548
-0.24250092983382987 -0.2425009276157889
0.24249260765064967 0.2424926089545663
-0.24248428662868288 -0.24248428532476624
0.24247596415380568 0.24247596545772232
-0.24246764375411145 -0.2424676424501948
0.24245932098734319 0.24245932229125983
-0.24245100120966984 -0.2424509999057532
0.24244267906476769 0.24244268036868433
-0.24243435899488358 -0.24243435769096694
0.24242603564380932 0.2424260387755126
-0.24241771893709407 -0.2424177158053908
0.2424093943795963 0.24240939659746402
-0.242401077380283 -0.24240107516241527
0.24239275344389694 0.24239275474798683
-0.242384436151792 -0.24238443576145113
0.2423761128362666 0.24237611414032761
-0.24236779525117658 -0.24236779486080684
0.24235947438358552 0.24235947386029283
-0.2423511546779346 -0.2423511561148609
0.2423428362579116 0.24234283390738054
-0.24233451443162202 -0.24233451678215306
0.24232619754525364 0.24232619428117552
-0.24231787542534183 -0.24231787868941995
0.24230955915877272 0.2423095558946946
-0.24230123765850625 -0.2423012400091238
0.24229292109799644 0.24229291783394719
-0.24228459839031896 -0.24228460165436821
0.24227628336253915 0.242276281011864
-0.24226796218735125 -0.2422679645380264
0.2422596450385548 0.24225964268787964
-0.24225132722218146 -0.2422513277462814
0.2422430079522334 0.24224300560161588
-0.24223468984127394 -0.24223469310512147
0.24222637210307485 0.2422263697524285
-0.24221805369727906 -0.24221805513475303
0.2422097374904637 0.24220973605298973
-0.2422014187895818 -0.24220141931394096
0.2421931013745271 0.24219309902399594
-0.2421847842045965 -0.24218478472901322
0.2421764655811679 0.24217646688280797
-0.24216814994188135 -0.2421681495532409
0.24215983102291516 0.24215983232452648
-0.24215151600096602 -0.24215151561229675
0.24214319769918358 0.24214319717493954
-0.24213488238138026 -0.2421348829056243
0.24212656469653226 0.24212656325943255
-0.2421182481698561 -0.24211824869412885
0.24210993201454906 0.2421099324030745
-0.24210161610440473 -0.2421016157158793
0.24209329965273546 0.2420933000412609
-0.2420849834461622 -0.2420849839703486
0.24207666852336307 0.24207666799917665
-0.24206835110745745 -0.24206835163164386
0.24206003771322204 0.24206003627640998
-0.24205172000044706 -0.2420517196120654
0.2420434063092755 0.24204340669765717
-0.2420350882994975 -0.2420350888236552
0.24202677704878794 0.24202677652463023
-0.24201845782921905 -0.24201845744089484
0.2420101471936441 0.24201014758196832
-0.24200182767663264 -0.24200182728830844
0.24199351765594412 0.24199351804426833
-0.2419851987536661 -0.24198519745297487
0.2419768866105435 0.2419768897359112
-0.2419685719721037 -0.24196856975904557
0.24196025770635632 0.24196025900713364
-0.24195194368215367 -0.24195194238137635
0.2419436291182674 0.2419436304190447
-0.241935315708054 -0.24193531531947132
0.24192700267017014 0.24192700214658686
-0.24191868896144597 -0.2419186876607548
0.2419103747128764 0.24191037510145907
-0.24190206161764594 -0.2419020603169834
0.2418937470703662 0.24189374928307988
-0.2418854364124266 -0.24188543419971292
0.24187712065413813 0.2418771228668518
-0.24186881060913967 -0.24186880748446093
0.2418604936397672 0.24186049676444593
-0.2418521851194274 -0.24185218290665633
0.24184386876259628 0.2418438727991254
-0.24183556085464575 -0.24183555590626632
0.24182724602187305 0.24182724823478752
-0.24181893416698486 -0.2418189319540704
0.2418106217699027 0.24181062215928856
-0.24180231052690948 -0.241802309225788
0.2417939978298631 0.2417939982192776
-0.24178568628683977 -0.24178568589742527
0.24177737420134665 0.2417773736791115
-0.2417690623581037 -0.24176906379195978
0.2417607517955095 0.2417607503616534
-0.2417524396518002 -0.24175244199722
0.24174412878867374 0.24174412644325394
-0.24173581634436614 -0.24173582051279874
0.24172750791500874 0.24172750374657614
-0.24171919516979917 -0.24171919933823177
0.24171088552805348 0.24171088409388225
-0.24170257521604288 -0.24170257573882226
0.24169426527308324 0.2416942629275775
-0.24168595374845814 -0.2416859551826293
0.24167764350421012 0.24167764389265078
-0.2416693335007855 -0.24166933311234484
0.24166102295500308 0.24166102425469244
-0.24165271356119844 -0.24165271226150908
0.24164440362488449 0.24164440401338239
-0.24163609484039672 -0.24163609354073595
0.2416277836909798 0.24162778499064058
-0.24161947460451483 -0.2416194742159597
0.24161116679736322 0.24161116718591835
-0.24160285649751262 -0.2416028561089575
0.24159454838801558 0.2415945478655509
-0.24158623687476272 -0.2415862392192098
0.24157793028477165 0.2415779288512872
-0.24156962120172165 -0.2415696217242721
0.24156131248708357 0.2415613101427223
-0.2415530031012464 -0.24155300635648452
0.24154469590545224 0.2415446926502141
-0.2415363862165828 -0.24153639038264058
0.2415280805392731 0.24152807728400638
-0.24151977054712642 -0.24151977289163068
0.2415114627450063 0.24151146131123596
-0.24150315518168214 -0.24150315661545246
0.24149484798670862 0.24149484564226148
-0.24148654011973186 -0.24148654155353078
0.24147823262104057 0.24147823118724165
-0.24146992536087208 -0.241469926794671
0.24146161846883796 0.24146161703503904
-0.24145331090464212 -0.24145331233844103
0.24144500370851546 0.241445003185222
-0.24143669675063884 -0.24143669818440916
0.24142839107112918 0.24142838963735885
-0.24142008289837363 -0.24142008524256375
0.24141177873517966 0.24141177639098954
-0.2414034693474153 -0.24140347169160542
0.24139516487956741 0.2413951634457115
-0.2413868588283068 -0.2413868593518571
0.2413785513246156 0.2413785508010653
-0.2413702476991949 -0.24137024731249668
0.24136193989036203 0.24136194027706026
-0.24135363504954316 -0.24135363466284493
0.241345328755822 0.24134532914252022
-0.24133702360960996 -0.24133702413304625
0.24132871792053667 0.24132871830720637
-0.24132041337882248 -0.24132041208207533
0.24131210647399876 0.2413121077707459
-0.24130380435663668 -0.24130380396990997
0.24129549714586812 0.2412954966226029
-0.24128719381253316 -0.24128719433579837
0.24127888902555233 0.24127888759235216
-0.2412705826562453 -0.24127058408944546
0.24126228029275204 0.24126227976942982
-0.24125397452691277 -0.241253975050235
0.24124567094709515 0.24124567042377293
-0.2412373666943301 -0.24123736812744484
0.24122906280782336 0.24122906137470862
-0.24122075915804003 -0.24122075968141926
0.2412124540549513 0.2412124544412791
-0.24120415282732116 -0.24120415244099336
0.2411958465074645 0.24119584598414223
-0.24118754679195265 -0.24118754549603166
0.24117923834560628 0.24117924055112044
-0.24117094105153475 -0.2411709397555853
0.24116263229769963 0.2411626335936491
-0.2411543337865672 -0.24115433340012554
0.24114602745360963 0.2411460278400513
-0.24113772681578016 -0.24113772733878935
0.24112942290334416 0.2411294232897574
-0.24112112195753405 -0.2411211215711208
0.24111281864641887 0.2411128190328321
-0.2411045173924431 -0.24110451609669276
0.24109621377309814 0.24109621415953986
-0.24108791312010858 -0.24108791364294707
0.24107961010160078 0.24107961048801407
-0.24107130914007552 -0.2410713096628856
0.24106300581296808 0.24106300619935295
-0.24105470727027867 -0.24105470597472733
0.24104640272513506 0.24104640311154835
-0.24103810387354047 -0.2410381043962368
0.24102979992850898 0.24102980031489385
-0.24102150167687736 -0.24102150038143966
0.24101319833165985 0.24101319962709755
-0.24100489795270513 -0.24100489756626342
0.24099659884304414 0.24099659832051834
-0.24098829633658203 -0.24098829685910783
0.240979996008431 0.24097999639481593
-0.24097169682791214 -0.24097169644152722
0.24096339437217607 0.24096339566741493
-0.24095509579065566 -0.24095509631306788
0.2409467957513634 0.24094679522895118
-0.24093849595089262 -0.24093849465576733
0.24093019469267157 0.24093019598779686
-0.24092189730814156 -0.24092189510430428
0.24091359483080776 0.24091359703464504
-0.24090529713584186 -0.24090529584065984
0.2408969961652624 0.2408969974604444
-0.24088869906821853 -0.2408886977730365
0.24088039778684256 0.24088039999059468
-0.24087209947039684 -0.24087209817518646
0.2408638015122077 0.24086380189890466
-0.24085550106763476 -0.24085550158942287
0.2408472037067954 0.24084720227655065
-0.24083890476785208 -0.24083890528966856
0.24083060618720892 0.24083060475699247
-0.24082230784522685 -0.2408223092754433
0.24081400895305338 0.2408140093395234
-0.24080571302442233 -0.24080571082132246
0.2407974120038488 0.2407974132986621
-0.24078911667169928 -0.24078911537688596
0.24078081624745895 0.24078081754227226
-0.24077252151149453 -0.24077252021668122
0.24076422077511794 0.24076422206993126
-0.24075592663509904 -0.24075592534028573
0.24074762558640328 0.2407476268812166
-0.24073933204209058 -0.24073933074727727
0.24073103158895265 0.24073103288376596
-0.24072273682398698 -0.24072273552917367
0.24071443787422758 0.24071444007704418
-0.24070614461240775 -0.24070614240959115
0.2406978435337747 0.24069784664453792
-0.24068955086694327 -0.24068954866409836
0.24068125219893066 0.24068125258599554
-0.2406729564952319 -0.24067295610816702
0.2406646611453776 0.24066466062460906
-0.2406563624047991 -0.24065636383337274
0.24064806946491774 0.24064806712856723
-0.24063977041074908 -0.24063977274709958
0.24063147715721495 0.24063147482086444
-0.24062318051240655 -0.2406231810333732
0.24061488422193344 0.24061488460863045
-0.24060659089382552 -0.24060659050712851
0.24059829338161554 0.24059829286070544
-0.2405899997393715 -0.2405899993527028
0.24058170191296302 0.2405817041147328
-0.24057340977150232 -0.24057340938477711
0.2405651134456449 0.24056511292487615
-0.24055681826717462 -0.2405568206028748
0.24054852525656162 0.2405485238282989
-0.24054022976329736 -0.2405402311915601
0.2405319364378279 0.24053193591694605
-0.2405236406296446 -0.2405236402431738
0.2405153478965183 0.2405153473756647
-0.24050705177323478 -0.24050705320138455
0.2404987605394816 0.24049875911133184
-0.24049046410086017 -0.24049046462177026
0.24048217255170656 0.2404821729380079
-0.24047387761198896 -0.24047387541132126
0.24046558393288747 0.24046558613355518
-0.24045729049183623 -0.24045729010542194
0.24044899740407072 0.240448997790485
-0.24044070455420868 -0.24044070326072414
0.2404324111504435 0.24043241244392805
-0.24042411798451951 -0.24042411669103497
0.24041582426463037 0.24041582737208606
-0.24040753350339222 -0.24040753039593654
0.24039923856015638 0.24039924076068292
-0.24039094838939595 -0.24039094618886941
0.24038265494336375 0.24038265623701754
-0.2403743626421978 -0.24037436044169946
0.24036607159994872 0.24036607198681448
-0.24035777716830964 -0.24035777678144388
0.24034948852949406 0.24034948710284004
-0.24034119287404604 -0.24034119430070006
0.2403329039181477 0.24033290339819718
-0.2403246115722562 -0.24032461118553144
0.24031631957898453 0.24031632087235638
-0.24030802872900603 -0.24030802743563418
0.24029973641823504 0.2402997368050162
-0.2402914461572579 -0.24029144577047673
0.24028315443534204 0.24028315572865755
-0.24027486385656743 -0.24027486256325192
0.24026657453622652 0.24026657401658602
-0.24025828182646242 -0.2402582805332032
0.24024999218808252 0.24024999348134174
-0.24024170097300496 -0.24024169967974573
0.24023341101635032 0.24023341230960954
-0.2402251203892734 -0.24022511909601418
0.24021682920785536 0.24021683140742361
-0.2402085409811615 -0.24020853878159326
0.24020025038730602 0.2402002507743689
-0.24019196002935517 -0.24019196054851683
0.24018367092913573 0.24018367040997407
-0.240175380252254 -0.2401753816775839
0.24016709173918238 0.24016709031385247
-0.24015880346152646 -0.24015880307463244
0.24015051191086312 0.24015051139167326
-0.24014222422003006 -0.24014222473921992
0.24013393416207146 0.24013393273685407
-0.240125646151714 -0.2401256475769314
0.24011735668014117 0.24011735525492378
-0.2401090674441373 -0.24010907068124104
0.24010078037060156 0.24010077622758275
-0.24009249081465933 -0.24009249405179123
0.24008420251526558 0.2400842001839925
-0.2400759153568111 -0.24007591768808417
0.24006762401977538 0.24006762350010746
-0.2400593392585177 -0.24005934068396007
0.24005104850687187 0.24005104798717586
-0.24004276342514036 -0.24004276394483637
0.24003447416434004 0.2400344727389539
-0.24002618604491416 -0.2400261892816244
0.24001790008604884 0.2400178968493386
-0.24000961074013055 -0.24000961397684079
0.2400013253659517 0.24000132303481925
-0.23999303841567404 -0.23999303893570711
0.2399847490981708 0.23998474948365933
-0.23997646454329957 -0.23997646325231753
0.23996817490449274 0.23996817619547478
-0.2399598909336944 -0.2399598905481497
0.23995160187881548 0.2399516022643602
-0.23994331849179995 -0.23994331720087403
0.2399350291152056 0.23993502950077839
-0.2399267445010888 -0.23992674502084105
0.23991845751860474 0.2399184569988525
-0.23991017167720913 -0.23991017219696137
0.2399018843727106 0.23990188566344012
-0.23989360092487827 -0.23989360053936154
0.23988531329807555 0.23988531187322276
-0.23987702862272164 -0.23987703095273116
0.23986874338893566 0.2398687401537975
-0.23986045748588292 -0.23986045981592047
0.23985217192949415 0.23985217050452917
-0.2398438875138672 -0.23984388803378764
0.23983560163464257 0.23983560020970562
-0.23982731689611914 -0.23982731922604456
0.23981903250385833 0.2398190301739329
-0.23981074744220543 -0.23981074886719844
0.23980246091694596 0.239802462206666
-0.2397941800565364 -0.23979417876681636
0.23978589230294972 0.23978589359266977
-0.23977761021423666 -0.23977760982933688
0.23976932394674694 0.23976932433164672
-0.23976104243913815 -0.23976104205423837
0.23975275675260843 0.23975275532803575
-0.23974447311169067 -0.23974447453626335
0.23973618981536077 0.23973618839078809
-0.23972790585037396 -0.23972790637029445
0.23971962132529057 0.23971962170999428
-0.2397113397499589 -0.239711338460659
0.23970305490051397 0.23970305618981386
-0.23969477300076053 -0.23969477171146064
0.23968648873134601 0.23968648911613366
-0.23967820560251024 -0.2396782052177226
0.2396699228174063 0.23966992320219394
-0.23966164026822473 -0.23966163897900883
0.239653358062631 0.23965335844744662
-0.2396450742840711 -0.2396450738992555
0.23963679265781174 0.23963679394697168
-0.23962851036275856 -0.23962850907359862
0.23962022931548976 0.23962022879607298
-0.23961194579076261 -0.23961194450165862
0.2396036626096114 0.23960366570718028
-0.23959538328054097 -0.2395953801829721
0.23958709977368475 0.2395871010629006
-0.23957881831055233 -0.23957881792548508
0.2395705362862245 0.23957053576717113
-0.23956225540130022 -0.2395622568244462
0.23955397395503697 0.2395539734359557
-0.23954569183996022 -0.23954569416711502
0.23953741277960378 0.23953741045244897
-0.2395291294341993 -0.2395291317613541
0.23952085004749218 0.2395208486242903
-0.23951256818352734 -0.23951256960672923
0.23950428847023847 0.23950428614313957
-0.23949600718350145 -0.23949600860673126
0.239487728047297 0.23948772572022603
-0.23947944462606136 -0.23947944785694558
0.239471167874393 0.23947116464350876
-0.23946288502986762 -0.23946288645323704
0.2394546061435781 0.23945460472020869
-0.23944632568304713 -0.239446326202715
0.239438045565747 0.23943804685342646
-0.2394297665851668 -0.2394297662011331
0.23942148704397287 0.23942148652438872
-0.23941320683217576 -0.23941320735175992
0.23940492786691348 0.23940492825089138
-0.23939665003797322 -0.2393966478469271
0.2393883689377262 0.2393883702252661
-0.2393800889739094 -0.23938008949332612
0.23937181115959644 0.23937181154363013
-0.2393635326744747 -0.239363532290441
0.23935525362844634 0.23935525220569076
-0.2393469757183671 -0.23934697623775592
0.23933869634389965 0.23933869582451084
-0.23933041810532213 -0.23933041862471094
0.23932213930558038 0.2393221396894747
-0.2393138616415859 -0.23931386035443636
0.23930558341628444 0.2393055838002066
-0.2392973045201885 -0.23929730413626632
0.2392890277723252 0.23928902815624736
-0.23928074945029731 -0.23928074906637514
0.23927247237324356 0.23927247185404982
-0.2392641937219664 -0.23926419424116013
0.2392559163156044 0.239255917602531
-0.2392476391410246 -0.2392476387571303
0.23923936140512508 0.2392393626920239
-0.23923108660987868 -0.2392310844200033
0.23922280583531058 0.23922280802518597
-0.239214531613271 -0.23921453122923747
0.2392062532175535 0.23920625450448008
-0.23919797776259422 -0.23919797737853288
0.2391896999396566 0.2391897012265553
-0.23918142415452537 -0.23918142377043622
0.2391731478069205 0.23917314819100965
-0.23916487259414249 -0.23916487130729946
0.23915659320784444 0.23915659630013958
-0.23914832037275446 -0.23914831818315757
0.23914004246116488 0.23914004465076177
-0.23913176839263017 -0.2391317671056759
0.2391234910528502 0.23912349324241927
-0.2391152175559832 -0.2391152153664141
0.2391069398851698 0.23910694117217968
-0.2390986651546793 -0.2390986647702008
0.2390903898602817 0.2390903902447602
-0.2390821138959952 -0.23908211441399246
0.23907384007517052 0.23907383955717326
-0.23906556377939125 -0.2390655642973885
0.23905728962701556 0.2390572891090183
-0.23904901480435586 -0.23904901441998855
0.23904074032020117 0.2390407407045685
-0.23903246516570414 -0.23903246478133683
0.2390241921542161 0.23902419163630223
-0.2390159157654006 -0.23901591538106104
0.23900764332407026 0.2390076428061842
-0.23899936750527107 -0.238999368925355
0.23899109473164531 0.23899109421373144
-0.23898281948263478 -0.23898282090269096
0.23897454637654159 0.23897454585859995
-0.23896627259917913 -0.23896627311712076
0.2389580000624501 0.23895799774039045
-0.2389497259522793 -0.23894972647027646
0.2389414521806803 0.23894145166268316
-0.23893317954159193 -0.23893317915761336
0.23892490543695477 0.23892490491898538
-0.2389166333666905 -0.2389166338846599
0.23890835983073605 0.23890835931276666
-0.238900086525284 -0.23890008704325338
0.2388918144596779 0.2388918139417085
-0.2388835408207312 -0.23888354043689136
0.2388752702251356 0.23887527060897545
-0.23886699535071387 -0.2388669940651203
0.23885872532312058 0.23885872570698813
-0.23885045191825832 -0.2388504506326925
0.23884217975331812 0.23884218103888394
-0.23883390691614603 -0.23883390653222303
0.23882563622037006 0.23882563570267795
-0.2388173639505507 -0.23881736536983017
0.23880909292042696 0.23880909150114749
-0.23880082031620214 -0.2388008208339497
0.23879254985311937 0.2387925493353718
-0.2387842778157947 -0.23878427743206576
0.23877600611657385 0.23877600559885392
-0.23876773554739966 -0.2387677369665407
0.23875946441471219 0.23875946389696456
-0.23875119351056495 -0.23875119312694687
0.23874292294418487 0.23874292332780295
-0.23873465170489405 -0.23873465222258627
0.23872638080331293 0.2387263802856207
-0.23871811103127327 -0.2387181106477106
0.2387098397942654 0.2387098401778281
-0.2387015714891405 -0.2387015684019792
0.23869329811413642 0.23869330030012587
-0.23868503037455663 -0.23868502818856718
0.2386767602683066 0.238676760652063
-0.2386684885883808 -0.23866848820462438
0.23866021994842646 0.23866022123324404
-0.2386519506356064 -0.23865194844975535
0.23864367895641664 0.2386436811422677
-0.23863541201042182 -0.2386354107255489
0.2386271408958499 0.23862714127977236
-0.23861887271248727 -0.23861887232856482
0.23861060216236346 0.2386106025462859
-0.23860233364244143 -0.23860233325851898
0.23859406455738053 0.23859406494130297
-0.23858579660148638 -0.23858579621756393
0.23857752717952851 0.23857752846423552
-0.23856925978743743 -0.23856925850273042
0.23856098912768386 0.23856099041239087
-0.23855272319992793 -0.23855272191522092
0.23854445220293863 0.23854445348764564
-0.23853618593788994 -0.23853618465318294
0.23852791640478843 0.23852791768949544
-0.2385196507028135 -0.2385196485175154
0.2385113808320825 0.23851138211681716
-0.23850311389188544 -0.2385031126071508
0.2384948454844827 0.23849484586870917
-0.23848657820643032 -0.23848657782220384
0.23847831126202113 0.2384783116462476
-0.2384700436458892 -0.2384700432616627
0.23846177636334354 0.23846177584717226
-0.23845350930938847 -0.23845350982555974
0.2384452416885376 0.23844524117236632
-0.2384369751965355 -0.2384369766130217
0.2384287072372106 0.23842870762129903
-0.23842044220719733 -0.2384204427233686
0.23841217300894257 0.2384121733930034
-0.2384039094406391 -0.2384039081563737
0.23839564080369496 0.23839564208796038
-0.23838737509611474 -0.238387375612148
0.2383791097207334 0.23837910920470012
-0.23837084277385734 -0.2383708432898906
0.23836257705927294 0.23836257654323967
-0.23835431067317642 -0.2383543111892097
0.23834604641924362 0.2383460450031989
-0.23833777879362533 -0.23833778110965392
0.23832951420015297 0.238329513684037
-0.23832124803479654 -0.23832124855091252
0.23831298400146267 0.23831298258544553
-0.23830471659635866 -0.2383047180123758
0.2382964531229954 0.23829645260682436
-0.23828818717754163 -0.23828818769371268
0.23827992156444305 0.23827992284785382
-0.23827165887794327 -0.23827165579500575
0.23826339202473257 0.2382633942079343
-0.23825512899785545 -0.23825512771436197
0.23824686360357245 0.23824686488706592
-0.23823859933644204 -0.23823859805294856
0.23823033540080912 0.23823033578467695
-0.23822206989331296 -0.23822206950944513
0.238213806516482 0.2382138077999204
-0.23820554336673494 -0.23820554118375348
0.23819727784977174 0.2381972800327532
-0.23818901525846536 -0.2381890130754839
0.23818075119926468 0.23818075158332525
-0.23817248736720092 -0.23817248698314036
0.2381642229666746 0.23816422425014055
-0.2381559614913628 -0.23815596110727477
0.23814769674923397 0.238147697133322
-0.23813943403294052 -0.23813943364885248
0.23813117074774287 0.2381311711318309
-0.23812290858889162 -0.23812290730553576
0.2381146431632768 0.2381146462451133
-0.23810638246096877 -0.2381063820767707
0.23809811939086156 0.23809811977505962
-0.23808985654796888 -0.23808985526461296
0.2380815940347769 0.2380815944190025
-0.2380733317486613 -0.2380733322635385
0.23806506979210817 0.2380650701763063
-0.23805680716344518 -0.2380568085773428
0.2380485448642891 0.23804854434941186
-0.23804028369095304 -0.2380402842058303
0.23803202015000724 0.23803202143306074
-0.23802376133065972 -0.2380237591486683
0.23801549744666822 0.2380154987297492
-0.23800723738533663 -0.23800723700113863
0.23799897495595407 0.23799897534015207
-0.237990713652527 -0.237990713268329
0.23798245267747753 0.23798245216287495
-0.237974191030617 -0.2379741915452196
0.23796593061082416 0.23796593009622158
-0.23795766862036416 -0.23795766913496674
0.23794941055298857 0.23794940913969526
-0.2379411464213269 -0.23794114783462023
0.23793288801013052 0.2379328865968372
-0.23792462623041788 -0.2379246276437112
0.23791636657654425 0.23791636426467
-0.23790810714839528 -0.23790810856171601
0.23789984445462675 0.23789984393983205
-0.23789158737776606 -0.23789158699406215
0.23788332433957016 0.2378833256217452
-0.23787506601978298 -0.23787506563605165
0.2378668044339366 0.23786680571608426
-0.237858547566279 -0.23785854628413133
0.2378502865339811 0.2378502860194059
-0.23784202752473227 -0.23784202714097347
0.2378337670458724 0.2378337683279378
-0.23782550948820336 -0.23782550730785873
0.2378172486642 0.23781725084454464
-0.23780898986310806 -0.23780898858098776
0.23780073138849672 0.23780073177242006
-0.23779247134381676 -0.23779247275623255
0.237784213421929 0.23778421290765533
-0.23777595482795005 -0.23777595534222373
0.23776769656036917 0.23776769424992078
-0.237759437620642 -0.23775943903303043
0.23775117900725806 0.2377511793909347
-0.237742920619678 -0.23774292023600135
0.237734662558304 0.23773466383995845
-0.23772640651849763 -0.23772640344094242
0.237718145417058 0.23771814759669024
-0.23770989082685562 -0.23770988864722337
0.2377016293790643 0.23770163066082833
-0.23769337444245547 -0.23769337316069145
0.23768511534164333 0.23768511662340736
-0.23767686005835414 -0.237676857878804
0.2376685997130482 0.23766860279035712
-0.23766034587848667 -0.2376603436989091
0.23765208518628145 0.23765208646815505
-0.23764383010708928 -0.23764383151824559
0.2376355726585273 0.237635571247371
-0.23762731543686383 -0.23762731684802013
0.2376190603339129 0.2376190589227566
-0.2376108018672906 -0.23761080238087973
0.2376025464169485 0.23760254590335939
-0.23759429119293024 -0.23759428991149434
0.23758603180492832 0.23758603398384942
-0.2375777789257285 -0.23757777584934958
0.23756952008738358 0.23756952136890153
-0.23756126506549463 -0.23756126468137984
0.23755300946882507 0.23755300805818824
-0.23754475230413824 -0.23754475281742654
0.23753649815406475 0.23753649764077645
-0.23752824153846203 -0.23752824115445648
0.2375199870400696 0.23751998742407515
-0.23751173097333278 -0.23751172969208806
0.23750347522924636 0.23750347651049108
-0.23749522060839673 -0.2374952202243365
0.23748696541282205 0.23748696579688228
-0.23747870954608796 -0.23747870916202773
0.2374704548988621 0.23747045618002488
-0.23746220047741545 -0.23746220009332797
0.23745394458411534 0.2374539467622988
-0.23744569340172544 -0.23744569122354198
0.23743743536514023 0.23743743664633027
-0.23742918293654058 -0.23742918165535054
0.23742092813846755 0.2374209294196576
-0.2374126726696179 -0.23741267228533935
0.23740442110967597 0.23740442059707034
-0.237396165291148 -0.2373961649068967
0.23738791158781458 0.2373879128688955
-0.23737965721321402 -0.23737965682893547
0.2373714049535905 0.23737140444109395
-0.23736314933223884 -0.2373631498447354
0.23735489672261229 0.2373548980035568
-0.2373466434412837 -0.23734664395372568
0.23733839048138272 0.23733838996894074
-0.23733013595308722 -0.2373301382588066
0.23732188533269294 0.23732188302697355
-0.2373136313504366 -0.2373136318629876
0.23730537858627498 0.23730537717716704
-0.23729712604647984 -0.23729712566252847
0.23728887203505478 0.23728887331550857
-0.23728061914449933 -0.23728061965699582
0.23727236836805182 0.23727236785555533
-0.2372641151264106 -0.23726411474248643
0.23725586310243013 0.2372558634863543
-0.23724761040601627 -0.23724760912572596
0.237239358030789 0.23723936020741826
-0.23723110587938623 -0.23723110549538035
0.23722285404903481 0.23722285622560962
-0.2372146033386297 -0.23721460205831213
0.237206351156599 0.2372063506444566
-0.23719810009446107 -0.23719810150280618
0.23718984756064393 0.23718984704847434
-0.2371815979389627 -0.2371815984511323
0.23717334505314336 0.23717334454097377
-0.23716509507940625 -0.2371650937993881
0.23715684273754417 0.2371568431214957
-0.23714859151555057 -0.2371485929236779
0.23714034150950913 0.2371403401013818
-0.23713208993508256 -0.23713209223919496
0.23712383868059722 0.23712383816840044
-0.2371155903374078 -0.237115589953674
0.2371073378342629 0.23710733732209333
-0.23709908913831845 -0.23709908875461183
0.23709083717821433 0.2370908366660719
-0.23708258902517554 -0.23708258774567437
0.2370743367120477 0.23707433799154887
-0.23706608731016465 -0.23706608692643094
0.237057838226922 0.2370578386106557
-0.23704958668026643 -0.23704958719224578
0.23704133993079046 0.23704133762743934
-0.23703308713496912 -0.23703308854266153
0.23702484003198715 0.23702483862429474
-0.23701658956941996 -0.23701659097711236
0.23700834121708553 0.2370083407049703
-0.2370000912962945 -0.23700009091285973
0.23699184259007877 0.23699184297351356
-0.23698359231535343 -0.23698359372291
0.2369753459415559 0.2369753436385308
-0.23696709441718594 -0.23696709672021105
0.23695884768918646 0.2369588462815756
-0.2369505976013357 -0.2369505981135595
0.23694234962355992 0.2369423491113361
-0.2369341009719595 -0.23693410237951607
0.2369258535349128 0.23692585212735623
-0.23691760452862864 -0.23691760504090675
0.23690935763209664 0.2369093562245672
-0.23690110916619322 -0.23690110788805008
0.2368928601243162 0.23689286140245935
-0.23688461398902755 -0.2368846127108844
0.23687636548718283 0.2368763640798976
-0.23686811720644524 -0.23686811861373047
0.23685986924452723 0.236859867837242
-0.23685162329370513 -0.23685162470099036
0.23684337408126865 0.2368433735690177
-0.23683512956497832 -0.2368351291822221
0.23682687910191802 0.23682688037965427
-0.23681863601989145 -0.2368186338472023
0.23681038430610218 0.23681038737371718
-0.23680214176317277 -0.2368021404853552
0.2367938914832184 0.23679389186616434
-0.2367856485842197 -0.23678564820127374
0.23677739884296084 0.2367773983310894
-0.2367691555877337 -0.23676915609960514
0.23676090549019385 0.23676090497832242
-0.23675266277336948 -0.23675266417997703
0.2367444150035165 0.23674441270219992
-0.2367361683513094 -0.23673617154730786
0.23672792201427534 0.23672792060758657
-0.2367196785839279 -0.2367196790959889
0.23671143188997312 0.23671143048331145
-0.23670318631350584 -0.23670318682559394
0.23669494015718073 0.23669493964509264
-0.2366866951182096 -0.23668669652481716
0.23667844949924727 0.23667844898713208
-0.23667020499750518 -0.23667020550962037
0.23666195902120035 0.23666195850908517
-0.23665371416206366 -0.23665371556859
0.23664546961708022 0.23664546910493794
-0.23663722350597904 -0.23663722491247835
0.23662898039205033 0.23662897987988096
-0.23662073571178915 -0.23662073622395852
0.2366124913456586 0.23661248904493748
-0.23660424541322467 -0.23660424771394578
0.23659600158339383 0.23659600017689447
-0.2365877579755159 -0.23658775848782054
0.236579512893275 0.23657951238097036
-0.23657126982129723 -0.23657127033360187
0.23656302438070997 0.23656302476251895
-0.23655478095033372 -0.23655478146261127
0.23654653783347462 0.23654653732119707
-0.23653829493846656 -0.23653829545074412
0.236530049674826 0.23653004916254844
-0.2365218064211036 -0.23652180693338115
0.23651356348055125 0.2365135638622251
-0.23650531986784867 -0.23650531948617481
0.23649707746216186 0.23649707784383572
-0.23648883259645115 -0.23648883400251802
0.2364805916193154 0.23648059021324852
-0.23647234728812583 -0.2364723486941927
0.2364641068453781 0.23646410365173254
-0.23645586126091944 -0.23645586356080267
0.23644762045866713 0.2364476190525192
-0.23643937719577712 -0.23643937860192504
0.23643113514007363 0.23643113284024436
-0.23642289330472466 -0.23642289381724524
0.23641464999546669 0.2364146494829461
-0.23640640958739345 -0.23640640920631373
0.2363981650244779 0.23639816540555764
-0.236389925149869 -0.23638992566233563
0.23638168201380483 0.2363816815013382
-0.23637344177884884 -0.23637344139782307
0.23636520006931716 0.2363651986634121
-0.236356956793488 -0.23635695819939306
0.23634871561692034 0.2363487159978382
-0.23634047555407633 -0.23634047517315848
0.23633223401668857 0.23633223261089137
-0.2363239926996426 -0.23632399321210923
0.23631575080138584 0.2363157502889192
-0.23630751001669636 -0.236307510529163
0.23629926954391334 0.23629926992469635
-0.23629102929126178 -0.23629102891047876
0.2362827875639933 0.23628278883797205
-0.2362745478432231 -0.23627454656924435
0.23626630664770393 0.23626630881482458
-0.2362580674585512 -0.23625806618454548
0.23624982590142918 0.2362498271754349
-0.2362415872436836 -0.23624158596967787
0.23623334711087068 0.2362333465988083
-0.2362251036261715 -0.23622510592424817
0.2362168684895401 0.23621686619146343
-0.23620862464276693 -0.23620862604789034
0.23620038914401031 0.2362003877388869
-0.23619214582796033 -0.2361921454472849
0.23618390996692257 0.2361839094547255
-0.23617566628854036 -0.23617566590789185
0.23616743095793807 0.2361674313385866
-0.23615918870265123 -0.236159187429211
0.2361509521166374 0.23615095339007763
-0.23614271128418246 -0.23614270911800433
0.2361344734426553 0.23613447471612248
-0.23612623314008485 -0.23612623275930172
0.2361179958283105 0.23611799531643646
-0.23610975694799163 -0.23610975745986568
0.23610151748784314 0.23610151786857242
-0.23609328002956648 -0.23609328054141365
0.2360850410986985 0.2360850405868513
-0.236076803277048 -0.23607680378889517
0.23606856398275555 0.23606856436340418
-0.23606032758256768 -0.23606032720191905
0.23605208792464155 0.23605208919773218
-0.23604385205318457 -0.23604385078009393
0.23603561203146967 0.2360356133045603
-0.23602737579617322 -0.23602737541544394
0.2360191380875717 0.23601913846830097
-0.23601090148817322 -0.23601090110744394
0.23600266252313823 0.2360026629038675
-0.23599442555959033 -0.2359944269633688
0.2359861889070362 0.2359861883954847
-0.23597795247127656 -0.23597795209062794
0.23596971456203314 0.23596971405050848
-0.235961476869614 -0.23596147827328506
0.23595324216433922 0.23595324076066815
-0.23594500321505224 -0.23594500551081599
0.23593676814500564 0.23593676674130776
-0.23592853061497432 -0.2359285320186722
0.23592029517994778 0.2359202937762499
-0.23591205817687116 -0.23591205868858373
0.23590382148475142 0.23590382097303886
-0.235895585900407 -0.23589558641211955
0.23588735062680777 0.23588734743938083
-0.2358791128932607 -0.23587911608068762
0.23587087814612312 0.23587087674239843
-0.2358626427225552 -0.23586264234263132
0.23585440582611794 0.23585440709783922
-0.23584617092867277 -0.2358461705487221
0.23583793544997156 0.23583793582992224
-0.23582970107833418 -0.23582969980666652
0.2358214643419298 0.23582146561359746
-0.23581323049594632 -0.23581322922427866
0.23580499428506518 0.23580499555673284
-0.2357967600728646 -0.23579675880119694
0.23578852438729914 0.23578852476738388
-0.23578028980872778 -0.23578029032019915
0.23577205553980002 0.23577205591985795
-0.2357638205946503 -0.23576381932308987
0.23575558595909446 0.23575558723065487
-0.23574735064726637 -0.23574735026715482
0.23573911742782644 0.235739117807938
-0.23573088264050823 -0.23573088315179203
0.23572264905407947 0.2357226494341642
-0.2357144147910641 -0.23571441530232107
0.235706180837493 0.23570618121755094
-0.2356979470985735 -0.23569794671851557
0.23568971366896802 0.23568971404902594
-0.2356814795626495 -0.23568147918259158
0.23567324665680284 0.23567324703686077
-0.23566501129175105 -0.23566501180287414
0.2356567798006644 0.23565678018069558
-0.2356485449590346 -0.23564854636125843
0.23564031399124014 0.2356403134801171
-0.23563207878169828 -0.23563207840174732
0.23562384744594206 0.23562384782589302
-0.2356156127594094 -0.23561561327047892
0.23560738105553852 0.23560738143546273
-0.23559914778277552 -0.23559914740285132
0.2355909166015241 0.23559091519956787
-0.2355826820694234 -0.23558268347137962
0.2355744514106387 0.2355744500086825
-0.2355662174008748 -0.23556621880283102
0.2355579863734638 0.23555798586234084
-0.2355497528858307 -0.23554975339695366
0.23554152238042053 0.23554152186929755
-0.23553328941465873 -0.2355332899257817
0.2355250585402639 0.23552505802914092
-0.23551682609616742 -0.23551682571659083
0.2355085948526356 0.23550859523221218
-0.23550036292999865 -0.23550036165977595
0.2354921313171776 0.23549213258740032
-0.23548389991579444 -0.23548389864557173
0.23547566882409793 0.23547567009432063
-0.2354674379437096 -0.2354674366734869
0.23545920559185346 0.23545920686207616
-0.23545097523230807 -0.23545097574305696
0.23544274518208347 0.23544274378087549
-0.23543451267171817 -0.23543451318249375
0.23542628225159595 0.23542628263122606
-0.23541805293279977 -0.23541805166279067
0.23540982036176328 0.23540982252212467
-0.23540159156314078 -0.23540159029310498
0.23539336040244735 0.23539336167248315
-0.23538513034314212 -0.23538512907310633
0.23537689970228792 0.23537690275281475
-0.23536867016269275 -0.23536866800238476
0.23536044093161163 0.23536044131153533
-0.23535221013108398 -0.23535220886099478
0.23534397963910125 0.23534398179932925
-0.23533575202826368 -0.23533574986803568
0.23532752027517478 0.23532752154531733
-0.2353192922933206 -0.2353192901331193
0.23531106016916625 0.23531106232936755
-0.23530283359620846 -0.23530283321601803
0.23529460377072048 0.23529460237095334
-0.23528637504637945 -0.23528637644614658
0.2352781448494704 0.23527814344970327
-0.23526991664355806 -0.23526991715342638
0.23526168785482093 0.2352616882348248
-0.23525345749749005 -0.23525345800733172
0.23524523100653955 0.23524523049669788
-0.23523700116712204 -0.23523700078717152
0.23522877341442544 0.23522877290461042
-0.23522054320303182 -0.23522054460258573
0.2352123159680225 0.23521231545818083
-0.23520408805355875 -0.23520408856340042
0.23519585866689607 0.23519585904671336
-0.23518763126978703 -0.23518763177960206
0.23517940328995623 0.23517940366974693
-0.2351711764098917 -0.23517117603010101
0.23516294805742421 0.2351629484372149
-0.23515471991514858 -0.23515472131440956
0.23514649385849828 0.2351464924592373
-0.2351382644538612 -0.2351382667425948
0.23513003891377277 0.23513003662503917
-0.23512180913614972 -0.235121813203722
0.2351135850018124 0.23511358271302557
-0.2351053566297323 -0.23510535625042073
0.23509713034337154 0.23509713072268312
-0.23508890159800522 -0.23508890121869364
0.23508067671688232 0.23508067620690754
-0.2350724484872862 -0.23507244810800126
0.23506422234333896 0.2350642227226239
-0.2350559955185696 -0.23505599513928466
0.23504776900088126 0.23504776849098624
-0.23503954180232245 -0.2350395440905242
0.23503131757817675 0.23503131440084823
-0.2350230900055722 -0.2350230931829007
0.2350148627401119 0.23501486223000417
-0.2350066392387598 -0.23500663974886754
0.2349984115990028 0.23499841108889508
-0.234990186834312 -0.2349901882334136
0.23498196059814946 0.23498195919904785
-0.23497373545896444 -0.23497373596912535
0.23496551062608745 0.23496550833809826
-0.23495728333443028 -0.23495728562241947
0.2349490581269144 0.2349490567277862
-0.23494083401590798 -0.23494083452620174
0.23493260754463663 0.23493260703434288
-0.2349243830586878 -0.23492438445776287
0.2349161588786901 0.23491615836836977
-0.23490793312881508 -0.23490793363913542
0.2348997085736244 0.23489970806330407
-0.23489148422585893 -0.23489148473617927
0.2348832584066246 0.23488325789630426
-0.23487503457209136 -0.23487503597103376
0.23486681015455702 0.2348668087556146
-0.23485858594437875 -0.23485858734332116
0.23485036115115154 0.23485035975220914
-0.23484213745374843 -0.2348421397412067
0.23483391228467942 0.23483391088571048
-0.2348256899883125 -0.23482569049881863
0.23481746444319995 0.2348174657095664
-0.2348092417707418 -0.23480924139278514
0.23480101673787346 0.23480101800421332
-0.2347927945775321 -0.23479279419954896
0.23478457005665315 0.23478457132296654
-0.23477634840817424 -0.23477634625355714
0.23476812439903028 0.23476812477709297
-0.23475989970915645 -0.23475989933109376
0.2347516779881536 0.23475167925444046
-0.23474345469793673 -0.23474345343164987
0.23473523260004225 0.2347352329781579
-0.23472700804474111 -0.23472700766662546
0.23471878645803085 0.2347187868361465
-0.23471056241378663 -0.2347105629237627
0.23470234133800655 0.23470234171609566
-0.23469411691652653 -0.23469411831451475
0.2346858963514754 0.23468589584149935
-0.2346776733285832 -0.2346776729505735
0.23466945061007644 0.23466945187604532
-0.23466122987350385 -0.23466122860753497
0.2346530058894058 0.23465300626746843
-0.2346447856630336 -0.23464478528497096
0.23463656307686248 0.23463656256707183
-0.2346283406969033 -0.23462834209452083
0.2346201195084585 0.234620118110841
-0.23461189763824541 -0.23461189903586294
0.2346036760716726 0.23460367467405507
-0.23459545471100518 -0.23459545699634365
0.23458723454154573 0.23458723225620726
-0.23457901191478148 -0.2345790124247838
0.2345707904792575 0.23457079085689675
-0.23456257013692128 -0.23456256975928202
0.23455434921036272 0.2345543504755907
-0.23454612848930306 -0.23454612722407508
0.234537907183974 0.23453790844920197
-0.23452968785911532 -0.23452968659388734
0.23452146617481562 0.2345214674400436
-0.23451324558348274 -0.23451324343079832
0.23450502440760107 0.23450502567285542
-0.23449680609936702 -0.23449680572151627
0.23448858365679048 0.23448858314726406
-0.23448036496924474 -0.2344803663661219
0.23447214392195798 0.23447214163775648
-0.23446392485490075 -0.23446392625180434
0.23445570431532686 0.23445570291842327
-0.23444748486861122 -0.23444748626551482
0.23443926483655075 0.2344392643268658
-0.2344310467844145 -0.2344310464069072
0.23442282371089884 0.234422824975572
-0.2344146079403348 -0.23441460756280108
0.23440638537388064 0.23440638575141437
-0.23439816922316553 -0.2343981688456318
0.2343899480506339 0.23438994754110742
-0.23438172974550076 -0.23438173025502723
0.23437351085369973 0.23437350945716584
-0.23436529039410786 -0.23436529179064175
0.2343570746696872 0.23435707416010793
-0.23434885294247143 -0.2343488525651225
0.23434063683736095 0.23434063721470988
-0.2343324156162841 -0.23433241612581063
0.23432419913033775 0.23432419862081122
-0.2343159801888462 -0.23431597981155006
0.23430776154821975 0.2343077619255159
-0.23429954488600924 -0.23429954362194316
0.23429132497740573 0.2342913262414718
-0.23428310793396778 -0.23428310755661885
0.23427488941747177 0.2342748897948207
-0.23426667199260798 -0.23426667161525905
0.23425845309463922 0.2342584543586262
-0.2342502370614799 -0.2342502366841046
0.2342420186684252 0.2342420190458005
-0.23423380225349577 -0.23423380187612047
0.2342255843651569 0.23422558296946694
-0.23421736668180537 -0.23421736807749532
0.23420914929803682 0.23420914878882682
-0.2342009330055836 -0.23420093262834007
0.23419271523965463 0.23419271561689814
-0.23418449945139536 -0.23418449907415184
0.23417628041678595 0.234176281680404
-0.23416806601892348 -0.23416806475530544
0.23415984748818464 0.23415984875180268
-0.2341516327077719 -0.23415163144415385
0.23414341379443665 0.2341434150580547
-0.23413519951762396 -0.23413519825400592
0.23412698288019645 0.23412698237138146
-0.23411876644805768 -0.23411876695687267
0.2341105503139072 0.2341105489189283
-0.2341023334987828 -0.2341023348937617
0.23409411963993426 0.2340941173588441
-0.23408590155548914 -0.2340859038365793
0.23407768731341116 0.23407768591837963
-0.2340694706177553 -0.23406947201278683
0.23406125599225042 0.23406125459721888
-0.23405303979910136 -0.2340530411941329
0.23404482479002497 0.23404482339499344
-0.23403660909918544 -0.23403661049421698
0.23402839459229358 0.23402839319726204
-0.23402017851763923 -0.23402017991267077
0.23401196362688653 0.23401196311770323
-0.23400374893996922 -0.23400374944915253
0.23399553366515868 0.23399553227017977
-0.23398731947990675 -0.23398731910334708
0.23397910382089399 0.23397910419745366
-0.2339708901371107 -0.23397088976055103
0.23396267586513214 0.23396267535600135
-0.233954460911187 -0.23395446053465357
0.23394624625471755 0.23394624663125096
-0.23393803268745905 -0.23393803142531405
0.23392981764630194 0.23392981890844694
-0.2339216036943101 -0.23392160420328328
0.23391339003943945 0.23391338953046625
-0.23390517747353062 -0.23390517709699732
0.23389696166261875 0.23389696203915206
-0.2338887487116887 -0.23388874833515538
0.23388053428656508 0.23388053554852611
-0.2338723218358188 -0.23387232057385776
0.23386410791075446 0.23386410740196495
-0.23385589507459414 -0.23385589469803464
0.2338476807640701 0.2338476811406296
-0.2338394675424043 -0.23383946805114136
0.23383125461687004 0.2338312549934033
-0.2338230418947469 -0.23382304151821365
0.2338148276981954 0.23381482984516422
-0.2338066154754712 -0.2338066150988855
0.23379840354852527 0.23379840392511098
-0.23379019005456858 -0.23379018967798287
0.23378197862664907 0.23378197900323477
-0.2337737638614215 -0.23377376436992248
0.23376555470250604 0.23376555507906543
-0.2337573395508984 -0.23375734094440737
0.23374913000555747 0.23374912949705645
-0.23374091535246083 -0.23374091586096185
0.23373270630550685 0.23373270491205028
-0.23372449126574385 -0.23372449177427107
0.233716280947175 0.23371628043864778
-0.23370806906021518 -0.2337080695687424
0.23369985658498532 0.2336998560764581
-0.23369164608077447 -0.2336916465893017
0.23368343321849455 0.23368343359476562
-0.23367522321196071 -0.23367522195091756
0.23366701173197962 0.233667011223531
-0.23365879956866353 -0.23365880007711215
0.23365058858609272 0.2336505880776441
-0.23364237692006307 -0.23364237831317897
0.23363416731929632 0.2336341668108215
-0.23362595526563834 -0.23362595577411316
0.23361774527719842 0.2336177438841348
-0.2336095346049471 -0.23360953511344812
0.2336013233441026 0.2336013219510652
-0.23359311316850073 -0.23359311456153814
0.23358490240418217 0.23358490101114476
-0.2335766918405245 -0.2335766932335619
0.23356848157253718 0.23356848106393147
-0.23356027150508707 -0.23356027201369278
0.23355206084880464 0.23355206122457833
-0.23354385216172074 -0.23354385178594705
0.23353564111694863 0.23353564060839527
-0.2335274320413302 -0.23352743166558265
0.23351922060797842 0.23351922098372596
-0.23351101291223292 -0.233511013420734
0.23350280197432982 0.23350280235005116
-0.233494593005517 -0.23349459174559933
0.23348638433126073 0.23348638470700828
-0.23347817320509506 -0.23347817106105956
0.2334699641418332 0.23346996716998653
-0.23346175527889274 -0.23346175401892277
0.2334535475945103 0.23345354797041468
-0.23344533657409006 -0.2334453361981857
0.23343713026839308 0.23343712976028413
-0.2334289188584826 -0.2334289184826044
0.2334207121632506 0.23342071077120674
-0.23341250124769536 -0.2334125017558043
0.23340429504669574 0.23340429277076918
-0.2333960846252498 -0.23339608690117636
0.2333878771505235 0.23338787487459695
-0.23337966899070622 -0.23337966949897188
0.2333714593583075 0.23337145885004185
-0.23336325345982095 -0.2333632539680866
0.23335504255346518 0.23335504204519952
-0.23334683803223316 -0.23334683765677278
0.23333862761923108 0.23333862711099151
-0.2333304200565347 -0.23333042144844807
0.23332221190414487 0.23332221139587922
-0.2333140066017816 -0.23331400711004724
0.23330579629146786 0.23330579489960668
-0.23329759148200113 -0.23329759199029293
0.23328938166446134 0.23328938115616954
-0.2332811755806115 -0.2332811760889033
0.233272968022687 0.2332729683978863
-0.23326476154777825 -0.23326476117257894
0.23325655359875042 0.23325655485738872
-0.23324834761610713 -0.23324834812429462
0.23324014104260898 0.23324013965103463
-0.23323193290185157 -0.23323193429342592
0.23322372858702506 0.2332237271954507
-0.2332155191714259 -0.23321552056300027
0.23320731534835681 0.23320731395678246
-0.23319910642439268 -0.2331991069327105
0.23319090220960575 0.23319090170128792
-0.23318269377708412 -0.23318269428540195
0.2331744900536173 0.23317448954529946
-0.23316628211229345 -0.233166281737459
0.23315807711364994 0.2331580766053582
-0.23314987054648384 -0.23314987105477558
0.2331416660387235 0.2331416646473577
-0.23313345907927047 -0.2331334595875882
0.23312525506220116 0.23312525278783947
-0.2331170477103211 -0.2331170482186909
0.2331088433007808 0.23310884367538093
-0.23310063732227343 -0.23310063606472942
0.23309243075423425 0.23309243201177826
-0.2330842270317996 -0.23308422577425558
0.23307602095382307 0.23307602221136708
-0.23306781683848948 -0.23306781469810572
0.23305961125038377 0.23305961162514005
-0.23305140674201152 -0.23305140636725524
0.2330432007608232 0.23304320201834117
-0.23303499850753162 -0.23303499725001364
0.23302679213301686 0.23302679250782515
-0.23301858772098794 -0.233018586463496
0.23301038271847851 0.23301038485862807
-0.2330021805608869 -0.23300217753810576
0.23299397339950884 0.23299397553968437
-0.23298577173089963 -0.2329857704733037
0.23297756505838246 0.23297756719853197
-0.2329693638785123 -0.2329693617383628
0.23296115769461256 0.2329611589522605
-0.23295295612076256 -0.23295295486311463
0.23294475042528912 0.23294475080048743
-0.23293654669247282 -0.2329365463172745
0.23292834413253116 0.23292834362533182
-0.23292013912303317 -0.23292014051260412
0.23291193793348097 0.23291193654391001
-0.2329037325295339 -0.2329037330367852
0.23289553094548904 0.23289553043823774
-0.23288732691154113 -0.23288732741879242
0.23287912405057093 0.23287912354331963
-0.23287092138637938 -0.23287092101141488
0.23286271813058684 0.23286271674117176
-0.23285451507152927 -0.2328545155787805
0.23284631318510324 0.23284631179571413
-0.23283810884887718 -0.23283811023826628
0.23282990744948906 0.23282990606009996
-0.2328217044822396 -0.23282170498956878
0.23281350356959507 0.2328135021802319
-0.23280529932495186 -0.23280529895029894
0.23279709801693027 0.2327970983915832
-0.2327888942588227 -0.2327888938841698
0.23278069431914605 0.23278069469379897
-0.23277249016537577 -0.23277248979072285
0.23276428894811502 0.23276428932276794
-0.23275608880790938 -0.2327560875514041
0.2327478854309959 0.23274788668750118
-0.23273968489485114 -0.23273968363834585
0.23273148200372978 0.23273148237846053
-0.2327232819532563 -0.23272328157852556
0.23271507866596247 0.23271507904069322
-0.23270687910097027 -0.2327068796079363
0.2326986762990369 0.23269867491040003
-0.23269047721928415 -0.2326904777262761
0.23268227490246962 0.23268227263223967
-0.2326740736629354 -0.23267407505157228
0.23266587359428792 0.2326658704425167
-0.23265767195802062 -0.23265767246516805
0.23264947061108182 0.23264947098544975
-0.23264127122251566 -0.23264126996665824
0.23263306947861123 0.23263307073446865
-0.23262487057447423 -0.2326248693186168
0.2326166693148783 0.23261666968932398
-0.23260846913215738 -0.23260846875771168
0.2326002692380924 0.23260026873117817
-0.232592068658036 -0.23259206916495023
0.232583870129209 0.23258386874098658
-0.2325756682703456 -0.23257566965856802
0.23256746934400274 0.23256746707452397
-0.23255926796881138 -0.23255927023829015
0.23255106952601984 0.23255106813774568
-0.23254287039661709 -0.23254287090371256
0.23253466891242142 0.23253466928647876
-0.23252647114743935 -0.23252646989225506
0.23251827014636534 0.2325182722826507
-0.23251007198330959 -0.23251007160917464
0.23250187234621772 0.23250187272035266
-0.23249367378489955 -0.2324936734107646
0.23248547286850452 0.23248547500463468
-0.23247727655180572 -0.2324772752966473
0.23246907523691673 0.23246907649207516
-0.23246087940260135 -0.23246087814744293
0.2324526794508699 0.23245267894424
-0.2324444796943046 -0.2324444802009345
0.23243628198648808 0.23243628147985818
-0.23242808359274586 -0.23242808321855912
0.23241988372439193 0.23241988497936938
-0.23241168757404923 -0.23241168631907178
0.2324034881873419 0.23240348856158027
-0.23239529075709908 -0.2323952895021475
0.23238709185190187 0.23238709310685346
-0.23237889402238732 -0.23237889276743573
0.23237069735978327 0.23237069597282767
-0.23236249825014765 -0.23236249875649334
0.2323543011880414 0.23235430156227976
-0.2323461025594198 -0.23234610218518142
0.23233790597820747 0.23233790635244583
-0.23232970694985355 -0.23232970833662842
0.23232151172982812 0.23232151034305326
-0.2323133123015541 -0.23231331280787404
0.23230511756199534 0.23230511705567541
-0.2322969194944718 -0.2322969191203884
0.23228872171357873 0.2322887220876621
-0.2322805250066693 -0.23228052463258592
0.2322723277058678 0.23227232807995118
-0.23226413147893005 -0.23226413110484667
0.23225593553825524 0.23225593415179002
-0.232247737150253 -0.2322477385367182
0.2322395425695173 0.2322395403028294
-0.2322313437808634 -0.2322313460475513
0.23222314967960517 0.23222314653274617
-0.23221495049016394 -0.2322149527568776
0.23220675686819586 0.23220675548160175
-0.23219855903801911 -0.2321985595445195
0.2321903641349149 0.23219036274834653
-0.23218216766376404 -0.23218216729024804
0.23217397235945608 0.23217397185295569
-0.23216577548705963 -0.23216577599356003
0.23215758066142883 0.2321575792749636
-0.23214938426759052 -0.23214938565405574
0.2321411881605719 0.23214118765401998
-0.23213299400493131 -0.23213299363159567
0.23212479837611316 0.232124797869587
-0.2321166029388818 -0.23211660256557198
0.2321084060285084 0.23210840640181823
-0.2321002128288952 -0.23210021245558538
0.23209201639634885 0.23209201588989992
-0.23208382191497756 -0.23208382330115945
0.23207562771953766 0.23207562545364852
-0.23206743195627338 -0.2320674324627996
0.23205923735863176 0.23205923597244987
-0.23205104295238393 -0.23205104433856583
0.23204284795235425 0.23204284744577658
-0.23203465402325502 -0.23203465452983268
0.2320264586207022 0.23202645811412453
-0.23201826604809256 -0.23201826567514322
0.2320100702428305 0.23201006973627852
-0.2320018763879944 -0.23200187689454638
0.23199368193889108 0.2319936823117889
-0.23198548768116944 -0.23198548818769577
0.23197729458793592 0.2319772940814096
-0.2319690999271427 -0.2319690995542964
0.23196090731014324 0.23196090680364262
-0.23195271312546517 -0.23195271275264462
0.23194451922587145 0.231944519598692
-0.2319363263964439 -0.23193632514435353
0.23192813209341695 0.23192813334550733
-0.2319199388605147 -0.2319199384876427
0.23191174503316425 0.23191174540603626
-0.23190355403415402 -0.2319035527821151
0.2318953580447164 0.2318953592967553
-0.23188716664196313 -0.23188716802727083
0.2318789728860105 0.2318789715007028
-0.23187078107927728 -0.23187078070645667
0.23186258691930334 0.23186258729212395
-0.23185439470850738 -0.23185439609371228
0.23184620278139073 0.23184620227517289
-0.2318380092873341 -0.23183800891459055
0.23182981695592825 0.2318298173286718
-0.23182162481536112 -0.2318216253215276
0.2318134320794809 0.23181343069443006
-0.2318052404132569 -0.2318052409194491
0.2317970472727684 0.2317970467665762
-0.2317888560807025 -0.2317888565868947
0.2317806642930354 0.2317806637868432
-0.23177247093857195 -0.2317724723235201
0.23176428138227162 0.23176427911859315
-0.23175608674408443 -0.2317560890077629
0.23174789678277502 0.23174789627645453
-0.23173970525415122 -0.2317397048818184
0.2317315131302901 0.23173151350262294
-0.23172332207503354 -0.2317233217027007
0.2317151304244217 0.23171512991817822
-0.2317069398422965 -0.23170693946998933
0.2316987486646982 0.23169874903700538
-0.2316905567984695 -0.23169055642616232
0.23168236697222516 0.2316823664660586
-0.23167417382181127 -0.23167417432797782
0.23166598446826275 0.2316659839620962
-0.2316577935472205 -0.2316577931749902
0.2316496020309159 0.2316496024031462
-0.23164141246061293 -0.2316414129667282
0.23163322141653286 0.2316332200320977
-0.2316250314400427 -0.23162503194618356
0.23161684086800294 0.2316168403618621
-0.23160865048519275 -0.2316086509913336
0.23160045950679176 0.2316004607570858
-0.23159227047396364 -0.2315922692236696
0.23158407996718366 0.2315840812174777
-0.23157589052771865 -0.23157588927742462
0.23156769873614597 0.23156769998644
-0.23155951064619257 -0.2315595102739879
0.23155132020393715 0.2315513205761418
-0.2315431317070304 -0.23154313045678754
0.23153494085778098 0.23153494035199867
-0.23152675195383954 -0.23152675070364792
0.2315185624534376 0.23151856194770654
-0.23151037314227801 -0.2315103727700733
0.23150218411252743 0.23150218272891177
-0.2314939943940172 -0.23149399577763285
0.2314858049568756 0.23148580532897794
-0.23147761570876707 -0.23147761533666472
0.23146942761971778 0.23146942799182013
-0.23146123796394308 -0.23146123759184073
0.2314530494671873 0.23145304983928966
-0.23144486115912755 -0.2314448607870252
0.2314366722544819 0.23143667262658424
-0.231428482660812 -0.2314284831663896
0.23142029598120994 0.23142029547563236
-0.23141210685705538 -0.2314121064850042
0.23140391889164524 0.2314039192636964
-0.23139573023687438 -0.23139573074240088
0.23138754186317867 0.23138754135765216
-0.23137935455513486 -0.23137935418313488
0.2313711666504717 0.23137116526746976
-0.23136297893386815 -0.2313629794393947
0.23135478886570515 0.23135479011507826
-0.23134660425026066 -0.23134660300088755
0.23133841465071353 0.23133841502268787
-0.23133022787164864 -0.2313302274996743
0.23132204049533228 0.2313220391126113
-0.23131385155261752 -0.23131385293533852
0.2313056646446543 0.23130566501652644
-0.23129747792471766 -0.23129747755284552
0.23128929060752618 0.23128929010215282
-0.2312811026011014 -0.23128110310647476
0.23127291662904137 0.23127291700086244
-0.2312647299675547 -0.23126472871856474
0.23125654183166622 0.23125654395779954
-0.23124835651493564 -0.2312483543888023
0.23124016621524046 0.23124017009555842
-0.2312319839972174 -0.23123198099396625
0.2312237950418008 0.2312237962909694
-0.2312156097827845 -0.23121560941063163
0.23120742304850567 0.23120742254366827
-0.23119923562553402 -0.2311992361303714
0.23119105111210897 0.23119105148421082
-0.23118286327898052 -0.23118286290687867
0.2311746774784706 0.23117467785057244
-0.23116649186574467 -0.23116649149364282
0.23115830653169356 0.23115830515012098
-0.23115011963168647 -0.23115012013644737
0.2311419356407497 0.23114193338241634
-0.2311337474533819 -0.23113374883495452
0.23112556305185628 0.23112556254701888
-0.23111737708398927 -0.2311173767121169
0.23110919227164223 0.2311091926435146
-0.2311010067695729 -0.2311010055210418
0.23109282154627414 0.23109282191817193
-0.23108463738642893 -0.23108463526131556
0.23107644999883253 0.2310764512473636
-0.23106826718103007 -0.23106826505594213
0.23106008025875252 0.23106008238384046
-0.2310518961531412 -0.23105189490455913
0.2310437114490132 0.23104371094463438
-0.23103552605546268 -0.2310355265598415
0.23102734093986182 0.23102734218834203
-0.231019157764011 -0.23101915739193485
0.23101097223670525 0.23101097173240281
-0.23100278864911017 -0.2310027882770595
0.2309946035863481 0.2309946030820711
-0.2309864195868787 -0.23098642009115572
0.23097823498847964 0.23097823536047934
-0.23097005057700581 -0.23097005108125745
0.23096186644278915 0.23096186681476333
-0.2309536824953815 -0.23095368212340733
0.23094549882511545 0.23094549919708962
-0.23093731534154271 -0.230937314093419
0.2309291312588716 0.2309291316308712
-0.2309209482389531 -0.23092094699085486
0.23091276374374742 0.23091276586791887
-0.23090458031125494 -0.23090457906313128
0.23089639715548071 0.230896397527582
-0.2308882141862308 -0.2308882138141295
0.23088002974164046 0.23088003011374175
-0.23087184723550364 -0.23087184773934843
0.2308636632539109 0.23086366362598676
-0.23085548121065624 -0.23085548171447556
0.2308472968159601 0.23084729718801061
-0.2308391152354074 -0.2308391166150457
0.2308309321791167 0.23083093079947842
-0.2308227501851906 -0.2308227506890353
0.23081456671548745 0.23081456708741094
-0.23080638518385238 -0.2308063848119289
0.23079820217632496 0.23079820254824845
-0.23079002110675034 -0.23079001898344292
0.23078183680983483 0.2307818371818091
-0.2307736544509092 -0.2307736540789349
0.23076547236714295 0.23076547361473299
-0.23075729046991827 -0.23075728922232824
0.23074910884773764 0.23074911009532767
-0.2307409256609042 -0.23074092616439335
0.23073274625120893 0.23073274487220558
-0.2307245617746379 -0.23072456315364126
0.23071638195070576 0.2307163805717024
-0.23070819881073507 -0.23070820106517648
0.2307000185723866 0.23070001719335792
-0.23069183501796064 -0.2306918363969893
0.23068365611584196 0.2306836547368133
-0.23067547214678147 -0.23067547440114672
0.23066729282998932 0.2306672923262465
-0.23065911107207404 -0.23065911070053102
0.23065093046511814 0.23065093083666116
-0.23064274916754657 -0.23064274704553334
0.23063456814560973 0.23063457026762296
-0.230626385557834 -0.23062638606137398
0.23061820762152552 0.23061820711798553
-0.23061002461850033 -0.23061002512204032
0.23060184451668697 0.23060184488825536
-0.2305936645987683 -0.2305936642271999
0.2305854832064302 0.23058548357799857
-0.23057730374808888 -0.23057730425155282
0.23056912281521336 0.23056912318675638
-0.23056094206625666 -0.23056094256969528
0.23055276246767203 0.23055276283918968
-0.23054458305281544 -0.23054458180636683
0.23053640128851793 0.2305364034098722
-0.23052822320758315 -0.2305282228359895
0.23052004102730667 0.23052004227375528
-0.23051186340518415 -0.23051186215873554
0.2305036825584097 0.23050368293005397
-0.23049550364526172 -0.23049550327361745
0.2304873232570066 0.23048732275389722
-0.23047914305280692 -0.230479145305373
0.23047096487234947 0.23047096436918946
-0.2304627851263259 -0.2304627856294859
0.23045460652927774 0.23045460690077013
-0.23044642724125197 -0.2304464259951325
0.23043824735288382 0.2304382468497997
-0.23043006852272857 -0.2304300690258127
0.23042188996666774 0.2304218894635836
-0.23041371159410373 -0.23041371122266197
0.2304055308720181 0.23040553124345986
-0.2303973538314441 -0.23039735346000234
0.2303891744411582 0.23038917393814995
-0.23038099610891977 -0.2303809957375033
0.23037281717580588 0.23037281754722233
-0.23036463930062534 -0.2303646389292089
0.2303564599501064 0.23035646032152285
-0.2303482816574824 -0.23034828303471305
0.23034010538667504 0.23034010400944438
-0.23033192405351005 -0.23033192630501376
0.2303237491135895 0.23032374773633352
-0.23031556911112172 -0.23031556961415522
0.23030739200491962 0.23030739325028055
-0.23029921420714333 -0.23029921383595436
0.2302910366829275 0.23029103617996982
-0.23028285846709912 -0.2302828589700568
0.23027468139888935 0.23027468089593167
-0.2302665027648822 -0.23026650326783987
0.23025832615250114 0.23025832652358907
-0.23025014884822947 -0.23025014847714154
0.2302419709434088 0.23024197044050165
-0.23023379496864493 -0.23023379372361236
0.23022561664525343 0.23022561701634137
-0.23021743937796113 -0.2302174407547119
0.23020926325765556 0.23020926275479892
-0.23020108557157754 -0.23020108607443418
0.23019290903244816 0.23019290940343512
-0.23018473180132687 -0.23018473230415826
0.2301765557170405 0.23017655608800225
-0.23016837894064868 -0.23016837856968692
0.23016020243723556 0.23016020368194
-0.23015202611539665 -0.2301520248706922
0.2301438491927305 0.23014384956374273
-0.23013567507260185 -0.23013567295425563
0.2301274968568141 0.23012749722787673
-0.23011931969636834 -0.23011931932530572
0.23011114455559245 0.23011114580024644
-0.2301029687226856 -0.2301029674780316
0.230094792288637 0.23009479265975002
-0.23008661690952664 -0.2300866156648979
0.23007844267614225 0.23007844130029953
-0.2300702651301052 -0.23007026475901737
0.23006209047678772 0.23006208910099535
-0.23005391338419479 -0.23005391301315742
0.23004573918420806 0.2300457386818558
-0.23003756254483293 -0.2300375621738207
0.23002938792461125 0.23002938829562347
-0.23002121261159192 -0.2300212113672656
0.2300130384442482 0.23001303794199673
-0.2300048618374665 -0.23000486146645427
0.22999668724963684 0.22999668674741053
-0.2299885119687583 -0.22998851159777128
0.22998033696026687 0.22998033907763016
-0.22997216125868913 -0.22997216088765177
0.2299639875757365 0.22996398969304943
-0.22995581319950897 -0.22995581108219604
0.22994763734936846 0.2299476394666814
-0.22993946342525334 -0.22993946218100264
0.22993128977318644 0.22993129189047423
-0.22992311368182144 -0.22992311331055748
0.22991494135456536 0.2299149408528426
-0.22990676571486113 -0.2299067662165839
0.22989859209328006 0.22989859246449373
-0.22989041777802294 -0.22989041740680927
0.22988224373492827 0.22988224410614194
-0.22987407074384242 -0.22987407037262875
0.2298658962790589 0.22986589577743677
-0.22985772199343646 -0.2298577224950586
0.22984954797972557 0.22984954747810343
-0.2298413750178231 -0.2298413763922056
0.22983320145490932 0.22983320095326198
-0.22982502807098087 -0.2298250285726282
0.22981685495868903 0.22981685358435677
-0.22980868115261 -0.22980868165428248
0.2298005076181306 0.2298005079890928
-0.2297923333898267 -0.22979233389147402
0.22978416205083851 0.22978416242177557
-0.22977598827264395 -0.22977598702914764
0.22976781563858428 0.2297678160095465
-0.2297596414378657 -0.2297596419394125
0.22975147012621266 0.22975147049714978
-0.2297432963752542 -0.2297432960043171
0.22973512464081502 0.22973512501175214
-0.2297269513394422 -0.22972695184091357
0.2297187791820927 0.22971877955300474
-0.2297106063301309 -0.22971060683157718
0.22970243374974686 0.2297024341206338
-0.22969426221932998 -0.22969426097613493
0.22968608921573697 0.229686090458932
-0.22967791726207437 -0.22967791601887932
0.22966974557966424 0.2296697459506265
-0.22966157320258168 -0.22966157370382706
0.22965340196889727 0.2296534014676519
-0.22964522916827074 -0.22964522879735866
0.2296370566388733 0.22963705700978537
-0.22962888690310845 -0.22962888653219637
0.22962071394990602 0.2296207143208181
-0.22961254379029944 -0.2296125425473302
0.22960437128525046 0.22960437165618763
-0.22959619982967144 -0.22959619945873427
0.22958802864463412 0.2295880290155713
-0.2295798558930091 -0.2295798572659855
0.2295716851558277 0.22957168552671475
-0.22956351459576024 -0.2295635150967798
0.22955534343422884 0.22955534467697242
-0.2295471733216316 -0.22954717207888803
0.22953900173562702 0.22953900210653916
-0.22953083119851986 -0.22953083169941413
0.22952266005975008 0.22952266043063713
-0.22951448909800976 -0.22951448959887893
0.22950632102149487 0.2295063196488945
-0.2294981470197292 -0.22949814752062342
0.2294899785184213 0.22948997801752707
-0.22948180757845 -0.22948180720768818
0.2294736369088135 0.22947363727957532
-0.22946546728705114 -0.22946546604468337
0.22945729706385587 0.229457295691481
-0.22944912614531143 -0.2294491275176863
0.22944095549690358 0.22944095673912113
-0.2294327867676273 -0.22943278552540974
0.22942461656526442 0.22942461693600125
-0.22941644653901017 -0.22941644703972902
0.22940827765400001 0.22940827715328116
-0.2294001072021007 -0.22940010683141387
0.229391937891409 0.2293919365193346
-0.2293837678851473 -0.2293837692572217
0.2293755998913125 0.22937559764790755
-0.22936742771649904 -0.229367429959904
0.22935926103934828 0.22935925966722387
-0.2293510901810325 -0.2293510906819014
0.22934292220650165 0.22934292083440228
-0.22933475266446068 -0.22933475316535457
0.2293265833924773 0.22932658114922244
-0.22931841429533334 -0.22931841566743277
0.2293102445970051 0.22931024322490567
-0.22930207681569126 -0.2293020781877907
0.2292939084330068 0.22929390618982692
-0.22928573848292866 -0.22928573985505307
0.22927757054468523 0.22927757004359123
-0.2292694027809477 -0.2292694032820417
0.22926123180290126 0.2292612321727877
-0.2292530662252823 -0.22925306585539584
0.22924489656216274 0.22924489606111875
-0.22923672881566287 -0.22923672931670686
0.22922856046729823 0.22922855996625424
-0.22922039229365632 -0.2292203927947003
0.22921222438894406 0.22921222388790008
-0.22920405578803799 -0.22920405628908197
0.2291958883268062 0.22919588782576222
-0.22918772104002527 -0.22918772154106926
0.229179552280541 0.22917955265022766
-0.22917138630766337 -0.2291713859379767
0.22916321712053528 0.22916321749022195
-0.22915504984932228 -0.22915505035029132
0.2291468828464207 0.22914688234545166
-0.22913871514735645 -0.2291387156483255
0.22913054771656755 0.22913054895676022
-0.2291223804601361 -0.22912238096105525
0.22911421347186917 0.22911421384148095
-0.22910604665784912 -0.22910604628823733
0.2290978792414018 0.22909787874053256
-0.22908971199916556 -0.2290897133704909
0.22908154589532853 0.22908154539443432
-0.229073379095111 -0.2290733795960052
0.22906521256280077 0.22906521206190655
-0.22905704446371805 -0.22905704583496855
0.22904887837324428 0.22904887874265656
-0.22904071245650065 -0.22904071121678193
0.2290325459372612 0.2290325463066984
-0.2290243787214597 -0.22902438009253562
0.22901621351389628 0.22901621301305203
-0.2290080476095857 -0.22900804637001648
0.22899988110278258 0.22899988147216999
-0.22899171476942842 -0.228991714400041
0.22898354870367804 0.22898354733280157
-0.22897538368137332 -0.2289753833120357
0.22896721544615867 0.2289672166855784
-0.22895905086467538 -0.22895905049531284
0.2289508856802686 0.22895088604963115
-0.22894271892921464 -0.2289427194298595
0.22893455505528088 0.22893455455463602
-0.22892638787459996 -0.22892638663532966
0.22891822270107104 0.22891822394034134
-0.22891005857037283 -0.22891005820101035
0.2289018920970784 0.228901891596558
-0.22889372840636968 -0.2288937271671741
0.22888556150312145 0.228885561872484
-0.2288773973824238 -0.2288773961432531
0.2288692309189343 0.228869232158105
-0.22886106810764384 -0.22886106773823156
0.22885290034417638 0.22885290071358866
-0.22884473797236432 -0.2288447367332434
0.22883657151794912 0.22883657275707003
-0.22882840784602826 -0.22882840747656624
0.22882024270044532 0.22882024393954137
-0.22881207859795416 -0.22881207822846727
0.22880391302176556 0.22880391426083668
-0.22879574935819275 -0.22879574985824042
0.2287875850903474 0.22878758459029974
-0.22877942099591392 -0.22877942236547127
0.22877125629717276 0.22877125579710023
-0.22876309264126826 -0.2287630931413408
0.22875492925038132 0.22875492875030878
-0.2287467651633262 -0.22874676566339874
0.2287386004718685 0.22873859997179596
-0.2287304368230027 -0.22873043732307524
0.2287222734389604 0.2287222720695522
-0.22871410935870412 -0.22871410898949074
0.22870594554323648 0.22870594678173584
-0.22869778190078066 -0.2286977815315424
0.2286896185230039 0.22868961889224215
-0.22868145705655246 -0.22868145581810284
0.2286732915085884 0.22867329187785146
-0.22866512874122552 -0.22866512837196246
0.22865696536893704 0.2286569657382001
-0.22864880216965516 -0.2286488018003921
0.22864063923449984 0.2286406396037629
-0.22863247560317945 -0.22863247610297882
0.22862431484306328 0.2286243134742263
-0.2286161499104727 -0.22861614954128417
0.2286079878491259 0.22860798908730234
-0.22859982422223357 -0.22859982385302025
0.22859166346640142 0.22859166209773818
-0.22858349940701272 -0.22858349990676252
0.22857533734976104 0.22857533771889987
-0.22856717546444755 -0.22856717509530872
0.228559012105657 0.22855901247479582
-0.22855085065647257 -0.22855084941851955
0.228542687733702 0.2285426881028656
-0.2285345267204283 -0.2285345263512647
0.2285263633647196 0.2285263637338832
-0.22851820191847283 -0.22851820241802423
0.22851003986713697 0.22851003849889534
-0.22850187711908326 -0.22850188022465573
0.2284937163719019 0.2284937150036107
-0.2284855549278194 -0.22848555542749477
0.22847739287865276 0.22847739151038632
-0.22846923100119082 -0.22846923236945726
0.22846106938715155 0.22846106975596814
-0.22845290794470818 -0.2284529075758916
0.22844474676557847 0.22844474713439505
-0.2284365848894686 -0.22843658365218483
0.22842842414508013 0.22842842451392154
-0.22842026270360272 -0.22842026233476131
0.22841210152534502 0.22841210189418643
-0.2284039413866999 -0.2284039410178585
0.22839577977440484 0.22839577927490295
-0.22838762007000635 -0.22838761883287118
0.22837945715526164 0.22837945752410305
-0.22837129875326045 -0.22837129751615004
0.2283631354042413 0.22836313577310746
-0.22835497656793147 -0.2283549761990653
0.2283468153891534 0.22834681575801957
-0.22833865438197742 -0.22833865401311126
0.22833049450502846 0.22833049487389462
-0.22832233479949854 -0.22832233356251191
0.22831417361972578 0.2283141748567124
-0.22830601347948276 -0.22830601311056714
0.22829785360105503 0.2282978531019244
-0.22828969302593144 -0.22828969265704052
0.22828153358058573 0.22828153394947664
-0.22827337430640732 -0.2282733739375164
0.22826521182208787 0.2282652130589261
-0.2282570538487369 -0.22825705347982128
0.22824889440085783 0.22824889476977345
-0.22824073338850465 -0.2282407338874622
0.2282325752410535 0.22823257560994437
-0.22822441639676944 -0.22822441429223117
0.228216255210337 0.22821625644707627
-0.22820809679835696 -0.2282080955616177
0.2281999360441202 0.22819993728085947
-0.22819177806422752 -0.22819177682748826
0.22818361860967 0.22818361811100907
-0.22817545932624805 -0.228175459824909
0.22816730030350268 0.2281673006724924
-0.22815914145178473 -0.228159141082795
0.22815098199303369 0.22815098409722595
-0.2281428235728527 -0.228142822336237
0.22813466541308253 0.2281346649145945
-0.22812650482159136 -0.2281265053200794
0.22811834709313267 0.22811834832964956
-0.22811019040275604 -0.22811018829876134
0.22810202963538262 0.2281020308719242
-0.228093872508565 -0.2280938712720234
0.22808571303952407 0.2280857134086619
-0.22807755547609865 -0.22807755510696082
0.22806939643777052 0.22806939680690835
-0.22806124017227958 -0.22806123893581204
0.22805307896248395 0.2280530810662565
-0.22804492312748076 -0.22804492275826888
0.22803676408257628 0.22803676445178817
-0.2280286069432843 -0.22802860657407242
0.22802044832854396 0.22802044956496215
-0.22801229075212676 -0.22801229038289023
0.22800413343454123 0.22800413467093472
-0.2279959762879648 -0.22799597505157132
0.2279878185330046 0.22798781890229042
-0.22797966008193682 -0.22797966057973396
0.2279715036237005 0.22797150312590336
-0.22796334646917488 -0.22796334609993835
0.22795518783926322 0.22795518820849975
-0.22794703284809809 -0.22794703161187718
0.22793887378041233 0.2279388741496735
-0.22793071748450444 -0.22793071798217834
0.2279225605797579 0.227922560082084
-0.22791440297899052 -0.22791440347666442
0.2279062482368696 0.22790624687233457
-0.22789808846428988 -0.22789808896198843
0.22788993415090647 0.22788993365320792
-0.227881775673744 -0.22788177530465537
0.22787361918854604 0.22787361869087208
-0.22786546287337317 -0.22786546423778514
0.22785730681648297 0.227857305452071
-0.22784914919613303 -0.22784915142723372
0.22784099356743437 0.22784099220299775
-0.22783283724180786 -0.22783283860624448
0.22782468117442212 0.2278246798099855
-0.22781652527666502 -0.2278165257745114
0.22780836790391024 0.2278083691391951
-0.2278002141669886 -0.22780021293170372
0.2277920554887487 0.2277920584570664
-0.22778390131287424 -0.22778390007754012
0.22777574479504964 0.22777574603038375
-0.22776759104645067 -0.22776758981111656
0.22775943235654023 0.22775943359187434
-0.2277512799015433 -0.2277512786662092
0.22774312077231657 0.22774312374038824
-0.22773496787796993 -0.22773496664258658
0.22772681090831892 0.22772681301002184
-0.2277186575744084 -0.2277186563390005
0.2277105010314308 0.22771050140056825
-0.22770234639159498 -0.22770234602245754
0.22769419114139616 0.2276941906443124
-0.22768603519556874 -0.22768603655884911
0.22767788037176273 0.22767787987465443
-0.22766972658451634 -0.22766972708162464
0.22766157045454527 0.22766156995743697
-0.2276534162272728 -0.2276534167243811
0.22764526138938995 0.22764526002620789
-0.227637107587976 -0.2276371080851089
0.22762895144379558 0.2276289509466627
-0.22762079806812485 -0.22762079856525774
0.22761264321555624 0.22761264185244784
-0.22760448680156237 -0.22760448989657261
0.2275963358382695 0.22759633447511202
-0.22758817811773896 -0.22758817948089644
0.2275800275797047 0.22758002621654722
-0.22757187115017896 -0.22757187164748371
0.22756371843965628 0.22756371880817966
-0.22755556416677458 -0.2275555629324476
0.22754740841796778 0.2275474105180738
-0.2275392563015169 -0.2275392559329199
0.22753110184315717 0.22753110221175415
-0.22752294755415153 -0.22752294805125994
0.2275147952517556 0.2275147947546472
-0.22750664052149117 -0.22750664101859958
0.22749848777780352 0.2274984872806951
-0.2274903334718218 -0.22749033483453746
0.22748218028672768 0.2274821806551775
-0.2274740272704231 -0.22747402776753145
0.22746587364375853 0.22746587314665018
-0.2274577210513603 -0.22745772154846866
0.22744956784849524 0.22744956648590225
-0.22744141394887046 -0.22744141531146345
0.22743326203512593 0.22743326067253294
-0.22742510855903114 -0.22742510905621305
0.227416955337937 0.22741695484075508
-0.2274088022852575 -0.22740880191707735
0.2274006503528101 0.22740065072099025
-0.2273924977232844 -0.2273924964897912
0.2273843453485963 0.22738434485151243
-0.2273761922767969 -0.2273761919086168
0.22736803859456334 0.22736803896274344
-0.22735988767611925 -0.22735988817315417
0.22735173441660678 0.2273517347847624
-0.2273435821904457 -0.22734358268745608
0.22733542935354017 0.22733543058681283
-0.22732727754988002 -0.22732727804684144
0.227319126000462 0.22731912636859314
-0.22731097288890562 -0.22731097425091062
0.22730282435685017 0.22730282126475804
-0.22729466993723463 -0.22729466956925043
0.22728651836717179 0.22728651873515598
-0.22727836609955732 -0.22727836573157312
0.22727021495135158 0.22727021445439016
-0.2272620631054884 -0.22726206360244983
0.22725391064913458 0.22725391188196659
-0.22724576008978103 -0.22724575972182126
0.22723760719006209 0.2272376084228696
-0.22722945791695753 -0.22722945668415
0.22722130630330856 0.2272213058065184
-0.22721315399222286 -0.2272131553537874
0.22720500366453017 0.22720500316771552
-0.22719685177449617 -0.22719685140658535
0.22718870013834752 0.2271887013709593
-0.22718055126328118 -0.2271805500306694
0.22717239918316628 0.227172399551126
-0.2271642481348461 -0.22716424863151397
0.22715609820460758 0.2271560977079397
-0.2271479458475968 -0.2271479472088434
0.22713979806692575 0.22713979670567913
-0.227131644401111 -0.22713164576235761
0.22712349617618222 0.227123495679441
-0.22711534379503978 -0.22711534429178099
0.22710719426123482 0.22710719376449362
-0.22709904489341787 -0.22709904279686277
0.22709089405057453 0.2270908935539066
-0.22708274250937738 -0.2270827430060453
0.22707459381506218 0.22707459331839425
-0.22706644269347243 -0.22706644232580597
0.22705829355434942 0.22705829392201587
-0.22705014198791967 -0.22705014334882434
0.22704199326818575 0.22704199277154224
-0.22703384298527662 -0.22703384434615687
0.22702569382046006 0.22702569245957982
-0.2270175439566241 -0.22701754445331646
0.22700939348244875 0.22700939384991986
-0.22700124576585123 -0.22700124539838012
0.22699309571043352 0.22699309434967535
-0.22698494495612742 -0.22698494718097584
0.22697679704758394 0.22697679568680135
-0.22696864671181755 -0.2269686472085587
0.22696049749367458 0.22696049786095046
-0.22695234844032797 -0.2269523480730521
0.22694419877649002 0.22694420087170242
-0.22693605100530412 -0.2269360497740356
0.22692790089561005 0.2269279012629591
-0.2269197526785358 -0.2269197514472917
0.22691160298679242 0.22691160335416583
-0.22690345432371772 -0.2269034548201906
0.22689530677740766 0.2268953062809348
-0.22688715594052739 -0.22688715643700025
0.22687900881184575 0.2268790091791461
-0.22687086011998647 -0.2268708606164349
0.2268627116811774 0.22686271032100452
-0.22685456340663174 -0.22685456390310454
0.226846414521356 0.2268464140248832
-0.2268382649366606 -0.22683826629678472
0.22683011905941136 0.22683011769928724
-0.2268219707552131 -0.22682197038813207
0.22681382184039206 0.2268138222074731
-0.22680567308947125 -0.22680567272239022
0.226797527182014 0.22679752668556558
-0.22678937798411258 -0.22678937761705587
0.22678123076616225 0.2267812294062574
-0.2267730811212657 -0.22677308248117056
0.22676493518315272 0.22676493468667996
-0.22675678681791595 -0.2267567873143887
0.226748639569135 0.22674863907266224
-0.22674049161998971 -0.22674049211646247
0.22673234478719578 0.22673234429072303
-0.2267241963906227 -0.2267241977504058
0.22671604997365535 0.2267160494771583
-0.22670790285606623 -0.22670790248930162
0.2266997542649558 0.2266997554949578
-0.22669160842619035 -0.22669160805940136
0.22668346111372606 0.22668346148051505
-0.2266753139639363 -0.2266753144603117
0.22666716792990943 0.22666716657039399
-0.22665902033214835 -0.22665902082854805
0.22665087298702724 0.22665087335371897
-0.22664272666741497 -0.2266427271637903
0.2266345797372225 0.22663457924084718
-0.2266264329694161 -0.2266264343288099
0.2266182873169867 0.2266182850945987
-0.2266101392378564 -0.22661014059727452
0.22660199400003583 0.2266019926406177
-0.22659384633541035 -0.22659384683190725
0.22658570237488723 0.2265857001525965
-0.22657755512450956 -0.22657755475818242
0.22656940812673676 0.22656940935591224
-0.22656126301624102 -0.22656126178706554
0.22655311556970115 0.22655311679887663
-0.22654497087318248 -0.2265449705067824
0.22653682384051566 0.22653682420691573
-0.22652867869503923 -0.22652867832863915
0.2265205329387886 0.22652053330518868
-0.2265123856188383 -0.2265123869777948
0.22650424113884432 0.22650424064254182
-0.22649609595760378 -0.22649609559127654
0.2264879493030426 0.22648794966936986
-0.2264798036725118 -0.22647980416876573
0.22647165915630008 0.22647165952260306
-0.22646351307627122 -0.22646351270996823
0.22645536811053035 0.22645536847683334
-0.22644722244342558 -0.22644722293960667
0.22643907789050488 0.2264390782567836
-0.2264309326361164 -0.22643093226983768
0.22642278763339713 0.22642278713726455
-0.22641464279156603 -0.2264146432876986
0.22640649647657485 0.22640649684280506
-0.22639835290952925 -0.22639835254329904
0.226390207869147 0.2263902082353772
-0.22638206212737405 -0.22638206262343386
0.22637391836144188 0.22637391700311632
-0.22636577303170125 -0.2263657743900268
0.2263576288154806 0.22635762831937228
-0.2263494838976134 -0.22634948525591475
0.2263413409553317 0.22634133959703034
-0.22633319558693782 -0.22633319608309466
0.2263250513319785 0.22632505169794193
-0.2263169072372369 -0.22631690687127348
0.22630876253161025 0.22630876289757368
-0.22630061884821812 -0.2263006184822547
0.22629247541586073 0.22629247405777742
-0.22628433041956425 -0.22628433177764756
0.2262761865363196 0.22627618604021116
-0.2262680419510557 -0.22626804244716414
0.22625990020259312 0.22625989884455822
-0.22625175430425382 -0.22625175566228872
0.22624361210463562 0.2262436107466007
-0.22623546747881795 -0.22623546797499905
0.22622732396605638 0.2262273243317049
-0.22621918147435904 -0.22621918024690518
0.22621103664834458 0.22621103701401724
-0.22620289456695014 -0.22620289333952048
0.2261947510128683 0.22619475051683247
-0.2261866067563965 -0.22618660639072374
0.22617846447408907 0.22617846483976184
-0.2261703197658959 -0.22617032112354346
0.22616217789347254 0.22616217739746092
-0.2261540335950601 -0.22615403495268344
0.22614589213231456 0.2261458916362788
-0.2261377473819134 -0.22613774873951253
0.22612960632868784 0.2261296066941671
-0.22612146198770372 -0.22612146334525446
0.22611332048230126 0.22611331912475052
-0.2261051782735098 -0.2261051787695939
0.22609703459283953 0.226097033235313
-0.22608889193173176 -0.22608889415067657
0.22608075038289682 0.2260807498867402
-0.2260726072692666 -0.22607260690405329
0.2260644652678791 0.2260644656330924
-0.22605632256298736 -0.22605632305909562
0.22604818097023555 0.22604818047412728
-0.2260400378126034 -0.22604003830871167
0.2260318966283299 0.22603189613222163
-0.2260237530178485 -0.22602375437518168
0.2260156131030968 0.22601561174576362
-0.22600746903960883 -0.2260074695357654
0.2259993295329728 0.2259993307591211
-0.225991186738626 -0.22599118465134943
0.2259830450565395 0.2259830454216078
-0.22597490439225693 -0.22597490402718862
0.22596676053470766 0.22596676089977596
-0.22595862027817243 -0.2259586207741358
0.22595047941129026 0.22595047805431934
-0.22594233697920202 -0.22594233747518955
0.22593419565879985 0.22593419602377157
-0.2259260544950319 -0.22592605413006017
0.22591791186004206 0.22591791308592474
-0.22590977196438922 -0.2259097715993934
0.22590162973647698 0.2259016309623355
-0.22589349024779926 -0.2258934898827793
0.2258853484267596 0.2258853479309651
-0.2258772084840618 -0.22587720811906598
0.22586906620897196 0.22586906657396777
-0.22586092667293606 -0.22586092630794025
0.22585278394368785 0.2258527860301196
-0.22584464395346332 -0.22584464358841927
0.22583650421267587 0.22583650371705016
-0.22582836290736424 -0.22582836340298995
0.2258202235727753 0.2258202230771496
-0.22581208009176762 -0.22581208230858812
0.22580394202389065 0.22580394152821676
-0.2257958015305186 -0.2257958011656433
0.22578766128680766 0.22578765993063282
-0.22577952119921935 -0.22577952083439223
0.2257713796402362 0.2257713800050633
-0.22576323995832365 -0.22576324045394935
0.22575510052577152 0.2257551008905745
-0.22574696038882958 -0.2257469600240266
0.2257388196408377 0.22573882086602115
-0.22573068076956765 -0.2257306795443842
0.225722540426741 0.22572254165192446
-0.22571440023991785 -0.22571440073535087
0.2257062620227171 0.2257062606669999
-0.22569812052023303 -0.22569812273621026
0.22568998270788582 0.22568998135214458
-0.22568184161015342 -0.22568184210568276
0.22567370334226805 0.2256737028467387
-0.22566556436945912 -0.2256655631446609
0.2256574239255525 0.22565742429021102
-0.22564928449706817 -0.22564928499252523
0.2256411470378228 0.22564114568227417
-0.2256330062933437 -0.22563300678882486
0.22562486837818985 0.2256248678827087
-0.2256167280377918 -0.22561672853327297
0.225608589666622 0.22560858831114555
-0.22560044973014948 -0.22560045108562593
0.2255923117628038 0.2255923121272217
-0.22558417223005334 -0.22558417100571238
0.2255760338064291 0.22557603503077006
-0.22556789639699565 -0.2255678951726547
0.2255597557971875 0.2255597561616775
-0.22555161965099274 -0.22555161842667582
0.22554348031424953 0.22554347981896067
-0.22553534113205165 -0.2255353416273405
0.225527203918021 0.2255272025629773
-0.22551906341936695 -0.22551906391467985
0.22551092660833622 0.22551092697273006
-0.22550278737226337 -0.22550278872723495
0.2254946501043228 0.2254946487493512
-0.2254865121305799 -0.2254865117662822
0.22547837354596412 0.22547837391026182
-0.22547023597476157 -0.22547023647005043
0.22546209779258503 0.22546209815685875
-0.22545395976418164 -0.22545396111898502
0.22544582284380404 0.22544582234851523
-0.22543768349855453 -0.22543768313435286
0.2254295486992396 0.22542954820397476
-0.22542140889648 -0.22542140939174482
0.22541327192078853 0.22541327056610522
-0.22540513337934537 -0.22540513473402868
0.22539699680542624 0.22539699545074293
-0.22538885866565433 -0.22538885916099122
0.22538072163398287 0.22538072285729088
-0.22537258475502614 -0.22537258353171813
0.22536444726544785 0.22536444848875586
-0.2253563099285552 -0.22535630956449765
0.22534817284023806 0.22534817234506915
-0.22534003590450563 -0.22534003639967454
0.22533190007642595 0.2253318987220786
-0.22532376182329467 -0.22532376231848755
0.22531562639611974 0.22531562676005734
-0.22530748768468573 -0.22530748817985463
0.22529935179917893 0.22529935216309255
-0.22529121520655981 -0.2252912148426462
0.22528307800348457 0.22528307922643276
-0.2252749426703718 -0.2252749423064342
0.22526680500865665 0.22526680537259425
-0.2252586692168751 -0.2252586688529375
0.22525053195540068 0.22525053231933828
-0.22524239484592967 -0.2252423953409068
0.22523426142015307 0.22523426006628522
-0.22522612299279088 -0.22522612434665873
0.2252179882491661 0.22521798689529826
-0.22520985108045505 -0.2252098524343229
0.2252017150189241 0.22520171538264605
-0.22519357996743372 -0.22519357960371178
0.22518544258789086 0.22518544381035976
-0.22517730879460063 -0.22517730757213172
0.2251691709556874 0.22516917131945724
-0.22516103584432262 -0.22516103719790298
0.22515290012198258 0.22515290048570458
-0.2251447654096922 -0.22514476418734297
0.225136630086326 0.22513662959146863
-0.22512849319717065 -0.22512849283344866
0.2251203582727207 0.2251203594949981
-0.22511222264091235 -0.22511222227716643
0.22510408725662207 0.225104087620368
-0.22509595202342825 -0.22509595165968233
0.2250878178961115 0.2250878182598574
-0.22507968134441175 -0.22507968098066583
0.225071546757044 0.22507154712078992
-0.22506341146204034 -0.22506341109829442
0.22505527727283253 0.22505527591985047
-0.22504714151754812 -0.2250471411538501
0.22503900686803113 0.22503900723172915
-0.2250308715107011 -0.2250308720052953
0.22502273725903799 0.2250227367644438
-0.22501460315770594 -0.22501460279405577
0.22500646672898678 0.22500646709263694
-0.22499833388349993 -0.22499833351984977
0.22499019871045395 0.22499019821593141
-0.22498206454602188 -0.2249820641823957
0.22497393062844845 0.22497393099207463
-0.22496579514501425 -0.22496579392328708
0.22495766162463587 0.22495766198828598
-0.2249495256802434 -0.2249495270326996
0.22494139427296594 0.22494139206248048
-0.22493325872542025 -0.2249332583618896
0.22492512428296357 0.2249251237885127
-0.22491698999021298 -0.22491699048466385
0.22490885766031343 0.22490885630792884
-0.22490072290614715 -0.2249007216848023
0.22489258839903165 0.22489258876249058
-0.22488445404135038 -0.22488445367789145
0.22487632078845798 0.2248763220097551
-0.22486818854264262 -0.2248681873213455
0.22486005311242074 0.2248600534759274
-0.22485191954715733 -0.22485192004141724
0.22484378794398668 0.22484378659198406
-0.22483565305907538 -0.22483565269564038
0.224827520993995 0.22482751964204012
-0.22481938564714565 -0.22481938699910053
0.22481125397774637 0.22481125348343872
-0.2248031198841014 -0.2248031195207857
0.22479498775253615 0.22479498811585186
-0.22478685319669695 -0.22478685283338123
0.22477872146046118 0.2247787218237769
-0.2247705872998514 -0.22477058779406361
0.2247624551012415 0.22476245460702926
-0.2247543213357095 -0.22475432182992172
0.22474618953207764 0.22474618818040903
-0.2247380561614239 -0.2247380575130925
0.22472992389516228 0.22472992254349367
-0.224721790919235 -0.22472179141351878
0.22471365904760054 0.22471365855331676
-0.22470552560886364 -0.22470552610314742
0.2246973932743913 0.22469739278010753
-0.22468926023007801 -0.2246892615816513
0.22468112828992964 0.2246811286528877
-0.22467299649708278 -0.2246729952768829
0.22466486409379371 0.22466486445677558
-0.2246567318377779 -0.22465673147479603
0.2246485998284627 0.22464859933427417
-0.22464046625202777 -0.22464046760336287
0.22463233635082813 0.22463233499949303
-0.22462420316806836 -0.22462420366230457
0.22461607108921933 0.22461607230913333
-0.22460793915713018 -0.2246079387942675
0.22459980747175362 0.2245998078346163
-0.22459167507603373 -0.22459167557017468
0.2245835446409583 0.22458354414681736
-0.22457541178145662 -0.22457541227559757
0.22456728173950397 0.22456728124536302
-0.22455914927302562 -0.22455914976716657
0.22455101876711242 0.22455101827297147
-0.22454288669350664 -0.22454288633078673
0.22453475572352954 0.2245347552294124
-0.22452662318583233 -0.22452662367994947
0.22451849346531455 0.22451849297119741
-0.22451036046337508 -0.22451036181425787
0.22450223113532908 0.22450223064118818
-0.22449409852576208 -0.22449409901990297
0.2244859678766012 0.22448596823915462
-0.22447783651597403 -0.22447783701009116
0.22446970625893614 0.22446970662146576
-0.22446157614695594 -0.22446157492780333
0.22445344542519596 0.22445344493115016
-0.22444531399189088 -0.22444531362936126
0.2244371828054011 0.22443718402448237
-0.22442905262039442 -0.22442905225784104
0.22442092268203273 0.22442092218808196
-0.22441279117554291 -0.22441279166949368
0.22440466162865497 0.22440466027824763
-0.22439653136997267 -0.22439653186394715
0.2243883996450859 0.22438840000752053
-0.22438027149044643 -0.22438027027162644
0.22437213844391468 0.2243721405190962
-0.2243640106803495 -0.22436400860516797
0.22435587888110753 0.22435587924366096
-0.22434774979579108 -0.22434774857694734
0.22433961924364126 0.224339620462485
-0.22433148883651838 -0.22433148933016028
0.22432336038748235 0.22432335903762135
-0.22431522865845066 -0.22431523000831166
0.22430709974372132 0.2243070992500319
-0.2242989692612643 -0.2242989688988059
0.22429083988069182 0.22429084109927433
-0.2242827106445648 -0.22428270856988192
0.22427458079799933 0.22427458201660555
-0.2242664510958518 -0.22426645073329854
0.22425832163926768 0.22425832200182094
-0.22425019318300848 -0.22425019282045522
0.22424206326017948 0.22424206362273275
-0.22423393348168985 -0.22423393483105258
0.22422580480447735 0.22422580431104894
-0.22421767455961344 -0.22421767505304185
0.224209546271886 0.22420954663434445
-0.2242014172722721 -0.2242014160539505
0.2241932876621066 0.22419328888042822
-0.22418515990754578 -0.22418516040085562
0.22417702897488773 0.2241770284815779
-0.22416890246518334 -0.22416890295849318
0.22416077106572285 0.22416077057241302
-0.22415264408918883 -0.2241526454382196
0.2241445139342661 0.2241445134409325
-0.22413638649075313 -0.22413638698408672
0.22412825758012406 0.22412825708679046
-0.22412012881385707 -0.2241201301628168
0.22411200114732516 0.22411200065396786
-0.22410387191382858 -0.22410387155160716
0.22409574378004 0.22409574328670634
-0.22408761579032221 -0.22408761628365587
0.2240794863336203 0.2240794866957943
-0.2240713604429691 -0.2240713600807951
0.22406323051871252 0.22406323002542622
-0.2240551041604798 -0.22405510294289283
0.2240469737686145 0.22404697498620146
-0.224038846942746 -0.22403884743593755
0.22403071779394917 0.22403071815612324
-0.22402259135563812 -0.22402259184880602
0.22401446173898254 0.22401446124581464
-0.22400633654337493 -0.2240063361812482
0.2239982073139828 0.22399820596556763
-0.22399007993979891 -0.22399008214346133
0.2239819528080636 0.22398195060440118
-0.22397382411049693 -0.22397382545895944
0.223965696510599 0.22396569687248907
-0.2239575699103009 -0.22395757040356346
0.22394944269717365 0.2239494422039111
-0.22394131477333784 -0.22394131526660038
0.22393318794688016 0.22393318659853595
-0.2239250604096163 -0.22392506090290248
0.22391693396963275 0.22391693347634656
-0.22390880510872363 -0.2239088064570206
0.22390067991010038 0.2239006785618034
-0.2238925514354193 -0.22389255192875285
0.22388442491304694 0.22388442527465324
-0.22387629682449323 -0.22387629817271926
0.22386817239793538 0.22386817104970935
-0.2238600438403503 -0.22386004433370738
0.2238519172350436 0.22385191674168653
-0.22384378991811138 -0.22384379126629012
0.22383566455328913 0.2238356640599084
-0.2238275367671239 -0.22382753726050464
0.22381941093304214 0.22381941043966141
-0.22381128353231783 -0.2238112857351529
0.223803158938283 0.2238031575901515
-0.22379503106807747 -0.22379503156152902
0.22378690429522208 0.22378690465642687
-0.22377877937410717 -0.22377877901290238
0.22377065213159625 0.22377065249280104
-0.22376252588621365 -0.22376252637959437
0.22375440073772684 0.22375440024434612
-0.2237462740225144 -0.22374627451589513
0.2237381492586859 0.22373814876530518
-0.22373002121905233 -0.22373002171243306
0.22372189598531445 0.22372189720086866
-0.2237137708935203 -0.22371376967796608
0.2237056443352109 0.2237056455507651
-0.22369751791888953 -0.2236975184121287
0.2236893925992165 0.22368939296035045
-0.22368126742136335 -0.22368126791457893
0.22367314248566483 0.22367314370110108
-0.2236650159830842 -0.2236650156219503
0.22365689143126005 0.22365689093811514
-0.22364876531245653 -0.22364876580560145
0.22364064114431248 0.223640639796936
-0.22363251455488387 -0.22363251419384433
0.2236243899160883 0.22362438942294338
-0.22361626456430356 -0.22361626505744847
0.22360813860057216 0.22360813896156456
-0.22360001448623718 -0.22360001412524477
0.22359188975978778 0.22359188841259986
-0.22358376346630066 -0.22358376395942198
0.22357563912294343 0.22357564033790822
-0.22356751406647074 -0.22356751455954493
0.22355939010596454 0.22355938961289035
-0.22355126457827362 -0.22355126421737542
0.22354314100047157 0.22354314050742097
-0.22353501500146272 -0.22353501464058806
0.22352689009841492 0.22352689045928958
-0.22351876618971717 -0.2235187658288425
0.22351064166903323 0.2235106420299079
-0.2235025172887714 -0.22350251692789674
0.2234943922964972 0.22349439265737187
-0.223486268298403 -0.22348626793752835
0.22347814368819952 0.22347814404907418
-0.22347001921834242 -0.22347001971120467
0.22346189499006325 0.223461894497201
-0.22345377175572367 -0.22345377224858592
0.2234456462017958 0.2234456474162661
-0.22343752420278024 -0.22343752213466717
0.22342939732315142 0.22342939853764526
-0.22342127570567089 -0.22342127449117705
0.2234131500610526 0.22341315127554645
-0.22340502797131823 -0.2234050267568244
0.22339690270794504 0.22339690392243888
-0.22338877929235607 -0.2233887797848655
0.22338065611708524 0.22338065562457582
-0.22337253137554247 -0.2233725318680519
0.22336440858122475 0.22336440894214638
-0.22335628592735368 -0.2233562847130245
0.22334816010016573 0.22334816302126304
-0.22334003868041274 -0.22334003746603653
0.22333191408717606 0.22333191530155228
-0.2233237921945802 -0.22332379012689046
0.2233156671284749 0.22331566748958454
-0.2233075464695174 -0.22330754525514124
0.22329942093039762 0.22329942129153074
-0.22329129894518024 -0.22329129773082756
0.22328317463943337 0.22328317500058997
-0.22327505218107685 -0.22327505352626537
0.22326692910846335 0.223266929469573
-0.22325880788307334 -0.22325880666883813
0.22325068348395327 0.2232506829919843
-0.2232425617851801 -0.22324256142407045
0.223234436912651 0.22323443812681582
-0.22322631559347483 -0.22322631523234165
0.22321819280646266 0.22321819231458762
-0.22321006930764314 -0.22321006979951818
0.22320194775294738 0.2232019481140336
-0.2231938246333402 -0.22319382427225398
0.22318570260484621 0.22318570381884667
-0.22317757986430592 -0.2231775803560871
0.22316945736191557 0.22316945857586912
-0.22316133585314085 -0.2231613346391873
0.22315321287670892 0.22315321409066247
-0.2231450908938668 -0.2231450905327102
0.22313697000166255 0.2231369678044986
-0.223128845839061 -0.22312884718347492
0.22312072532539234 0.22312072398097843
-0.22311260239393343 -0.22311260373834735
0.22310448140588185 0.22310448006146794
-0.22309635800001448 -0.2230963593444284
0.22308823653752885 0.22308823689838053
-0.2230801152150298 -0.22308011570678749
0.22307199242533254 0.2230719936387467
-0.22306387233335395 -0.22306387197250227
0.22305574992147192 0.2230557502823236
-0.22304762850218174 -0.22304762814133006
0.22303950646801723 0.22303950682886892
-0.22303138542634865 -0.22303138506549697
0.22302326462215544 0.22302326498300712
-0.22301514140060452 -0.22301514189217475
0.22300702182623805 0.22300702218706625
-0.22299889983434784 -0.22299889947351964
0.22299077893242125 0.22299078014560103
-0.2229826556130159 -0.22298265695682057
0.22297453764514275 0.22297453800594758
-0.2229664155549218 -0.22296641434183567
0.22295829285026175 0.22295829576786375
-0.2229501728414559 -0.22295017162832287
0.22294205307018589 0.22294205343110785
-0.22293393173352538 -0.22293393052041577
0.22292581063444578 0.2229258109953911
-0.22291768967430237 -0.22291768931335704
0.22290957065587902 0.22290957016470692
-0.2229014475156859 -0.22290144800685802
0.22289332887353996 0.22289332753029723
-0.22288520781362325 -0.22288520830481873
0.22287708784342247 0.222877087352227
-0.22286896630749642 -0.2228689667986919
0.22286084500928405 0.22286084622204272
-0.22285272640515968 -0.2228527260443547
0.22284460548265222 0.22284460413959667
-0.22283648469841688 -0.22283648604147244
0.22282836500344755 0.222828363660392
-0.22282024459472483 -0.22282024508592024
0.2228121244233361 0.22281212393214067
-0.2228040052417955 -0.22280400402936418
0.22279588374205356 0.2227958841026949
-0.22278776493573815 -0.2227877645750968
0.22277964381112603 0.22277964417176738
-0.2227715245281255 -0.222771525019204
0.22276340463019606 0.22276340499081404
-0.22275528487036683 -0.22275528365807573
0.22274716619888318 0.22274716570787473
-0.22273904511045517 -0.22273904560146363
0.22273092596202104 0.2227309254710126
-0.2227228060997769 -0.22272280659078536
0.2227146881773614 0.22271468683479662
-0.22270656698637192 -0.22270656747740375
0.22269844858676568 0.22269844809573386
-0.22269032777004705 -0.22269032826107887
0.2226822097446164 0.22268220925358456
-0.22267408930197863 -0.22267408979301045
0.2226659716505336 0.22266597030808555
-0.22265785073039385 -0.22265785122144904
0.2226497326014219 0.2226497321103667
-0.2226416129064227 -0.2226416133974779
0.2226334942997808 0.22263349466004845
-0.2226253749783862 -0.22262537461811854
0.22261725589397796 0.2226172562542456
-0.22260913864855064 -0.22260913743703015
0.2226010173837274 0.2226010185952479
-0.22259290051161867 -0.2225929001513044
0.22258477962001944 0.22258478083151656
-0.2225766631210399 -0.22257666276070232
0.2225685434536112 0.2225685438139488
-0.22256042477418608 -0.2225604261160743
0.22255230718187485 0.22255230669107623
-0.2225441871730675 -0.22254418766386613
0.22253606995350522 0.2225360694627066
-0.22252795116837182 -0.22252795165917044
0.22251983347032622 0.22251983212853127
-0.22251171505765782 -0.22251171469750675
0.22250359603008324 0.22250359553928467
-0.22249547884071047 -0.22249547933150904
0.22248735933446057 0.22248735969456507
-0.22247924251726797 -0.22247924300804323
0.22247112338310338 0.22247112289232812
-0.22246300608706865 -0.2224630065778439
0.222454888175657 0.22245488683407189
-0.2224467704006377 -0.22244677089143622
0.22243865115945372 0.2224386523701818
-0.22243053460692724 -0.22243053509767918
0.22242241743878854 0.22242241609731989
-0.22241429785491268 -0.2224143000470748
0.22240618190896044 0.22240618056746847
-0.22239806354710678 -0.22239806318730504
0.2223899471217654 0.22238994578031995
-0.22238182913109833 -0.22238182962194353
0.22237371052511828 0.22237371088485008
-0.22236559460669642 -0.22236559424696462
0.22235747552113638 0.22235747588086818
-0.2223493599736171 -0.22234935876337808
0.2223412412588654 0.2223412416186205
-0.22233312438113906 -0.2223331248718446
0.22232500688753776 0.22232500809770706
-0.22231689038038382 -0.22231689087104278
0.22230877325726073 0.22230877276660177
-0.22230065712049074 -0.22230065591041454
0.2222925386669689 0.22229253902670082
-0.2222844211998456 -0.22228442169043477
0.22227630651780284 0.22227630517691582
-0.22226818772013807 -0.22226818906102508
0.22226007255785046 0.22226007291746613
-0.22225195413014487 -0.2222519537705292
0.22224383848751744 0.2222438388471331
-0.22223572212999265 -0.22223572177037698
0.222227605156679 0.22222760551629467
-0.2222194891687837 -0.22221948795903296
0.22221137256500584 0.22221137207453284
-0.22220325609646363 -0.22220325573684796
0.22219513901201454 0.2221951393716302
-0.22218702291281922 -0.22218702255320355
0.22217890704764193 0.22217890655723865
-0.22217079131755924 -0.22217079010797114
0.22216267497142833 0.22216267363109904
-0.2221545579104186 -0.2221545575508494
0.22214644278318407 0.22214644229282726
-0.22213832609100476 -0.22213832658136157
0.22213020963274754 0.22213020999227034
-0.22212209500901647 -0.22212209379963732
0.2221139763698089 0.2221139784290212
-0.22210586296448243 -0.22210586175508007
0.2220977463933026 0.22209774675291827
-0.22208962995719023 -0.22208962959757456
0.22208151375437007 0.22208151496372608
-0.22207339853624125 -0.22207339987603653
0.22206528355124122 0.22206528306113987
-0.22205716870109854 -0.22205716834152922
0.22204905153504884 0.22204905189461815
-0.2220409379024686 -0.22204093669327502
0.22203282110421713 0.22203282146380965
-0.22202470529060814 -0.22202470578059352
0.2220165914087711 0.22201659006923102
-0.22200847596267986 -0.22200847560315695
0.22200035989974204 0.22200035940975665
-0.22199224482112084 -0.22199224531110623
0.22198412997502137 0.22198413033449793
-0.22197601441419806 -0.2219760140547215
0.22196789993528826 0.22196790029476482
-0.22195978389216864 -0.22195978353269208
0.22195166978030811 0.2219516692904155
-0.2219435541041443 -0.22194355544338296
0.22193544035914625 0.22193543986923042
-0.2219273242004518 -0.22192732553966732
0.22191921082217597 0.221919210332237
-0.22191109503011042 -0.2219110955200494
0.22190298201837022 0.22190298067920106
-0.22189486489433297 -0.22189486708270917
0.22188675224903442 0.2218867509098421
-0.22187863634050653 -0.22187863767969884
0.2218705232122793 0.22187052187308698
-0.22186240766991366 -0.22186240815999164
0.22185429405866414 0.22185429271949497
-0.2218461797313887 -0.2218461793724218
0.22183806478793205 0.22183806514689897
-0.2218299516755604 -0.22182995046757176
0.22182183539984945 0.2218218366078381
-0.22181372265322002 -0.22181372314318232
0.22180560844106295 0.22180560880005296
-0.22179749436203872 -0.2217974940030487
0.22178938136425075 0.22178938087433475
-0.22178126510390167 -0.22178126559381767
0.22177315247148344 0.2217731528304272
-0.22176503912292078 -0.2217650379151404
0.22175692430910715 0.22175692466807406
-0.22174881047684475 -0.2217488109666682
0.22174069687684256 0.22174069723578632
-0.22173258256074097 -0.22173258305054133
0.221724470174318 0.22172446968451764
-0.22171635537423778 -0.22171635586403815
0.2217082425038126 0.22170824286268698
-0.22170012806835843 -0.22170012940678724
0.22169201556246632 0.221692015072666
-0.2216839014914525 -0.22168390198125282
0.22167578850132574 0.22167578970868995
-0.2216676739460538 -0.22166767358724876
0.22165956216871757 0.22165956337605863
-0.22165144882607407 -0.221651447618733
0.2216433348672449 0.22164333607458597
-0.22163522273709074 -0.22163522237821642
0.22162710914214528 0.2216271095010196
-0.2216189965273616 -0.2216189961684873
0.22161088244776322 0.22161088280663754
-0.221602771045052 -0.22160277068617767
0.221594657329013 0.2215946568395361
-0.22158654374478404 -0.22158654508258907
0.22157843208886796 0.22157843075106293
-0.2215703180196847 -0.22157031935748972
0.22156220672705007 0.2215622070857628
-0.22155409302105572 -0.221554092662343
0.22154598124330488 0.22154598075380488
-0.22153786705217088 -0.22153786923805008
0.22152975563742394 0.2215297559960443
-0.2215216435054881 -0.2215216422987243
0.22151352990910655 0.22151353026774995
-0.22150541898804066 -0.22150541862939727
0.22149730490621905 0.2214973069610109
-0.22148919434774084 -0.221489192292949
0.22148108147644285 0.2214810818351785
-0.22147296873630656 -0.2214729692255759
0.22146485707539354 0.2214648565861242
-0.2214567446975218 -0.22145674518679115
0.22144863255084535 0.221448632061576
-0.22144052053509966 -0.22144052017645627
0.22143240790256746 0.22143240910910056
-0.22142429709667616 -0.22142429589014306
0.22141618397814972 0.2214161851846828
-0.22140807353406178 -0.22140807232752868
0.2213999599294489 0.22139996113598198
-0.22139184984702603 -0.22139184864049294
0.2213837374517375 0.2213837369627678
-0.22137562603529254 -0.22137562567653385
0.22136751315373338 0.22136751436019741
-0.2213594020986771 -0.22135940173989532
0.22135129042607377 0.22135129163251482
-0.221343179732176 -0.2213431793733711
0.22133506842063905 0.22133506877944392
-0.2213269563925353 -0.2213269568813206
0.2213188437468387 0.2213188449531876
-0.22131073462234174 -0.22131073341599283
0.22130262148986846 0.22130262269621737
-0.22129451103107406 -0.22129451151972118
0.22128640080172446 0.22128639946560236
-0.22127828900849472 -0.22127828949716483
0.2212701774447559 0.2212701769560858
-0.22126206770680712 -0.22126206819547722
0.22125395480858745 0.22125395601468317
-0.22124584543092385 -0.22124584507218803
0.22123773374023442 0.22123773325163332
-0.22122962218068465 -0.22122962351659964
0.2212215125446788 0.22122151205605467
-0.22121340134504686 -0.221213401833671
0.2212052912216224 0.22120529073299827
-0.22119717784010534 -0.22119718002317318
0.2211890706181041 0.22118906928223508
-0.22118095844335978 -0.2211809597792288
0.22117284819220634 0.22117284770349016
-0.2211647380712734 -0.2211647368657299
0.22115662817948784 0.22115662684371074
-0.22114851587657935 -0.22114851721235645
0.22114040719117734 0.22114040585540023
-0.22113229609449164 -0.22113229658323086
0.22112418522709232 0.221124185585368
-0.22111607703047598 -0.22111607497821645
0.22110796398103416 0.2211079660332937
-0.22109985614332828 -0.22109985409106875
0.22109174429962858 0.22109174550496513
-0.22108363512680418 -0.22108363476836762
0.2210755244886634 0.22107552569397704
-0.2210674156743836 -0.22106741362221588
0.22105930539469576 0.22105930575320132
-0.2210511943983533 -0.22105119488665587
0.22104308617064372 0.22104308483555601
-0.2210349763792882 -0.22103497517408938
0.22102686596944826 0.2210268671746471
-0.22101875484279415 -0.22101875533102783
0.22101064648447494 0.2210106468429346
-0.22100253656244223 -0.22100253620398258
0.22099442686864212 0.22099442722710178
-0.22098631899767268 -0.22098631694596416
0.2209782071216993 0.22097820917340782
-0.220970098761829 -0.220970097556699
0.22096198893659913 0.22096199014172913
-0.22095388008764544 -0.22095387972904806
0.22094577061981951 0.2209457701319072
-0.2209376621281785 -0.2209376617696041
0.22092955132464664 0.22092955083675725
-0.22092144403666858 -0.22092144367811717
0.2209133335902218 0.22091333310235528
-0.22090522496644766 -0.22090522460791917
0.22089711318425148 0.22089711523552408
-0.2208890083028689 -0.2208890070979454
0.22088089687739343 0.22088089808231692
-0.22087278896742746 -0.2208727886088072
0.2208646787449542 0.22086467910357444
-0.22085657034531592 -0.22085657083295307
0.22084846217185145 0.2208484616842143
-0.2208403532823589 -0.2208403529237845
0.2208322454652064 0.22083224497759218
-0.22082413439343784 -0.22082413572721776
0.22081602862483857 0.22081602729105865
-0.2208079170630351 -0.2208079192429349
0.22079981080437894 0.2207998094705761
-0.22079170213679244 -0.22079170177844715
0.22078359284969817 0.22078359320804347
-0.22077548453797052 -0.22077548502565353
0.2207673756066445 0.22076737596496687
-0.2207592684965765 -0.22075926813825414
0.22075115907483145 0.22075116027911335
-0.2207430514743225 -0.2207430519619139
0.22073494325394177 0.22073494361226415
-0.22072683600874687 -0.22072683480453364
0.22071872729772168 0.22071872765606693
-0.22071061871601488 -0.2207106192035147
0.22070251036016897 0.22070251156431353
-0.22069440297935 -0.22069440346680408
0.2206862958242326 0.22068629533677853
-0.2206781862609687 -0.22067818674842277
0.22067007946071365 0.22067007981899017
-0.22066197278934468 -0.22066197158536038
0.2206538638065788 0.2206538641648782
-0.22064575579847617 -0.22064575459451474
0.22063764801594093 0.22063764921990237
-0.22062954120790962 -0.2206295400039482
0.22062143377969318 0.22062143329246786
-0.22061332478917856 -0.22061332527640387
0.22060521940633238 0.2206052197646547
-0.22059710992438608 -0.22059711041158853
0.22058900405008613 0.22058900187187985
-0.2205808949221434 -0.22058089625487065
0.22057278940175656 0.2205727889144855
-0.22056468062763646 -0.2205646811149075
0.22055657546098195 0.22055657412830043
-0.22054846534972833 -0.2205484675277975
0.22054035969135205 0.22054035920401244
-0.22053225331506443 -0.22053225295706208
0.220524146319375 0.22052414498673917
-0.22051603776052492 -0.22051603824786448
0.22050793196348178 0.22050793063086882
-0.2204998246031193 -0.22049982593573225
0.22049171746872176 0.22049171698133652
-0.2204836104614613 -0.22048361094884655
0.2204755036800758 0.22047550403787258
-0.22046739702573698 -0.22046739666794019
0.22045928975204654 0.22045929095497968
-0.22045118345049464 -0.22045118393778856
0.22044307652950096 0.22044307688729775
-0.22043497058055583 -0.22043497022275904
0.22042686316703342 0.2204268635248302
-0.2204187575705603 -0.2204187572127635
0.22041065135441928 0.22041065002221727
-0.2204025452652157 -0.22040254490746453
0.22039443855632274 0.22039443806912012
-0.22038633112941447 -0.22038633246154804
0.22037822561758835 0.22037822428545478
-0.22037011938758821 -0.22037011902995113
0.22036201169306197 0.22036201205069905
-0.22035390750467537 -0.22035390714703829
0.22034579931708514 0.22034579967472223
-0.22033769463561304 -0.22033769427797595
0.22032958933400099 0.22032958800209557
-0.22032148162497267 -0.22032148211212965
0.22031337667489065 0.22031337618773367
-0.22030527016200535 -0.22030527064916233
0.220297164718548 0.220297164231391
-0.2202890577122658 -0.2202890581994228
0.22028095430929373 0.22028095213286775
-0.2202728468094351 -0.22027284645202594
0.22026474122368728 0.22026474073650754
-0.22025663491943276 -0.2202566354066125
0.22024852968458752 0.2202485308864945
-0.22024042457566645 -0.2202404233737595
0.22023231884700106 0.22023231920441028
-0.22022421324423846 -0.22022421288682925
0.22021610786616225 0.22021610737911929
-0.22020800176946992 -0.22020800225651288
0.2201998984306624 0.22019989625480613
-0.22019179015109325 -0.22019179148256562
0.2201836863182462 0.22018368498677382
-0.22017558092196993 -0.22017558140910398
0.22016747575054313 0.22016747526340907
-0.22015936986002693 -0.220159370347161
0.2201512658828792 0.2201512662400152
-0.2201431594979894 -0.22014316082934798
0.22013505671489608 0.2201350553835375
-0.22012694899129748 -0.2201269494784543
0.2201188457137216 0.22011884438238571
-0.22011073918393148 -0.2201107413594236
0.22010263456760593 0.22010263408038083
-0.2200945300755564 -0.2200945305627815
0.22008642580856913 0.22008642616543206
-0.2200783208217036 -0.22007832046484066
0.22007021437179392 0.2200702155726994
-0.2200621105782004 -0.22006211190935426
0.22005400616540227 0.2200540056782454
-0.2200459027207457 -0.22004590320790257
0.2200377969688923 0.220037797325687
-0.22002969302915626 -0.22002969351629037
0.22002158847001468 0.22002158798288057
-0.220013484035066 -0.22001348367831675
0.22000537982455148 0.22000538018130072
-0.21999727405046476 -0.2199972745375534
0.21998917103230492 0.21998917054521627
-0.219981065606623 -0.21998106693750408
0.2199729612492392 0.21997296160589758
-0.2199648578593687 -0.21996485834645735
0.2199567538501221 0.21995675336303344
-0.21994864912089657 -0.2199486496079852
0.21994054545969988 0.21994054581629008
-0.21993244107843501 -0.21993244156550096
0.21992433776510995 0.219924337278044
-0.21991623288801687 -0.21991623337508281
0.2199081299224308 0.21990812943536486
-0.2199000262365528 -0.2199000250364882
0.21989192108785444 0.21989192144437647
-0.21988381774953908 -0.21988381823653697
0.21987571379181142 0.2198757149918079
-0.21986760995736088 -0.2198676096008389
0.2198595055034771 0.21985950585999908
-0.21985140285970778 -0.219851404190044
0.21984330043975447 0.2198432982660119
-0.2198351947693885 -0.2198351960997474
0.21982709185310495 0.2198270930528291
-0.21981898990307946 -0.21981898786001702
0.2198108848035658 0.2198108860033126
-0.21980278235701162 -0.21980278284385074
0.2197946784474888 0.21979467711737943
-0.21978657634752125 -0.21978657683438302
0.2197784710980461 0.21977847061118433
-0.21977036934457828 -0.21977036898823782
0.2197622652846935 0.21976226479785443
-0.21975416303434553 -0.21975416267802772
0.21974605932069413 0.21974605883387777
-0.2197379565733793 -0.21973795621708414
0.21972985236274034 0.2197298527190355
-0.2197217499614833 -0.21972175129132054
0.2197136469398573 0.21971364645306357
-0.21970554488443544 -0.21970554452820829
0.2196974413655579 0.21969744003578867
-0.21968933881286384 -0.21968933845668198
0.2196812347966935 0.21968123599582828
-0.21967313343254652 -0.21967313307634195
0.21966502976185898 0.21966503011806354
-0.21965692705733664 -0.21965692838690193
0.21964882541777003 0.21964882493106702
-0.21964072137278562 -0.21964072270232832
0.21963262007843865 0.21963261874889595
-0.21962451722137938 -0.21962451770812774
0.21961641458648617 0.2196164140997378
-0.2196083129171753 -0.21960831256117463
0.21960021062714763 0.21960020929769541
-0.21959210677450253 -0.21959210726125095
0.21958400567198055 0.219584004342551
-0.21957590216402645 -0.21957590265079746
0.21956780056347108 0.21956780007670007
-0.21955969740007636 -0.21955969957207389
0.21955159614399222 0.21955159565717597
-0.21954349248241217 -0.21954349296922843
0.21953539241321318 0.2195353927689423
-0.219527289938362 -0.21952728789758735
0.21951918768573536 0.21951918804150972
-0.21951108555500437 -0.2195110860417075
0.21950298364640952 0.2195029831597064
-0.2194948818596223 -0.21949488234632542
0.21948678029488283 0.21948677896577007
-0.21947867800947585 -0.21947867849620156
0.21947057594609637 0.2194705763017351
-0.21946247484671255 -0.21946247364873195
0.21945437228456183 0.21945437348254243
-0.2194462706863866 -0.2194462711729993
0.21943817015224615 0.21943816966563345
-0.21943006805510323 -0.21943006685721306
0.2194219670219748 0.2194219665354073
-0.2194138644258236 -0.21941386491239112
0.21940576457803396 0.2194057632492828
-0.21939766148274364 -0.2193976628114948
0.2193895602936562 0.2193895598070435
-0.21938145838346323 -0.2193814597121918
0.21937335837931743 0.21937335789268214
-0.2193652568118396 -0.2193652572984749
0.2193571563082729 0.21935715497958952
-0.21934905424135404 -0.21934905388598636
0.21934095239632323 0.2193409527516909
-0.21933285151392895 -0.21933285200054164
0.21932475085326697 0.21932475120861206
-0.2193166486292803 -0.21931664911587045
0.21930854999472427 0.21930854866622151
-0.21930044642905983 -0.21930044775756258
0.21929234645287382 0.21929234680810605
-0.21928424491300652 -0.21928424539961922
0.21927614612057222 0.2192761439503148
-0.2192680432389018 -0.21926804456735943
0.21925994310471197 0.2192599426180316
-0.21925184224835237 -0.21925184189327807
0.2192437424557861 0.2192437428108604
-0.2192356402575431 -0.2192356407441784
0.2192275408065153 0.21922754031988
-0.2192194406330517 -0.21921944027802254
0.2192113389983712 0.21921133851175845
-0.21920323832460875 -0.2192032388112215
0.21919513871439972 0.21919513906938376
-0.21918703922331173 -0.2191870380267535
0.21917893574631175 0.21917893694287
-0.21917083743785826 -0.21917083708282914
0.21916273598484426 0.21916273718137996
-0.21915463633421767 -0.21915463513768196
0.2191465360634628 0.2191465372599985
-0.2191384359120624 -0.21913843555696572
0.21913033682334665 0.2191303363370269
-0.21912223617104243 -0.2191222358159683
0.21911413489866027 0.2191141352537344
-0.21910603542820029 -0.21910603591447508
0.21909793617883405 0.21909793569255925
-0.21908983536595178 -0.21908983585222658
0.21908173477421117 0.21908173597049901
-0.2190736359840374 -0.21907363647026712
0.219065534891074 0.21906553608731683
-0.2190574372820851 -0.2190574352446285
0.21904933568776935 0.21904933688403472
-0.2190412367362395 -0.2190412363811428
0.21903313632286925 0.21903313667796592
-0.21902503686988284 -0.21902503651478616
0.2190169367961372 0.21901693799233513
-0.21900883768268825 -0.21900883732756904
0.21900073710733692 0.21900073746245613
-0.2189926391743296 -0.21899263881921038
0.21898453809724294 0.2189845392933733
-0.21897644050346937 -0.218976439307339
0.2189683397655292 0.21896834096165957
-0.21896024166987138 -0.21896024047374102
0.2189521404300273 0.21895214162615767
-0.2189440418324458 -0.21894404147721414
0.2189359426132872 0.21893594380939507
-0.21892784435446172 -0.21892784231750012
0.21891974379230955 0.2189197449884399
-0.21891164587215567 -0.2189116446760253
0.21890354564858838 0.21890354684471874
-0.2188954472261685 -0.21889544687080192
0.21888734734105686 0.21888734853716474
-0.21887924925700575 -0.21887924806089787
0.21887114971017585 0.21887115006558738
-0.21886304944229779 -0.2188630516089079
0.2188549527556648 0.21885495227035756
-0.21884685282580774 -0.21884685247048608
0.21883875479589587 0.21883875515121753
-0.21883065520397582 -0.21883065652982214
0.21882255751191404 0.21882255702662923
-0.21881445741721828 -0.218814457061964
0.21880635922236114 0.2188063595776154
-0.21879826114633322 -0.21879825995058477
0.21879016244850719 0.21879016280378394
-0.21878206218859247 -0.21878206351421425
0.21877396550912898 0.21877396502393398
-0.2187658655865466 -0.2187658660717416
0.21875776840394673 0.2187577687591336
-0.2187496688185681 -0.21874966930374068
0.2187415719730853 0.21874157148791273
-0.21873347272473692 -0.21873347236959495
0.21872537453561375 0.21872537489075572
-0.21871727562421206 -0.2187172752690701
0.21870917777194904 0.218709178127091
-0.21870107919732074 -0.21870107968240354
0.21869298168174472 0.21869298203686427
-0.2186848826035367 -0.21868488224841715
0.2186767845843618 0.21867678661979628
-0.21866868752294066 -0.2186686863276412
0.21866058899999374 0.21866058851506798
-0.2186524905946911 -0.21865249107961687
0.21864439240804634 0.2186443927631883
-0.21863629517900457 -0.2186362956639079
0.21862819732844402 0.21862819684354068
-0.21862009791539855 -0.21862010008030286
0.21861200124086194 0.2186120015958919
-0.21860390384364237 -0.21860390348861242
0.2185958066649109 0.21859580618000762
-0.21858770792356658 -0.218587707568559
0.21857961192042374 0.21857961227543132
-0.2185715126747823 -0.21857151231977473
0.21856341616732322 0.21856341568248722
-0.2185553172571678 -0.21855531858182503
0.21854722024530937 0.21854721976045094
-0.2185391225102884 -0.21853912299514683
0.21853102583365697 0.21853102534879854
-0.218522927594045 -0.21852292723917188
0.21851483125251275 0.21851483076767664
-0.21850673250822705 -0.21850673299306317
0.21849863566200184 0.21849863601683012
-0.21849053809228813 -0.2184905394167439
0.2184824424204817 0.21848244109602594
-0.21847434434583896 -0.2184743448306975
0.21846624732950948 0.21846624600507608
-0.21845814958949689 -0.2184581500743778
0.21845005374724152 0.2184500532623606
-0.21844195550213424 -0.21844195598701516
0.21843385915476532 0.2184338578303991
-0.21842576124398855 -0.21842576172889183
0.21841766439142335 0.2184176655854012
-0.21840956765426778 -0.21840956729970817
0.2184014711357749 0.2184014714903345
-0.21839337389323216 -0.21839337353867255
0.2183852777086841 0.2183852780632437
-0.21837717996067163 -0.21837717960611203
0.21836908327063503 0.21836908446450104
-0.21836098753496697 -0.21836098718038494
0.21835288950000814 0.21835289069385183
-0.21834479325870548 -0.21834479290410108
0.21833669723574384 0.2183366984295652
-0.21832860048863478 -0.218328600134008
0.2183205039598477 0.2183205034753023
-0.21831240754604447 -0.21831240635229016
0.2183043113504773 0.21830431170510411
-0.21829621526980814 -0.21829621407607613
0.21828811772912354 0.21828811892285555
-0.21828002198150626 -0.21828002162683469
0.21827192477378765 0.21827192512845922
-0.21826383019806633 -0.21826382984339476
0.21825573332309772 0.2182557336777693
-0.21824763656312707 -0.2182476362084555
0.21823954085981973 0.2182395403755425
-0.21823144443243092 -0.21823144407778172
0.21822334738381177 0.21822334773846097
-0.21821525296668648 -0.21821525261203728
0.21820715457267342 0.218207157443901
-0.2181990604878768 -0.2181990601331606
0.21819096410373634 0.21819096445845254
-0.21818286867342285 -0.21818286747991417
0.21817477262135426 0.21817477213732261
-0.21816667584553123 -0.21816667716831073
0.21815858096417812 0.21815858048012415
-0.21815048535891812 -0.21815048500426887
0.21814238745457099 0.21814238864790114
-0.21813429385845073 -0.21813429350377916
0.21812619712438774 0.21812619747905931
-0.21811810218255723 -0.2181181026664996
0.21811000578001566 0.21811000529607327
-0.21810190949248265 -0.21810190997642503
0.2180938150984748 0.21809381461453242
-0.21808571914220704 -0.21808571962614942
0.21807762340237408 0.21807762375693412
-0.21806952777728983 -0.2180695282612099
0.218061433207013 0.21806143356155072
-0.21805333707446123 -0.21805333839679458
0.218045242835112 0.21804524235119188
-0.21803714703340243 -0.2180371466789316
0.21802905060970396 0.2180290518025435
-0.2180209576538389 -0.21802095562265295
0.21801286072240245 0.2180128619152643
-0.21800476642047945 -0.2180047660659194
0.21799667149615148 0.21799667101243198
-0.21798857500983176 -0.21798857549355127
0.21798048041592738 0.21798048077044285
-0.21797238593637153 -0.21797238474364333
0.21796428999625017 0.21796429202716877
-0.21795619584686232 -0.21795619549228
0.21794810023682393 0.21794810059140624
-0.2179400055793101 -0.21794000522472778
0.2179319102992287 0.21793191149191238
-0.21792381680966605 -0.21792381645506143
0.2179157210212701 0.21791572137587473
-0.21790762618534032 -0.21790762666877023
0.2178995315646623 0.21789953191924466
-0.21789143789629878 -0.21789143754171642
0.2178833427670998 0.21788334228371442
-0.21787524607636027 -0.21787524739769115
0.21786715379043042 0.21786715330702278
-0.21785905826687252 -0.2178590579123792
0.21785096463433645 0.2178509633130723
-0.21784286860207736 -0.2178428699233415
0.21783477529865614 0.21783477481522623
-0.2178266795954269 -0.2178266800788568
0.217818585783161 0.2178185869753106
-0.21781049208437137 -0.21781049089222176
0.21780239776309102 0.21780239811749535
-0.21779430271754557 -0.21779430236314123
0.21778620872495985 0.21778620991706504
-0.21777811484570264 -0.21777811532895458
0.21777002034394094 0.2177700190230326
-0.21776192679312384 -0.2177619264387639
0.21775383178210544 0.21775383129885345
-0.21774573688442406 -0.21774573736767605
0.21773764303929222 0.21773764423117503
-0.217729549307346 -0.2177295489530084
0.21772145495275197 0.21772145530708958
-0.2177133615488262 -0.21771336203198932
0.2177052683596465 0.21770526703900484
-0.21769717360861496 -0.21769717325434396
0.21768907990981196 0.21768908026408296
-0.21768098548655113 -0.21768098596969204
0.21767289295282394 0.21767289246968302
-0.2176647980197527 -0.2176647985028936
0.2176567041388518 0.21765670533040143
-0.21764861037062477 -0.21764861169104432
0.21764051765441694 0.21764051717129823
-0.2176324225388958 -0.21763242385929316
0.21762433014995541 0.2176243296668145
-0.21761623619885145 -0.21761623668199237
0.21760814329975314 0.21760814365382425
-0.21760004883847334 -0.2176000493215921
0.2175919562663488 0.21759195578323004
-0.2175838612948131 -0.21758386177793188
0.21757576904953774 0.21757577024066554
-0.21756767440476715 -0.21756767572494262
0.21755958248617235 0.2175595820030758
-0.2175514881679978 -0.21755148865109436
0.21754339573888032 0.21754339525578376
-0.2175353025841899 -0.21753530306728647
0.21752720880743515 0.21752720832433858
-0.21751911681606023 -0.2175191164621888
0.2175110216916325 0.21751102204550393
-0.21750292918955727 -0.21750292883568584
0.2174948369020172 0.21749483641898715
-0.2174867438890286 -0.21748674353517938
0.21747865025370033 0.21747864977069242
-0.21747055756664213 -0.2174705572128151
0.2174624642571602 0.21746246544780007
-0.2174543710590734 -0.21745437070522416
0.21744627891208218 0.21744627842916298
-0.21743818520284275 -0.21743818568576195
0.21743009338140523 0.21743009289848603
-0.21742199999763567 -0.2174219996438529
0.21741390766490387 0.21741390801868665
-0.21740581460648006 -0.21740581425269728
0.21739772176237443 0.21739772127952167
-0.21738962819255908 -0.21738962951202523
0.21738153734681814 0.217381536027352
-0.2173734441020121 -0.21737344374834006
0.21736535107155597 0.21736535058868106
-0.21735725815172408 -0.21735725947112383
0.21734916711916358 0.21734916579976382
-0.217341073687569 -0.2173410741704882
0.2173329813067696 0.21733298082385039
-0.21732488819985774 -0.21732488868277694
0.21731679698007111 0.2173167964971519
-0.21730870419762977 -0.21730870384415696
0.21730061162949 0.21730061114659294
-0.2172925191714397 -0.21729251965433677
0.21728442776393297 0.21728442728103592
-0.21727633563006188 -0.21727633360404847
0.21726824203780637 0.21726824322753846
-0.2172601510643387 -0.21726014987460662
0.21725205863233654 0.21725205982206863
-0.21724396547411212 -0.21724396595681
0.21723587420223972 0.21723587371954184
-0.2172277822039952 -0.21722778268669307
0.21721969125580376 0.21721968910080863
-0.21721159790890354 -0.21721159922777217
0.21720350644820963 0.21720350596544546
-0.21719541258878972 -0.2171954139076362
0.21718732395979945 0.21718732264095297
-0.21717922958764813 -0.2171792309064946
0.21717113877387706 0.2171711391270626
-0.21716304723302376 -0.21716304813382908
0.2171549542344372 0.21715495500557552
-0.2171468630167328 -0.21714686391749388
0.21713877117713926 0.21713877153026961
-0.21713068028237242 -0.21713067951128934
0.21712258792974942 0.21712258953671593
-0.2171144973577972 -0.21711449658669202
0.21710640449206603 0.21710640400941233
-0.2170983142428055 -0.2170983143075506
0.2170902216996825 0.21709022121703986
-0.2170821301014007 -0.2170821314198163
0.21707403955230914 0.21707403906964445
-0.21706594827638503 -0.2170659483411853
0.2170578555424475 0.21705785631335395
-0.21704976542453136 -0.21704976507146723
0.21704167301278965 0.2170416737836851
-0.2170335823813453 -0.2170335824460904
0.2170254919629136 0.21702549106255004
-0.21701739914658147 -0.21701740004694503
0.21700930821452602 0.21700930898531112
-0.21700121822676188 -0.21700121745597678
0.21699312678087185 0.21699312629836165
-0.2169850346082396 -0.21698503550850384
0.21697694515502725 0.21697694300153386
-0.21696885163300084 -0.21696885378649422
0.21696076250132734 0.21696076160099687
-0.21695267097159637 -0.21695267187192685
0.2169445804904112 0.2169445804254786
-0.21693648928196957 -0.21693648892921424
0.2169283991219903 0.21692839947474563
-0.2169203073993396 -0.21692030704658427
0.21691221672513444 0.21691221666023497
-0.21690412532352837 -0.21690412538842785
0.2168960366408157 0.2168960344877523
-0.2168879438895127 -0.21688794437208908
0.21687985469237386 0.216879853374576
-0.21687176226182686 -0.216871763162025
0.21686367255018385 0.21686367248516308
-0.2168555812754262 -0.21685558134044697
0.2168474910491568 0.21684749140170273
-0.21683940009486719 -0.2168394005774325
0.2168313093538934 0.21683130887132807
-0.2168232187199498 -0.21682322003758236
0.21681512829923894 0.2168151282341742
-0.21680703882049845 -0.21680703805053997
0.21679894788483955 0.21679894823729745
-0.21679085705615475 -0.21679085628620726
0.21678276644051514 0.2167827680454198
-0.2167746767667018 -0.21677467599673228
0.2167665864708715 0.21676658640592789
-0.21675849628189353 -0.21675849676428266
0.21675040630575088 0.21675040624079628
-0.21674231727122478 -0.21674231566648522
0.21673422427525968 0.2167342262974118
-0.2167261355603048 -0.21672613604256186
0.21671804622295227 0.2167180453233047
-0.21670995448819053 -0.2167099553878381
0.21670186463542385 0.2167018658226189
-0.21669377572409115 -0.21669377495425363
0.21668568452100756 0.2166856852908451
-0.2166775950940783 -0.21667759432424077
0.21666950504467952 0.21666950623184156
-0.21666141593665922 -0.21666141641875136
0.21665332537148174 0.2166533248893896
-0.21664523658224905 -0.21664523622975812
0.21663714466665435 0.2166371462709869
-0.21662905619613193 -0.2166290558436081
0.21662096543368203 0.21662096578620588
-0.21661287644716554 -0.2166128773463844
0.21660478683765116 0.2166047867729055
-0.21659669733501952 -0.21659669739976517
0.216588607209373 0.21658860672741276
-0.21658051885940727 -0.21658051808975665
0.21657242821750772 0.21657242856996567
-0.21656433768254563 -0.2165643385816326
0.21655624986181293 0.2165562493798966
-0.21654815881046013 -0.2165481601266958
0.21654007047331997 0.216540069574233
-0.21653198057409412 -0.21653198063890566
0.21652389088617213 0.21652389123848736
-0.21651580213890836 -0.21651580178659313
0.21650771360280008 0.21650771353801052
-0.21649962267045147 -0.21649962231814723
0.2164915344518703 0.21649153480417455
-0.21648344383696655 -0.21648344473587783
0.21647535510162613 0.21647535587095834
-0.2164672673063458 -0.2164672661199637
0.2164591772199596 0.2164591775722639
-0.21645108807368313 -0.2164510881384068
0.21644299830441777 0.2164429982396941
-0.2164349103091921 -0.21643491037391577
0.21642682085683906 0.21642681995812535
-0.21641873234447567 -0.21641873240922127
0.21641064237496832 0.2164106414762766
-0.2164025533454343 -0.21640255424412602
0.2163944653604467 0.21639446446175498
-0.21638637581357756 -0.2163863767122693
0.21637828647738006 0.21637828724640518
-0.2163701989146965 -0.21637019814567138
0.21636210822721247 0.21636210983005216
-0.21635402098087708 -0.21635402062872638
0.2163459314434299 0.2163459317955806
-0.21633784201198825 -0.21633784416108393
0.21632975445818448 0.2163297535596791
-0.21632166534276248 -0.21632166624126786
0.21631357643753052 0.21631357595586664
-0.21630548847171294 -0.2163054889533768
0.21629739988229862 0.21629739981745433
-0.21628931056498174 -0.21628931104663468
0.2162812222913087 0.21628122180965575
-0.21627313328965103 -0.21627313418809074
0.21626504699865823 0.21626504484989117
-0.21625695664534889 -0.21625695712705661
0.2162488690027538 0.21624886852104608
-0.21624077979834933 -0.21624078028005705
0.21623269247104748 0.21623269157260777
-0.21622460358185436 -0.21622460281341
0.21621651490284172 0.21621651567128608
-0.21620842716218197 -0.21620842764383502
0.21620033796480254 0.2162003370664613
-0.21619225053911428 -0.21619225102077833
0.21618416248995714 0.2161841620082931
-0.21617607371241154 -0.2161760733607649
0.21616798681131305 0.2161679859130265
-0.21615989668187785 -0.21615989716353096
0.21615181009542955 0.21615180961377645
-0.21614372111378582 -0.21614372076221577
0.21613563317537765 0.21613563311034706
-0.21612754534136208 -0.21612754498980297
0.21611945771727692 0.21611945765225732
-0.2161113693643673 -0.21611136901281913
0.2161032820544856 0.21610328115636313
-0.216095194015698 -0.2160951928310907
0.21608710452064633 0.21608710570525363
-0.21607901846204491 -0.2160790181104858
0.21607093011394024 0.21607093046549936
-0.21606284187012098 -0.2160628419350641
0.21605475466884383 0.216054755020392
-0.21604666673874434 -0.2160466659707158
0.2160385798511053 0.216038579786195
-0.21603049140164543 -0.21603049021718024
0.21602240399463007 0.21602240351330504
-0.21601431502577806 -0.2160143171728497
0.21600622876505726 0.21600622745083703
-0.2159981409423528 -0.21599814100732867
0.2159900533292094 0.21599005326423354
-0.21598196581970375 -0.21598196546828669
0.2159738785196777 0.21597387803833074
-0.21596579215595024 -0.21596579013907063
0.21595770267067405 0.21595770385483332
-0.21594961578720856 -0.21594961585209704
0.21594152828020846 0.21594152863165833
-0.2159334408768422 -0.21593344135804715
0.21592535368255866 0.21592535361767018
-0.2159172665918273 -0.21591726624041024
0.21590917887750838 0.2159091796452201
-0.21590109043415795 -0.21590109174786498
0.21589300469745265 0.21589300463256417
-0.2158849182315034 -0.21588491746386806
0.21587682947697512 0.21587683024461046
-0.2158687441557844 -0.21586874297190894
0.21586065571340946 0.21586065731351411
-0.21585256903941796 -0.21585256827174987
0.21584448174153614 0.21584448250920424
-0.21583639454710518 -0.21583639544422295
0.2158283067287683 0.21582830749639276
-0.21582022151091435 -0.21582022199181383
0.21581213483661493 0.21581213393955173
-0.21580404743342935 -0.21580404708203405
0.21579595940619734 0.21579596017373454
-0.21578787314691494 -0.21578787321163978
0.21577978626343958 0.21577978619871474
-0.21577169948333053 -0.21577169996416462
0.2157636129112097 0.21576361159817897
-0.2157555264423739 -0.21575552692322975
0.21574743851713923 0.21574744011666602
-0.21573935235950187 -0.21573935200817201
0.21573126557749434 0.21573126676093363
-0.21572317973084976 -0.21572317896345428
0.21571509242768838 0.215715092363018
-0.2157070060598742 -0.21570700529250048
0.21569891906755012 0.21569891983492384
-0.2156908330104922 -0.21569083141111794
0.21568274549686478 0.21568274626426026
-0.21567466058240198 -0.21567466023098497
0.21566657421122332 0.2156665733147376
-0.2156584862794962 -0.2156584867600252
0.21565040021880005 0.21565040057016266
-0.21564231426121444 -0.21564231474172169
0.21563422684705597 0.21563422761432083
-0.21562614286336312 -0.21562614168018512
0.21561805409566775 0.21561805444704124
-0.21560996875848804 -0.2156099692388973
0.2156018827961605 0.21560188106810974
-0.21559379610537588 -0.2155937970016874
0.21558570962121076 0.21558570914075798
-0.21557762407196457 -0.2155776241365695
0.21556953706584386 0.21556953783291288
-0.21556145099462676 -0.21556145105920993
0.21555336596141111 0.21555336548101273
-0.21554527853645306 -0.21554527943265578
0.21553719381272024 0.21553719250072406
-0.21552910669716435 -0.2155291075933779
0.21552102228275305 0.21552102013922442
-0.21551293464491655 -0.21551293720420606
0.21550484970820927 0.21550484756466975
-0.2154967640424959 -0.21549676327586176
0.21548867775187497 0.21548867810278094
-0.21548059156373273 -0.2154805916285441
0.21547250558208036 0.215472505517269
-0.21546441970282637 -0.21546442018333334
0.21545633319861224 0.21545633438084422
-0.21544824929082423 -0.21544824727724454
0.2154401622638874 0.2154401634461411
-0.21543207700205713 -0.215432077482412
0.21542399194625805 0.21542399021897934
-0.21541590616157247 -0.21541590539506866
0.2154078189204245 0.21540782093378696
-0.21539973510659205 -0.21539973434005566
0.215391649004891 0.21539164852463388
-0.21538356383683782 -0.21538356307033402
0.21537547721211858 0.21537547714747013
-0.21536739068990124 -0.2153673915856802
0.21535930686661192 0.21535930680194176
-0.21535121982120042 -0.2153512211325012
0.21534313630576712 0.21534313582553166
-0.215335050399175 -0.21533505004836684
0.21532696552934993 0.2153269642181142
-0.21531887909941622 -0.2153188791641516
0.21531079453721308 0.21531079488796695
-0.2153027084148209 -0.2153027088950239
0.21529462499101432 0.21529462243347353
-0.21528653751413324 -0.21528653757893373
0.21527845273588753 0.21527845308653287
-0.21527036722809761 -0.21527036687745227
0.21526228275703613 0.21526228227683314
-0.21525419672552348 -0.2152541976211398
0.2152461125615293 0.215246111665913
-0.21523802683700388 -0.21523802607105363
0.21522994214915514 0.2152299424997246
-0.21522185590076026 -0.21522185638093067
0.21521377235046352 0.2152137718702931
-0.21520568640877885 -0.215205686473601
0.21519760233443752 0.2151976026849528
-0.21518951669934644 -0.21518951676415776
0.21518143127025585 0.21518143162076026
-0.21517334677229477 -0.21517334725240017
0.2151652616496012 0.21516526075420178
-0.21515717745795715 -0.21515717710750693
0.21514909264150078 0.21514909133086146
-0.21514100709496758 -0.21514100799034536
0.2151329234151766 0.21513292251979882
-0.21512483817468414 -0.21512483782434227
0.21511675230947963 0.21511675307505052
-0.2151086690358709 -0.2151086682703
0.21510058347651084 0.2151005825812522
-0.2150924988478805 -0.2150924984975494
0.2150844135942917 0.21508441435980852
-0.2150763301017028 -0.21507632933618598
0.21506824432335425 0.21506824508887107
-0.2150601611362974 -0.21506016037078057
0.2150520756634009 0.21505207642891772
-0.2150439919514534 -0.2150439911859366
0.2150359067838929 0.2150359063040474
-0.21502782254698172 -0.21502782219660732
0.2150197368544428 0.2150197372048172
-0.21501165292271507 -0.2150116546477822
0.21500356919558988 0.21500356830067768
-0.21499548473866636 -0.2149954843883785
0.21498740048633053 0.21498740083661838
-0.2149793171643618 -0.2149793159839839
0.21497123072656266 0.21497123149190633
-0.2149631468793391 -0.21496314735906563
0.2149550624063461 0.21495506358666994
-0.21494697803370866 -0.21494697934339546
0.2149388946952508 0.21493889421554596
-0.2149308106270439 -0.21493080986180824
0.2149227259330596 0.2149227271132646
-0.21491464216921063 -0.21491464264883975
0.2149065577795049 0.21490655646998036
-0.2148984743198547 -0.21489847479950547
0.21489039023426848 0.21489038933969162
-0.21488230458916657 -0.2148823067284893
0.21487422163747943 0.2148742215726791
-0.21486613712613245 -0.21486613760582646
0.21485805364852445 0.2148580527539476
-0.21484997027073027 -0.21484996992069094
0.21484188626708584 0.2148418853725414
-0.21483380153353976 -0.21483380201323377
0.2148257178335523 0.21482571818353763
-0.21481763423324157 -0.21481763471291399
0.21480954917743694 0.21480954994221874
-0.21480146671020284 -0.21480146718984283
0.21479338278733073 0.21479338230769074
-0.21478529813459984 -0.21478529861423984
0.21477721534454497 0.21477721527967986
-0.21476913099495887 -0.21476913147458804
0.21476104767846338 0.2147610476135875
-0.21475296363190677 -0.2147529649410101
0.21474487978889845 0.2147448801387219
-0.214736796874698 -0.21473679611015362
0.21472871250506148 0.21472871368431595
-0.2147206290642184 -0.21472062871436254
0.214712546656056 0.21471254576184629
-0.21470446185905656 -0.2147044619239108
0.21469637809478803 0.2146963784446007
-0.2146882952589821 -0.2146882961531379
0.2146802126264079 0.2146802117322521
-0.2146721292636139 -0.2146721284992314
0.21466404527478983 0.21466404479530093
-0.2146559605557964 -0.2146559618645113
0.2146478776984364 0.21464787680432373
-0.21463979493994628 -0.21463979583405896
0.21463171155539734 0.21463171024670402
-0.21462362909884353 -0.21462362874925733
0.21461554435791552 0.21461554470750172
-0.2146074605450331 -0.21460746143909187
0.21459937859320216 0.21459937894275605
-0.21459129425293 -0.2145912951469564
0.2145832109446627 0.21458321170870032
-0.21457512856404648 -0.21457512780000887
0.21456704555724915 0.21456704549229788
-0.2145589626490566 -0.21455896147055686
0.21455087911466875 0.21455087987869564
-0.21454279650779573 -0.2145427953293067
0.21453471410355124 0.21453471362423482
-0.21452663014003448 -0.21452662979046977
0.21451854720805646 0.21451854755762118
-0.21451046437446808 -0.21451046361048431
0.2145023809146419 0.21450238167862568
-0.21449429838198641 -0.21449429844679768
0.2144862143942406 0.21448621515820282
-0.21447813299115526 -0.21447813181281705
0.21447004930410596 0.21447005006807895
-0.21446196571551163 -0.214461966194602
0.21445388398650522 0.21445388433610224
-0.21444580069841435 -0.21444580034881733
0.21443771761254388 0.21443771879078521
-0.2144296362821308 -0.21442963551820082
0.2144215518393251 0.21442155260325507
-0.21441346998060712 -0.21441347045954678
0.2144053866665988 0.21440538618765914
-0.21439730427946163 -0.2143973047584013
0.21438922209405065 0.21438922202936855
-0.21438113834988637 -0.21438113882881527
0.21437305646444327 0.21437305598551437
-0.2143649738486189 -0.2143649743275478
0.21435689226294358 0.21435689054137091
-0.21434880828999314 -0.21434880959736197
0.2143407278324006 0.21434072652503178
-0.21433264250229606 -0.21433264298130023
0.21432456234428626 0.21432456103693892
-0.2143164781420076 -0.21431647903519413
0.2143083966267803 0.21430839614774388
-0.21430031355217055 -0.21430031403120697
0.2142922323362123 0.21429223185717589
-0.2142841487325573 -0.21428414879747587
0.2142760661593257 0.21427606609440714
-0.2142679853394115 -0.21426798457613733
0.2142599014087927 0.21425990175798126
-0.2142518208878415 -0.2142518201245781
0.2142437372561073 0.21424373719124246
-0.2142356553777487 -0.21423565544261353
0.21422757287291377 0.21422757280804894
-0.21421949046518396 -0.21421949094408066
0.21421140908704855 0.2142114094361942
-0.21420332697785477 -0.2142033266287091
0.21419524424217834 0.214195244591324
-0.21418716243145003 -0.21418716208230437
0.21417908082211712 0.21417907951534987
-0.21417099848172 -0.21417099813261725
0.21416291551479066 0.2141629158638934
-0.21415483430052412 -0.2141548331235293
0.21414675245958265 0.21414675115296566
-0.21413866988761399 -0.2141386703663818
0.21413058751684882 0.21413058786590872
-0.21412250524284887 -0.21412250613549833
0.2141144239977591 0.214114423519002
-0.21410634284929198 -0.21410634250028576
0.2140982594186252 0.21409825976763142
-0.21409017939557767 -0.214090178218851
0.21408209709018805 0.21408209661151678
-0.21407401405388787 -0.21407401453255914
0.21406593370136112 0.21406593280886177
-0.21405785013481327 -0.21405785144112993
0.2140497700796386 0.21404976918712854
-0.21404168763795628 -0.21404168770287463
0.21403360622479412 0.21403360615987577
-0.2140255240802726 -0.21402552373141648
0.21401744296419334 0.21401744207175827
-0.21400936111667673 -0.21400936159535877
0.21400127947003988 0.2140012794051001
-0.2139931987468785 -0.21399319757062357
0.21398511574212942 0.21398511609094262
-0.21397703531574708 -0.2139770345532237
0.21396895260769916 0.21396895295652313
-0.21396087082318538 -0.21396087171542755
0.21395279089383656 0.21395279041527238
-0.21394470775107843 -0.21394470822964262
0.21393662729084917 0.2139366272259416
-0.21392854527178057 -0.213928545750334
0.213920464280558 0.21392046338836945
-0.21391238173048266 -0.2139123826226712
0.21390430268992233 0.21390430138412003
-0.2138962204358908 -0.2138962188464718
0.213888138382558 0.2138881387312
-0.21388005642458607 -0.21388005773027058
0.21387197714866085 0.21387197584297635
-0.2138638946593443 -0.21386389472434814
0.21385581402496195 0.21385581271930953
-0.21384773183139433 -0.21384773272350793
0.21383965066562705 0.2138396510140978
-0.2138315695947307 -0.2138315696597774
0.21382348955149294 0.21382348948644625
-0.21381540712200814 -0.21381540636006274
0.2138073257202326 0.21380732648217798
-0.213799245240058 -0.2137992444781126
0.213791164133531 0.21379116406854853
-0.2137830831216208 -0.2137830836000565
0.21377500231023 0.21377500183179432
-0.21376691911278728 -0.21376692000465486
0.2137588394233484 0.21375883977174437
-0.21375075900135765 -0.21375075947978267
0.21374267712630352 0.2137426770612783
-0.21373459699914693 -0.21373459665078304
0.21372651541884974 0.21372651494045675
-0.21371843475963698 -0.21371843523802997
0.21371035430069862 0.21371035464901972
-0.21370227310931755 -0.21370227317434282
0.2136941921181979 0.213694191639837
-0.213686111221272 -0.21368611087298295
0.21367803052453022 0.21367803087281928
-0.21366994909529768 -0.21366994998691952
0.2136618686928216 0.2136618694543716
-0.21365378921090683 -0.21365378803607454
0.21364570662282711 0.21364570738438782
-0.21363762660846713 -0.21363762708668915
0.2136295459674305 0.21362954548920848
-0.21362146542047078 -0.21362146548545324
0.2136133842468213 0.21361338418183884
-0.21360530399367195 -0.2136053040586544
0.21359722311375556 0.21359722263556558
-0.21358914232786835 -0.2135891432192552
0.21358106256794573 0.21358106126337273
-0.21357298124920893 -0.21357298214060644
0.2135649017827535 0.21356490254401533
-0.21355681910478974 -0.21355682040929874
0.21354873993173246 0.21354874027979742
-0.213540659199621 -0.21354065926468885
0.21353257949347776 0.21353257860216562
-0.2135244982282674 -0.21352449870646806
0.2135164179890121 0.21351641833701307
-0.21350833784303735 -0.2135083374950364
0.21350025707055847 0.21350025700547998
-0.21349217721748487 -0.2134921768694945
0.21348409591171358 0.21348409667276208
-0.21347601635142976 -0.21347601641647623
0.21346793616444482 0.21346793568636152
-0.21345985524464928 -0.21345985448365407
0.21345177535026583 0.21345177528522996
-0.21344369554900416 -0.21344369644004973
0.21343561346906037 0.21343561422999158
-0.21342753478622162 -0.21342753526424102
0.21341945382455962 0.21341945334654022
-0.21341137378208863 -0.2134113734341836
0.21340329476445796 0.21340329469941144
-0.21339521336228617 -0.2133952142532145
0.2133871346367267 0.21338713333286807
-0.21337905270071 -0.213379053591649
0.2133709734412928 0.21337097337617172
-0.21336289344879528 -0.21336289310101803
0.21335481365536663 0.21335481317736854
-0.21334673312884472 -0.2133467331939658
0.21333865280137893 0.2133386523233915
-0.21333057339222966 -0.21333057263164995
0.21332249253061575 0.21332249246550528
-0.2133144134129742 -0.21331441306525023
0.21330633284279144 0.2133063331905154
-0.21329825401650415 -0.21329825243034078
0.21329017208638912 0.21329017367255249
-0.21328209272580428 -0.21328209237801643
0.2132740135636284 0.21327401391141626
-0.21326593366855007 -0.21326593414630335
0.21325785397186786 0.2132578543196344
-0.21324977436776893 -0.2132497736072531
0.2132416924855577 0.21324169448428948
-0.21323361482332465 -0.21323361447550493
0.21322553488277518 0.21322553481787754
-0.2132174542095187 -0.2132174550998298
0.21320937621047764 0.21320937490747038
-0.2132012950024128 -0.21320129548004912
0.21319321564320082 0.21319321557823934
-0.21318513637632985 -0.21318513644129133
0.21317705648218616 0.2131770560045711
-0.21316897585508487 -0.21316897715798583
0.21316089790182036 0.2131608965989194
-0.21315281756490767 -0.2131528176299436
0.21314473742608891 0.21314473818627505
-0.21313665902974088 -0.21313665785695435
0.21312857835574434 0.21312857870335128
-0.21312049859904741 -0.2131204990765988
0.2131124206904384 0.21311241980031848
-0.21310433957328234 -0.21310434005084433
0.2130962594791707 0.21309626065179788
-0.2130881811270668 -0.21308818119204964
0.2130801013225836 0.2130801024951789
-0.2130720224350009 -0.21307202208743647
0.21306394292003583 0.21306394326760025
-0.2130558643218951 -0.21305586314934227
0.21304778344636127 0.2130477846189141
-0.21303970513759485 -0.2130397047899879
0.2130316262012084 0.213031624898966
-0.21302354488196495 -0.21302354659665912
0.21301546705969115 0.2130154661698792
-0.21300738767928146 -0.21300738691937143
0.21299930849627863 0.21299930801892908
-0.21299122940482834 -0.21299122946976867
0.21298314968591137 0.21298314920857242
-0.21297507005853433 -0.21297507053587328
0.21296699145318793 0.21296699056347157
-0.21295891211450801 -0.2129589121794907
0.2129508321483577 0.21295083290808742
-0.21294275392299866 -0.21294275440030574
0.2129346742453595 0.21293467500505736
-0.21292659548378684 -0.21292659554873772
0.21291851609454904 0.21291851726653954
-0.2129104376213018 -0.21291043686161448
0.21290235852031325 0.21290235763083026
-0.21289427951067524 -0.21289427998787624
0.21288619987328372 0.21288619939608272
-0.21287812032723025 -0.21287811956764896
0.21287004262691178 0.2128700425619927
-0.21286196254429085 -0.21286196384592865
0.2128538843073926 0.21285388424244167
-0.21284580533705294 -0.21284580540200387
0.21283772656346522 0.2128377264985143
-0.21282964705642393 -0.21282964712137487
0.2128215685704954 0.21282156891773102
-0.21281348935103728 -0.21281348900380165
0.21280541115261614 0.21280541108768636
-0.21279733222058939 -0.21279733187336441
0.21278925348523542 0.2127892538324604
-0.21278117484053077 -0.2127811744933058
0.2127730955681772 0.21277309591540217
-0.21276501721068525 -0.21276501603923542
0.2127569382254687 0.21275693733640932
-0.21274885850667302 -0.21274885898364115
0.21274078063268792 0.21274078139196173
-0.2127327020249844 -0.2127327016777807
0.2127246227895952 0.2127246239609179
-0.21271654364463682 -0.2127165437094608
0.21270846634421037 0.2127084650432714
-0.21270038748590092 -0.21270038713872896
0.21269230882397944 0.21269230834711705
-0.21268422942823906 -0.21268422990510144
0.21267615187685868 0.2126761505760043
-0.21266807276754923 -0.21266807283244743
0.21265999385462508 0.21265999461367652
-0.21265191585560833 -0.21265191592048538
0.21264383640502338 0.21264383675209997
-0.21263575951610597 -0.2126357587570863
0.2126276787038862 0.2126276794629059
-0.21261960127722918 -0.21261960134205338
0.21261152239872588 0.2126115231577244
-0.2126034444341781 -0.21260344449898116
0.21259536584155242 0.21259536577674937
-0.21258728733904747 -0.21258728863948945
0.21257920985592876 0.2125792085554868
-0.21257112999164096 -0.2125711304683659
0.21256305279418225 0.2125630523174573
-0.21255497403915397 -0.2125549741040415
0.2125468954798551 0.21254689541496757
-0.2125388178339352 -0.21253881872245517
0.2125307387363834 0.21253073949508605
-0.21252266055219848 -0.21252266061708602
0.2125145825635078 0.21251458249862026
-0.21250650384094938 -0.21250650472938487
0.21249842613739994 0.21249842648425465
-0.21249034769990743 -0.21249034817655837
0.21248226945786397 0.2124822698046976
-0.2124741913053289 -0.21247419178195875
0.21246611417160993 0.21246611328325893
-0.21245803465699714 -0.21245803513363754
0.21244995698465174 0.2124499569197114
-0.21244187775477968 -0.21244187905478845
0.2124338003670998 0.21243380153716457
-0.2124257222451546 -0.2124257227217633
0.2124176443186318 0.21241764466533875
-0.21240956730442084 -0.21240956572277214
0.21240148719240004 0.2124014891856854
-0.21239341046256277 -0.21239341052740818
0.2123853314580717 0.2123853322164575
-0.2123772533659954 -0.21237725425402976
0.21236917629207264 0.21236917540403827
-0.21236109848402718 -0.21236109937206155
0.21235302087091323 0.21235301998287887
-0.21234494252366487 -0.21234494217701066
0.2123368643713361 0.212336864306438
-0.21232878630794472 -0.2123287863728428
0.21232070926246022 0.21232070878603088
-0.21231263065969203 -0.21231263072460071
0.21230455307481894 0.2123045534214204
-0.21229647475564967 -0.21229647358604903
0.21228839745430028 0.21228839697794472
-0.21228031941857983 -0.2122803186604999
0.21227224157766833 0.21227224151281232
-0.21226416464820375 -0.21226416347868748
0.21225608462183454 0.21225608661424455
-0.21224800797564541 -0.21224800721754444
0.21223992987817986 0.2122399298134292
-0.21223185269220118 -0.21223185275695183
0.21222377405493448 0.21222377440158857
-0.2122156971519315 -0.2122156968052774
0.21220761879756533 0.21220761914421943
-0.21219954135464197 -0.21219954100798788
0.2121914649285192 0.21219146404108546
-0.2121833861228215 -0.21218338618755112
0.212175309156659 0.21217530826924635
-0.2121672314562339 -0.21216723152098454
0.21215915312728323 0.2121591526512121
-0.21215107653198118 -0.21215107659674232
0.21214299766281786 0.21214299842065554
-0.2121349213498694 -0.2121349210033206
0.2121268444080982 0.2121268431095335
-0.2121187650871269 -0.21211876597442375
0.21211068842756908 0.21211068754027224
-0.2121026110337239 -0.21210261192102076
0.21209453301120068 0.2120945325351401
-0.21208645589934494 -0.21208645637540552
0.2120783781587363 0.21207837727146045
-0.2120703013287205 -0.21207030057117754
0.21206222304748884 0.2120622238050318
-0.21205414649920584 -0.21205414615284657
0.2120460684996323 0.21204606843481844
-0.21203799058828215 -0.21203799106425864
0.21202991533721438 0.21202991362778156
-0.21202183688497328 -0.2120218365386981
0.21201375862621658 0.21201375897249175
-0.21200568209991105 -0.2120056809313947
0.21199760494466918 0.21199760405763518
-0.21198952705514368 -0.21198952753107814
0.21198144935891133 0.21198144929406593
-0.21197337175054115 -0.21197337345970063
0.21196529515752544 0.211965295092638
-0.21195721783011956 -0.211957217895007
0.21194914151799343 0.211949140631012
-0.2119410636493299 -0.21194106289216535
0.21193298679593464 0.21193298673104727
-0.21192490756395965 -0.21192490803986247
0.21191683263534428 0.21191683174843645
-0.2119087545059598 -0.21190875539286763
0.21190067821389386 0.21190067773797
-0.21189260036500412 -0.21189259960800755
0.21188452353143278 0.21188452387746637
-0.21187644596293115 -0.21187644561689756
0.21186836940967352 0.2118683693447651
-0.2118602921214114 -0.21186029259725125
0.2118522150264769 0.2118522137287951
-0.2118441388401685 -0.21184413808329794
0.21183606120345072 0.21183605990582144
-0.2118279828317896 -0.21182798454030838
0.21181990711862375 0.21181990664274192
-0.21181183067031423 -0.21181183073532756
0.21180375195000395 0.2118037527067066
-0.21179567660320275 -0.2117956758465001
0.21178759898426336 0.21178759933012897
-0.2117795214520839 -0.21177952110621828
0.21177144493440925 0.2117714448694588
-0.2117633685033572 -0.21176336774669652
0.21175529062190268 0.21175529137856336
-0.21174721447026068 -0.21174721412438458
0.21173913768969027 0.2117391372140182
-0.21173106017421373 -0.21173106147141296
0.21172298367287307 0.21172298360793312
-0.2117149072580372 -0.21171490691223455
0.2117068302142719 0.2117068289171461
-0.21169875325700016 -0.21169875373268265
0.21169067567078775 0.21169067601652758
-0.21168259981386056 -0.21168259987882138
0.21167452332785575 0.21167452244151452
-0.21166644610692092 -0.211666445761223
0.21165836825696038 0.21165836942399674
-0.21165029295739146 -0.2116502922010139
0.21164221538600403 0.2116422161423816
-0.21163413954365878 -0.2116341387872812
0.2116260630719931 0.211626063007116
-0.21161798586553182 -0.21161798551979205
0.2116099088510145 0.21160990960736065
-0.21160183274407424 -0.21160183198772808
0.2115937551865994 0.21159375594294555
-0.2115856793578405 -0.21158567860149435
0.2115776028996021 0.21157760324538377
-0.21156952488551106 -0.2115695253608374
0.21156145034749024 0.21156144905107682
-0.2115533717902191 -0.21155337226556636
0.211545296709007 0.21154529664418237
-0.21153721925058233 -0.2115372205469434
0.21152914280506996 0.21152914274021395
-0.21152106562436157 -0.21152106651020003
0.21151299027745346 0.21151299021257647
-0.21150491337427202 -0.21150491384961928
0.21149683666297786 0.2114968370085502
-0.21148876085815832 -0.21148876051258597
0.21148068278245635 0.2114806831280287
-0.21147260807585128 -0.2114726085511358
0.21146453027739154 0.21146453062294296
-0.2114564542063247 -0.21145645427118082
0.21144837750583761 0.21144837826177565
-0.2114403017118338 -0.21144030136628233
0.211432225288336 0.21143222563388747
-0.21142414812978516 -0.21142414901533074
0.21141607280392366 0.21141607150802283
-0.21140799674287258 -0.21140799639739433
0.21139991923170015 0.21139992039784705
-0.2113918434473958 -0.2113918435122205
0.21138376703352352 0.21138376655838542
-0.21137569152577707 -0.21137569077000623
0.21136761374721907 0.21136761368240486
-0.21135953933653118 -0.21135953817049918
0.21135146101380903 0.21135146217984102
-0.21134338605894637 -0.2113433857134367
0.21133530883304125 0.21133530999905237
-0.21132723333389863 -0.2113272325781278
0.2113191572046219 0.2113191571399331
-0.21131107952021666 -0.21131107958490547
0.2113030053078812 0.21130300401256558
-0.21129492789942433 -0.21129492837434294
0.21128685150183574 0.21128685143710524
-0.2112787751896612 -0.21127877607474693
0.21127069988821878 0.2112706998234674
-0.21126262303142757 -0.21126262350633568
0.2112545488259429 0.21125454753074224
-0.21124647060415835 -0.21124647066895147
0.21123839585398313 0.21123839537906458
-0.21123031872795722 -0.21123032084333565
0.2112222426127774 0.21122224295802622
-0.21121416740255194 -0.21121416623711486
0.2112060907424717 0.2112060919079088
-0.21119801498733543 -0.21119801382189834
0.21118993778233358 0.21118993894777066
-0.21118186230236985 -0.2111818623670899
0.21117378701263512 0.21117378612783116
-0.211165710987551 -0.21116571064226042
0.21115763433264323 0.2111576338578916
-0.21114955858248047 -0.21114955823721077
0.21114148302242136 0.21114148295769086
-0.21113340672701253 -0.21113340679174303
0.21112533062169653 0.2111253309669454
-0.21111725460095826 -0.21111725507564727
0.2111091787702397 0.21110917870550922
-0.2111011030240258 -0.21110110226886009
0.21109302664788304 0.21109302740304875
-0.21108495117608894 -0.2110849512407777
0.21107687507429296 0.2110768750096042
-0.21106879987677257 -0.2110687991216485
0.2110607232293853 0.21106072357461342
-0.211052647486263 -0.21105264632126375
0.2110445719327641 0.2110445718681379
-0.21103649564393556 -0.211036495298697
0.21102842036442865 0.21102841988995857
-0.2110203435298313 -0.2110203444141453
0.211012269343879 0.211012268459565
-0.21100419196340858 -0.2110041928477226
0.21099611723157274 0.21099611634725873
-0.21098804094441742 -0.21098804059932474
0.21097996566659388 0.21097996560189475
-0.21097188965300318 -0.21097188930792088
0.2109638130095875 0.21096381417421178
-0.21095573808902007 -0.2109557373341564
0.21094766253849256 0.21094766288360606
-0.21093958625223924 -0.21093958590712575
0.21093151179445424 0.2109315109103796
-0.21092343496193205 -0.2109234358460067
0.21091535995786798 0.21091535948350187
-0.21090728421784893 -0.21090728469221504
0.2108992086674018 0.21089920778334798
-0.21089113320034408 -0.21089113285536587
0.2108830571034515 0.21088305621942888
-0.21087498027062512 -0.21087498115464776
0.21086690608518482 0.2108669052011622
-0.21085883034434194 -0.2108588304090931
0.21085075397374714 0.210850753908996
-0.2108426793247839 -0.21084267979915
0.2108346024075155 0.210834603161963
-0.21082652885024478 -0.21082652809579727
0.2108184513861991 0.2108184521406466
-0.2108103764629939 -0.21081037570854638
0.21080230090956975 0.21080230084489132
-0.2107942262585782 -0.21079422550415144
0.21078615015821095 0.2107861509126377
-0.21077807496026602 -0.21077807502490287
0.21076999831293514 0.21076999865781965
-0.21076192420606044 -0.2107619242706869
0.21075384864966468 0.2107538473565364
-0.2107457731766491 -0.2107457728318165
0.2107376962541645 0.2107376982369164
-0.2107296226908678 -0.21072962111758536
0.21072154522115066 0.210721545975515
-0.21071347111061112 -0.21071347158459275
0.21070539555027062 0.2107053954857273
-0.21069732007348774 -0.21069732013803105
0.2106892447846257 0.21068924553891744
-0.2106811695792492 -0.21068116923436458
0.21067309374292748 0.21067309490660563
-0.2106650188088538 -0.21066501846394836
0.21065694406251462 0.21065694276991614
-0.210648866943364 -0.21064886782659686
0.21064079328690388 0.2106407932223815
-0.21063271725749805 -0.2106327165033307
0.2106246422346409 0.21062464217013932
-0.21061656647618693 -0.21061656613136442
0.21060849172420903 0.21060849165971784
-0.21060041623656217 -0.21060041630105336
0.21059234011814715 0.2105923421001208
-0.2105842665383762 -0.21058426455640256
0.21057618905346248 0.2105761906261639
-0.21056811492576877 -0.2105681145808529
0.21056004016693403 0.21056003928409545
-0.21055196467264942 -0.21055196473700577
0.21054388936573726 0.21054388971061166
-0.21053581332336546 -0.21053581338771143
0.210527739105196 0.21052774026848003
-0.21051966415143258 -0.21051966257894894
0.21051158856660152 0.21051158891151733
-0.21050351388294425 -0.21050351353802843
0.21049543774981017 0.21049543768555745
-0.2104873633361563 -0.21048736258209266
0.2104792874729534 0.21047928822701706
-0.21047121251088385 -0.2104712125750951
0.21046313773576358 0.21046313726242527
-0.21045506304340894 -0.21045506188028035
0.2104469869015062 0.21044698765552844
-0.21043891166061313 -0.21043891213387889
0.21043083742467605 0.2104308369514103
-0.21042276163510065 -0.2104227621083664
0.2104146868504712 0.21041468637720545
-0.21040661133030286 -0.2104066126216778
0.21039853681500847 0.2103985359326777
-0.21039046074603523 -0.21039046244643372
0.21038238649997337 0.21038238602664544
-0.21037431151818703 -0.21037431117348865
0.21036623672316662 0.21036623665886217
-0.21035816282838177 -0.21035816207470126
0.2103500866663362 0.21035008660205246
-0.2103420114045786 -0.21034201146886233
0.21033393714730364 0.21033393667405853
-0.21032586133641434 -0.2103258622186105
0.21031778652999783 0.2103177864656831
-0.2103097118056788 -0.21030971146106314
0.21030163645001848 0.21030163761247422
-0.21029356199426513 -0.21029356124071902
0.21028548690709875 0.2102854868428462
-0.21027741190198962 -0.21027741237513115
0.21026933708321488 0.210269337018952
-0.21026126234642567 -0.21026126200182027
0.2102531877958992 0.21025318773164664
-0.21024511087420056 -0.21024511134730073
0.21023703822725187 0.2102370377541517
-0.21022896239128153 -0.21022896245555472
0.21022088837702751 0.21022088749512113
-0.21021281280902931 -0.21021281287332316
0.21020473824508407 0.21020473777199428
-0.2101966637625271 -0.21019666341804571
0.2101885886487886 0.2101885877669442
-0.2101805127988987 -0.21018051327197818
0.2101724387704072 0.21017243870608232
-0.2101643640056307 -0.2101643640699556
0.2101562886097154 0.21015628772792266
-0.21014821329501476 -0.21014821499425468
0.21014013898401868 0.2101401389196318
-0.2101320639366978 -0.21013206522719352
0.2101239898930099 0.2101239894198994
-0.2101159142955611 -0.21011591476867159
0.2101078397017358 0.21010784004596922
-0.21009976518878637 -0.21009976525321455
0.21009169086202445 0.21009168998029365
-0.21008361498150302 -0.2100836150459519
0.21007554092174402 0.21007554167455644
-0.21006746694263545 -0.2100674670070637
0.21005939151521374 0.21005939104217553
-0.21005131780289382 -0.2100513178673324
0.21004324182501044 0.21004324176057187
-0.21003516837937747 -0.21003516803523697
0.21002709185097218 0.21002709219511267
-0.21001901948904128 -0.21001901832778397
0.21001094404420506 0.2100109431627219
-0.21000286868033202 -0.21000286915327737
0.20999479513605923 0.20999479425458645
-0.20998671922145196 -0.20998672010292474
0.20997864512643527 0.20997864506197617
-0.20997057029506072 -0.2099705699510233
0.2099624948322264 0.2099624959932362
-0.20995442190089375 -0.20995442073988396
0.20994634670404388 0.2099463458227258
-0.2099382724048034 -0.20993827124384518
0.20993019665698814 0.20993019781794636
-0.20992212262364213 -0.2099221230964225
0.20991404714165007 0.20991404830256705
-0.20990597337405603 -0.20990597343838113
0.20989789815774468 0.20989789891022703
-0.20988982547254692 -0.20988982431167114
0.20988174970496654 0.2098817500490761
-0.20987367565174458 -0.20987367489926223
0.20986560014964278 0.20986560090212514
-0.20985752636182792 -0.20985752520099338
0.20984945194174603 0.2098494522858968
-0.20984137760249177 -0.20984137685000942
0.20983330263096117 0.20983330256680094
-0.2098252285568708 -0.20982522862103103
0.20981715303383158 0.20981715378627275
-0.209809080041385 -0.20980907969723422
0.2098010039667363 0.20980100390260698
-0.20979293042267083 -0.20979293007853034
0.2097848562459511 0.20978485618183212
-0.20977678133362626 -0.20977678098949604
0.20976870742165554 0.20976870654106905
-0.20976063114109406 -0.20976063202168055
0.20975255749381244 0.2097525570214443
-0.20974448311070137 -0.20974448358306952
0.20973640891148915 0.2097364092555165
-0.20972833479281322 -0.20972833404059843
0.20972026004161082 0.2097202607938256
-0.2097121853709355 -0.20971218502688754
0.20970411088403768 0.209704110819929
-0.2096960372938887 -0.20969603572541218
0.20968796143856844 0.20968796219077296
-0.20967988974505547 -0.2096798877684738
0.20967181333748425 0.209671814497835
-0.20966373864308002 -0.20966373993136023
0.20965566494812204 0.20965566447603162
-0.20964759133373667 -0.20964759058157334
0.20963951627021904 0.20963951661430807
-0.20963144128732664 -0.20963144216742968
0.20962336730367714 0.20962336764773531
-0.2096152925844333 -0.20961529224037512
0.2096072188643618 0.20960721839235358
-0.20959914440862493 -0.20959914528865603
0.2095910701359645 0.2095910700719587
-0.20958299594363444 -0.2095829955996379
0.20957492193430993 0.20957492146232232
-0.2095668471892816 -0.2095668476612692
0.20955877344319274 0.20955877378714816
-0.20955069732948434 -0.20955069861737396
0.20954262466247398 0.2095426241904863
-0.20953454962771167 -0.20953455009969935
0.20952647640779343 0.20952647511994488
-0.20951840163595464 -0.20951840047628212
0.20951032704724953 0.20951032698319233
-0.20950225335407435 -0.20950225341813156
0.20949417984390067 0.20949417814828597
-0.20948610396609185 -0.20948610566170656
0.20947803071861182 0.2094780298387348
-0.20946995673486046 -0.20946995639116178
0.2094618821184575 0.2094618824621562
-0.209453807581512 -0.20945380723781332
0.20944573322756155 0.20944573357126023
-0.2094376597686331 -0.20943765942493442
0.20942958486133845 0.20942958520503713
-0.2094215100334631 -0.20942151132095238
0.20941343701956788 0.20941343654765204
-0.20940536245379254 -0.20940536292570838
0.2093972880708621 0.20939728800671248
-0.20938921376712794 -0.20938921342352157
0.20938113964616817 0.2093811395820288
-0.20937306560433427 -0.20937306648394455
0.2093649917452045 0.20936499005014386
-0.20935691714970034 -0.20935691721390126
0.20934884273689136 0.2093488430803951
-0.20934077003386564 -0.2093407688749731
0.20933269506723673 0.2093326945953926
-0.20932462099503446 -0.20932462105920469
0.20931654547460893 0.20931654622576606
-0.2093084716639082 -0.20930847254336477
0.20930039885077273 0.2093003987866025
-0.209292324486044 -0.20929232455021424
0.2092842503036264 0.20928424901658815
-0.20927617538489313 -0.20927617667193138
0.20926810227887077 0.20926810058423034
-0.20926002762121731 -0.20926002850067388
0.20925195396104118 0.20925195267400293
-0.2092438795643679 -0.2092438788135489
0.20923580534997938 0.20923580528567598
-0.20922773121418692 -0.20922773209359224
0.20921965644552765 0.20921965760382594
-0.20921158338557766 -0.20921158304234028
0.20920350969262896 0.20920351003586635
-0.20919543444817829 -0.20919543532747092
0.20918736183084097 0.20918736135904809
-0.20917928603191221 -0.20917928691119464
0.2091712144900051 0.20917121320324333
-0.2091631381364989 -0.20916313860832253
0.20915506522508792 0.2091550659756407
-0.20914698994682218 -0.20914699082606375
0.2091389172956436 0.20913891641640203
-0.2091308430923961 -0.2091308431567815
0.20912276907159738 0.20912276941462987
-0.20911469594322823 -0.20911469356315748
0.209106620552792 0.20910662130327312
-0.20909854686961254 -0.20909854693390578
0.2090904733686189 0.20909047371170264
-0.2090823983157557 -0.20908239878740548
0.209074324259844 0.20907432623233324
-0.20906625109613186 -0.2090662507530277
0.2090581772998341 0.20905817764293827
-0.20905010276636304 -0.20905010283058473
0.2090420292296214 0.2090420291653997
-0.20903395414102566 -0.20903395583446888
0.20902588249292192 0.209025881614069
-0.2090178068490618 -0.20901780650605994
0.20900973301658632 0.20900973213776408
-0.20900165844658453 -0.20900165851087776
0.2089935856878361 0.2089935860307971
-0.20898551137694227 -0.20898551103398127
0.20897743643382893 0.2089774375912576
-0.2089693631964732 -0.20896936366793895
0.20896129014119358 0.20896128885530102
-0.2089532147194475 -0.2089532155981369
0.2089451427374353 0.20894514145155296
-0.20893706676009455 -0.20893706763879416
0.2089289942224793 0.2089289945652973
-0.2089209193181763 -0.20892092019684527
0.20891284622485934 0.2089128461604946
-0.2089047723934137 -0.20890477123635276
0.20889669874429662 0.20889669908709418
-0.20888862354279925 -0.20888862360712318
0.208880550966351 0.20888055049491583
-0.2088724760231893 -0.20887247730882663
0.20886440289082553 0.2088644016051882
-0.2088563282059011 -0.20885632867737713
0.20884825533170503 0.20884825445315858
-0.20884018171899904 -0.20884018096930457
0.20883210747459047 0.20883210700313481
-0.20882403249172488 -0.20882403296318053
0.20881595931938723 0.20881596006902042
-0.20880788622250068 -0.20880788465882866
0.20879981086585786 0.20879981161551142
-0.20879173884077235 -0.20879173727712075
0.20878366292784462 0.2087836644914962
-0.20877559034646576 -0.20877559000375
0.208767516319047 0.20876751625479434
-0.20875944236731936 -0.20875944243157202
0.20875136859739696 0.20875136934704036
-0.20874329408922038 -0.2087432949673283
0.20873522139055145 0.2087352209193712
-0.20872714713966262 -0.20872714679700805
0.20871907225676878 0.2087190734132378
-0.20871099989073943 -0.20871100076875565
0.2087029244511922 0.20870292520072342
-0.2086948523422547 -0.20869485199960014
0.20868677878719571 0.2086867775023844
-0.2086787036802794 -0.20867870415137818
0.20867063038218553 0.2086706295042407
-0.20866255634583675 -0.20866255641010978
0.20865448330452874 0.20865448283342997
-0.208646408711265 -0.20864640877554824
0.2086383351130343 0.20863833586236175
-0.20863026077642977 -0.20863026206107815
0.20862218743478889 0.20862218737049543
-0.2086141141682547 -0.20861411463932295
0.208606039455966 0.2086060393916624
-0.20859796644585465 -0.2085979656966494
0.20858989280340812 0.20858989233238062
-0.20858181923607216 -0.20858181848689744
0.20857374503639303 0.20857374456539612
-0.20856567172524387 -0.20856567138281334
0.20855759696827508 0.20855759853081618
-0.20854952391321496 -0.2085495235707539
0.2085414502256323 0.20854144934804386
-0.20853337661313615 -0.20853337667737865
0.2085253023681094 0.2085253023038669
-0.20851722819816104 -0.20851722826240354
0.20850915502224382 0.20850915536464376
-0.20850108110801024 -0.2085010807656103
0.20849300818773892 0.2084930077168946
-0.2084849320894102 -0.20848493296686643
0.20847686023797213 0.20847686058032122
-0.20846878520834639 -0.20846878608577213
0.20846071198599275 0.20846071273489275
-0.20845263802493202 -0.20845263890231708
0.20844456505789105 0.20844456458706712
-0.20843649053897229 -0.20843649182289808
0.20842841701406511 0.2084284173563024
-0.20842034275033344 -0.20842034362768797
0.20841227029358517 0.20841227022927156
-0.20840419628486195 -0.20840419553615502
0.2083961224570528 0.2083961223927595
-0.20838804951626128 -0.20838804876757472
0.20837997431737537 0.20837997465958213
-0.20837190163143832 -0.20837190210217077
0.20836382912609502 0.20836382702952472
-0.20835575344315843 -0.20835575432038084
0.20834768037962537 0.20834768072172044
-0.20833960738992313 -0.20833960623497005
0.2083315329551843 0.20833153248446207
-0.20832345940714664 -0.20832345865864288
0.20831538522686166 0.2083153855689669
-0.20830731274598557 -0.20830731159110366
0.20829923719446336 0.20829923713021065
-0.20829116415513899 -0.20829116462575975
0.20828309048330834 0.20828309082540336
-0.20827501769809353 -0.20827501694965073
0.2082669426549535 0.2082669442160715
-0.20825887012379213 -0.2082588689690016
0.20825079614727138 0.20825079608311003
-0.20824272224475682 -0.20824272230891816
0.20823464852212387 0.20823464845796252
-0.20822657487342855 -0.20822657453130305
0.2082185014045459 0.20821850093411792
-0.20821042800953232 -0.20821042726116062
0.2082023531692372 0.2082023543238653
-0.20819428084034153 -0.20819428049820599
0.20818620625356288 0.20818620659569842
-0.20817813336566293 -0.2081781322110754
0.20817005821987222 0.20817006018689144
-0.20816198639777528 -0.20816198564937316
0.20815391069287592 0.20815391144127804
-0.2081458383116625 -0.20814583756326038
0.20813776448469062 0.2081377636083916
-0.20812969073189336 -0.20812969038969698
0.20812161715801075 0.20812161790636213
-0.20811354447052388 -0.20811354290988276
0.20810546952501408 0.20810547027338572
-0.20809739709045127 -0.20809739593595505
0.20808932158556842 0.20808932314617906
-0.20808124940383316 -0.20808124906153552
0.2080731749638981 0.20807317490010158
-0.2080651014104768 -0.20806510106818926
0.20805702722320463 0.20805702756549216
-0.2080489539223776 -0.2080489547982815
0.20804087998763143 0.20804087992383485
-0.20803280612717484 -0.2080328078151456
0.20802473325692517 0.2080247335991215
-0.2080166596487893 -0.2080166597126163
0.20800858621876556 0.2080085857489254
-0.2080005112388421 -0.2080005121146853
0.20799243968502706 0.2079924388091839
-0.20798436576915696 -0.20798436502106898
0.20797629121953953 0.2079762919676275
-0.2079682175557419 -0.20796821802554155
0.20796014325812884 0.20796014360023402
-0.20795206984626707 -0.2079520707219888
0.207943996612386 0.20794399736039298
-0.20793592345228307 -0.20793592351612017
0.20792784884644488 0.20792784959443167
-0.20791977593804528 -0.20791977640776393
0.20791170239562545 0.2079117023317985
-0.207903628926989 -0.20790362777317117
0.20789555482432492 0.2078955543546569
-0.20788748079543656 -0.20788748207682728
0.2078794085676205 0.20787940769208096
-0.20787133235497934 -0.20787133444804223
0.20786325956684848 0.2078632611262647
-0.20785518685209398 -0.20785518610431958
0.20784711350343105 0.20784711303377307
-0.20783903941653553 -0.20783903948039284
0.20783096550736618 0.20783096666088058
-0.20782289248307834 -0.2078228917353444
0.2078148180133068 0.2078148191668111
-0.20780674523992948 -0.20780674449218545
0.20779867102100064 0.2077986705514943
-0.20779059849839782 -0.2077905981564241
0.20778252371871553 0.2077825232492294
-0.2077744498239124 -0.20777444988767868
0.20776637610634108 0.2077663764482845
-0.20775830408491963 -0.2077583025258774
0.2077502289950246 0.20775022933699833
-0.2077421556013328 -0.20774215525935907
0.20773408157323625 0.20773408191520998
-0.20772600924121454 -0.2077260088992408
0.20771793384076487 0.2077179341827386
-0.20770986175899914 -0.20770986182266443
0.2077017882312533 0.2077017869507013
-0.2076937139658141 -0.20769371443512846
0.20768563987694355 0.20768564062445527
-0.20767756667276677 -0.20767756592525505
0.20766949202267598 0.2076694931757762
-0.20766141987958547 -0.20766141872648525
0.20765334466817903 0.20765334582127926
-0.20764527196376575 -0.20764527243289843
0.20763719781322176 0.20763719774963724
-0.20762912454739024 -0.20762912501651282
0.20762105226858868 0.20762105058288222
-0.20761297681913177 -0.20761297688276675
0.2076049039788499 0.2076049043207227
-0.20759682958989606 -0.20759682965352094
0.2075887569990139 0.2075887561244138
-0.20758068204843688 -0.20758068373399202
0.20757260889592433 0.20757260842677144
-0.20756453419462445 -0.207564535474692
0.20755646210221562 0.20755646122759536
-0.20754838846089135 -0.2075483885246373
0.20754031418491314 0.2075403149320214
-0.2075322407926355 -0.20753224126177827
0.20752416757644992 0.20752416710730714
-0.20751609281145572 -0.2075160932805985
0.20750801984415385 0.20750801937501107
-0.20749994694948265 -0.2074999462024954
0.2074918726093823 0.2074918729510029
-0.20748379915267878 -0.20748379840570158
0.20747572506123202 0.2074757270242486
-0.2074676518531144 -0.20746765151144336
0.2074595771995335 0.20745957754120453
-0.20745150423990694 -0.2074515051141846
0.20744343145597427 0.20744343017639044
-0.20743535631284638 -0.20743535718713413
0.20742728377724257 0.20742728330824084
-0.20741920888237575 -0.20741920894610155
0.20741113578443388 0.20741113572070807
-0.2074030611377335 -0.20740306241722667
0.2073949890983819 0.2073949890346259
-0.20738691469967274 -0.20738691557390004
0.20737884128734235 0.20737884081834068
-0.207370767947001 -0.20737076720035608
0.20736269397208867 0.20736269512393907
-0.20735462006915845 -0.20735461932250343
0.2073465463420207 0.20734654789904639
-0.20733847349714823 -0.20733847275047312
0.20733039839694933 0.20733039873845927
-0.20732232498937925 -0.2073223258633347
0.2073142517573462 0.20731425209882592
-0.20730617778694377 -0.20730617825573405
0.20729810399207133 0.2072981043335309
-0.20729003107928212 -0.20729003114293743
0.20728195672147592 0.20728195584761094
-0.20727388324574597 -0.20727388411961095
0.2072658099453309 0.20726580826129648
-0.20725773590656577 -0.2072577363753762
0.20724966285323776 0.20724966238442732
-0.2072415882513834 -0.20724158872019383
0.2072335146349591 0.20723351457119316
-0.20722544109013935 -0.2072254419639742
0.20721736772057336 0.20721736684673853
-0.2072092936125159 -0.20720929367632207
0.20720122048971396 0.2072012196158992
-0.20719314662835325 -0.20719314547719686
0.20718507294221256 0.20718507287841637
-0.20717699932745437 -0.20717699898627645
0.20716892507792106 0.20716892582406304
-0.20716085170967136 -0.20716085177343746
0.2071527777065792 0.20715277723786912
-0.20714470458470374 -0.207144703838612
0.2071366308279186 0.20713663035923868
-0.2071285563326276 -0.20712855680130754
0.20712048363190322 0.20712048275831946
-0.2071124093827581 -0.20711240985144813
0.207104336118345 0.20710433524477123
-0.20709626130550446 -0.20709626217907823
0.2070881882871164 0.20708818700867898
-0.20708011372023372 -0.20708011499867113
0.2070720409477365 0.20707204047898625
-0.20706396662667775 -0.20706396750026151
0.20705589248064343 0.20705589160705967
-0.20704781840535486 -0.20704782008856554
0.20703974531463049 0.20703974484583004
-0.20703167229452457 -0.2070316707393582
0.20702359783015584 0.2070235977661889
-0.2070155234364589 -0.20701552390519917
0.20700745083665884 0.2070074499631553
-0.20699937587882372 -0.20699937675232727
0.2069913027148788 0.20699130305560487
-0.20698322962129106 -0.20698322887583187
0.20697515508362124 0.20697515461491106
-0.20696708142578835 -0.20696708148978538
0.20695900794267869 0.2069590070692755
-0.2069509345298931 -0.20695093418921712
0.20694286048239774 0.20694286041839072
-0.2069347856958738 -0.20693478737857285
0.20692671351199726 0.20692671263862417
-0.2069186381609875 -0.2069186386297076
0.20691056541261832 0.2069105649438982
-0.20690249111564085 -0.20690249158436097
0.2068944178026857 0.20689441733396557
-0.2068863437503411 -0.20688634381444837
0.2068782698727465 0.20687826940403642
-0.2068701952557559 -0.20687019572446597
0.20686212243183977 0.2068621219631297
-0.20685404886840075 -0.20685404812339253
0.20684597467053295 0.20684597460641568
-0.20683790054230117 -0.2068379002018657
0.20682982658871935 0.20682982652461213
-0.2068217527047071 -0.20682175317334706
0.20681367980432347 0.20681367852663812
-0.20680560454630637 -0.2068056058239917
0.2067975318899823 0.20679753142130225
-0.20678945768494328 -0.20678945774913066
0.20678138365457488 0.2067813835903875
-0.20677330969343544 -0.20677331016209544
0.20676523671582525 0.20676523584270268
-0.20675716218950713 -0.20675716184927195
0.20674908783782642 0.20674908858250418
-0.2067410143640867 -0.20674101523713928
0.2067329402560128 0.20673293978738283
-0.20672486621698816 -0.20672486668561812
0.20671679316123315 0.20671679350140826
-0.20670871936561552 -0.20670871862104784
0.20670064412690592 0.2067006448714736
-0.2066925705746825 -0.20669257185197748
0.2066844971967507 0.20668449713254328
-0.2066764230790034 -0.20667642273885828
0.20666834994422628 0.2066683498800289
-0.2066602752609023 -0.2066602761337647
0.20665220156054193 0.20665220109200205
-0.20664412792887837 -0.20664412799310572
0.20663605366284182 0.206636054002917
-0.2066279802740809 -0.20662797912542064
0.20661990544231534 0.20661990739954067
-0.20661183229636426 -0.20661183155195656
0.206603756898817 0.20660375845174977
-0.20659568480408802 -0.20659568446391285
0.2065876096491513 0.2065876112020541
-0.20657953618003644 -0.20657953624406383
0.20657146207610272 0.20657146079940764
-0.20656338804101448 -0.20656338850928446
0.20655531417950596 0.20655531532804622
-0.20654724119516177 -0.2065472400466215
0.20653916595917576 0.20653916710771603
-0.20653109321709778 -0.2065310936852479
0.20652301822331204 0.20652301856348715
-0.20651494572336787 -0.2065149445748875
0.2065068701633644 0.2065068709077021
-0.2064987979054616 -0.20649879635285862
0.20649072177918792 0.20649072333179092
-0.20648264895500856 -0.20648264942296896
0.20647457468706837 0.20647457502731337
-0.20646650129647998 -0.20646650014804957
0.2064584264621246 0.20645842680238957
-0.2064503533132604 -0.20645035256892263
0.2064422779124373 0.20644227986896335
-0.2064342050052047 -0.20643420547299535
0.20642612984594721 0.20642612937815658
-0.20641805718021405 -0.2064180572439719
0.20640998226238988 0.20640998179460923
-0.2064019090299981 -0.206401908689753
0.20639383516152082 0.20639383509776305
-0.20638576055439245 -0.20638576021415733
0.2063776861191982 0.20637768605545037
-0.20636961175329244 -0.20636961302895918
0.2063615375592548 0.20636153789943995
-0.20635346505025165 -0.2063534643061135
0.20634539028927268 0.20634539062946777
-0.2063373155975899 -0.20633731606526096
0.20632924107758316 0.20632924262952757
-0.20632116905028547 -0.2063211679022542
0.20631309315538687 0.20631309389951502
-0.2063050205610374 -0.20630502062469558
0.2062969449068472 0.2062969456509554
-0.20628887174539373 -0.20628887221290526
0.2062807971395465 0.20628079707589825
-0.20627272341089714 -0.20627272307069205
0.20626464985322118 0.20626464898189623
-0.20625657555728388 -0.20625657562094207
0.206248501432314 0.20624850056100896
-0.20624042737670356 -0.2062404262289413
0.2062323526843876 0.2062323530245429
-0.20622427886901218 -0.20622427772126983
0.20621620441686528 0.2062162047570405
-0.20620813003404598 -0.20620813090519158
0.20620005662950375 0.20620005575835815
-0.20619198167914865 -0.20619198214654055
0.2061839085145521 0.20618390683592897
-0.20617583299660952 -0.20617583427149888
0.20616776007186688 0.20616775960442518
-0.20615968560114034 -0.20615968566486814
0.20615161049385672 0.20615161083383282
-0.20614353707025468 -0.2061435363265846
0.20613546300996977 0.20613546375363984
-0.20612738821119692 -0.20612738867854902
0.20611931439045122 0.20611931392309912
-0.20611123983115187 -0.20611124029850397
0.20610316544252566 0.2061031653788178
-0.20609509192987674 -0.20609509118631614
0.20608701778052713 0.20608701812046348
-0.20607894369986035 -0.20607894295630969
0.2060708681752782 0.20607086891882886
-0.2060627943338103 -0.20606279399385408
0.20605471985553064 0.20605472019548687
-0.20604664706023984 -0.20604664550955992
0.20603857120662422 0.20603857154661032
-0.2060304978431608 -0.20603049709962
0.20602242303554535 0.20602242337554139
-0.20601434910381777 -0.20601434876382174
0.206006274534982 0.20600627568202773
-0.20599820084196863 -0.2059981996949229
0.20599012570477154 0.20599012604480732
-0.20598205225038096 -0.20598205110335516
0.20597397654477106 0.20597397849876709
-0.20596590413586247 -0.2059659017783913
0.205957828668679 0.2059578294122893
-0.2059497548843101 -0.20594975494761036
0.20594167965550159 0.20594168039909205
-0.20593360610944228 -0.2059336061727226
0.20592553111887774 0.2059255306521719
-0.20591745700416603 -0.2059174578742874
0.20590938305856565 0.2059093821884443
-0.20590130756831904 -0.20590130803504475
0.2058932346675521 0.20589323460421216
-0.20588515941526225 -0.2058851586718506
0.20587708594565496 0.205877085478969
-0.20586901093123083 -0.2058690113979168
0.20586093527934796 0.2058609368293921
-0.2058528621161223 -0.2058528621794225
0.2058447875086013 0.20584478784862725
-0.20583671377634755 -0.2058367138396378
0.20582863859979283 0.20582863893980885
-0.2058205634919068 -0.20582056355518719
0.20581249016606534 0.20581249010278496
-0.20580441529560195 -0.20580441455232923
0.20579634140058478 0.20579634133732427
-0.2057882651544265 -0.20578826683071377
0.20578019230324884 0.20578019183670188
-0.20577211790727917 -0.20577211676087875
0.20576404206738252 0.20576404402023685
-0.20575596871503704 -0.20575596797183376
0.2057478947250539 0.2057478938554288
-0.20573981919046597 -0.20573981925369672
0.2057317446311029 0.20573174456787213
-0.2057236701398386 -0.20572367020306936
0.20571559581733978 0.20571559615727647
-0.20570752236918954 -0.20570752162609535
0.20569944586449934 0.20569944660759354
-0.20569137265309734 -0.20569137271627852
0.2056832971913456 0.20568329753129216
-0.2056752226040504 -0.20567522307033959
0.20566714818510706 0.20566714892814175
-0.20565907464049576 -0.20565907389746108
0.2056509996517592 0.20565099999170577
-0.2056429239250362 -0.20564292479432428
0.2056348507849844 0.20563485112490126
-0.2056267752945286 -0.20562677535767016
0.20561869997238813 0.20561870031229507
-0.20561062633034272 -0.20561062639347438
0.20560255205037142 0.20560255118118237
-0.2055944770322582 -0.20559447830446603
0.20558640218229057 0.20558640252211824
-0.20557832659417552 -0.2055783270603458
0.20557025359213504 0.20557025352895386
-0.20556217904580493 -0.20556217830302775
0.20555410305573246 0.2055541042014789
-0.2055460295511367 -0.20554602961426838
0.20553795460267427 0.2055379545395426
-0.20552987972192688 -0.20552988018799812
0.2055218058149446 0.205521804543014
-0.20551373036387416 -0.2055137300241257
0.2055056558865634 0.20550565542049204
-0.2054975806709588 -0.20549758073413016
0.20548950723482928 0.20548950636587776
-0.2054814322545213 -0.20548143110907185
0.2054733574421425 0.20547335657324045
-0.20546528189135993 -0.20546528235740158
0.20545720811990298 0.2054572064453098
-0.2054491328042372 -0.20544913246462726
0.205441057656509 0.20544105759328823
-0.20543298338155114 -0.2054329834447719
0.2054249084687848 0.20542490759994214
-0.20541683362312202 -0.20541683328356147
0.20540875733406289 0.20540875807641462
-0.20540068433441155 -0.20540068359205982
0.20539260828009503 0.2053926094252182
-0.2053845339040754 -0.20538453436999832
0.20537645888995437 0.20537645922953474
-0.2053683839430393 -0.20536838440894245
0.20536030996894483 0.20536030950304168
-0.20535223606193242 -0.20535223491694765
0.20534415990591992 0.20534416024548047
-0.20533608462250708 -0.205336085088351
0.2053280095063022 0.20532801065122763
-0.20531993526257297 -0.20531993492301248
0.2053118595752375 0.20531186072014318
-0.205303785565698 -0.20530378603144317
0.20529571011248748 0.20529571045204797
-0.20528763472643657 -0.20528763599744787
0.20527956111783335 0.20527955944418896
-0.20527148516046728 -0.2052714856262421
0.20526341098054368 0.2052634109173822
-0.20525533606226581 -0.20525533572282384
0.20524726050574515 0.20524726084518713
-0.2052391858212591 -0.20523918588440088
0.20523110969331798 0.20523111083789775
-0.2052230352425342 -0.20522303611077425
0.20521496015333907 0.20521496009020723
-0.20520688513100066 -0.20520688640176515
0.20519881108038324 0.20519881061468748
-0.20519073629144963 -0.20519073635462093
0.20518266086411446 0.20518266039842853
-0.20517458550352635 -0.2051745859692123
0.20516650950453152 0.20516651064882513
-0.20515843598718875 -0.20515843484289514
0.2051503602213558 0.2051503601582239
-0.20514228532724937 -0.20514228539038126
0.20513420898961765 0.20513421093876294
-0.20512613513348954 -0.2051261364039088
0.20511805902884123 0.20511805816085765
-0.20510998460078045 -0.20510998466391234
0.20510190953385832 0.20510190987314242
-0.20509383453377572 -0.20509383419449162
0.20508575969961923 0.20508575923411082
-0.205077684932238 -0.20507768378820074
0.20506960872121227 0.20506960906049643
-0.20506153418648265 -0.2050615338471985
0.20505345901275795 0.2050534593520421
-0.2050453831011242 -0.20504538396888095
0.20503730896457206 0.20503730769447814
-0.20502923328533296 -0.20502923334844503
0.20502115857647646 0.20502115690409467
-0.20501308312954308 -0.20501308279038705
0.2050050078483326 0.20500500738289318
-0.20499693182904033 -0.20499693229447974
0.20498885678002177 0.20498885752141643
-0.20498078099285721 -0.2049807814582671
0.20497270698041908 0.20497270691726754
-0.20496462981622082 -0.20496463028162082
0.2049565560357574 0.20495655637483468
-0.20494848071238497 -0.20494848117776526
0.2049404055548137 0.2049404050894334
-0.20493233046322368 -0.20493232972197667
0.20492425473297232 0.20492425426762156
-0.20491617906869736 -0.20491617913185872
0.20490810437447415 0.20490810350695365
-0.20490002733308588 -0.2049000277984367
0.20489195287044293 0.2048919532094119
-0.20488387766917132 -0.2048838777323524
0.20487580182934106 0.20487580257044036
-0.20486772685945764 -0.20486772692261906
0.2048596512509518 0.20485965118779037
-0.20485157651232866 -0.2048515761733794
0.20484350033081744 0.204843499865565
-0.20483542501918395 -0.2048354246802544
0.20482734987298234 0.20482734940774955
-0.20481927479239265 -0.20481927364934005
0.20481119907304784 0.2048111986078544
-0.20480312261520695 -0.20480312388450372
0.20479504793091585 0.20479504746570276
-0.20478697170394183 -0.20478697216915492
0.20477889564236507 0.2047788967852407
-0.20477082125425805 -0.20477082011138242
0.20476274622736168 0.20476274696823477
-0.20475467046185603 -0.20475467052496832
0.20474659486158076 0.2047465935925199
-0.2047385177187453 -0.20473851979175217
0.20473044476082647 0.20473044308978283
-0.2047223670444796 -0.20472236791161652
0.20471429270915759 0.20471429063619
-0.20470621602706385 -0.20470621649229653
0.20469814192202457 0.20469814065294406
-0.20469006547014973 -0.20469006673923024
0.20468198998764858 0.20468198871856808
-0.20467391376594363 -0.20467391423123527
0.20466583851354891 0.20466583764637264
-0.20465776252188633 -0.2046577633890626
0.20464968669574046 0.2046496870341591
-0.20464161173774265 -0.20464161180117918
0.20463353614144814 0.2046335348724756
-0.20462545980589608 -0.20462546147670413
0.20461738363575271 0.20461738357224746
-0.20460930913724246 -0.20460931000437949
0.20460123319673512 0.20460123273140413
-0.20459315732061217 -0.20459315698235064
0.2045850816096923 0.2045850815461674
-0.20457700515953958 -0.2045770052230645
0.2045689304816528 0.2045689304181279
-0.2045608534573825 -0.20456085352090742
0.2045527774018791 0.20455277894534296
-0.20454470221394533 -0.20454470428611793
0.20453662719114224 0.2045366267258799
-0.20452855062547942 -0.20452855109074175
0.2045204742250018 0.20452047456315536
-0.2045123986919073 -0.2045123987554519
0.2045043241272524 0.20450432326033108
-0.20449624721637122 -0.20449624727993543
0.20448817207732106 0.20448817121041934
-0.20448009619867574 -0.20448009505728287
0.20447201968184459 0.2044720196182901
-0.20446394483530816 -0.20446394369394472
0.20445586854720466 0.2044558668771615
-0.20444779151961423 -0.20444779198479823
0.2044397154602291 0.20443971619987483
-0.20443163946449383 -0.20443163912644824
0.2044235636336611 0.2044235639717067
-0.20441548786641484 -0.20441548833153023
0.2044074114608661 0.20440741179889216
-0.2043993359220212 -0.20439933397775145
0.2043912589417083 0.2043912604844269
-0.20438318363117713 -0.20438318409616518
0.20437510848524093 0.20437510721718977
-0.2043670317967315 -0.20436703186021743
0.2043589552728714 0.20435895601240933
-0.20435087961550508 -0.2043508792774693
0.20434280251669662 0.20434280405920946
-0.2043347278903076 -0.20433472795372504
0.2043266518223545 0.20432665175893705
-0.20431857501499495 -0.20431857588133834
0.20431049917490335 0.20431049871001317
-0.2043024225953422 -0.20430242306023239
0.20429434618011838 0.20429434732096263
-0.20428627063111576 -0.2042862702931192
0.20427819444350065 0.20427819438008316
-0.20427011831923486 -0.2042701187840566
0.2042620415563522 0.20426204109153046
-0.2042539648568143 -0.20425396612440538
0.20424588912415464 0.20424588946206318
-0.20423781345471798 -0.2042378139195397
0.20422973634390557 0.20422973628043917
-0.20422166090175264 -0.2042216613665646
0.20421358401816092 0.2042135843560205
-0.20420550880316546 -0.20420550846530588
0.20419743134403573 0.2041974320832115
-0.2041893555534977 -0.2041893544130155
0.20418127912400774 0.20418127906059996
-0.20417320195526645 -0.204173202821248
0.20416512575273577 0.2041651260905855
-0.2041570504159601 -0.2041570512819123
0.20414897363766937 0.20414897317297476
-0.20414089692263365 -0.2041408965848327
0.20413282117356518 0.20413282111012815
-0.20412474388271723 -0.20412474394615426
0.20411666836026887 0.2041166678956134
-0.2041085920983956 -0.20410859095821632
0.2041005151976067 0.20410051553538816
-0.20409243916220376 -0.20409243762085483
0.2040843616854635 0.20408436282563308
-0.20407628427176555 -0.20407628513744408
0.20406820942838305 0.20406820936502423
-0.2040601322409037 -0.2040601323042625
0.2040520552168349 0.20405205715917762
-0.2040439798600876 -0.20404397872000596
0.2040359030620877 0.20403590299880703
-0.2040278263269023 -0.20402782639018296
0.2040197497549236 0.20401974969164294
-0.2040116740478795 -0.20401167330897718
0.2040035960974303 0.20400359603416918
-0.20399552061625792 -0.20399551987737508
0.20398744289161752 0.20398744322943818
-0.20397936763619112 -0.2039793660952131
0.20397128933514852 0.2039712900740412
-0.20396321350331564 -0.20396321276442297
0.20395513622995498 0.2039551365678245
-0.2039470590196023 -0.20394705908274624
0.20393898357580537 0.2039389831116578
-0.20393090578887313 -0.20393090625302068
0.20392282976849252 0.20392283010631324
-0.2039147530088698 -0.20391475387397223
0.20390667721374822 0.20390667554671654
-0.20389859827359258 -0.20389859994062426
0.2038905227037216 0.2038905222395253
-0.2038824463943662 -0.20388244565575636
0.20387436944580095 0.2038743689816339
-0.20386629175780557 -0.2038662922219726
0.20385821583609143 0.20385821577283048
-0.20385013917482603 -0.20385013923808698
0.20384206187440096 0.20384206181114
-0.2038339846362328 -0.20383398630300126
0.2038259083623692 0.20382590749733503
-0.20381783134892667 -0.20381783141224602
0.20380975289464026 0.2038097544347115
-0.20380167770926672 -0.20380167697087131
0.20379360028121357 0.20379359901546823
-0.2037855229154048 -0.2037855229786949
0.20377744651349855 0.20377744645020845
-0.20376936857052008 -0.20376936863381018
0.20376129319459674 0.2037612919289391
-0.20375321547592135 -0.20375321553924064
0.20374513791962018 0.20374513785630088
-0.20373706202827963 -0.20373706129007896
0.2037289838946323 0.20372898463283295
-0.2037209066244608 -0.20372090748922206
0.20371282951642128 0.20371282945312152
-0.2037047532717367 -0.2037047529343154
0.2036966763876406 0.20369667632435062
-0.20368859796262778 -0.20368859922802246
0.2036805221038508 0.20368052123914793
-0.20367244390267192 -0.20367244436669268
0.20366436746632194 0.20366436780364588
-0.20365628948889103 -0.2036562895522297
0.20364821247492115 0.20364821321288823
-0.20364013632372502 -0.20364013558575794
0.20363205793074352 0.2036320586687106
-0.2036239812018375 -0.20362398046387042
0.203615903833598 0.2036159041709511
-0.20360782652689619 -0.20360782699075158
0.20359974938204617 0.20359974851759627
-0.20359167149750174 -0.20359167276253642
0.20358359537710552 0.20358359491322098
-0.20357551691463277 -0.20357551777908267
0.2035674402163044 0.20356744095407692
-0.20355936357917076 -0.20355936244085232
0.20355128550171336 0.20355128623949564
-0.2035432082865577 -0.20354320794930186
0.20353513123314165 0.20353512996833056
-0.2035270526388645 -0.20352705310266161
0.20351897660936513 0.20351897654606532
-0.2035108982379089 -0.203510897099746
0.20350282163021272 0.20350282116646423
-0.20349474348149188 -0.20349474394524036
0.20348666549463534 0.2034866654313453
-0.20347858836950067 -0.2034785884327907
0.20347051220698775 0.20347051054194182
-0.2034624329017255 -0.2034624329650544
0.2034543561608757 0.20345435689838592
-0.20344627867973192 -0.20344627874304133
0.2034382005596207 0.20343820049631128
-0.20343012250005083 -0.2034301237645315
0.2034220454030326 0.20342204574007472
-0.2034139675656932 -0.20341396842976406
0.20340588989012093 0.20340589062749515
-0.20339781307562987 -0.2033978135393104
0.20338973482141814 0.2033897351584213
-0.2033816574282839 -0.2033816574916129
0.20337358019671498 0.20337358013338597
-0.20336550222485222 -0.2033655030888067
0.20335742521515704 0.20335742515180866
-0.20334934666451948 -0.20334934752845452
0.20334126827547827 0.20334126901267774
-0.20333319234828867 -0.20333319201136313
0.20332511338034465 0.20332511331700598
-0.2033170344727216 -0.20331703573682386
0.2033089589284321 0.20330895806457466
-0.20330087944181752 -0.2033008795052047
0.20329280251808185 0.20329280245469467
-0.2032847248538015 -0.20328472411675724
0.20327664735098538 0.20327664648720556
-0.2032685675068358 -0.20326856837061563
0.20326049102575594 0.203260491362536
-0.2032524130035766 -0.2032524122666196
0.20324433514295076 0.20324433547974052
-0.20323625654159477 -0.203236256204805
0.20322817810178895 0.2032281800391701
-0.20322010132207802 -0.20322010018497316
0.20321202230296836 0.20321202303994473
-0.20320394574418743 -0.20320394500721106
0.20319586694594594 0.20319586688270413
-0.20318778980777275 -0.20318778987101455
0.20317971043013516 0.20317971116707273
-0.20317163191240228 -0.2031716319756247
0.20316355515596263 0.2031635550927402
-0.20315547525858524 -0.20315547652198956
0.20314739872275933 0.20314739825945688
-0.20313931984601652 -0.20313932030931897
0.2031312419305158 0.20313124226727652
-0.20312316407428405 -0.20312316413754522
0.20311508637915016 0.20311508551586455
-0.20310700794321856 -0.20310700800649917
0.20309892886839537 0.20309893000509327
-0.20309085145272815 -0.20309085191596282
0.2030827733980493 0.20308277333478808
-0.20307469540255163 -0.20307469506584908
0.2030666159681307 0.20306661670478737
-0.20305853819272285 -0.20305853785601058
0.2030504605780694 0.20305046051484693
-0.20304238142285042 -0.2030423814860729
0.20303430402810224 0.20303430316504895
-0.20302622509272666 -0.20302622515596852
0.20301814631817616 0.20301814705472643
-0.20301006760259838 -0.2030100692653663
0.20300199064729074 0.20300198858464613
-0.20299391135157618 -0.2029939114148857
0.20298583221669875 0.20298583335296128
-0.20297775394030848 -0.20297775480328428
0.20296967502495966 0.20296967576133584
-0.2029615985673497 -0.20296159903045852
0.20295351907169185 0.20295351820876434
-0.20294543963491546 -0.20294544129746095
0.20293736195785333 0.20293736229430442
-0.20292928353991613 -0.20292928360325468
0.20292120528245372 0.20292120561889515
-0.20291312628411273 -0.20291312754675256
0.20290504744624305 0.20290504778264584
-0.20289696946649532 -0.20289696913009253
0.20288889164709956 0.2028888911840197
-0.20288081148785286 -0.20288081315012768
0.2028727330879589 0.20287273302457204
-0.20286465394705977 -0.20286465520958363
0.20285657576598864 0.20285657530287016
-0.20284849764323704 -0.20284849770666252
0.20284041808209402 0.20284041801866853
-0.20283233937867245 -0.2028323402414453
0.20282426083551214 0.20282426077206733
-0.20281618155133657 -0.20281618161478138
0.20280810322670828 0.2028081039625529
-0.20280002496027344 -0.20280002462406388
0.20279194525551442 0.20279194599134936
-0.20278386720746627 -0.20278386767047857
0.2027757885202448 0.20277578725802037
-0.2027677098912294 -0.20276770915547165
0.20275962902469014 0.20275963095920818
-0.20275155141308626 -0.20275155107687676
0.2027434731621096 0.2027434722996167
-0.20273539337113922 -0.2027353938340743
0.20272731453910142 0.20272731367661817
-0.20271923576522055 -0.20271923542908826
0.2027111571510954 0.20271115748722768
-0.20270307779602764 -0.20270307785941455
0.20269499860071216 0.20269499853732525
-0.20268691946345085 -0.2026869187278379
0.20267884048588042 0.2026788408220031
-0.20267076076734186 -0.20267076162966108
0.20266268280637484 0.2026626831424686
-0.20265460330539797 -0.2026546033687655
0.20264652476302814 0.2026465243002089
-0.20263844468064512 -0.20263844514346435
0.2026303663557309 0.20263036589291167
-0.20262228569189672 -0.20262228575529317
0.20261420758435428 0.2026142071215447
-0.20260612873544503 -0.20260612800004413
0.20259804924749975 0.20259804838532525
-0.20258996901824228 -0.20258996988041678
0.2025818897475018 0.2025818908822002
-0.20257381133284774 -0.20257381099687927
0.2025657322791128 0.2025657314170154
-0.2025576524840208 -0.2025576521480812
0.20254957284857433 0.20254957398318596
-0.2025414940690733 -0.20254149293446166
0.2025334146504656 0.20253341378849343
-0.20252533528912792 -0.20252533575179293
0.20251725528868053 0.2025172548260155
-0.2025091761440757 -0.2025091762074529
0.20250109636030017 0.20250109709547942
-0.20249301743230635 -0.20249301709639567
0.20248493786508082 0.20248493740247353
-0.2024768583550774 -0.20247685801918602
0.20246877900431864 0.20246877934021001
-0.20246069891226087 -0.2024606985763695
0.2024526197778856 0.20245261971455653
-0.2024445399021504 -0.20244453956626862
0.2024364601856345 0.20243646052151626
-0.20242838052613854 -0.20242838058944834
0.20242030182416515 0.20242030056330945
-0.20241222158240368 -0.2024122220449147
0.20240414149983638 0.20240414263397616
-0.2023960622724541 -0.20239606193662046
0.20238798320414736 0.20238798234255062
-0.20237990179783655 -0.2023799026594333
0.20237182294545897 0.20237182328123493
-0.2023637433514749 -0.20236374381392813
0.20235566391661797 0.20235566425237472
-0.20234758294196087 -0.20234758340439485
0.2023395045209998 0.20233950365948006
-0.20233142456012043 -0.2023314246234879
0.20232334475841945 0.20232334469505198
-0.20231526421496865 -0.20231526427833613
0.20230718462878777 0.2023071849644676
-0.2022991043007965 -0.2022991039651167
0.20229102493001422 0.202291024866666
-0.20228294561539806 -0.20228294488070936
0.2022748648638193 0.20227486480049034
-0.20226678496646 -0.20226678502978895
0.20225870522809342 0.20225870476577484
-0.202250624747908 -0.2022506244122666
0.2022425452246533 0.20224254436338351
-0.2022344641615973 -0.20223446502286707
0.20222638565127404 0.20222638479000427
-0.20221830400526475 -0.20221830406865138
0.20221022411412148 0.20221022484859874
-0.20220214427872557 -0.20220214513993778
0.20219406460236905 0.20219406374115684
-0.20218598498169926 -0.20218598344949257
0.20217790392443408 0.20217790425996007
-0.2021698237206782 -0.20216982338515221
0.20216174367582151 0.2021617440113475
-0.20215366288889697 -0.20215366335110047
0.20214558305857894 0.20214558339408573
-0.20213750248613255 -0.20213750215062576
0.20212942207256052 0.20212942161039543
-0.20212134171450974 -0.20212134257550118
0.20211326071763946 0.20211326105309824
-0.20210518216913037 -0.2021051818336716
0.20209710138643605 0.20209710092429972
-0.2020890206593146 -0.20208902112145094
0.2020809392932339 0.20208094002743265
-0.20207286037533567 -0.20207285964113691
0.202064779223266 0.20206477955870555
-0.20205669812682087 -0.2020566981901309
0.20204861958119646 0.20204861832166648
-0.20204053790112048 -0.20204053876192002
0.2020324579744207 0.20203245711362117
-0.202024376508169 -0.20202437697025732
0.20201629520042658 0.20201629593444315
-0.20200821554272336 -0.20200821600478291
0.20200013524598914 0.20200013518261206
-0.2019920550044847 -0.20199205427051603
0.2019839741239467 0.20198397326326223
-0.20197589250132802 -0.20197589216605144
0.20196781263159547 0.20196781256822793
-0.20195973122239524 -0.20195973248166638
0.20195164997152115 0.20195165110399965
-0.20194357037015703 -0.2019435700349092
0.20193548853530902 0.2019354908635857
-0.20192740834996842 -0.20192740921046126
0.20191932832266068 0.20191932825934106
-0.20191124675606914 -0.20191124761654283
0.20190316614469989 0.2019031660813611
-0.20189508638539155 -0.20189508525305672
0.20188700439274387 0.2018870039308856
-0.20187892404928948 -0.2018789237140703
0.20187084226955115 0.20187084220624119
-0.20186276213894605 -0.20186276260077557
0.20185468136901674 0.20185468011016727
-0.20184659985710074 -0.2018466007174498
0.20183851929987856 0.2018385180410387
-0.20183043800060962 -0.201830438462487
0.20182235765597434 0.20182235679562527
-0.20181427497538373 -0.20181427663265705
0.2018061940463869 0.20180619438137626
-0.2017981139689755 -0.20179811363398614
0.2017900324554584 0.20179003239201437
-0.20178195099667667 -0.20178195185696834
0.20177387049232942 0.201773870030452
-0.20176578844898135 -0.20176578851245408
0.20175770815685534 0.2017577084917777
-0.20174962632566862 -0.2017496271859029
0.20174154465213984 0.2017415449870335
-0.20173346382980378 -0.20173346349491011
0.20172538236829451 0.20172538270318818
-0.20171730175791808 -0.2017173018213717
0.20170922050830847 0.2017092196481794
-0.201701138516459 -0.20170113857993172
0.20169305747870553 0.2016930574152328
-0.20168497569865235 -0.20168497616043407
0.20167689487263524 0.2016768944108535
-0.20166881330425845 -0.20166881336775022
0.20166073109673638 0.20166073182980537
-0.20165265053653436 -0.20165264900692376
0.20164456933706976 0.20164456927363533
-0.20163648659879435 -0.20163648706048048
0.20162840640730578 0.20162840594561965
-0.2016203238804239 -0.20162032474034264
0.20161224310382309 0.20161224304035036
-0.20160416078825333 -0.20160416085172606
0.20159607863008916 0.20159607936302426
-0.2015879981185657 -0.2015879973856306
0.2015799169679039 0.20157991570991496
-0.20157183268566242 -0.20157183434182663
0.20156375333882948 0.20156375208083094
-0.2015556708602423 -0.20155567012746
0.20154758853913002 0.2015475892719123
-0.20153950786407765 -0.20153950752943245
0.20153142495756088 0.20153142608846114
-0.20152334369710134 -0.20152334296431906
0.20151526179760887 0.20151526253039115
-0.20150718074785878 -0.20150717961697762
0.20149909905901597 0.2014990981994505
-0.20149101662753682 -0.20149101669094271
0.20148293435316028 0.20148293389168415
-0.20147485372450907 -0.20147485338986382
0.20146677086447945 0.20146676960692006
-0.20145868965017266 -0.201458688917524
0.20145060540842102 0.20145060653910174
-0.20144252440453714 -0.20144252526396905
0.20143444196520072 0.20143444229980773
-0.20142636037553713 -0.20142636043893358
0.2014182789423945 0.20141827848100413
-0.20141019676687028 -0.2014101960343075
0.20140211395191487 0.20140211428650284
-0.20139403198649414 -0.20139403165190617
0.2013859493815825 0.20138595091003775
-0.20137786683025355 -0.2013778676894757
0.20136978602705152 0.20136978556576607
-0.20136170368554962 -0.2013617033509808
0.20135361990877398 0.2013536210391781
-0.2013455385729488 -0.20134553863626897
0.20133745500593597 0.2013374561363115
-0.20132937467559214 -0.20132937434099468
0.20132129131818505 0.201321291254903
-0.20131320960590765 -0.20131321006705966
0.20130512566234254 0.20130512599691142
-0.20129704415960675 -0.2012970442228888
0.2012889628125722 0.20128896235144877
-0.2012808791321537 -0.20128087879761342
0.20127279719883767 0.20127279713555563
-0.20126471452338673 -0.20126471379104316
0.20125663279931522 0.20125663194044563
-0.20124855033304934 -0.2012485492029501
0.20124046722696648 0.20124046676592877
-0.20123238417429362 -0.20123238423755663
0.20122430207286235 0.2012243016118342
-0.20121621843370185 -0.20121621929248573
0.20120813654127295 0.20120813687572753
-0.2012000531110556 -0.20120005357207427
0.20119197142751044 0.20119197056876464
-0.2011838890015526 -0.20118388866714565
0.201175805140486 0.20117580587260103
-0.2011677229233102 -0.20116772298659225
0.20115964006634413 0.20115964040075113
-0.20115155805779372 -0.20115155732570722
0.20114347461405363 0.2011434737554601
-0.20113539201872688 -0.2011353928773204
0.20112730719290656 0.20112730832256792
-0.2011192256014031 -0.201119227255232
0.20111114257455376 0.20111114251125267
-0.20110305960086827 -0.20110306045941428
0.2010949759871179 0.20109497751424943
-0.20108689401694263 -0.2010868940802248
0.20107881140658634 0.201078812138492
-0.20107072725901365 -0.20107072771986123
0.20106264406167162 0.2010626451911236
-0.2010545617125032 -0.20105456137818195
0.20104647951828053 0.20104647905749
-0.20103839578683697 -0.2010383958500811
0.20103031300546798 0.20103031294222384
-0.20102222948193055 -0.20102222914764734
0.20101414531833728 0.2010141472426919
-0.20100606279768052 -0.20100606246335928
0.20099797963685184 0.20099797917617535
-0.200989896528886 -0.20098989778454118
0.2009818127807465 0.20098181232005097
-0.20097372988040813 -0.200973729546163
0.20096564633983727 0.20096564627662156
-0.20095756285210564 -0.2009575633127727
0.20094947872413954 0.20094947985323985
-0.20094139623874002 -0.20094139550707207
0.20093331231814426 0.20093331344723508
-0.20092522924522938 -0.20092522930837858
0.20091714632673163 0.20091714626358242
-0.20090906346101017 -0.20090906272937065
0.2009009783653375 0.20090097830220732
-0.20089289570680546 -0.20089289497518492
0.20088481161299487 0.2008848119472495
-0.20087672757207065 -0.20087672803252882
0.20086864448000424 0.20086864401954607
-0.20086056223538318 -0.2008605622985039
0.20085247855547939 0.20085247690304703
-0.2008443933391088 -0.20084439459422276
0.20083630986609563 0.20083630980290845
-0.20082822644575443 -0.2008282265089416
0.20082014238485824 0.20082014232167106
-0.20081205837663213 -0.20081206002894114
0.2008039745223909 0.2008039752537078
-0.20079589072076098 -0.20079589157849004
0.200787807073057 0.20078780700983195
-0.20077972268342054 -0.20077972473285816
0.20077163924217412 0.20077163917890167
-0.20076355664783058 -0.20076355512220884
0.20075547182399195 0.20075547136354333
-0.2007473886415203 -0.20074738791035512
0.20073930322955175 0.20073930356352182
-0.20073122025331946 -0.20073121952216377
0.20072313584188384 0.2007231361758634
-0.2007150522774021 -0.20071505234058917
0.20070696807202953 0.20070696721452808
-0.2006988831249612 -0.20069888318816725
0.20069079991988664 0.20069079945954238
-0.20068271517874303 -0.2006827148448298
0.20067463059105733 0.20067463052785128
-0.20066654605579687 -0.20066654691322255
0.20065846246813634 0.2006584624049113
-0.20065037813860365 -0.20065037780473782
0.20064229475661227 0.20064229350215257
-0.20063420904440243 -0.20063420871057452
0.20062612586803868 0.20062612540774172
-0.20061804115550375 -0.2006180416158007
0.2006099573905254 0.20060995732727194
-0.20060187208937408 -0.20060187135855945
0.20059378773577746 0.2005937880695675
-0.2005857042280968 -0.20058570429132183
0.20057761769774224 0.20057761842852845
-0.2005695351893847 -0.20056953406160233
0.20056144965823802 0.200561449992047
-0.2005533649731549 -0.2005533642423687
0.20054528044113684 0.200545279584052
-0.20053719596115027 -0.20053719523040198
0.20052911084027253 0.20052911157102082
-0.20052102735918204 -0.2005210270253731
0.20051294244322526 0.20051294118931456
-0.2005048575793153 -0.20050485764246467
0.2004967720744163 0.20049677359891088
-0.20048868741536513 -0.20048868827227972
0.20048060290905084 0.20048060284592034
-0.2004725184547037 -0.20047251812095157
0.20046443415303516 0.20046443408991416
-0.20045634831582032 -0.20045634837894133
0.20044826342504785 0.20044826375878105
-0.20044017937979586 -0.20044017944290743
0.20043209469347312 0.2004320942335262
-0.20042401005896066 -0.20042400932842996
0.20041592398974295 0.20041592392664082
-0.20040783955961844 -0.20040784001952755
0.20039975369473018 0.2003997536316186
-0.20039166946887682 -0.2003916687384123
0.20038358460175865 0.20038358453866595
-0.2003754989929451 -0.20037550024634526
0.2003674143299609 0.20036741387008017
-0.2003593289252228 -0.2003593289883533
0.20035124446625574 0.20035124321290287
-0.20034315847201373 -0.20034315813844117
0.20033507342354118 0.20033507415383567
-0.20032698683979194 -0.20032698769634733
0.20031890278862274 0.20031890351887943
-0.20031081799544898 -0.2003108160751116
0.2003027317678424 0.2003027324981274
-0.20029464717839096 -0.20029464644810596
0.20028656036111803 0.20028656148806828
-0.20027847597531023 -0.2002784752450158
0.2002703901549155 0.20027039128185625
-0.2002623051793233 -0.20026230563893022
0.20025421956239742 0.20025421949941796
-0.20024613479021608 -0.20024613405995945
0.20023804779020826 0.20023804891707347
-0.20022996242819852 -0.20022996249113073
0.20022187721789886 0.20022187715496664
-0.200213792059105 -0.20021379132887662
0.2002057054656795 0.20020570659247872
-0.20019762051006046 -0.20019762017638404
0.20018953411975177 0.20018953484998014
-0.2001814493671914 -0.20018144943004806
0.20017336317988316 0.20017336351355958
-0.20016527783721771 -0.20016527671049394
0.20015719185283148 0.20015719179001257
-0.2001491051270109 -0.20014910756885862
0.2001410201384965 0.20014101967912562
-0.20013293440843322 -0.2001329344713182
0.20012484882965548 0.20012484837029398
-0.20011676250932725 -0.20011676296868874
0.2001086763402833 0.20010867627737944
-0.2001005910154801 -0.20010059107838396
0.20009250425609143 0.20009250458962635
-0.20008441834094198 -0.20008441840383645
0.20007633257688556 0.2000763325139911
-0.20006824607131157 -0.20006824613420604
0.20006015971682922 0.20006016044673697
-0.20005207499917788 -0.2000520754584451
0.2000439872613891 0.2000439879912686
-0.20003590195323212 -0.20003590122335263
0.20002781521038987 0.20002781554390597
-0.20001972931164902 -0.20001972977084087
0.2000116427709106 0.20001164389709702
-0.2000035578668859 -0.20000355713703466
0.19999547152809782 0.19999547027632048
-0.19998738365543517 -0.19998738332194732
0.199979298311246 0.19997929824842692
-0.19997121143306779 -0.19997121189218436
0.1999631254980967 0.19996312543526817
-0.1999550388216923 -0.19995503888452082
0.19994695229589876 0.19994695262933948
-0.19993886582119014 -0.19993886628026908
0.19993077949703464 0.1999307790379557
-0.19992269163894216 -0.1999226924942621
0.19991460710131048 0.199914605849759
-0.19990651865223819 -0.19990651871512316
0.1998984335236253 0.19989843346074032
-0.19989034606838385 -0.19989034692367547
0.19988226034871176 0.19988225949342014
-0.19987417309477895 -0.19987417355388604
0.19986608599165723 0.19986608553255014
-0.19985799973132412 -0.19985799939809984
0.19984991362168797 0.19984991316259965
-0.199841825185551 -0.1998418264369331
0.19983373927704756 0.19983373802566545
-0.19982565262649793 -0.19982565229336774
0.19981756533446177 0.19981756527147326
-0.19980947809265315 -0.19980947815564165
0.19980139179375617 0.19980139093856797
-0.19979330396061085 -0.19979330481579904
0.19978521627821366 0.1997852174034308
-0.1997771310223399 -0.19977713029319444
0.1997690427484894 0.19976904347763486
-0.19976095610905525 -0.1997609561720155
0.19975286962004735 0.19975286916104368
-0.1997447815970127 -0.19974478205601637
0.199736694516509 0.19973669405750533
-0.19972860748603827 -0.19972860754902666
0.19972052060597267 0.19972052093899012
-0.19971243298388963 -0.19971243265087218
0.19970434630418465 0.19970434624121502
-0.19969625809044927 -0.1996962581534189
0.1996881716110273 0.1996881723399943
-0.19968008359751743 -0.19968008405642712
0.19967199652636436 0.19967199685935366
-0.19966390950488272 -0.1996639087759533
0.1996558226337825 0.19965582257085046
-0.19964773422861082 -0.19964773389562157
0.1996396459738759 0.19963964670277712
-0.199631559352345 -0.1996315594152489
0.19962347129750807 0.19962347202639052
-0.19961538329228246 -0.19961538414693514
0.19960729622905254 0.19960729695789742
-0.19959920842358997 -0.1995992080906101
0.19959112156006564 0.1995911211013343
-0.1995830347459439 -0.19958303441298275
0.19957494412360421 0.19957494564407596
-0.19956685830082094 -0.19956685796783158
0.1995587702529783 0.19955877019014956
-0.19955068304637869 -0.19955068310920743
0.19954259519797235 0.19954259473934433
-0.1995345066075918 -0.19953450627463992
0.19952641895858186 0.19952641968731433
-0.19951833135908287 -0.1995183306303504
0.1995102423262699 0.19951024345076412
-0.19950215571753765 -0.19950215498879587
0.19949406688389182 0.1994940676126336
-0.1994859796828019 -0.19948597855832645
0.19947789104824604 0.1994778917769972
-0.19946980246332902 -0.19946980213029275
0.19946171561064563 0.19946171515227085
-0.19945362722464655 -0.19945362610023665
0.1994455381967032 0.1994455385297395
-0.1994374508009748 -0.19943745007226105
0.19942936197185268 0.19942936230489838
-0.1994212739835708 -0.1994212736505251
0.19941318535319275 0.19941318568623845
-0.19940509835487769 -0.1994050972305521
0.19939700834056956 0.19939700906926455
-0.1993889199583796 -0.19938892041654815
0.19938083251637018 0.19938083245381344
-0.19937274275022837 -0.1993727428127851
0.1993646555066947 0.19936465544413795
-0.1993565667301389 -0.19935656679269564
0.19934847731148309 0.19934847804007505
-0.19934039031556638 -0.19934038958697442
0.19933230188626888 0.19933230142819397
-0.1993242127152272 -0.19932421277775586
0.1993161236930635 0.19931612363053486
-0.19930803551126502 -0.19930803557379367
0.19929994668719475 0.19929994622914793
-0.19929185712139735 -0.19929185797495302
0.19928377007737913 0.19928376961932293
-0.19927567991852357 -0.19927568116755995
0.19926759228144653 0.1992675914278909
-0.19925950152953098 -0.19925950277855797
0.19925141409031727 0.19925141442313837
-0.1992433251180185 -0.1992433247851974
0.1992352362947059 0.19923523583664043
-0.19922714752009923 -0.19922714758273075
0.1992190581035726 0.1992190576455165
-0.1992109695265813 -0.19921096919380693
0.19920288030761324 0.19920288024498167
-0.19919479113733024 -0.1991947911999618
0.19918670132506971 0.19918670165782537
-0.1991786139337604 -0.19917861281024907
0.19917052352809345 0.1991705238608678
-0.19916243475265855 -0.19916243441988418
0.19915434612571958 0.19915434527244458
-0.19914625675680087 -0.19914625681939502
0.19913816674571516 0.1991381662877899
-0.19913007836463525 -0.19913007724127357
0.19912198776002593 0.1991219888833876
-0.1991138995760276 -0.1991138980573629
0.1991058091684429 0.19910580989652021
-0.199097719600275 -0.19909772084861943
0.19908963097077592 0.19908963130353152
-0.19908154080893076 -0.1990815400809095
0.19907345158575362 0.19907345152326222
-0.19906536162072347 -0.19906536207846187
0.1990572725943046 0.19905727292704145
-0.19904918361643237 -0.1990491844693804
0.19904109399618292 0.19904109393367275
-0.1990330036340598 -0.19903300369656995
0.19902491342001555 0.19902491335750538
-0.1990168248352424 -0.19901682489775258
0.1990087348176528 0.19900873435996103
-0.1990006456389331 -0.19900064530628037
0.19899255502739616 0.19899255417456013
-0.1989844652547284 -0.19898446610756443
0.19897637483953112 0.19897637517212785
-0.19896828526314625 -0.19896828572081937
0.19896019583442648 0.19896019498162776
-0.19895210487370868 -0.19895210533139113
0.19894401722156663 0.19894401478834955
-0.19893592566667245 -0.19893592612440159
0.19892783504982375 0.1989278353822711
-0.19891974527133716 -0.1989197457290477
0.19891165643072756 0.19891165439273867
-0.19890356526782926 -0.1989035657255771
0.19889547583296502 0.19889547498016624
-0.19888738486589475 -0.19888738571869352
0.1988792956268018 0.19887929358890616
-0.1988712048554463 -0.1988712053132501
0.19886311423195685 0.19886311377415306
-0.19885502365627744 -0.19885502450908554
0.19884693401839737 0.19884693395557923
-0.19883884284827225 -0.19883884291109039
0.19883075182599308 0.19883075294810398
-0.1988226632211943 -0.19882266249405045
0.19881457239427108 0.19881457154158416
-0.198806482404978 -0.1988064808879747
0.19879839098349394 0.19879839210555822
-0.19879030118949903 -0.19879030006743476
0.1987822091734156 0.19878221029547988
-0.1987741187848207 -0.19877411884748974
0.1987660285435474 0.19876602927068193
-0.19875793756023963 -0.1987579368331051
0.19874984751401903 0.1987498474513873
-0.19874175514621223 -0.19874175639346542
0.19873366608473492 0.19873366562721073
-0.1987255747015591 -0.1987255751590833
0.19871748425552505 0.19871748419284674
-0.19870939306719415 -0.1987093927350359
0.1987013012366396 0.19870130314810686
-0.19869321261202288 -0.19869321070055562
0.19868512018648937 0.19868512012391348
-0.19867702859809738 -0.19867702905547258
0.19866893873601565 0.1986689386734305
-0.19866084655260585 -0.19866084700997172
0.19865275609550587 0.19865275682245415
-0.19864466489612564 -0.19864466495870148
0.19863657384393174 0.1986365737813559
-0.19862848204945738 -0.1986284832962636
0.19862039198110515 0.19862039112903307
-0.19861230038091066 -0.19861230123298274
0.19860420892791986 0.1986042088652789
-0.1985961191007921 -0.19859611837402058
0.1985880262631245 0.19858802659519909
-0.19857993505137522 -0.19857993432461296
0.19857184319721155 0.19857184352929547
-0.1985637513901778 -0.198563752242101
0.19855566130868774 0.1985556608514243
-0.19854757048485883 -0.19854756936352053
0.19853947744005018 0.19853947698282393
-0.19853138602086068 -0.19853138647808694
0.19852329474842606 0.19852329468582236
-0.19851520273376355 -0.19851520279636725
0.19850711165506324 0.19850711159245954
-0.19849901983407886 -0.1984990202912772
0.19849092737065888 0.19849092770263127
-0.19848283574331477 -0.1984828362004945
0.19847474426261208 0.1984747453836994
-0.19846665361787352 -0.1984666521022287
0.19845856154147162 0.1984585610843756
-0.19845046872287792 -0.1984504683908962
0.19844237683990967 0.19844237756642097
-0.19843428579277445 -0.19843428427722254
0.19842619252500926 0.19842619404056117
-0.19841810088213563 -0.19841810094459061
0.19841000938558634 0.1984100097176238
-0.19840191714686223 -0.19840191799827417
0.19839382505446196 0.1983938249919977
-0.1983857330088158 -0.19838573307128005
0.19837764032052674 0.19837764065251773
-0.19836954767899145 -0.19836955010812246
0.19836145676143324 0.19836145591004906
-0.19835336431275152 -0.1983533631919986
0.19834527279915454 0.19834527194781676
-0.19833717975443382 -0.19833718021136276
0.1983290876447975 0.19832908718786857
-0.19832099479281762 -0.19832099524974656
0.19831290287586623 0.19831290202455626
-0.19830480942777173 -0.19830480988470994
0.19829671770343044 0.19829671724649223
-0.1982886260253025 -0.1982886256935344
0.19828053212732177 0.1982805324590899
-0.1982724398530038 -0.19827244030990493
0.1982643469361341 0.1982643480565343
-0.1982562548541834 -0.19825625452241535
0.1982481621296251 0.19824816206708634
-0.19824006866273974 -0.1982400687252785
0.19823197613045523 0.1982319764622047
-0.19822388364434557 -0.198223884495433
0.19821579051564647 0.19821579084736812
-0.19820769901016372 -0.19820769907270247
0.198199604496473 0.1981996056166877
-0.19819151239453792 -0.19819151285129072
0.19818341964979014 0.19818341958726993
-0.19817532695129092 -0.1981753262253645
0.19816723282155074 0.19816723315326312
-0.19815914031493354 -0.198159140377426
0.19815104795380178 0.19815104710291825
-0.1981429548505083 -0.19814295412464678
0.19813486110434608 0.19813486064767666
-0.1981267689810841 -0.19812676864941808
0.19811867463820793 0.19811867536403238
-0.19811058034163503 -0.19811058119240738
0.19810248855523815 0.1981024884927457
-0.1980943952383994 -0.1980943945126305
0.19808630206689692 0.1980863023985444
-0.1980782089414564 -0.19807820900392104
0.19807011596129653 0.1980701151106261
-0.1980620214507683 -0.19806202151325147
0.19805392787374504 0.19805392741717748
-0.19804583513080365 -0.1980458340110708
0.19803774016867387 0.19803774089434084
-0.19802964761690756 -0.19802964767935372
0.19802155363399182 0.19802155357154566
-0.19801346048517615 -0.19801346015358423
0.19800536669326857 0.19800536623680282
-0.1979972729473662 -0.19799727340383194
0.19798917934639226 0.1979891788899265
-0.1979810850033662 -0.19798108545983195
0.19797299159325166 0.1979729911367859
-0.19796489822899466 -0.19796489789749533
0.1979568042216448 0.19795680415917083
-0.19794871026015248 -0.1979487095346984
0.1979406164434767 0.19794061638102123
-0.19793252267260292 -0.1979325227350584
0.19792442825861756 0.19792442859009834
-0.19791633467828806 -0.19791633434680728
0.1979082404547916 0.19790823921060124
-0.19790014627707825 -0.19790014555172591
0.19789205145619793 0.19789205178765096
-0.19788395746888066 -0.19788395713742762
0.19787586362610265 0.19787586435143645
-0.19786776904129033 -0.19786776870982814
0.1978596746010174 0.19785967611406646
-0.19785158099412226 -0.1978515802687793
0.19784348595628026 0.19784348668162322
-0.19783539253948518 -0.19783539338948053
0.19782729847933855 0.1978272976293432
-0.19781920367723133 -0.19781920295196226
0.1978111090194416 0.19781110816948322
-0.19780301440728654 -0.1978030144696497
0.1977949199393937 0.197794918301877
-0.19778682551707988 -0.19778682557948002
0.19777873045143318 0.19777873117657285
-0.1977706362188868 -0.19777063667502914
0.19776254134295213 0.1977625412805612
-0.19775444651257806 -0.197754446574969
0.19774635182628153 0.19774635215762354
-0.19773825718549032 -0.1977382568541483
0.19773016111386338 0.19773016223263434
-0.19772206745002868 -0.1977220679060787
0.1977139723552474 0.1977139726865894
-0.197705877306027 -0.19770587776205856
0.19769778240062563 0.1976977827319492
-0.19768968754072996 -0.1976896876030747
0.1976815928245978 0.1976815919749349
-0.19767349815391627 -0.19767349742897972
0.1976654028396615 0.19766540277731676
-0.19765730678359467 -0.19765730763320222
0.19764921323298756 0.1976492127770022
-0.19764111657872452 -0.19764111782193583
0.19763302164271407 0.1976330219739177
-0.19762492675185905 -0.19762492484627747
0.197616831217579 0.19761683154881948
-0.19760873572845444 -0.19760873618436609
0.1976006411701724 0.1976006403206939
-0.19759254508270485 -0.1975925447515105
