5 2
4.291084861068573 2.6193300999211173
4.291084861068573 2.6193300999211173
4.469257592274935 2.5203986943962584
4.380171226671754 2.5698643971586876
4.380171226671754 2.5698643971586876
4.385511600361112 2.56543064365689
4.3828414135164335 2.567647520407789
4.3828414135164335 2.567647520407789
4.382833703777352 2.567630363697902
4.382833703777352 2.567630363697902
4.382841015450567 2.567647615044914
4.382841015450567 2.567647615044914
4.382834041670678 2.567630264890594
4.382834041670678 2.567630264890594
4.382840828715257 2.567647695244909
4.382840828715257 2.567647695244909
4.382833890306388 2.5676302986763586
4.382833890306388 2.5676302986763586
4.382841105033028 2.5676476109705066
4.382841105033028 2.5676476109705066
4.382833537327679 2.567630372689036
4.382833537327679 2.567630372689036
4.382841377887435 2.5676475202851927
4.382841377887435 2.5676475202851927
4.382833127115325 2.5676305080296284
4.382833127115325 2.5676305080296284
4.382841531193721 2.5676474671596687
4.382841531193721 2.5676474671596687
4.382833254725358 2.567630528391693
4.382833254725358 2.567630528391693
4.38284162728884 2.567647454297146
4.38284162728884 2.567647454297146
4.382833083825002 2.5676305124868057
4.382833083825002 2.5676305124868057
4.382841852804891 2.5676474303469523
4.382841852804891 2.5676474303469523
4.38283299645803 2.5676304897605853
4.38283299645803 2.5676304897605853
4.3828417414686855 2.5676474913604257
4.3828417414686855 2.5676474913604257
4.382833085471967 2.5676303707516914
4.382833085471967 2.5676303707516914
4.382841834278676 2.5676474892899965
4.382841834278676 2.5676474892899965
4.382832859093435 2.5676304668428553
4.382832859093435 2.5676304668428553
4.382841600728366 2.567647594973808
4.382841600728366 2.567647594973808
4.382833169409048 2.56763030749107
4.382833169409048 2.56763030749107
4.382841966089882 2.5676475477348335
4.382841966089882 2.5676475477348335
4.382832744838942 2.567630490896586
4.382832744838942 2.567630490896586
4.382842052785112 2.567647498116104
4.382842052785112 2.567647498116104
4.382832721252327 2.56763046332641
4.382832721252327 2.56763046332641
4.382841994946208 2.5676475204233946
4.382841994946208 2.5676475204233946
4.382832662184745 2.567630483884849
4.382832662184745 2.567630483884849
4.382842280277268 2.5676474437330894
4.382842280277268 2.5676474437330894
4.382832359008733 2.567630552072978
4.382832359008733 2.567630552072978
4.38284249154077 2.567647399265338
4.38284249154077 2.567647399265338
4.38283262402262 2.5676304646123955
4.38283262402262 2.5676304646123955
4.382842125355179 2.567647549877296
4.382842125355179 2.567647549877296
4.382832664320767 2.5676304334586426
4.382832664320767 2.5676304334586426
4.382842145135753 2.5676475903864753
4.382842145135753 2.5676475903864753
4.382832632341096 2.567630357773645
4.382832632341096 2.567630357773645
4.3828420176661265 2.567647630593926
4.3828420176661265 2.567647630593926
4.382832765500821 2.5676303785200263
4.382832765500821 2.5676303785200263
4.38284202998366 2.567647537416456
4.38284202998366 2.567647537416456
4.382832950923054 2.567630371927859
4.382832950923054 2.567630371927859
4.382841713811974 2.5676476390226957
4.382841713811974 2.5676476390226957
4.382833044882226 2.5676302388394894
4.382833044882226 2.5676302388394894
4.382841786601332 2.5676478462621475
4.382841786601332 2.5676478462621475
4.382833058859419 2.5676300965927257
4.382833058859419 2.5676300965927257
4.38284210510548 2.5676478395826945
4.38284210510548 2.5676478395826945
4.382832602566273 2.5676301258011787
4.382832602566273 2.5676301258011787
4.38284197691472 2.5676478672277208
4.38284197691472 2.5676478672277208
4.38283258571354 2.567630146680535
4.38283258571354 2.567630146680535
4.382842146002355 2.5676478479727516
4.382842146002355 2.5676478479727516
4.382832636983278 2.567630086343791
4.382832636983278 2.567630086343791
4.38284214856478 2.567647879629008
4.38284214856478 2.567647879629008
4.3828322787759095 2.5676301438130897
4.3828322787759095 2.5676301438130897
4.382842534543857 2.5676477895324803
4.382842534543857 2.5676477895324803
4.38283217856723 2.567630238863632
4.38283217856723 2.567630238863632
4.382842615029064 2.567647687320914
4.382842615029064 2.567647687320914
4.38283231234176 2.5676302737482075
4.38283231234176 2.5676302737482075
4.3828425581648975 2.56764760744804
4.3828425581648975 2.56764760744804
4.382832157644241 2.5676304206667218
4.382832157644241 2.5676304206667218
4.382842580896836 2.567647648333919
4.382842580896836 2.567647648333919
4.382832397862131 2.5676302751795177
4.382832397862131 2.5676302751795177
4.3828423136930805 2.5676477231157
4.3828423136930805 2.5676477231157
4.382832466182315 2.567630300798085
4.382832466182315 2.567630300798085
4.382842337103978 2.5676476741699155
4.382842337103978 2.5676476741699155
4.382832445242846 2.5676302603486345
4.382832445242846 2.5676302603486345
4.38284229534877 2.5676477946835425
4.38284229534877 2.5676477946835425
4.3828322742372885 2.567630192571386
4.3828322742372885 2.567630192571386
4.382842518361458 2.5676477334714747
4.382842518361458 2.5676477334714747
4.382832261575233 2.567630200838393
4.382832261575233 2.567630200838393
4.382842548776795 2.5676477463534897
4.382842548776795 2.5676477463534897
4.382832284408729 2.5676302402635396
4.382832284408729 2.5676302402635396
4.382842582465351 2.567647745656962
4.382842582465351 2.567647745656962
4.3828320549453865 2.567630237641126
4.3828320549453865 2.567630237641126
4.382842818775954 2.567647719774803
4.382842818775954 2.567647719774803
4.382831965571837 2.5676302913258904
4.382831965571837 2.5676302913258904
4.382842670378611 2.5676476500980776
4.382842670378611 2.5676476500980776
4.382832276262433 2.567630317993659
4.382832276262433 2.567630317993659
4.382842437604283 2.567647668049671
4.382842437604283 2.567647668049671
4.382832412962587 2.5676302487256066
4.382832412962587 2.5676302487256066
4.382842438714179 2.56764762557754
4.382842438714179 2.56764762557754
4.382832146867333 2.5676304084073474
4.382832146867333 2.5676304084073474
4.382843036441756 2.5676474890700693
4.382843036441756 2.5676474890700693
4.382831836441725 2.5676304287159804
4.382831836441725 2.5676304287159804
4.382842949350299 2.5676475268719887
4.382842949350299 2.5676475268719887
4.382832043782069 2.5676304181560643
4.382832043782069 2.5676304181560643
4.382842760932578 2.5676475559531298
4.382842760932578 2.5676475559531298
4.38283187361666 2.56763045535656
4.38283187361666 2.56763045535656
4.38284311436503 2.567647449555457
4.38284311436503 2.567647449555457
4.382831949231114 2.567630463410418
4.382831949231114 2.567630463410418
4.382843042459985 2.567647426683625
4.382843042459985 2.567647426683625
4.382831679583457 2.5676305865831828
4.382831679583457 2.5676305865831828
4.382843049982561 2.567647435724382
4.382843049982561 2.567647435724382
4.382831775367415 2.5676304771280516
4.382831775367415 2.5676304771280516
4.3828429335807 2.5676474319437843
4.3828429335807 2.5676474319437843
4.382831721274556 2.5676305978821063
4.382831721274556 2.5676305978821063
4.382842976173678 2.567647357999607
4.382842976173678 2.567647357999607
4.3828318186654345 2.567630622454742
4.3828318186654345 2.567630622454742
4.382843085751368 2.5676472534855055
4.382843085751368 2.5676472534855055
4.382831659678424 2.5676306152539614
4.382831659678424 2.5676306152539614
4.382843204517091 2.5676473732599625
4.382843204517091 2.5676473732599625
4.382831570970717 2.567630574276139
4.382831570970717 2.567630574276139
4.382843108148658 2.5676474007597236
4.382843108148658 2.5676474007597236
4.382831677812639 2.567630611015567
4.382831677812639 2.567630611015567
4.382842968746534 2.5676473944921656
4.382842968746534 2.5676473944921656
4.382831781411738 2.5676306048024067
4.382831781411738 2.5676306048024067
4.382843078908122 2.5676473036830036
4.382843078908122 2.5676473036830036
4.382831780524148 2.5676306599497325
4.382831780524148 2.5676306599497325
4.382843153027112 2.5676472962765646
4.382843153027112 2.5676472962765646
4.38283154569765 2.5676307163630914
4.38283154569765 2.5676307163630914
4.382843176437213 2.5676472415122773
4.382843176437213 2.5676472415122773
4.3828315521455 2.5676307545974892
4.3828315521455 2.5676307545974892
4.382843288920966 2.5676472182037977
4.382843288920966 2.5676472182037977
4.382831439348072 2.5676307778916536
4.382831439348072 2.5676307778916536
4.382843482965282 2.567647113871994
4.382843482965282 2.567647113871994
4.3828314740234084 2.5676309108860904
4.3828314740234084 2.5676309108860904
4.3828432556938814 2.567647125600209
4.3828432556938814 2.567647125600209
4.382831467587677 2.567630790447543
4.382831467587677 2.567630790447543
4.382843402571743 2.567647165812754
4.382843402571743 2.567647165812754
4.3828312623334655 2.5676308457136345
4.3828312623334655 2.5676308457136345
4.382843454023767 2.567647129343222
4.382843454023767 2.567647129343222
4.382831298628593 2.5676308040543283
4.382831298628593 2.5676308040543283
4.382843323691059 2.567647092191262
4.382843323691059 2.567647092191262
4.382831375106892 2.5676309219548905
4.382831375106892 2.5676309219548905
4.382843365296542 2.5676470669449456
4.382843365296542 2.5676470669449456
4.38283154314847 2.5676308329921254
4.38283154314847 2.5676308329921254
4.382843370036074 2.567647091608959
4.382843370036074 2.567647091608959
4.382831391607133 2.567630809214064
4.382831391607133 2.567630809214064
4.382843417381978 2.567647146938649
4.382843417381978 2.567647146938649
4.3828315158705955 2.56763076679045
4.3828315158705955 2.56763076679045
4.382843547755898 2.567647156370362
4.382843547755898 2.567647156370362
4.382831041159836 2.5676308060914392
4.382831041159836 2.5676308060914392
4.3828438160265115 2.5676471003972496
4.3828438160265115 2.5676471003972496
4.382830594245595 2.567630974635592
4.382830594245595 2.567630974635592
4.382844206978203 2.56764701516074
4.382844206978203 2.56764701516074
4.38283058111801 2.5676309992218225
4.38283058111801 2.5676309992218225
4.38284428093582 2.567646992907009
4.38284428093582 2.567646992907009
4.382830389379003 2.5676310158181086
4.382830389379003 2.5676310158181086
4.382844291251165 2.5676469868547915
4.382844291251165 2.5676469868547915
4.3828306388717415 2.5676309391743506
4.3828306388717415 2.5676309391743506
4.3828441967224485 2.5676470416374744
4.3828441967224485 2.5676470416374744
4.382830604851241 2.5676309172894474
4.382830604851241 2.5676309172894474
4.382844170834919 2.5676469389528385
4.382844170834919 2.5676469389528385
4.3828305817807935 2.567630979156472
4.3828305817807935 2.567630979156472
4.382844216308323 2.5676470287176194
4.382844216308323 2.5676470287176194
4.382830774129502 2.567630900448954
4.382830774129502 2.567630900448954
4.382843858731001 2.567647149834906
4.382843858731001 2.567647149834906
4.3828309324375425 2.5676308465545676
4.3828309324375425 2.5676308465545676
4.382844051381371 2.5676470285157347
4.382844051381371 2.5676470285157347
4.382830858210682 2.567630868109671
4.382830858210682 2.567630868109671
4.382843834903183 2.5676471843082824
4.382843834903183 2.5676471843082824
4.382830960029107 2.5676307943378154
4.382830960029107 2.5676307943378154
4.3828436133820965 2.5676472650665634
4.3828436133820965 2.5676472650665634
4.3828313044285325 2.567630615742152
4.3828313044285325 2.567630615742152
4.382843702980237 2.5676473063175105
4.382843702980237 2.5676473063175105
4.382830869439001 2.5676307089920236
4.382830869439001 2.5676307089920236
4.382843590938305 2.567647399161301
4.382843590938305 2.567647399161301
4.382831301267355 2.567630482111522
4.382831301267355 2.567630482111522
4.382843573420359 2.5676474730100547
4.382843573420359 2.5676474730100547
4.382831063099547 2.5676305254608645
4.382831063099547 2.5676305254608645
4.382844146548672 2.567647345628985
4.382844146548672 2.567647345628985
4.382830513086373 2.5676306845407963
4.382830513086373 2.5676306845407963
4.3828443169494475 2.567647317153425
4.3828443169494475 2.567647317153425
4.382830585818252 2.5676306155935285
4.382830585818252 2.5676306155935285
4.382844165298789 2.567647442052988
4.382844165298789 2.567647442052988
4.382830625856138 2.567630555403581
4.382830625856138 2.567630555403581
4.382844026766802 2.567647418406161
4.382844026766802 2.567647418406161
4.382830849482142 2.567630516786054
4.382830849482142 2.567630516786054
4.3828439618449515 2.567647437677753
4.3828439618449515 2.567647437677753
4.382831050693383 2.5676304371407044
4.382831050693383 2.5676304371407044
4.382843777046841 2.567647487722172
4.382843777046841 2.567647487722172
4.382830863455486 2.567630492892907
4.382830863455486 2.567630492892907
4.382843729805339 2.567647566248489
4.382843729805339 2.567647566248489
4.382831216754425 2.5676304290715497
4.382831216754425 2.5676304290715497
4.382843425598139 2.5676475790229256
4.382843425598139 2.5676475790229256
4.382831133407545 2.5676303527808155
4.382831133407545 2.5676303527808155
4.382843390820106 2.5676477071476325
4.382843390820106 2.5676477071476325
4.3828314147285345 2.5676302246290916
4.3828314147285345 2.5676302246290916
4.3828432457591 2.56764780093218
4.3828432457591 2.56764780093218
4.382831746594621 2.5676301749429014
4.382831746594621 2.5676301749429014
4.382843235046761 2.5676476777489983
4.382843235046761 2.5676476777489983
4.382831539933547 2.5676302699288485
4.382831539933547 2.5676302699288485
4.38284325290455 2.5676476542116236
4.38284325290455 2.5676476542116236
4.382831470239325 2.5676303442111816
4.382831470239325 2.5676303442111816
4.382842967272517 2.5676476983083165
4.382842967272517 2.5676476983083165
4.382831812720989 2.5676302343738344
4.382831812720989 2.5676302343738344
4.382843122164456 2.567647640093567
4.382843122164456 2.567647640093567
4.382831610063619 2.5676303270476426
4.382831610063619 2.5676303270476426
4.3828432004047 2.5676476311405887
4.3828432004047 2.5676476311405887
4.382831408856759 2.5676304179115617
4.382831408856759 2.5676304179115617
4.382843601511381 2.567647504006997
4.382843601511381 2.567647504006997
4.382831483548118 2.567630440743579
4.382831483548118 2.567630440743579
4.382843305406358 2.5676474995661116
4.382843305406358 2.5676474995661116
4.382831217358421 2.5676305488848086
4.382831217358421 2.5676305488848086
4.38284376203753 2.5676473755386198
4.38284376203753 2.5676473755386198
4.382831079011837 2.5676305555349317
4.382831079011837 2.5676305555349317
4.382843821309642 2.567647319949688
4.382843821309642 2.567647319949688
4.382830957112058 2.5676306103629782
4.382830957112058 2.5676306103629782
4.382843844021795 2.567647379447204
4.382843844021795 2.567647379447204
4.382831061516029 2.5676305517866007
4.382831061516029 2.5676305517866007
4.382843654636561 2.567647422250069
4.382843654636561 2.567647422250069
4.382830966202201 2.5676305272829225
4.382830966202201 2.5676305272829225
4.3828434814448745 2.567647498286953
4.3828434814448745 2.567647498286953
4.382831282787259 2.5676304992399492
4.382831282787259 2.5676304992399492
4.382843494399453 2.5676475399343652
4.382843494399453 2.5676475399343652
4.382831483337115 2.5676303720227374
4.382831483337115 2.5676303720227374
4.382843319245706 2.5676476175264686
4.382843319245706 2.5676476175264686
4.382831582651179 2.5676302451228867
4.382831582651179 2.5676302451228867
4.3828430905402 2.5676478305443653
4.3828430905402 2.5676478305443653
4.382831737418299 2.567630079110879
4.382831737418299 2.567630079110879
4.38284311275465 2.567647874379146
4.38284311275465 2.567647874379146
4.382832046959097 2.5676300689442697
4.382832046959097 2.5676300689442697
4.382842816933324 2.567647838720679
4.382842816933324 2.567647838720679
4.382831897211567 2.5676300964914116
4.382831897211567 2.5676300964914116
4.382842887318647 2.567647858945389
4.382842887318647 2.567647858945389
4.382832012304778 2.567630127245017
4.382832012304778 2.567630127245017
4.382842933167611 2.56764781215291
4.382842933167611 2.56764781215291
4.382831914699925 2.567630117685379
4.382831914699925 2.567630117685379
4.382842525428578 2.567647975747061
4.382842525428578 2.567647975747061
4.382832318909285 2.567629967807175
4.382832318909285 2.567629967807175
4.382842466517676 2.567647985740428
4.382842466517676 2.567647985740428
4.382832163582531 2.5676300114760715
4.382832163582531 2.5676300114760715
4.382842489844998 2.5676480283699625
4.382842489844998 2.5676480283699625
4.382832307897363 2.567630019049926
4.382832307897363 2.567630019049926
4.38284247881382 2.5676479347101386
4.38284247881382 2.5676479347101386
4.382832101974453 2.5676300878541767
4.382832101974453 2.5676300878541767
4.382842636064151 2.5676479703356927
4.382842636064151 2.5676479703356927
4.382832159479692 2.567629998590108
4.382832159479692 2.567629998590108
4.382842702119755 2.5676479230133746
4.382842702119755 2.5676479230133746
4.382832139748885 2.567630034694855
4.382832139748885 2.567630034694855
4.382842441547714 2.567648023117414
4.382842441547714 2.567648023117414
4.382832398954647 2.5676299473466506
4.382832398954647 2.5676299473466506
4.3828423959035145 2.5676479779803887
4.3828423959035145 2.5676479779803887
4.382832293136313 2.5676299651610193
4.382832293136313 2.5676299651610193
4.382842353308248 2.5676480108085604
4.382842353308248 2.5676480108085604
4.382832363149804 2.567629991849126
4.382832363149804 2.567629991849126
4.382842356457132 2.567647965217782
4.382842356457132 2.567647965217782
4.382832506905912 2.5676299878993314
4.382832506905912 2.5676299878993314
4.382842640067513 2.5676478625002392
4.382842640067513 2.5676478625002392
4.382832418423347 2.5676300278590456
4.382832418423347 2.5676300278590456
4.382842599641028 2.5676478936465807
4.382842599641028 2.5676478936465807
4.382832172763459 2.5676300683958315
4.382832172763459 2.5676300683958315
4.382842625540303 2.56764784225446
4.382842625540303 2.56764784225446
4.382832184812661 2.5676301611599057
4.382832184812661 2.5676301611599057
4.382842538469516 2.567647782566149
4.382842538469516 2.567647782566149
4.3828322620722835 2.567630249717827
4.3828322620722835 2.567630249717827
4.3828425332389935 2.567647754094105
4.3828425332389935 2.567647754094105
4.382832254712186 2.567630242691167
4.382832254712186 2.567630242691167
4.382842740351658 2.5676476600683156
4.382842740351658 2.5676476600683156
4.382832180613231 2.5676302381828644
4.382832180613231 2.5676302381828644
4.38284255340218 2.5676477543458316
4.38284255340218 2.5676477543458316
4.382832320766832 2.5676302458902036
4.382832320766832 2.5676302458902036
4.382842285004338 2.5676478175463378
4.382842285004338 2.5676478175463378
4.382832517664674 2.5676302013867063
4.382832517664674 2.5676302013867063
4.382842195931786 2.567647783431995
4.382842195931786 2.567647783431995
4.382832589475064 2.567630213345985
4.382832589475064 2.567630213345985
4.382842330373337 2.5676477320230737
4.382842330373337 2.5676477320230737
4.382832232294121 2.567630295749563
4.382832232294121 2.567630295749563
4.382842218271029 2.5676477808495415
4.382842218271029 2.5676477808495415
4.382832567585108 2.5676302161832663
4.382832567585108 2.5676302161832663
4.382842145237622 2.567647768999638
4.382842145237622 2.567647768999638
4.382832784831513 2.567630179344713
4.382832784831513 2.567630179344713
4.382842073208541 2.5676477563626388
4.382842073208541 2.5676477563626388
4.382832632281123 2.567630222190053
4.382832632281123 2.567630222190053
4.382842100655659 2.5676477714343253
4.382842100655659 2.5676477714343253
4.382832672362613 2.5676302018909163
4.382832672362613 2.5676302018909163
4.382842109760458 2.5676476905787977
4.382842109760458 2.5676476905787977
4.382832459562676 2.5676303098091053
4.382832459562676 2.5676303098091053
4.382842478600624 2.567647644323995
4.382842478600624 2.567647644323995
4.382832223036299 2.56763034893149
4.382832223036299 2.56763034893149
4.382842581046356 2.567647625828157
4.382842581046356 2.567647625828157
4.382832123306025 2.567630353401828
4.382832123306025 2.567630353401828
4.382842390101673 2.567647656937632
4.382842390101673 2.567647656937632
4.3828321909682995 2.5676303914886343
4.3828321909682995 2.5676303914886343
4.382842889853304 2.5676474996670464
4.382842889853304 2.5676474996670464
4.3828318288768555 2.567630419628831
4.3828318288768555 2.567630419628831
4.382843035373748 2.5676474737295956
4.382843035373748 2.5676474737295956
4.382831817822509 2.567630520740458
4.382831817822509 2.567630520740458
4.38284274883236 2.5676474531760074
4.38284274883236 2.5676474531760074
4.382832107327741 2.5676305255956517
4.382832107327741 2.5676305255956517
4.382842465361029 2.5676474329871404
4.382842465361029 2.5676474329871404
4.382832367414414 2.567630464478839
4.382832367414414 2.567630464478839
4.382841959519554 2.5676476925949996
4.382841959519554 2.5676476925949996
4.382832746087356 2.5676302857305466
4.382832746087356 2.5676302857305466
4.382841965187717 2.5676477108092057
4.382841965187717 2.5676477108092057
4.3828327438400905 2.567630254822921
4.3828327438400905 2.567630254822921
4.382842131267657 2.567647777564504
4.382842131267657 2.567647777564504
4.382832446420139 2.5676302713799286
4.382832446420139 2.5676302713799286
4.382842429278513 2.567647672877104
4.382842429278513 2.567647672877104
4.382832254743511 2.567630300065825
4.382832254743511 2.567630300065825
4.382842753454034 2.5676476369116177
4.382842753454034 2.5676476369116177
4.382832176097144 2.5676303109412633
4.382832176097144 2.5676303109412633
4.382842645320095 2.5676475728472794
4.382842645320095 2.5676475728472794
4.382832408086544 2.567630305581042
4.382832408086544 2.567630305581042
4.382842315828164 2.5676476390775638
4.382842315828164 2.5676476390775638
4.382832625932837 2.5676302565767974
4.382832625932837 2.5676302565767974
4.382842175222523 2.5676477200002528
4.382842175222523 2.5676477200002528
4.3828326842945415 2.5676302460249314
4.3828326842945415 2.5676302460249314
4.382841981291061 2.5676477519723693
4.382841981291061 2.5676477519723693
4.382832873622803 2.567630153486598
4.382832873622803 2.567630153486598
4.382841899301292 2.5676477765481502
4.382841899301292 2.5676477765481502
4.382832726230859 2.5676301711856766
4.382832726230859 2.5676301711856766
4.382841863784324 2.5676478584396483
4.382841863784324 2.5676478584396483
4.382833000013594 2.5676300961032354
4.382833000013594 2.5676300961032354
4.382841637972523 2.5676478554543922
4.382841637972523 2.5676478554543922
4.382832934337208 2.5676301225536795
4.382832934337208 2.5676301225536795
4.382842062116894 2.567647789594927
4.382842062116894 2.567647789594927
4.3828326457898195 2.567630176718008
4.3828326457898195 2.567630176718008
4.382842297997963 2.5676477639113693
4.382842297997963 2.5676477639113693
4.382832526942196 2.5676301711852023
4.382832526942196 2.5676301711852023
4.382841967723031 2.5676478171678903
4.382841967723031 2.5676478171678903
4.382832736742772 2.5676301613262553
4.382832736742772 2.5676301613262553
4.382842140199589 2.5676477839737926
4.382842140199589 2.5676477839737926
4.3828325658002205 2.5676301825051207
4.3828325658002205 2.5676301825051207
4.38284237721982 2.5676477581351214
4.38284237721982 2.5676477581351214
4.382832638460899 2.567630194901961
4.382832638460899 2.567630194901961
4.38284188163049 2.567647778020197
4.38284188163049 2.567647778020197
4.382832967630865 2.5676301524043006
4.382832967630865 2.5676301524043006
4.3828416120635225 2.5676478411349706
4.3828416120635225 2.5676478411349706
4.382833104454048 2.5676301618769197
4.382833104454048 2.5676301618769197
4.382841669302131 2.567647777925129
4.382841669302131 2.567647777925129
4.382832896436552 2.567630235957868
4.382832896436552 2.567630235957868
4.382841905600628 2.567647740074315
4.382841905600628 2.567647740074315
4.3828326898759435 2.567630319055078
4.3828326898759435 2.567630319055078
4.382842306412209 2.56764756997348
4.382842306412209 2.56764756997348
4.382832211702316 2.5676304806805605
4.382832211702316 2.5676304806805605
4.382842742861469 2.5676474935305094
4.382842742861469 2.5676474935305094
4.382831965934683 2.567630471889452
4.382831965934683 2.567630471889452
4.382842769572667 2.567647519777656
4.382842769572667 2.567647519777656
4.382832057045193 2.5676304846993014
4.382832057045193 2.5676304846993014
4.382842867966767 2.5676474221231302
4.382842867966767 2.5676474221231302
4.3828319266555384 2.5676305581892063
4.3828319266555384 2.5676305581892063
4.382842864711675 2.567647368270923
4.382842864711675 2.567647368270923
4.382831951472231 2.5676306155067636
4.382831951472231 2.5676306155067636
4.382842763139335 2.567647372164917
4.382842763139335 2.567647372164917
4.382831880898816 2.5676307019752356
4.382831880898816 2.5676307019752356
4.3828431013095255 2.567647204959904
4.3828431013095255 2.567647204959904
4.3828317983817735 2.567630741850539
4.3828317983817735 2.567630741850539
4.3828430819864685 2.5676472776930863
4.3828430819864685 2.5676472776930863
4.382831379374292 2.5676308009112243
4.382831379374292 2.5676308009112243
4.382843416288986 2.5676471077492264
4.382843416288986 2.5676471077492264
4.382831165019522 2.5676308897607085
4.382831165019522 2.5676308897607085
4.382843765778183 2.567647067015176
4.382843765778183 2.567647067015176
4.382830945018489 2.5676308977219784
4.382830945018489 2.5676308977219784
4.38284394708366 2.567647087884191
4.38284394708366 2.567647087884191
4.382830823485579 2.5676308780764967
4.382830823485579 2.5676308780764967
4.3828440225294045 2.567647065612307
4.3828440225294045 2.567647065612307
4.38283066665739 2.5676308683260474
4.38283066665739 2.5676308683260474
4.3828439587000485 2.5676471115618478
4.3828439587000485 2.5676471115618478
4.382830630535025 2.5676309695468036
4.382830630535025 2.5676309695468036
4.3828440340802945 2.5676470888637626
4.3828440340802945 2.5676470888637626
4.382830629209005 2.567630938982862
4.382830629209005 2.567630938982862
4.382844102095871 2.5676469811344593
4.382844102095871 2.5676469811344593
4.382830754576223 2.5676309983536956
4.382830754576223 2.5676309983536956
4.382843993506778 2.5676469706379392
4.382843993506778 2.5676469706379392
4.382830819690565 2.5676310543909255
4.382830819690565 2.5676310543909255
4.382843929064416 2.5676469144780456
4.382843929064416 2.5676469144780456
4.382830864033224 2.5676310810775265
4.382830864033224 2.5676310810775265
4.382844045417437 2.5676469486967886
4.382844045417437 2.5676469486967886
4.382830684571553 2.567631062028597
4.382830684571553 2.567631062028597
4.38284443745072 2.5676468296089205
4.38284443745072 2.5676468296089205
4.382830351672596 2.5676311850022215
4.382830351672596 2.5676311850022215
4.382844452167791 2.567646804294638
4.382844452167791 2.567646804294638
4.382830614063818 2.5676310361907193
4.382830614063818 2.5676310361907193
4.382844154743239 2.5676468576772664
4.382844154743239 2.5676468576772664
4.382830602444126 2.5676311630056166
4.382830602444126 2.5676311630056166
4.382844056464288 2.5676468107651598
4.382844056464288 2.5676468107651598
4.382830907233508 2.567631089591105
4.382830907233508 2.567631089591105
4.382843962367824 2.5676468660679728
4.382843962367824 2.5676468660679728
4.3828311981084 2.5676310695262705
4.3828311981084 2.5676310695262705
4.382843923045364 2.5676468230944276
4.382843923045364 2.5676468230944276
4.382830748890941 2.5676311850822673
4.382830748890941 2.5676311850822673
4.382844442260887 2.5676466363072046
4.382844442260887 2.5676466363072046
4.382830327523713 2.5676313312123966
4.382830327523713 2.5676313312123966
4.382844557648161 2.5676466890781846
4.382844557648161 2.5676466890781846
4.382830386647245 2.5676312707787257
4.382830386647245 2.5676312707787257
4.382844251761297 2.5676466740444166
4.382844251761297 2.5676466740444166
4.382830579718255 2.5676312772780623
4.382830579718255 2.5676312772780623
4.382844260366741 2.567646668292954
4.382844260366741 2.567646668292954
4.382830405936486 2.5676313765061374
4.382830405936486 2.5676313765061374
4.382844345644327 2.567646589800727
4.382844345644327 2.567646589800727
4.38283053710381 2.5676313977923857
4.38283053710381 2.5676313977923857
4.382844367531853 2.567646514622086
4.382844367531853 2.567646514622086
4.382830262822672 2.567631436732673
4.382830262822672 2.567631436732673
4.382844511221919 2.5676465450185058
4.382844511221919 2.5676465450185058
4.382830309039162 2.5676314760450984
4.382830309039162 2.5676314760450984
4.382844529112716 2.567646471341541
4.382844529112716 2.567646471341541
4.382830308501621 2.567631442653949
4.382830308501621 2.567631442653949
4.382844619496588 2.567646496123356
4.382844619496588 2.567646496123356
4.382830204772111 2.567631476056345
4.382830204772111 2.567631476056345
4.38284450845318 2.5676465203612686
4.38284450845318 2.5676465203612686
4.3828302490832245 2.5676315158487775
4.3828302490832245 2.5676315158487775
4.382844403822626 2.567646496394606
4.382844403822626 2.567646496394606
4.382830310983071 2.5676314667208398
4.382830310983071 2.5676314667208398
4.382844562061668 2.567646438918786
4.382844562061668 2.567646438918786
4.382830222302579 2.567631594501924
4.382830222302579 2.567631594501924
4.38284459030841 2.567646355052024
4.38284459030841 2.567646355052024
4.382830266541753 2.5676316052040873
4.382830266541753 2.5676316052040873
4.382844629435763 2.567646327700717
4.382844629435763 2.567646327700717
4.382829879581088 2.5676317188570876
4.382829879581088 2.5676317188570876
4.382844887786265 2.567646285366157
4.382844887786265 2.567646285366157
4.3828298443724245 2.5676317446032733
4.3828298443724245 2.5676317446032733
4.382844958358295 2.5676462004453975
4.382844958358295 2.5676462004453975
4.382829936122977 2.567631698449752
4.382829936122977 2.567631698449752
4.382844963408648 2.5676462599697865
4.382844963408648 2.5676462599697865
4.382829684060899 2.5676317597857743
4.382829684060899 2.5676317597857743
4.382845096650146 2.567646183715942
4.382845096650146 2.567646183715942
4.382829643210135 2.5676317616963655
4.382829643210135 2.5676317616963655
4.382845014853075 2.5676461653556957
4.382845014853075 2.5676461653556957
4.38282998899531 2.5676317255201453
4.38282998899531 2.5676317255201453
4.382844766116819 2.567646237202515
4.382844766116819 2.567646237202515
4.382829912316134 2.56763174184628
4.382829912316134 2.56763174184628
4.382844828697186 2.5676461106289254
4.382844828697186 2.5676461106289254
4.382829815178313 2.5676319282839914
4.382829815178313 2.5676319282839914
4.3828449545457575 2.567646057482575
4.3828449545457575 2.567646057482575
4.3828298125954115 2.5676319128674017
4.3828298125954115 2.5676319128674017
4.38284482092336 2.5676461179778567
4.38284482092336 2.5676461179778567
4.382829959973821 2.5676318100489843
4.382829959973821 2.5676318100489843
4.382844833103385 2.567646219479748
4.382844833103385 2.567646219479748
4.38282994187705 2.5676317284635877
4.38282994187705 2.5676317284635877
4.382844950191653 2.5676462058990275
4.382844950191653 2.5676462058990275
4.382830138733501 2.5676316955073215
4.382830138733501 2.5676316955073215
4.382844653474989 2.5676462534595488
4.382844653474989 2.5676462534595488
4.382830032450634 2.5676317037799725
4.382830032450634 2.5676317037799725
4.3828447910205455 2.5676463312688007
4.3828447910205455 2.5676463312688007
4.382830254885866 2.567631543991489
4.382830254885866 2.567631543991489
4.382844582047537 2.5676464040159224
4.382844582047537 2.5676464040159224
4.38283009934467 2.567631599793966
4.38283009934467 2.567631599793966
4.382844372225467 2.567646475487858
4.382844372225467 2.567646475487858
4.38283033708051 2.5676315067834308
4.38283033708051 2.5676315067834308
4.382844500944546 2.567646469616017
4.382844500944546 2.567646469616017
4.382830274841839 2.5676314783619723
4.382830274841839 2.5676314783619723
4.382844522551087 2.567646559879799
4.382844522551087 2.567646559879799
4.382830368180739 2.5676313771988397
4.382830368180739 2.5676313771988397
4.3828443451227574 2.5676466186319824
4.3828443451227574 2.5676466186319824
4.382830447801857 2.5676313767925367
4.382830447801857 2.5676313767925367
4.382844444823211 2.5676466048077415
4.382844444823211 2.5676466048077415
4.382830240539466 2.5676313505637878
4.382830240539466 2.5676313505637878
4.382844618937462 2.567646642828606
4.382844618937462 2.567646642828606
4.382830092482302 2.567631320714866
4.382830092482302 2.567631320714866
4.382844838543422 2.5676466180367266
4.382844838543422 2.5676466180367266
4.3828296870946115 2.567631411550914
4.3828296870946115 2.567631411550914
4.3828453317950045 2.567646537236584
4.3828453317950045 2.567646537236584
4.382829534478442 2.5676313997348394
4.382829534478442 2.5676313997348394
4.382845335245345 2.5676465533010466
4.382845335245345 2.5676465533010466
4.382829371938922 2.567631430757502
4.382829371938922 2.567631430757502
4.382845530188293 2.5676464811024626
4.382845530188293 2.5676464811024626
4.382829238647981 2.567631488197688
4.382829238647981 2.567631488197688
4.382845898174077 2.567646364034193
4.382845898174077 2.567646364034193
4.382828932165765 2.5676316548156572
4.382828932165765 2.5676316548156572
4.382845951364112 2.5676463917342507
4.382845951364112 2.5676463917342507
4.382828820850514 2.5676315551890823
4.382828820850514 2.5676315551890823
4.382845983814956 2.5676464351126187
4.382845983814956 2.5676464351126187
4.382828733292553 2.5676315907028426
4.382828733292553 2.5676315907028426
4.382846255430451 2.5676463312835756
4.382846255430451 2.5676463312835756
4.382828357720329 2.5676315864075905
4.382828357720329 2.5676315864075905
4.382846472511295 2.567646365287706
4.382846472511295 2.567646365287706
4.3828283844077 2.567631615801124
4.3828283844077 2.567631615801124
4.382846396551749 2.567646413435323
4.382846396551749 2.567646413435323
4.382828498265136 2.5676315681950945
4.382828498265136 2.5676315681950945
4.38284616884606 2.567646378989605
4.38284616884606 2.567646378989605
4.38282830293539 2.5676316657243716
4.38282830293539 2.5676316657243716
4.38284637748804 2.5676462917191407
4.38284637748804 2.5676462917191407
4.382828415062947 2.56763166781126
4.382828415062947 2.56763166781126
4.3828466536771 2.567646201473957
4.3828466536771 2.567646201473957
4.382828117482881 2.5676317456102584
4.382828117482881 2.5676317456102584
4.382846647248715 2.5676462469283337
4.382846647248715 2.5676462469283337
4.38282811834542 2.5676317254450787
4.38282811834542 2.5676317254450787
4.38284638241655 2.5676463881893126
4.38284638241655 2.5676463881893126
4.382828224832837 2.5676316137736626
4.382828224832837 2.5676316137736626
4.382846687236802 2.567646335240979
4.382846687236802 2.567646335240979
4.382828053676374 2.5676316749141592
4.382828053676374 2.5676316749141592
4.382846718480609 2.5676462921919327
4.382846718480609 2.5676462921919327
4.382828154688196 2.5676316768134506
4.382828154688196 2.5676316768134506
4.382846476210284 2.5676463577773494
4.382846476210284 2.5676463577773494
4.382828340950881 2.5676316242078845
4.382828340950881 2.5676316242078845
4.382846320709174 2.5676464350187316
4.382846320709174 2.5676464350187316
4.3828283971330375 2.567631501935037
4.3828283971330375 2.567631501935037
4.382846390114725 2.5676464144917266
4.382846390114725 2.5676464144917266
4.38282846766526 2.5676315664524725
4.38282846766526 2.5676315664524725
4.382846305545659 2.5676463998189876
4.382846305545659 2.5676463998189876
4.382828467098632 2.567631546636017
4.382828467098632 2.567631546636017
4.382845993682176 2.5676464850885865
4.382845993682176 2.5676464850885865
4.382828922781472 2.56763148035917
4.382828922781472 2.56763148035917
4.382845922952396 2.5676464236222976
4.382845922952396 2.5676464236222976
4.382828697304986 2.5676316161763926
4.382828697304986 2.5676316161763926
4.382846135175102 2.5676463352104615
4.382846135175102 2.5676463352104615
4.382828618434026 2.5676316840811504
4.382828618434026 2.5676316840811504
4.3828462178437535 2.5676462440612053
4.3828462178437535 2.5676462440612053
4.382828651380494 2.567631746541976
4.382828651380494 2.567631746541976
4.382846070460668 2.567646210175483
4.382846070460668 2.567646210175483
4.3828284957252155 2.5676317569612492
4.3828284957252155 2.5676317569612492
4.382846271383774 2.5676461739044014
4.382846271383774 2.5676461739044014
4.382828493730783 2.5676317978683136
4.382828493730783 2.5676317978683136
4.382846342409865 2.567646130454236
4.382846342409865 2.567646130454236
4.382828531301133 2.567631837075537
4.382828531301133 2.567631837075537
4.382846223553365 2.5676461428174298
4.382846223553365 2.5676461428174298
4.382828268280546 2.5676318516267833
4.382828268280546 2.5676318516267833
4.382846595557941 2.5676461237079495
4.382846595557941 2.5676461237079495
4.382828253148746 2.567631882586415
4.382828253148746 2.567631882586415
4.382846486859052 2.567645999414063
4.382846486859052 2.567645999414063
4.382828347086997 2.567631909265612
4.382828347086997 2.567631909265612
4.382846403306805 2.5676459863967196
4.382846403306805 2.5676459863967196
4.382828363029807 2.567631985936009
4.382828363029807 2.567631985936009
4.382846522118235 2.567645890681652
4.382846522118235 2.567645890681652
4.382828443411602 2.567631954447587
4.382828443411602 2.567631954447587
4.3828465859969565 2.5676459791325317
4.3828465859969565 2.5676459791325317
4.382828144862872 2.567632080280691
4.382828144862872 2.567632080280691
4.382846978818165 2.5676458357007146
4.382846978818165 2.5676458357007146
4.382827999423655 2.567632065564502
4.382827999423655 2.567632065564502
4.382846863011425 2.5676459106270166
4.382846863011425 2.5676459106270166
4.382828028336501 2.5676320909350463
4.382828028336501 2.5676320909350463
4.382846694659525 2.5676458661173793
4.382846694659525 2.5676458661173793
4.382828020401066 2.567632227409354
4.382828020401066 2.567632227409354
4.3828467842368575 2.567645612963494
4.3828467842368575 2.567645612963494
4.382828185943258 2.5676323323658417
4.382828185943258 2.5676323323658417
4.382846577913273 2.5676456620352335
4.382846577913273 2.5676456620352335
4.382828204111606 2.5676323650409087
4.382828204111606 2.5676323650409087
4.382846654840178 2.567645611085374
4.382846654840178 2.567645611085374
4.3828278404820615 2.567632454310118
4.3828278404820615 2.567632454310118
4.38284698671633 2.5676454769839236
4.38284698671633 2.5676454769839236
4.382827845566525 2.5676325824065334
4.382827845566525 2.5676325824065334
4.382846938808375 2.5676454648601537
4.382846938808375 2.5676454648601537
4.382827826485512 2.5676325089665566
4.382827826485512 2.5676325089665566
4.38284695783584 2.5676454291586897
4.38284695783584 2.5676454291586897
4.382828041885506 2.567632538478651
4.382828041885506 2.567632538478651
4.382846861818141 2.5676454503968253
4.382846861818141 2.5676454503968253
4.38282796879015 2.5676324581986107
4.38282796879015 2.5676324581986107
4.38284685911703 2.5676454731713445
4.38284685911703 2.5676454731713445
4.382827903256765 2.567632501037497
4.382827903256765 2.567632501037497
4.382846857922356 2.567645475322964
4.382846857922356 2.567645475322964
4.382828156200449 2.567632440732726
4.382828156200449 2.567632440732726
4.382846614991048 2.5676455285210844
4.382846614991048 2.5676455285210844
4.382828173433429 2.5676324722014106
4.382828173433429 2.5676324722014106
4.382846593785957 2.5676454795034482
4.382846593785957 2.5676454795034482
4.382828120528286 2.567632507007271
4.382828120528286 2.567632507007271
4.382846799175645 2.5676453858903634
4.382846799175645 2.5676453858903634
4.3828278504604565 2.567632665711472
4.3828278504604565 2.567632665711472
4.382846993345539 2.5676453419299805
4.382846993345539 2.5676453419299805
4.382827733381067 2.567632592552044
4.382827733381067 2.567632592552044
4.382847219764831 2.5676453850145604
4.382847219764831 2.5676453850145604
4.38282750000497 2.567632552673762
4.38282750000497 2.567632552673762
4.382847295676194 2.567645309920039
4.382847295676194 2.567645309920039
4.382827518887531 2.5676326522362785
4.382827518887531 2.5676326522362785
4.382847325632301 2.5676453788872267
4.382847325632301 2.5676453788872267
4.3828274377275624 2.567632596138873
4.3828274377275624 2.567632596138873
4.382847361178091 2.5676454212976876
4.382847361178091 2.5676454212976876
4.382827407952833 2.5676325266620297
4.382827407952833 2.5676325266620297
4.3828473239172565 2.5676453794663083
4.3828473239172565 2.5676453794663083
4.382827473553217 2.567632617400846
4.382827473553217 2.567632617400846
4.382847500108435 2.56764527859271
4.382847500108435 2.56764527859271
4.382827352044462 2.5676327023742482
4.382827352044462 2.5676327023742482
4.382847348528878 2.567645182345158
4.382847348528878 2.567645182345158
4.3828273787010525 2.5676327508531656
4.3828273787010525 2.5676327508531656
4.382847475670745 2.5676452505943295
4.382847475670745 2.5676452505943295
4.382827330886808 2.5676327399828005
4.382827330886808 2.5676327399828005
4.38284739423115 2.5676452167634167
4.38284739423115 2.5676452167634167
4.382827377636258 2.567632707019906
4.382827377636258 2.567632707019906
4.382847401863583 2.5676452344166245
4.382847401863583 2.5676452344166245
4.382827470091775 2.5676326881535867
4.382827470091775 2.5676326881535867
4.382847191419441 2.567645335254809
4.382847191419441 2.567645335254809
4.382827674068755 2.567632591718127
4.382827674068755 2.567632591718127
4.3828471337908415 2.5676453973733895
4.3828471337908415 2.5676453973733895
4.382827732139746 2.5676325509174385
4.382827732139746 2.5676325509174385
4.382847241891399 2.5676453679523723
4.382847241891399 2.5676453679523723
4.382827267756624 2.5676326713569804
4.382827267756624 2.5676326713569804
4.382847242681 2.567645367251435
4.382847242681 2.567645367251435
4.382827858857198 2.5676325749684215
4.382827858857198 2.5676325749684215
4.382846807585353 2.56764542072995
4.382846807585353 2.56764542072995
4.382827848220611 2.567632605400726
4.382827848220611 2.567632605400726
4.382847040920809 2.5676454162572817
4.382847040920809 2.5676454162572817
4.382827811442044 2.5676325633596417
4.382827811442044 2.5676325633596417
4.382846958291492 2.5676454074838313
4.382846958291492 2.5676454074838313
4.382827848982042 2.567632580767634
4.382827848982042 2.567632580767634
4.382846889594589 2.56764534485857
4.382846889594589 2.56764534485857
4.3828278755908965 2.5676326296857543
4.3828278755908965 2.5676326296857543
4.382847045248142 2.567645259989234
4.382847045248142 2.567645259989234
4.382827681204889 2.5676326744928093
4.382827681204889 2.5676326744928093
4.382847194522801 2.567645244932945
4.382847194522801 2.567645244932945
4.3828275502765095 2.5676327876670872
4.3828275502765095 2.5676327876670872
4.382847270788202 2.5676451474035087
4.382847270788202 2.5676451474035087
4.382827647562396 2.567632763813825
4.382827647562396 2.567632763813825
4.3828471699150695 2.5676451952609582
4.3828471699150695 2.5676451952609582
4.382827773998456 2.5676327864657886
4.382827773998456 2.5676327864657886
4.382847000736567 2.567645158325177
4.382847000736567 2.567645158325177
4.382827843229487 2.5676328480601156
4.382827843229487 2.5676328480601156
4.382846932753197 2.5676450966653404
4.382846932753197 2.5676450966653404
4.382827870045465 2.5676328954207857
4.382827870045465 2.5676328954207857
4.382846983705355 2.567645103635598
4.382846983705355 2.567645103635598
4.382827823332659 2.56763288490342
4.382827823332659 2.56763288490342
4.382847032213239 2.567645091225127
4.382847032213239 2.567645091225127
4.382827711301057 2.5676329422579753
4.382827711301057 2.5676329422579753
4.382846917734811 2.567645061977922
4.382846917734811 2.567645061977922
4.3828278997269 2.56763289767094
4.3828278997269 2.56763289767094
4.382846934378302 2.5676449860559436
4.382846934378302 2.5676449860559436
4.382827915002781 2.5676329939460025
4.382827915002781 2.5676329939460025
4.382846913648134 2.567644915244669
4.382846913648134 2.567644915244669
4.382827937197379 2.567633064724123
4.382827937197379 2.567633064724123
4.382846823509142 2.5676449346833414
4.382846823509142 2.5676449346833414
4.382827889947836 2.5676330551431916
4.382827889947836 2.5676330551431916
4.3828469901330696 2.567644838261874
4.3828469901330696 2.567644838261874
4.382827889649313 2.5676331837597623
4.382827889649313 2.5676331837597623
4.382846957361078 2.567644818310238
4.382846957361078 2.567644818310238
4.382827857136717 2.567633121046629
4.382827857136717 2.567633121046629
4.382846834350544 2.5676448200468203
4.382846834350544 2.5676448200468203
4.382827797291289 2.567633164244288
4.382827797291289 2.567633164244288
4.382847002809074 2.5676448500307183
4.382847002809074 2.5676448500307183
4.382827763399349 2.5676331249852544
4.382827763399349 2.5676331249852544
4.382847098440524 2.567644823980079
4.382847098440524 2.567644823980079
4.382827625848259 2.5676331369974204
4.382827625848259 2.5676331369974204
4.3828471245693486 2.5676447399669877
4.3828471245693486 2.5676447399669877
4.3828275948515625 2.5676332471083887
4.3828275948515625 2.5676332471083887
4.382847178006423 2.5676446995713675
4.382847178006423 2.5676446995713675
4.382827593620357 2.5676332490175606
4.382827593620357 2.5676332490175606
4.382847383982239 2.5676447466674976
4.382847383982239 2.5676447466674976
4.382827504707627 2.5676332482786286
4.382827504707627 2.5676332482786286
4.382847369975637 2.5676446469226737
4.382847369975637 2.5676446469226737
4.382827420482751 2.567633220580414
4.382827420482751 2.567633220580414
4.382847491270788 2.5676446908377093
4.382847491270788 2.5676446908377093
4.382827368830786 2.567633235458703
4.382827368830786 2.567633235458703
4.382847304782516 2.5676447614679674
4.382847304782516 2.5676447614679674
4.382827550421281 2.567633191926211
4.382827550421281 2.567633191926211
4.382847163670815 2.5676448193229677
4.382847163670815 2.5676448193229677
4.382827461096169 2.5676331914392008
4.382827461096169 2.5676331914392008
4.382847444675092 2.5676447467330656
4.382847444675092 2.5676447467330656
4.38282733382672 2.5676331735510867
4.38282733382672 2.5676331735510867
4.382847492553992 2.5676447333855226
4.382847492553992 2.5676447333855226
4.382827263263562 2.567633269648714
4.382827263263562 2.567633269648714
4.382847646112437 2.567644642074588
4.382847646112437 2.567644642074588
4.382827119179192 2.567633332967914
4.382827119179192 2.567633332967914
4.382847606132205 2.5676446494129705
4.382847606132205 2.5676446494129705
4.382827153230575 2.5676333530427735
4.382827153230575 2.5676333530427735
4.382847656820994 2.567644609898777
4.382847656820994 2.567644609898777
4.382827177258768 2.5676334266507985
4.382827177258768 2.5676334266507985
4.382847668082364 2.5676445786332778
4.382847668082364 2.5676445786332778
4.382827154302703 2.567633330865944
4.382827154302703 2.567633330865944
4.382847593972696 2.5676447249069385
4.382847593972696 2.5676447249069385
4.382827130229995 2.567633235214068
4.382827130229995 2.567633235214068
4.382847818063025 2.567644717222451
4.382847818063025 2.567644717222451
4.382826898456888 2.567633270942926
4.382826898456888 2.567633270942926
4.382847867675057 2.567644703421799
4.382847867675057 2.567644703421799
4.382827042544269 2.567633208742705
4.382827042544269 2.567633208742705
4.382847780167504 2.567644722378161
4.382847780167504 2.567644722378161
4.382827013408287 2.567633300367864
4.382827013408287 2.567633300367864
4.382847790938011 2.567644691194829
4.382847790938011 2.567644691194829
4.382826895701135 2.5676332512070745
4.382826895701135 2.5676332512070745
4.382847861314077 2.5676447755429113
4.382847861314077 2.5676447755429113
4.382827193683699 2.5676330756630383
4.382827193683699 2.5676330756630383
4.382847649168975 2.5676449565675328
4.382847649168975 2.5676449565675328
4.382827071771234 2.5676330039950486
4.382827071771234 2.5676330039950486
4.382847738173128 2.567644984729815
4.382847738173128 2.567644984729815
4.382827066135604 2.567633007710385
4.382827066135604 2.567633007710385
4.3828476451618075 2.567645005694618
4.3828476451618075 2.567645005694618
4.38282702877947 2.567632966479875
4.38282702877947 2.567632966479875
4.382847820908962 2.5676450391455594
4.382847820908962 2.5676450391455594
4.382826939509117 2.567632937506005
4.382826939509117 2.567632937506005
4.38284778568521 2.567645019054922
4.38284778568521 2.567645019054922
4.382827178109765 2.5676328802429635
4.382827178109765 2.5676328802429635
4.382847545819236 2.567645076939418
4.382847545819236 2.567645076939418
4.38282711896479 2.5676329240121434
4.38282711896479 2.5676329240121434
4.382847696647648 2.567645036520274
4.382847696647648 2.567645036520274
4.3828271769821185 2.567632858865023
4.3828271769821185 2.567632858865023
4.382847575117551 2.567645170018663
4.382847575117551 2.567645170018663
4.382827285454494 2.567632782198664
4.382827285454494 2.567632782198664
4.3828475193226515 2.567645208562358
4.3828475193226515 2.567645208562358
4.38282749026246 2.5676327063699103
4.38282749026246 2.5676327063699103
4.382847274761243 2.567645267638885
4.382847274761243 2.567645267638885
4.382827393852431 2.5676327056129526
4.382827393852431 2.5676327056129526
4.382847458896814 2.5676452741430773
4.382847458896814 2.5676452741430773
4.3828273975652525 2.5676327038138047
4.3828273975652525 2.5676327038138047
4.382847391436214 2.5676451853006754
4.382847391436214 2.5676451853006754
4.382827365074003 2.567632817563762
4.382827365074003 2.567632817563762
4.382847443703262 2.56764516985194
4.382847443703262 2.56764516985194
4.382827465162035 2.567632770232931
4.382827465162035 2.567632770232931
4.382847267061864 2.567645160063298
4.382847267061864 2.567645160063298
4.3828275281736335 2.5676328603187795
4.3828275281736335 2.5676328603187795
4.38284702560258 2.567645217080304
4.38284702560258 2.567645217080304
4.382827789887013 2.5676327226526414
4.382827789887013 2.5676327226526414
4.382846916403646 2.5676452916040895
4.382846916403646 2.5676452916040895
4.382827985361945 2.5676326758391563
4.382827985361945 2.5676326758391563
4.382846891040749 2.5676452439026747
4.382846891040749 2.5676452439026747
4.382827910456647 2.567632748754686
4.382827910456647 2.567632748754686
4.382846945990304 2.567645227731774
4.382846945990304 2.567645227731774
4.382827768129828 2.5676327812026387
4.382827768129828 2.5676327812026387
4.382846995027322 2.5676452163819716
4.382846995027322 2.5676452163819716
4.382827964377674 2.567632711426707
4.382827964377674 2.567632711426707
4.38284686223411 2.5676452205067233
4.38284686223411 2.5676452205067233
4.3828278093208715 2.5676327741010785
4.3828278093208715 2.5676327741010785
4.382846810888748 2.5676452342625535
4.382846810888748 2.5676452342625535
4.382828066680596 2.567632663770217
4.382828066680596 2.567632663770217
4.382846673423389 2.5676452626312676
4.382846673423389 2.5676452626312676
4.3828280147088625 2.567632785245992
4.3828280147088625 2.567632785245992
4.382846761846552 2.567645159395138
4.382846761846552 2.567645159395138
4.382828144211824 2.5676327826054193
4.382828144211824 2.5676327826054193
4.382846773164819 2.567645130313147
4.382846773164819 2.567645130313147
4.382827947958289 2.5676328310754326
4.382827947958289 2.5676328310754326
4.382846668071378 2.5676452024101852
4.382846668071378 2.5676452024101852
4.3828282969797066 2.5676328264067814
4.3828282969797066 2.5676328264067814
4.3828465157237835 2.5676451569966674
4.3828465157237835 2.5676451569966674
4.382828193273243 2.567632834681202
4.382828193273243 2.567632834681202
4.382846630409609 2.567645078372271
4.382846630409609 2.567645078372271
4.382828435364137 2.5676327971322475
4.382828435364137 2.5676327971322475
4.382846370818918 2.567645190916706
4.382846370818918 2.567645190916706
4.382828250113715 2.5676327763999285
4.382828250113715 2.5676327763999285
4.382846704630019 2.567645174729502
4.382846704630019 2.567645174729502
4.382827973591053 2.5676327525780223
4.382827973591053 2.5676327525780223
4.3828469079029855 2.567645141490875
4.3828469079029855 2.567645141490875
4.382827812665552 2.5676328413741554
4.382827812665552 2.5676328413741554
4.382846980666762 2.5676451998195713
4.382846980666762 2.5676451998195713
4.382827863740616 2.567632806300506
4.382827863740616 2.567632806300506
4.382846842887588 2.567645250063556
4.382846842887588 2.567645250063556
4.382827889897967 2.5676326382218875
4.382827889897967 2.5676326382218875
4.382846867927337 2.567645363182164
4.382846867927337 2.567645363182164
4.382828084550791 2.5676325712632826
4.382828084550791 2.5676325712632826
4.38284664216113 2.567645385852187
4.38284664216113 2.567645385852187
4.382828158232593 2.567632607849195
4.382828158232593 2.567632607849195
4.382846574748347 2.5676454514728917
4.382846574748347 2.5676454514728917
4.38282822209167 2.567632584790165
4.38282822209167 2.567632584790165
4.382846542566995 2.5676454098204795
4.382846542566995 2.5676454098204795
4.382828221434212 2.56763256347379
4.382828221434212 2.56763256347379
4.382846429693462 2.5676454641643756
4.382846429693462 2.5676454641643756
4.382828406341816 2.5676324223539706
4.382828406341816 2.5676324223539706
4.382846417262811 2.5676455333551043
4.382846417262811 2.5676455333551043
4.382828324688512 2.567632497701031
4.382828324688512 2.567632497701031
4.382846688318015 2.5676454393446577
4.382846688318015 2.5676454393446577
4.382828218637816 2.5676324841382336
4.382828218637816 2.5676324841382336
4.382846599392954 2.5676454551467804
4.382846599392954 2.5676454551467804
4.382828111480277 2.567632575332304
4.382828111480277 2.567632575332304
4.3828466191520645 2.5676453569758118
4.3828466191520645 2.5676453569758118
4.382828283158432 2.567632610455645
4.382828283158432 2.567632610455645
4.382846253303338 2.5676454921234844
4.382846253303338 2.5676454921234844
4.382828441798776 2.5676325274212024
4.382828441798776 2.5676325274212024
4.382846345014664 2.5676454947093292
4.382846345014664 2.5676454947093292
4.38282820213864 2.5676325387700776
4.38282820213864 2.5676325387700776
4.382846413704069 2.5676454690098667
4.382846413704069 2.5676454690098667
4.382828489368412 2.5676324981634644
4.382828489368412 2.5676324981634644
4.382846346127108 2.5676454090262717
4.382846346127108 2.5676454090262717
4.382828515805468 2.567632563020114
4.382828515805468 2.567632563020114
4.382846244866766 2.5676454143193315
4.382846244866766 2.5676454143193315
4.382828476578636 2.567632547232709
4.382828476578636 2.567632547232709
4.382846364097352 2.567645335638618
4.382846364097352 2.567645335638618
4.382828381248223 2.567632712047846
4.382828381248223 2.567632712047846
4.382846372498185 2.56764528953366
4.382846372498185 2.56764528953366
4.38282842967015 2.567632702093048
4.38282842967015 2.567632702093048
4.382846338548214 2.567645249835724
4.382846338548214 2.567645249835724
4.382828371400885 2.567632760993025
4.382828371400885 2.567632760993025
4.382846391162196 2.5676452152190135
4.382846391162196 2.5676452152190135
4.3828285179358275 2.567632744894318
4.3828285179358275 2.567632744894318
4.382846281151385 2.567645268082014
4.382846281151385 2.567645268082014
4.382828621754929 2.567632658186865
4.382828621754929 2.567632658186865
4.382845999151661 2.567645348539528
4.382845999151661 2.567645348539528
4.382828749018174 2.5676326567125334
4.382828749018174 2.5676326567125334
4.382845910288991 2.5676453465808287
4.382845910288991 2.5676453465808287
4.382828837000863 2.567632658544481
4.382828837000863 2.567632658544481
4.3828459874787145 2.5676452583981697
4.3828459874787145 2.5676452583981697
4.382828817286125 2.5676327106729637
4.382828817286125 2.5676327106729637
4.382845803978346 2.567645333124617
4.382845803978346 2.567645333124617
4.382829026780876 2.5676326169235626
4.382829026780876 2.5676326169235626
4.382845503777118 2.5676453695527046
4.382845503777118 2.5676453695527046
4.382829111544564 2.5676326409473083
4.382829111544564 2.5676326409473083
4.3828457289305165 2.567645343928867
4.3828457289305165 2.567645343928867
4.3828290873343745 2.5676325798757174
4.3828290873343745 2.5676325798757174
4.382845578247022 2.5676454359456184
4.382845578247022 2.5676454359456184
4.3828292248810925 2.5676325343399355
4.3828292248810925 2.5676325343399355
4.38284560215325 2.5676454201144696
4.38284560215325 2.5676454201144696
4.382829170792563 2.5676325288857105
4.382829170792563 2.5676325288857105
4.382845615308951 2.5676452951654105
4.382845615308951 2.5676452951654105
4.382829000707296 2.5676327151860607
4.382829000707296 2.5676327151860607
4.382845842422052 2.567645306438261
4.382845842422052 2.567645306438261
4.3828287502898 2.5676327599143316
4.3828287502898 2.5676327599143316
4.38284604380086 2.567645236431594
4.38284604380086 2.567645236431594
4.382828717860626 2.5676327598291944
4.382828717860626 2.5676327598291944
4.382846091474194 2.567645244507558
4.382846091474194 2.567645244507558
4.382828784895232 2.5676327774104504
4.382828784895232 2.5676327774104504
4.382846027266894 2.567645186752181
4.382846027266894 2.567645186752181
4.382828883025438 2.567632733466508
4.382828883025438 2.567632733466508
4.382845945830411 2.5676451989488553
4.382845945830411 2.5676451989488553
4.382828727164362 2.5676327758052917
4.382828727164362 2.5676327758052917
4.382846112630442 2.5676452303108253
4.382846112630442 2.5676452303108253
4.382828774788095 2.5676327447816027
4.382828774788095 2.5676327447816027
4.382845965055877 2.5676452051577248
4.382845965055877 2.5676452051577248
4.382828824145686 2.5676327126520304
4.382828824145686 2.5676327126520304
4.382845905424006 2.567645245158059
4.382845905424006 2.567645245158059
4.382828667575403 2.5676327543254858
4.382828667575403 2.5676327543254858
4.382846017514532 2.5676451917286576
4.382846017514532 2.5676451917286576
4.382828551891023 2.567632831076501
4.382828551891023 2.567632831076501
4.382846360818996 2.567645125948139
4.382846360818996 2.567645125948139
4.382828509313633 2.567632798918654
4.382828509313633 2.567632798918654
4.382846234223154 2.5676451283275887
4.382846234223154 2.5676451283275887
4.382828489087562 2.56763283304862
4.382828489087562 2.56763283304862
4.382846280829852 2.567645137182012
4.382846280829852 2.567645137182012
4.3828286731930035 2.5676327932450085
4.3828286731930035 2.5676327932450085
4.382846138410026 2.5676451706366286
4.382846138410026 2.5676451706366286
4.3828285191995295 2.5676328346160338
4.3828285191995295 2.5676328346160338
4.382846245675194 2.567645140179006
4.382846245675194 2.567645140179006
4.382828428065484 2.5676328335215177
4.382828428065484 2.5676328335215177
4.382846476062305 2.5676451296382647
4.382846476062305 2.5676451296382647
4.382828264860522 2.5676327567485857
4.382828264860522 2.5676327567485857
4.382846312664702 2.5676452386300403
4.382846312664702 2.5676452386300403
4.382828559290168 2.5676328082514135
4.382828559290168 2.5676328082514135
4.382846321833557 2.5676450885434203
4.382846321833557 2.5676450885434203
4.382828476651793 2.567632903552094
4.382828476651793 2.567632903552094
4.3828464818840605 2.5676450427757014
4.3828464818840605 2.5676450427757014
4.382828235056305 2.567632943946754
4.382828235056305 2.567632943946754
4.382846619579235 2.567645031911904
4.382846619579235 2.567645031911904
4.382828108474082 2.567632925085502
4.382828108474082 2.567632925085502
4.382846794857444 2.5676450391194883
4.382846794857444 2.5676450391194883
4.382828036602534 2.567632995967773
4.382828036602534 2.567632995967773
4.382846734003665 2.567644953143575
4.382846734003665 2.567644953143575
4.382827852690466 2.5676330179243547
4.382827852690466 2.5676330179243547
4.382846939795552 2.567644872802163
4.382846939795552 2.567644872802163
4.3828279297238915 2.5676330286170783
4.3828279297238915 2.5676330286170783
4.382847022600176 2.56764492079085
4.382847022600176 2.56764492079085
4.382827789229317 2.5676330428586294
4.382827789229317 2.5676330428586294
4.3828469223093895 2.5676449698052077
4.3828469223093895 2.5676449698052077
4.382827783962444 2.567633046099698
4.382827783962444 2.567633046099698
4.382847086182723 2.5676448755692602
4.382847086182723 2.5676448755692602
4.382827608442134 2.5676330406380035
4.382827608442134 2.5676330406380035
4.382847257629071 2.567644883506041
4.382847257629071 2.567644883506041
4.382827505995759 2.5676330924445376
4.382827505995759 2.5676330924445376
4.382847314854871 2.567644841816653
4.382847314854871 2.567644841816653
4.382827436662213 2.56763300922865
4.382827436662213 2.56763300922865
4.382847331549289 2.567644963438377
4.382847331549289 2.567644963438377
4.382827489546035 2.5676329488503105
4.382827489546035 2.5676329488503105
4.382847231454649 2.567645034733887
4.382847231454649 2.567645034733887
4.38282740300242 2.567632921334087
4.38282740300242 2.567632921334087
4.382847439283624 2.5676451107997873
4.382847439283624 2.5676451107997873
4.382827377560077 2.56763282648169
4.382827377560077 2.56763282648169
4.382847450095507 2.56764508006091
4.382847450095507 2.56764508006091
4.3828273687525074 2.567632855877364
4.3828273687525074 2.567632855877364
4.382847550207214 2.567645052971723
4.382847550207214 2.567645052971723
4.382827074512919 2.5676329312735127
4.382827074512919 2.5676329312735127
4.382847753578698 2.5676449731563493
4.382847753578698 2.5676449731563493
4.382826975607984 2.567632958217908
4.382826975607984 2.567632958217908
4.382847921814426 2.56764503544054
4.382847921814426 2.56764503544054
4.382826771803156 2.5676330399957115
4.382826771803156 2.5676330399957115
4.382848318111269 2.567644904231485
4.382848318111269 2.567644904231485
4.3828265355288645 2.567633099665032
4.3828265355288645 2.567633099665032
4.38284819076729 2.5676448566531636
4.38284819076729 2.5676448566531636
4.382826483747598 2.5676331152517804
4.382826483747598 2.5676331152517804
4.382848336308478 2.567644817637564
4.382848336308478 2.567644817637564
4.382826361784727 2.567633257659942
4.382826361784727 2.567633257659942
4.382848279908435 2.5676446921072187
4.382848279908435 2.5676446921072187
4.382826292463326 2.567633337161965
4.382826292463326 2.567633337161965
4.382848190812905 2.567644736911914
4.382848190812905 2.567644736911914
4.38282663265874 2.567633192421092
4.38282663265874 2.567633192421092
4.382848048498583 2.567644799152897
4.382848048498583 2.567644799152897
4.382826667310152 2.567633189863978
4.382826667310152 2.567633189863978
4.38284793520517 2.5676449074259624
4.38284793520517 2.5676449074259624
4.38282668956889 2.567633077297303
4.38282668956889 2.567633077297303
4.382848267474666 2.567644846650832
4.382848267474666 2.567644846650832
4.382826569666644 2.5676331933301606
4.382826569666644 2.5676331933301606
4.382848233276018 2.5676448249298893
4.382848233276018 2.5676448249298893
4.382826648363177 2.5676330131906897
4.382826648363177 2.5676330131906897
4.3828481868988725 2.5676448601498767
4.3828481868988725 2.5676448601498767
4.38282649849534 2.5676330542896264
4.38282649849534 2.5676330542896264
4.382848167644816 2.567644970808508
4.382848167644816 2.567644970808508
4.382826560981479 2.5676329593584897
4.382826560981479 2.5676329593584897
4.382848255285054 2.567645000787442
4.382848255285054 2.567645000787442
4.382826660296018 2.5676329089017726
4.382826660296018 2.5676329089017726
4.382848099780978 2.567645092383525
4.382848099780978 2.567645092383525
4.3828265703125995 2.5676328811405686
4.3828265703125995 2.5676328811405686
4.38284834329913 2.567645054455982
4.38284834329913 2.567645054455982
4.382826606315342 2.5676329022436333
4.382826606315342 2.5676329022436333
4.382848205601137 2.567645061057925
4.382848205601137 2.567645061057925
4.382826543750924 2.567632973663215
4.382826543750924 2.567632973663215
4.382848192315934 2.5676449262362304
4.382848192315934 2.5676449262362304
4.38282648675732 2.5676330180638023
4.38282648675732 2.5676330180638023
4.382848322397603 2.5676449710716485
4.382848322397603 2.5676449710716485
4.382826447718524 2.5676329763238805
4.382826447718524 2.5676329763238805
4.382848453968663 2.567645016363755
4.382848453968663 2.567645016363755
4.382826261452114 2.5676329458747906
4.382826261452114 2.5676329458747906
4.38284850388824 2.567645028563517
4.38284850388824 2.567645028563517
4.382826357647628 2.567632921653882
4.382826357647628 2.567632921653882
4.382848307218682 2.567645079421387
4.382848307218682 2.567645079421387
4.382826410168473 2.5676328818963454
4.382826410168473 2.5676328818963454
4.382848447813354 2.5676450957509998
4.382848447813354 2.5676450957509998
4.382826254817782 2.5676329522731467
4.382826254817782 2.5676329522731467
4.382848605593889 2.5676449981676908
4.382848605593889 2.5676449981676908
4.382826311027105 2.567632885035878
4.382826311027105 2.567632885035878
4.382848549686669 2.567645065450209
4.382848549686669 2.567645065450209
4.382826121817582 2.5676329055490874
4.382826121817582 2.5676329055490874
4.382848748752372 2.5676450375669946
4.382848748752372 2.5676450375669946
4.382826111965947 2.5676329129620936
4.382826111965947 2.5676329129620936
4.382848795523396 2.5676450522599863
4.382848795523396 2.5676450522599863
4.3828259536033745 2.5676329842488195
4.3828259536033745 2.5676329842488195
4.382848778061179 2.56764494061996
4.382848778061179 2.56764494061996
4.382825981410401 2.5676330379860635
4.382825981410401 2.5676330379860635
4.382848922575535 2.567644954288634
4.382848922575535 2.567644954288634
4.382825686155536 2.567633039972348
4.382825686155536 2.567633039972348
4.382848998385027 2.5676448955982383
4.382848998385027 2.5676448955982383
4.382825808147064 2.5676330712632978
4.382825808147064 2.5676330712632978
4.3828490338211425 2.5676449703073008
4.3828490338211425 2.5676449703073008
4.382825787667929 2.567632986079364
4.382825787667929 2.567632986079364
4.382849047294381 2.567644882102936
4.382849047294381 2.567644882102936
4.382825845099771 2.567633093608027
4.382825845099771 2.567633093608027
4.382848800975708 2.5676448486569914
4.382848800975708 2.5676448486569914
4.382826053018224 2.5676331069435405
4.382826053018224 2.5676331069435405
4.382848764388986 2.567644850647795
4.382848764388986 2.567644850647795
4.382825862760319 2.5676331319677286
4.382825862760319 2.5676331319677286
4.382848776884282 2.5676448414933954
4.382848776884282 2.5676448414933954
4.382826030696317 2.567633099427238
4.382826030696317 2.567633099427238
4.382848966653814 2.567644869376927
4.382848966653814 2.567644869376927
4.382825863523676 2.5676330550192974
4.382825863523676 2.5676330550192974
4.382848924944461 2.567644851014761
4.382848924944461 2.567644851014761
4.3828259752800225 2.567633118026628
4.3828259752800225 2.567633118026628
4.382848857753718 2.5676447779729354
4.382848857753718 2.5676447779729354
4.382826214015962 2.5676330318444065
4.382826214015962 2.5676330318444065
4.382848768843425 2.5676447727691833
4.382848768843425 2.5676447727691833
4.3828262323783225 2.5676330907048226
4.3828262323783225 2.5676330907048226
4.382848600601117 2.5676448069588242
4.382848600601117 2.5676448069588242
4.382826259384023 2.567633143622287
4.382826259384023 2.567633143622287
4.382848505121927 2.5676448316617395
4.382848505121927 2.5676448316617395
4.382826210089763 2.5676331324864208
4.382826210089763 2.5676331324864208
4.38284856124522 2.5676448380190324
4.38284856124522 2.5676448380190324
4.382825941763231 2.5676330916412047
4.382825941763231 2.5676330916412047
4.382849056713624 2.5676448765214523
4.382849056713624 2.5676448765214523
4.382825717282262 2.567633038846164
4.382825717282262 2.567633038846164
4.3828490453601185 2.5676449115740696
4.3828490453601185 2.5676449115740696
4.382825894987448 2.567633077516896
4.382825894987448 2.567633077516896
4.38284895406611 2.5676449065907834
4.38284895406611 2.5676449065907834
4.382825805453226 2.5676331241231374
4.382825805453226 2.5676331241231374
4.382849013484015 2.567644807423408
4.382849013484015 2.567644807423408
4.382825793535208 2.5676331852113847
4.382825793535208 2.5676331852113847
4.382849069295364 2.5676447609539186
4.382849069295364 2.5676447609539186
4.3828256976395075 2.5676331865399034
4.3828256976395075 2.5676331865399034
4.382849122659263 2.5676447710126973
4.382849122659263 2.5676447710126973
4.3828255342749065 2.5676332392271433
4.3828255342749065 2.5676332392271433
4.382849417029829 2.567644740850068
4.382849417029829 2.567644740850068
4.3828254038458345 2.5676332429966213
4.3828254038458345 2.5676332429966213
4.382849360351601 2.567644758982214
4.382849360351601 2.567644758982214
4.38282558479582 2.567633199679584
4.38282558479582 2.567633199679584
4.382849177556984 2.567644777040544
4.382849177556984 2.567644777040544
4.382825620097079 2.567633222778094
4.382825620097079 2.567633222778094
4.382849135937159 2.5676448112428143
4.382849135937159 2.5676448112428143
4.382825593283977 2.5676331410998374
4.382825593283977 2.5676331410998374
4.382849285365791 2.5676447150395845
4.382849285365791 2.5676447150395845
4.382825640599496 2.5676332833961184
4.382825640599496 2.5676332833961184
4.382849206784996 2.5676447270789513
4.382849206784996 2.5676447270789513
4.382825729931831 2.5676332628049843
4.382825729931831 2.5676332628049843
4.382849157687346 2.5676447930180903
4.382849157687346 2.5676447930180903
4.382825796668189 2.5676331327680524
4.382825796668189 2.5676331327680524
4.382848926955063 2.567644823546371
4.382848926955063 2.567644823546371
4.382825754304226 2.5676331158068995
4.382825754304226 2.5676331158068995
4.382849101304748 2.567644837318901
4.382849101304748 2.567644837318901
4.382825410028071 2.567633264797898
4.382825410028071 2.567633264797898
4.3828490673550276 2.5676448131456793
4.3828490673550276 2.5676448131456793
4.382825831949394 2.567633181756624
4.382825831949394 2.567633181756624
4.3828490496374535 2.5676447003828415
4.3828490496374535 2.5676447003828415
4.38282588741758 2.5676333145176775
4.38282588741758 2.5676333145176775
4.382848870699811 2.567644717551073
4.382848870699811 2.567644717551073
4.382826027043834 2.5676332519603773
4.382826027043834 2.5676332519603773
4.382848637231638 2.567644777414864
4.382848637231638 2.567644777414864
4.382826091800725 2.567633176746354
4.382826091800725 2.567633176746354
4.382848748619806 2.5676446635963392
4.382848748619806 2.5676446635963392
4.3828258708257275 2.567633405029593
4.3828258708257275 2.567633405029593
4.382848849136871 2.567644606601654
4.382848849136871 2.567644606601654
4.382826053835497 2.567633307327877
4.382826053835497 2.567633307327877
4.382848755831172 2.567644681830229
4.382848755831172 2.567644681830229
4.38282602077351 2.567633234883588
4.38282602077351 2.567633234883588
4.382848840332979 2.567644687269433
4.382848840332979 2.567644687269433
4.382825935090255 2.567633254112097
4.382825935090255 2.567633254112097
4.382848834026943 2.567644666270148
4.382848834026943 2.567644666270148
4.3828261082235676 2.56763329196333
4.3828261082235676 2.56763329196333
4.382848635643486 2.567644626732187
4.382848635643486 2.567644626732187
4.382826132710054 2.5676333210030835
4.382826132710054 2.5676333210030835
4.382848820933219 2.5676446284876686
4.382848820933219 2.5676446284876686
4.382826082098608 2.567633310688261
4.382826082098608 2.567633310688261
4.382848910564211 2.5676446579182155
4.382848910564211 2.5676446579182155
4.382826077084674 2.5676332636300994
4.382826077084674 2.5676332636300994
4.382848656769063 2.5676446866065104
4.382848656769063 2.5676446866065104
4.382826188314572 2.5676333738403008
4.382826188314572 2.5676333738403008
4.382848575089018 2.5676446266136215
4.382848575089018 2.5676446266136215
4.382826199958563 2.5676332909983817
4.382826199958563 2.5676332909983817
4.382848540865086 2.567644629246423
4.382848540865086 2.567644629246423
4.382826362621091 2.56763330995847
4.382826362621091 2.56763330995847
4.382848514246148 2.5676445515517687
4.382848514246148 2.5676445515517687
4.382826126851298 2.567633375048791
4.382826126851298 2.567633375048791
4.382848676536927 2.56764464417107
4.382848676536927 2.56764464417107
4.382826335544921 2.5676332098294754
4.382826335544921 2.5676332098294754
4.382848165062552 2.567644800854128
4.382848165062552 2.567644800854128
4.382826545546903 2.567633191804049
4.382826545546903 2.567633191804049
4.382848246516869 2.567644690130383
4.382848246516869 2.567644690130383
4.382826513613567 2.56763328821611
4.382826513613567 2.56763328821611
4.382848168090688 2.5676446803716027
4.382848168090688 2.5676446803716027
4.38282664413822 2.5676332822552292
4.38282664413822 2.5676332822552292
4.382848180684149 2.5676446225174163
4.382848180684149 2.5676446225174163
4.3828266843292765 2.5676332991194926
4.3828266843292765 2.5676332991194926
4.382848139344823 2.5676446060550715
4.382848139344823 2.5676446060550715
4.382826509749163 2.567633316945074
4.382826509749163 2.567633316945074
4.3828482545104075 2.5676446587001958
4.3828482545104075 2.5676446587001958
4.382826619021138 2.567633232660037
4.382826619021138 2.567633232660037
4.38284822734425 2.567644775004407
4.38284822734425 2.567644775004407
4.382826890380781 2.567633191180646
4.382826890380781 2.567633191180646
4.3828476827697065 2.56764485760576
4.3828476827697065 2.56764485760576
4.382827025343392 2.5676331593974533
4.382827025343392 2.5676331593974533
4.382847873216029 2.5676448080054244
4.382847873216029 2.5676448080054244
4.38282693526796 2.567633158258003
4.38282693526796 2.567633158258003
4.382847603326542 2.5676448470663034
4.382847603326542 2.5676448470663034
4.382827253463396 2.567633105895414
4.382827253463396 2.567633105895414
4.382847420047459 2.5676448903822515
4.382847420047459 2.5676448903822515
4.3828274034621515 2.5676330196046306
4.3828274034621515 2.5676330196046306
4.382847499814974 2.5676449448610263
4.382847499814974 2.5676449448610263
4.3828274933503755 2.5676329998290606
4.3828274933503755 2.5676329998290606
4.382847328787855 2.567644933425766
4.382847328787855 2.567644933425766
4.38282732639644 2.567633121181089
4.38282732639644 2.567633121181089
4.382847462041146 2.5676447689780324
4.382847462041146 2.5676447689780324
4.38282738776875 2.567633210593619
4.38282738776875 2.567633210593619
4.382847563390493 2.567644716206744
4.382847563390493 2.567644716206744
4.382826824391104 2.5676334079594536
4.382826824391104 2.5676334079594536
4.382847944607774 2.5676445635998206
4.382847944607774 2.5676445635998206
4.382826789122571 2.5676333424192768
4.382826789122571 2.5676333424192768
4.382848097115788 2.5676446564331066
4.382848097115788 2.5676446564331066
4.382826869579946 2.567633187417591
4.382826869579946 2.567633187417591
4.382847953428202 2.5676447436453413
4.382847953428202 2.5676447436453413
4.382826887477694 2.567633291690721
4.382826887477694 2.567633291690721
4.382847972196593 2.567644681612108
4.382847972196593 2.567644681612108
4.382826832104032 2.5676333097494974
4.382826832104032 2.5676333097494974
4.382848074375283 2.567644626964853
4.382848074375283 2.567644626964853
4.382826693625202 2.5676333216928566
4.382826693625202 2.5676333216928566
4.382848078445148 2.5676446238716637
4.382848078445148 2.5676446238716637
4.3828267266103005 2.5676333671648552
4.3828267266103005 2.5676333671648552
4.382848140876842 2.5676445518045083
4.382848140876842 2.5676445518045083
4.382826713821798 2.567633424405448
4.382826713821798 2.567633424405448
4.382847927493579 2.5676445302893
4.382847927493579 2.5676445302893
4.382826977327692 2.567633360142595
4.382826977327692 2.567633360142595
4.38284776446002 2.5676445401864294
4.38284776446002 2.5676445401864294
4.382826944362948 2.5676335017446936
4.382826944362948 2.5676335017446936
4.382847929139502 2.5676443888769223
4.382847929139502 2.5676443888769223
4.382826805343063 2.5676335418450633
4.382826805343063 2.5676335418450633
4.382847923926075 2.5676443915482663
4.382847923926075 2.5676443915482663
4.3828270049034295 2.56763343419732
4.3828270049034295 2.56763343419732
4.382847820885328 2.567644447085821
4.382847820885328 2.567644447085821
4.382827033666311 2.5676335051134354
4.382827033666311 2.5676335051134354
4.382847925560704 2.567644364523319
4.382847925560704 2.567644364523319
4.382826943152202 2.5676335533919046
4.382826943152202 2.5676335533919046
4.38284779441214 2.567644375180654
4.38284779441214 2.567644375180654
4.38282693742164 2.567633556632345
4.38282693742164 2.567633556632345
4.382847784246709 2.5676444296403567
4.382847784246709 2.5676444296403567
4.382827206000048 2.567633485910045
4.382827206000048 2.567633485910045
4.382847499059014 2.567644579342798
4.382847499059014 2.567644579342798
4.382827340553199 2.567633428411576
4.382827340553199 2.567633428411576
4.382847372767697 2.567644608231932
4.382847372767697 2.567644608231932
4.382827517972612 2.5676333620216765
4.382827517972612 2.5676333620216765
4.382847260439554 2.567644558402411
4.382847260439554 2.567644558402411
4.3828274569047245 2.5676334295055567
4.3828274569047245 2.5676334295055567
4.382847351022362 2.5676445579872738
4.382847351022362 2.5676445579872738
4.382827406163427 2.5676334459983083
4.382827406163427 2.5676334459983083
4.3828475646135825 2.5676443494590986
4.3828475646135825 2.5676443494590986
4.382827063940508 2.5676336648263858
4.382827063940508 2.5676336648263858
4.382847604922666 2.567644386988711
4.382847604922666 2.567644386988711
4.382827206781113 2.5676335514367197
4.382827206781113 2.5676335514367197
4.382847484645779 2.5676444132032143
4.382847484645779 2.5676444132032143
4.382827020093539 2.567633628635038
4.382827020093539 2.567633628635038
4.382847716828341 2.567644323640639
4.382847716828341 2.567644323640639
4.382827103998549 2.567633586542769
4.382827103998549 2.567633586542769
4.382847647853165 2.5676444677676327
4.382847647853165 2.5676444677676327
4.382827180434406 2.567633413730327
4.382827180434406 2.567633413730327
4.382847608670965 2.5676444517490618
4.382847608670965 2.5676444517490618
4.382827255612036 2.5676334478615264
4.382827255612036 2.5676334478615264
4.382847381165643 2.567644557281085
4.382847381165643 2.567644557281085
4.382827519214182 2.5676333843513772
4.382827519214182 2.5676333843513772
4.382847369098971 2.5676446093709036
4.382847369098971 2.5676446093709036
4.382827504375203 2.567633263221989
4.382827504375203 2.567633263221989
4.3828472250883435 2.5676446939146897
4.3828472250883435 2.5676446939146897
4.382827523361305 2.567633336609417
4.382827523361305 2.567633336609417
4.38284729184061 2.5676446232301164
4.38284729184061 2.5676446232301164
4.382827440127845 2.5676334875769746
4.382827440127845 2.5676334875769746
4.382847327364517 2.5676444855948106
4.382847327364517 2.5676444855948106
4.382827436075483 2.5676334912288126
4.382827436075483 2.5676334912288126
4.3828474797448935 2.56764439222363
4.3828474797448935 2.56764439222363
4.382827289600627 2.567633581300482
4.382827289600627 2.567633581300482
4.3828475065899335 2.5676444378742485
4.3828475065899335 2.5676444378742485
4.382827400638803 2.567633475310538
4.382827400638803 2.567633475310538
4.382847565993457 2.5676445485061787
4.382847565993457 2.5676445485061787
4.382827333238298 2.5676333925826254
4.382827333238298 2.5676333925826254
4.38284741579954 2.567644661381646
4.38284741579954 2.567644661381646
4.382827490378209 2.5676332545599196
4.382827490378209 2.5676332545599196
4.3828473091855535 2.5676447609758264
4.3828473091855535 2.5676447609758264
4.382827500242762 2.5676332033003146
4.382827500242762 2.5676332033003146
4.382847214165168 2.5676448082866146
4.382847214165168 2.5676448082866146
4.382827610325394 2.567633101662001
4.382827610325394 2.567633101662001
4.382847104041674 2.567644908883726
4.382847104041674 2.567644908883726
4.382827569954178 2.5676330650025823
4.382827569954178 2.5676330650025823
4.382847158125342 2.56764489194547
4.382847158125342 2.56764489194547
4.382827823221463 2.5676330806439185
4.382827823221463 2.5676330806439185
4.382846935826131 2.5676449190824546
4.382846935826131 2.5676449190824546
4.382827866699753 2.5676330724235967
4.382827866699753 2.5676330724235967
4.382846918947136 2.5676449947157898
4.382846918947136 2.5676449947157898
4.382827780115182 2.567633047107782
4.382827780115182 2.567633047107782
4.382846972498358 2.567644979491521
4.382846972498358 2.567644979491521
4.382827826324011 2.5676330358305477
4.382827826324011 2.5676330358305477
4.382846933104413 2.5676449646671933
4.382846933104413 2.5676449646671933
4.382827953849609 2.567633032122874
4.382827953849609 2.567633032122874
4.3828465910686605 2.5676449471883735
4.3828465910686605 2.5676449471883735
4.382828311443336 2.5676329956062736
4.382828311443336 2.5676329956062736
4.382846517544948 2.5676449137230666
4.382846517544948 2.5676449137230666
4.38282830308955 2.567633023312482
4.38282830308955 2.567633023312482
4.3828464612945055 2.5676449516666957
4.3828464612945055 2.5676449516666957
4.382828184721988 2.5676329797601443
4.382828184721988 2.5676329797601443
4.382846675549282 2.567644971357778
4.382846675549282 2.567644971357778
4.382828137344131 2.5676329698942872
4.382828137344131 2.5676329698942872
4.382846420780554 2.567645103652983
4.382846420780554 2.567645103652983
4.382828332480937 2.567632899372988
4.382828332480937 2.567632899372988
4.38284623163445 2.567645167960615
4.38284623163445 2.567645167960615
4.382828563739762 2.5676328478813906
4.382828563739762 2.5676328478813906
4.38284655129936 2.5676449931532104
4.38284655129936 2.5676449931532104
4.382828112024251 2.567633030577396
4.382828112024251 2.567633030577396
4.38284659438725 2.5676448591555254
4.38284659438725 2.5676448591555254
4.382828313665492 2.5676330582203484
4.382828313665492 2.5676330582203484
4.3828464680535175 2.5676448634803943
4.3828464680535175 2.5676448634803943
4.382828331425996 2.567633128131547
4.382828331425996 2.567633128131547
4.382846429867174 2.567644849458829
4.382846429867174 2.567644849458829
4.382828391353741 2.567633066970686
4.382828391353741 2.567633066970686
4.382846544306861 2.5676449140513338
4.382846544306861 2.5676449140513338
4.382828221757074 2.567633060164191
4.382828221757074 2.567633060164191
4.382846495180692 2.5676449262789376
4.382846495180692 2.5676449262789376
4.382828348320561 2.567633077450214
4.382828348320561 2.567633077450214
4.38284643353098 2.5676448439198434
4.38284643353098 2.5676448439198434
4.382828349577683 2.567633077255016
4.382828349577683 2.567633077255016
4.382846468391333 2.5676448610235076
4.382846468391333 2.5676448610235076
4.382828260971886 2.5676330970011576
4.382828260971886 2.5676330970011576
4.3828464814228765 2.567644810648166
4.3828464814228765 2.567644810648166
4.382828261705945 2.567633220664107
4.382828261705945 2.567633220664107
4.382846491811608 2.5676448035397206
4.382846491811608 2.5676448035397206
4.382828271641476 2.5676331718983465
4.382828271641476 2.5676331718983465
4.382846661532863 2.567644830870213
4.382846661532863 2.567644830870213
4.3828282840759245 2.5676331228255562
4.3828282840759245 2.5676331228255562
4.382846456508506 2.567644806727291
4.382846456508506 2.567644806727291
4.382828299190095 2.567633051246023
4.382828299190095 2.567633051246023
4.382846489759619 2.567644866266858
4.382846489759619 2.567644866266858
4.3828283248111966 2.567633075052045
4.3828283248111966 2.567633075052045
4.382846528227487 2.5676449012977622
4.382846528227487 2.5676449012977622
4.382828148055774 2.5676330725400955
4.382828148055774 2.5676330725400955
4.382846519751644 2.567644947825673
4.382846519751644 2.567644947825673
4.382828328768063 2.567633031898513
4.382828328768063 2.567633031898513
4.382846182942223 2.5676450524807968
4.382846182942223 2.5676450524807968
4.3828284519275105 2.5676329270622062
4.3828284519275105 2.5676329270622062
4.382846186247707 2.567645030630204
4.382846186247707 2.567645030630204
4.382828575327541 2.56763292581653
4.382828575327541 2.56763292581653
4.38284638254886 2.567645019847075
4.38284638254886 2.567645019847075
4.382828322622995 2.5676329959758237
4.382828322622995 2.5676329959758237
4.382846512873982 2.5676449093175675
4.382846512873982 2.5676449093175675
4.382828310351352 2.5676331487309585
4.382828310351352 2.5676331487309585
4.382846338005538 2.567644804104402
4.382846338005538 2.567644804104402
4.38282855626361 2.5676331631077343
4.38282855626361 2.5676331631077343
4.3828461089981054 2.56764485970599
4.3828461089981054 2.56764485970599
4.382828768988901 2.567633018809515
4.382828768988901 2.567633018809515
4.38284602213332 2.5676449986395857
4.38284602213332 2.5676449986395857
4.3828286626187 2.56763306950915
4.3828286626187 2.56763306950915
4.382846036543155 2.5676449891219058
4.382846036543155 2.5676449891219058
4.382828809720219 2.5676329906861333
4.382828809720219 2.5676329906861333
4.382845995198709 2.5676449964366377
4.382845995198709 2.5676449964366377
4.382828823385151 2.567632941816755
4.382828823385151 2.567632941816755
4.382845995108192 2.5676449978438187
4.382845995108192 2.5676449978438187
4.382828811549262 2.567632969523693
4.382828811549262 2.567632969523693
4.382845736103145 2.5676450293650857
4.382845736103145 2.5676450293650857
4.382829101600415 2.56763287759256
4.382829101600415 2.56763287759256
4.382845729821488 2.5676451514421266
4.382845729821488 2.5676451514421266
4.382828944777418 2.5676328227189353
4.382828944777418 2.5676328227189353
4.382845747577113 2.567645138817188
4.382845747577113 2.567645138817188
4.382828996911019 2.56763288816857
4.382828996911019 2.56763288816857
4.382845894700802 2.5676450824504276
4.382845894700802 2.5676450824504276
4.382829026459991 2.56763296487753
4.382829026459991 2.56763296487753
4.38284577772601 2.5676450230251913
4.38284577772601 2.5676450230251913
4.382829146499992 2.5676328676587152
4.382829146499992 2.5676328676587152
4.38284576105562 2.5676450722867425
4.38284576105562 2.5676450722867425
4.382829269514942 2.567632770299945
4.382829269514942 2.567632770299945
4.382845492168378 2.567645146607829
4.382845492168378 2.567645146607829
4.38282937975354 2.567632778255713
4.38282937975354 2.567632778255713
4.382845434296531 2.5676451656996897
4.382845434296531 2.5676451656996897
4.382829289620008 2.5676327970392228
4.382829289620008 2.5676327970392228
4.382845667962849 2.567645130956657
4.382845667962849 2.567645130956657
4.382828821842737 2.5676328848162107
4.382828821842737 2.5676328848162107
4.382845858424658 2.5676450852960904
4.382845858424658 2.5676450852960904
4.382828957055757 2.5676328752245325
4.382828957055757 2.5676328752245325
4.382845777850597 2.567645178333456
4.382845777850597 2.567645178333456
4.3828288577332195 2.567632800177263
4.3828288577332195 2.567632800177263
4.382845698921017 2.56764524961531
4.382845698921017 2.56764524961531
4.382829166559875 2.567632661813959
4.382829166559875 2.567632661813959
4.382845789365798 2.5676452881273337
4.382845789365798 2.5676452881273337
4.3828288622239935 2.5676326579506137
4.3828288622239935 2.5676326579506137
4.382846031551058 2.5676453138041597
4.382846031551058 2.5676453138041597
4.3828287733313855 2.567632654127813
4.3828287733313855 2.567632654127813
4.382846059742536 2.567645377083413
4.382846059742536 2.567645377083413
4.3828284922748075 2.567632695207297
4.3828284922748075 2.567632695207297
4.382846416975295 2.5676452853260305
4.382846416975295 2.5676452853260305
4.382828304194444 2.5676326763815025
4.382828304194444 2.5676326763815025
4.3828465165708215 2.5676452809110026
4.3828465165708215 2.5676452809110026
4.382828332339649 2.567632699202444
4.382828332339649 2.567632699202444
4.382846340000104 2.5676452949619355
4.382846340000104 2.5676452949619355
4.382828414882441 2.567632686120836
4.382828414882441 2.567632686120836
4.382846362863076 2.5676452590560457
4.382846362863076 2.5676452590560457
4.382828258506311 2.567632727879462
4.382828258506311 2.567632727879462
4.382846655294892 2.5676452298560672
4.382846655294892 2.5676452298560672
4.3828280216375175 2.567632738887413
4.3828280216375175 2.567632738887413
4.3828466852018675 2.5676452748054
4.3828466852018675 2.5676452748054
4.382827967488215 2.5676327754396358
4.382827967488215 2.5676327754396358
4.382846841399061 2.5676452123451177
4.382846841399061 2.5676452123451177
4.382827935966319 2.567632689114505
4.382827935966319 2.567632689114505
4.382846907546597 2.5676453182000256
4.382846907546597 2.5676453182000256
4.3828278491654515 2.567632661774362
4.3828278491654515 2.567632661774362
4.382847007967919 2.5676453142612834
4.382847007967919 2.5676453142612834
4.3828276811380995 2.5676327124494662
4.3828276811380995 2.5676327124494662
4.382847124694205 2.5676452764818456
4.382847124694205 2.5676452764818456
4.382827633073356 2.567632725076923
4.382827633073356 2.567632725076923
4.382847094442739 2.5676452086316472
4.382847094442739 2.5676452086316472
4.382827659762502 2.5676327734809616
4.382827659762502 2.5676327734809616
4.382847069610376 2.5676451804517852
4.382847069610376 2.5676451804517852
4.382827756700254 2.567632882400949
4.382827756700254 2.567632882400949
4.38284682254994 2.5676451339115585
4.38284682254994 2.5676451339115585
4.382827936010928 2.567632844768988
4.382827936010928 2.567632844768988
4.382846932757793 2.5676450795885213
4.382846932757793 2.5676450795885213
4.382827978912036 2.567632836220806
4.382827978912036 2.567632836220806
4.382846863909818 2.567645170197423
4.382846863909818 2.567645170197423
4.382827987875301 2.567632809527525
4.382827987875301 2.567632809527525
4.382846917668885 2.5676451545694214
4.382846917668885 2.5676451545694214
4.382827988092479 2.56763280862197
4.382827988092479 2.56763280862197
4.382846978618831 2.5676450906600237
4.382846978618831 2.5676450906600237
4.38282757791333 2.567632986877934
4.38282757791333 2.567632986877934
4.382847236529679 2.567644974389211
4.382847236529679 2.567644974389211
4.382827740210142 2.567633025325963
4.382827740210142 2.567633025325963
4.382847075774969 2.5676449344972845
4.382847075774969 2.5676449344972845
4.382827555243221 2.5676330487734402
4.382827555243221 2.5676330487734402
4.3828473396469905 2.5676449446885803
4.3828473396469905 2.5676449446885803
4.382827328931973 2.5676330550812647
4.382827328931973 2.5676330550812647
4.382847437587339 2.5676449180118683
4.382847437587339 2.5676449180118683
4.3828273112798755 2.5676331132529056
4.3828273112798755 2.5676331132529056
4.382847421418878 2.5676448172594437
4.382847421418878 2.5676448172594437
4.3828274756718795 2.5676331510043835
4.3828274756718795 2.5676331510043835
4.382847292224513 2.5676448220604575
4.382847292224513 2.5676448220604575
4.382827411405776 2.5676332205691
4.382827411405776 2.5676332205691
4.382847455503683 2.5676447013129877
4.382847455503683 2.5676447013129877
4.382827505429058 2.567633174437184
4.382827505429058 2.567633174437184
4.382847176430986 2.5676447947072565
4.382847176430986 2.5676447947072565
4.382827726693606 2.5676331461172617
4.382827726693606 2.5676331461172617
4.3828470808628195 2.567644840694531
4.3828470808628195 2.567644840694531
4.382827642903002 2.5676331201995706
4.382827642903002 2.5676331201995706
4.382847216281018 2.5676448306726387
4.382847216281018 2.5676448306726387
4.382827361034175 2.5676331918960593
4.382827361034175 2.5676331918960593
4.382847346011168 2.5676448467394377
4.382847346011168 2.5676448467394377
4.382827477174836 2.5676330639860123
4.382827477174836 2.5676330639860123
4.382847244390605 2.5676449192392314
4.382847244390605 2.5676449192392314
4.382827486806571 2.5676330134082934
4.382827486806571 2.5676330134082934
4.382847475575362 2.5676448853912026
4.382847475575362 2.5676448853912026
4.38282724637142 2.567633075400642
4.38282724637142 2.567633075400642
4.38284759669565 2.5676449566737087
4.38284759669565 2.5676449566737087
4.382827412449809 2.56763293188995
4.382827412449809 2.56763293188995
4.382847415522198 2.567644973873602
4.382847415522198 2.567644973873602
4.382827419478489 2.567633061750382
4.382827419478489 2.567633061750382
4.382847232436597 2.5676450161899234
4.382847232436597 2.5676450161899234
4.382827609088246 2.567632992835063
4.382827609088246 2.567632992835063
4.382847278280711 2.5676450270927624
4.382847278280711 2.5676450270927624
4.3828276755952675 2.5676329018977557
4.3828276755952675 2.5676329018977557
4.382847051541257 2.5676450557646664
4.382847051541257 2.5676450557646664
4.382827737753236 2.5676328367153554
4.382827737753236 2.5676328367153554
4.382846989811313 2.5676451205011026
4.382846989811313 2.5676451205011026
4.382827763391516 2.567632883700496
4.382827763391516 2.567632883700496
4.382847050418629 2.5676450782208144
4.382847050418629 2.5676450782208144
4.382827635659241 2.5676328418883183
4.382827635659241 2.5676328418883183
4.382847164985665 2.5676451735831307
4.382847164985665 2.5676451735831307
4.38282763139667 2.567632846104927
4.38282763139667 2.567632846104927
4.382847290175059 2.567645061856709
4.382847290175059 2.567645061856709
4.382827412709397 2.5676329800063225
4.382827412709397 2.5676329800063225
4.3828474410824185 2.567644997757678
4.3828474410824185 2.567644997757678
4.382827432764504 2.567632899889221
4.382827432764504 2.567632899889221
4.382847388802275 2.567645033212705
4.382847388802275 2.567645033212705
4.382827371428181 2.5676329440312253
4.382827371428181 2.5676329440312253
4.382847445451724 2.567645015879829
4.382847445451724 2.567645015879829
4.382827309363707 2.567632988549498
4.382827309363707 2.567632988549498
4.382847513299794 2.567644944349595
4.382847513299794 2.567644944349595
4.382827154499242 2.567633055549681
4.382827154499242 2.567633055549681
4.382847509540048 2.5676449693833323
4.382847509540048 2.5676449693833323
4.382827149604664 2.5676330596589767
4.382827149604664 2.5676330596589767
4.382847631547095 2.567644857029368
4.382847631547095 2.567644857029368
4.382827151371346 2.5676330355639796
4.382827151371346 2.5676330355639796
4.382847623076309 2.567644909161546
4.382847623076309 2.567644909161546
4.382827337338292 2.567632991928393
4.382827337338292 2.567632991928393
4.382847668095468 2.567644921277631
4.382847668095468 2.567644921277631
4.382827101218903 2.5676330274884505
4.382827101218903 2.5676330274884505
4.382847920003648 2.567644802876567
4.382847920003648 2.567644802876567
4.382826895907183 2.5676331337152645
4.382826895907183 2.5676331337152645
4.3828479581492505 2.56764484350351
4.3828479581492505 2.56764484350351
4.382827097821129 2.5676330311717868
4.382827097821129 2.5676330311717868
4.382847822358421 2.567644851137966
4.382847822358421 2.567644851137966
4.382826906191038 2.5676330821416333
4.382826906191038 2.5676330821416333
4.382847812957495 2.5676449029582984
4.382847812957495 2.5676449029582984
4.382826901853883 2.567633086023294
4.382826901853883 2.567633086023294
4.382847765055784 2.567644937493297
4.382847765055784 2.567644937493297
4.382826997686564 2.5676330390559197
4.382826997686564 2.5676330390559197
4.382847776066295 2.567644905181264
4.382847776066295 2.567644905181264
4.382827021752877 2.5676331142407283
4.382827021752877 2.5676331142407283
4.382847694229381 2.567644897127221
4.382847694229381 2.567644897127221
4.382826786516495 2.5676331504905816
4.382826786516495 2.5676331504905816
4.382848171136886 2.567644748422429
4.382848171136886 2.567644748422429
4.382826633871793 2.5676332436036198
4.382826633871793 2.5676332436036198
4.382848211746037 2.5676447889858394
4.382848211746037 2.5676447889858394
4.382826593698293 2.56763320265783
4.382826593698293 2.56763320265783
4.38284830721046 2.5676447633823223
4.38284830721046 2.5676447633823223
4.382826679681263 2.567633208738915
4.382826679681263 2.567633208738915
4.3828480332029605 2.5676448294214236
4.3828480332029605 2.5676448294214236
4.382826970877873 2.567633059752727
4.382826970877873 2.567633059752727
4.38284785829052 2.567644844245956
4.38284785829052 2.567644844245956
4.38282686207219 2.5676331173366385
4.38282686207219 2.5676331173366385
4.382848042971151 2.5676448455778567
4.382848042971151 2.5676448455778567
4.382826769025227 2.567633117725119
4.382826769025227 2.567633117725119
4.382847952823868 2.5676448658317206
4.382847952823868 2.5676448658317206
4.382826768649188 2.5676330944691177
4.382826768649188 2.5676330944691177
4.382847713179123 2.5676449503853847
4.382847713179123 2.5676449503853847
4.3828270429324485 2.5676330539163197
4.3828270429324485 2.5676330539163197
4.382847588150771 2.567644927075293
4.382847588150771 2.567644927075293
4.382827121002433 2.567633089419787
4.382827121002433 2.567633089419787
4.382847842357753 2.5676448065301156
4.382847842357753 2.5676448065301156
4.382826984368561 2.5676330758536414
4.382826984368561 2.5676330758536414
4.38284774913248 2.567644853655877
4.38284774913248 2.567644853655877
4.382827102664501 2.567633125689465
4.382827102664501 2.567633125689465
4.3828475648890866 2.5676448986714537
4.3828475648890866 2.5676448986714537
4.38282726590407 2.5676329826071904
4.38282726590407 2.5676329826071904
4.382847446935203 2.5676450298001106
4.382847446935203 2.5676450298001106
4.382827349224162 2.5676329892073726
4.382827349224162 2.5676329892073726
4.382847464426553 2.567644972164248
4.382847464426553 2.567644972164248
4.3828273861349745 2.5676330080065095
4.3828273861349745 2.5676330080065095
4.382847413279003 2.5676450091368928
4.382847413279003 2.5676450091368928
4.382827462634282 2.567632886052903
4.382827462634282 2.567632886052903
4.382847222482731 2.567645055432789
4.382847222482731 2.567645055432789
4.382827442077951 2.567632945862419
4.382827442077951 2.567632945862419
4.382847289807632 2.567644984211282
4.382847289807632 2.567644984211282
4.382827474273009 2.5676329910853317
4.382827474273009 2.5676329910853317
4.382847285167911 2.5676450091012364
4.382847285167911 2.5676450091012364
4.382827645065783 2.5676330023708234
4.382827645065783 2.5676330023708234
4.382847196329701 2.567644850467207
4.382847196329701 2.567644850467207
4.382827413932871 2.567633214539748
4.382827413932871 2.567633214539748
4.382847406728852 2.5676447193433085
4.382847406728852 2.5676447193433085
4.382827415509202 2.567633191714709
4.382827415509202 2.567633191714709
4.382847390204706 2.5676447969376444
4.382847390204706 2.5676447969376444
4.3828273688389965 2.567633206278416
4.3828273688389965 2.567633206278416
4.3828473913058605 2.5676447945975793
4.3828473913058605 2.5676447945975793
4.382827356826496 2.567633236264805
4.382827356826496 2.567633236264805
4.382847528251316 2.567644784160283
4.382847528251316 2.567644784160283
4.382827406669854 2.5676332006046794
4.382827406669854 2.5676332006046794
4.382847440661989 2.5676448034094053
4.382847440661989 2.5676448034094053
4.38282726661871 2.567633213600922
4.38282726661871 2.567633213600922
4.382847626391939 2.5676445979378517
4.382847626391939 2.5676445979378517
4.382827323960327 2.5676333061256478
4.382827323960327 2.5676333061256478
4.3828474380919396 2.5676446939631417
4.3828474380919396 2.5676446939631417
4.3828273320828925 2.5676332541971543
4.3828273320828925 2.5676332541971543
4.382847600559934 2.567644753632448
4.382847600559934 2.567644753632448
4.382827111796001 2.567633261655695
4.382827111796001 2.567633261655695
4.3828475703018785 2.5676447075001496
4.3828475703018785 2.5676447075001496
4.38282705005771 2.5676333313399327
4.38282705005771 2.5676333313399327
4.382847683949829 2.567644781590279
4.382847683949829 2.567644781590279
4.382826897776787 2.56763321559963
4.382826897776787 2.56763321559963
4.382847910278027 2.5676447730604117
4.382847910278027 2.5676447730604117
4.382827060209174 2.567633071503125
4.382827060209174 2.567633071503125
4.382847748933553 2.5676449171550106
4.382847748933553 2.5676449171550106
4.382826920195715 2.567633082365718
4.382826920195715 2.567633082365718
4.382847880277414 2.5676449356285787
4.382847880277414 2.5676449356285787
4.382826848481621 2.567632996201206
4.382826848481621 2.567632996201206
4.382848097733831 2.5676449848013423
4.382848097733831 2.5676449848013423
4.382826710744907 2.5676329812729866
4.382826710744907 2.5676329812729866
4.382848208440469 2.5676449251107423
4.382848208440469 2.5676449251107423
4.3828267175367435 2.5676329286868502
4.3828267175367435 2.5676329286868502
4.3828479606702375 2.5676450389810546
4.3828479606702375 2.5676450389810546
4.382826813029477 2.5676328807409936
4.382826813029477 2.5676328807409936
4.382847952418479 2.5676450928220502
4.382847952418479 2.5676450928220502
4.382826767989516 2.567632867495461
4.382826767989516 2.567632867495461
4.382848180487194 2.5676451144464436
4.382848180487194 2.5676451144464436
4.3828265248591025 2.5676329046593267
4.3828265248591025 2.5676329046593267
4.382848044501449 2.567645118991704
4.382848044501449 2.567645118991704
4.3828267731776 2.5676328163543767
4.3828267731776 2.5676328163543767
4.38284803724518 2.5676451729958383
4.38284803724518 2.5676451729958383
4.382826654638729 2.5676329031787564
4.382826654638729 2.5676329031787564
4.382848071886828 2.567645051632006
4.382848071886828 2.567645051632006
4.382826641936572 2.5676329370902655
4.382826641936572 2.5676329370902655
4.382848125164737 2.567645036093717
4.382848125164737 2.567645036093717
4.382826757041201 2.5676330182967613
4.382826757041201 2.5676330182967613
4.38284805376067 2.567644945106906
4.38284805376067 2.567644945106906
4.382826697813878 2.567633063265809
4.382826697813878 2.567633063265809
4.382848020016413 2.567644922893626
4.382848020016413 2.567644922893626
4.38282682337142 2.5676330883414127
4.38282682337142 2.5676330883414127
4.382847997156239 2.5676448450710785
4.382847997156239 2.5676448450710785
4.382826667199116 2.567633182005268
4.382826667199116 2.567633182005268
4.382848226596079 2.5676448134007193
4.382848226596079 2.5676448134007193
4.382826666789236 2.567633158648209
4.382826666789236 2.567633158648209
4.382848249589567 2.5676447480126194
4.382848249589567 2.5676447480126194
4.38282661011499 2.5676332026220665
4.38282661011499 2.5676332026220665
4.382848288271095 2.567644789222896
4.382848288271095 2.567644789222896
4.382826497334495 2.567633073079618
4.382826497334495 2.567633073079618
4.382848177385388 2.567644921760603
4.382848177385388 2.567644921760603
4.382826674537066 2.5676330590051513
4.382826674537066 2.5676330590051513
4.382848160084464 2.5676448392769236
4.382848160084464 2.5676448392769236
4.382826662987824 2.567633068010751
4.382826662987824 2.567633068010751
4.3828480430964625 2.5676449743265897
4.3828480430964625 2.5676449743265897
4.382826734792695 2.567632943892296
4.382826734792695 2.567632943892296
4.382848080435394 2.5676450163980644
4.382848080435394 2.5676450163980644
4.38282684190614 2.5676328655689042
4.38282684190614 2.5676328655689042
4.382848170170613 2.567645044793268
4.382848170170613 2.567645044793268
4.382826576515544 2.5676329917172045
4.382826576515544 2.5676329917172045
4.382848073028608 2.5676450926389704
4.382848073028608 2.5676450926389704
4.382826525725338 2.567632789080195
4.382826525725338 2.567632789080195
4.3828483818713515 2.567645176275647
4.3828483818713515 2.567645176275647
4.382826452336338 2.567632697913873
4.382826452336338 2.567632697913873
4.382848272361261 2.5676452577410815
4.382848272361261 2.5676452577410815
4.382826310380245 2.567632679689197
4.382826310380245 2.567632679689197
4.382848252816697 2.5676453443857437
4.382848252816697 2.5676453443857437
4.382826600933388 2.567632636978203
4.382826600933388 2.567632636978203
4.382848181453246 2.567645276872238
4.382848181453246 2.567645276872238
4.38282662250063 2.567632716573964
4.38282662250063 2.567632716573964
4.3828483428502505 2.5676452065431317
4.3828483428502505 2.5676452065431317
4.382826498150657 2.5676328323957813
4.382826498150657 2.5676328323957813
4.3828483687004285 2.5676451150556066
4.3828483687004285 2.5676451150556066
4.382826434342448 2.567632878478895
4.382826434342448 2.567632878478895
4.382848279124419 2.567645109699796
4.382848279124419 2.567645109699796
4.382826369760234 2.5676329520038794
4.382826369760234 2.5676329520038794
4.382848598184113 2.567644940125509
4.382848598184113 2.567644940125509
4.382826100219841 2.567633111377999
4.382826100219841 2.567633111377999
4.382848665544947 2.567644863193243
4.382848665544947 2.567644863193243
4.382826055971937 2.567633069985223
4.382826055971937 2.567633069985223
4.382848794734971 2.5676449387189284
4.382848794734971 2.5676449387189284
4.382826062140133 2.567632989051213
4.382826062140133 2.567632989051213
4.38284874572661 2.567645001142367
4.38284874572661 2.567645001142367
4.382826121647428 2.5676328940515245
4.382826121647428 2.5676328940515245
4.382848609910053 2.5676450307678205
4.382848609910053 2.5676450307678205
4.3828260532361645 2.5676329717179773
4.3828260532361645 2.5676329717179773
4.38284876459745 2.567644987275732
4.38284876459745 2.567644987275732
4.3828259403212115 2.5676330346660055
4.3828259403212115 2.5676330346660055
4.382848790227739 2.5676448908427063
4.382848790227739 2.5676448908427063
4.3828259769671245 2.5676330567212204
4.3828259769671245 2.5676330567212204
4.382848855365422 2.567644813415955
4.382848855365422 2.567644813415955
4.382826028612563 2.567633217913611
4.382826028612563 2.567633217913611
4.382848773677215 2.5676448021501477
4.382848773677215 2.5676448021501477
4.382826039028889 2.567633159466592
4.382826039028889 2.567633159466592
4.3828487238102065 2.5676448416808824
4.3828487238102065 2.5676448416808824
4.382826174196617 2.5676331533096666
4.382826174196617 2.5676331533096666
4.382848643322346 2.567644805307224
4.382848643322346 2.567644805307224
4.382826015370597 2.567633227573298
4.382826015370597 2.567633227573298
4.382848757247614 2.5676447417518116
4.382848757247614 2.5676447417518116
4.382826001594423 2.567633237583866
4.382826001594423 2.567633237583866
4.382848731712117 2.5676446876579724
4.382848731712117 2.5676446876579724
4.382826029652579 2.567633316092527
4.382826029652579 2.567633316092527
4.3828486424055395 2.5676446829907618
4.3828486424055395 2.5676446829907618
4.382826163634992 2.5676332842975236
4.382826163634992 2.5676332842975236
4.382848607721527 2.567644685516274
4.382848607721527 2.567644685516274
4.382826267040658 2.5676332286132784
4.382826267040658 2.5676332286132784
4.382848544654635 2.567644734879481
4.382848544654635 2.567644734879481
4.382826268577876 2.5676332521839385
4.382826268577876 2.5676332521839385
4.382848496666708 2.567644722941843
4.382848496666708 2.567644722941843
4.382826347301664 2.5676332877873684
4.382826347301664 2.5676332877873684
4.382848257990088 2.5676446431127773
4.382848257990088 2.5676446431127773
4.3828264581533425 2.56763334632171
4.3828264581533425 2.56763334632171
4.382848255533989 2.56764466971222
4.382848255533989 2.56764466971222
4.382826604768363 2.5676332558826163
4.382826604768363 2.5676332558826163
4.382848128280477 2.567644671771394
4.382848128280477 2.567644671771394
4.382826714635518 2.567633337820218
4.382826714635518 2.567633337820218
4.3828481977457265 2.567644594496008
4.3828481977457265 2.567644594496008
4.382826624146016 2.5676333128412163
4.382826624146016 2.5676333128412163
4.382848269389415 2.567644657993118
4.382848269389415 2.567644657993118
4.382826387081033 2.567633377881699
4.382826387081033 2.567633377881699
4.382848511120653 2.567644588743195
4.382848511120653 2.567644588743195
4.382826204737612 2.567633401379911
4.382826204737612 2.567633401379911
4.382848577083861 2.56764456166072
4.382848577083861 2.56764456166072
4.38282615272068 2.5676333671954676
4.38282615272068 2.5676333671954676
4.382848658613605 2.5676446213391135
4.382848658613605 2.5676446213391135
4.382826041985766 2.5676334305907718
4.382826041985766 2.5676334305907718
4.382848774694406 2.567644502937494
4.382848774694406 2.567644502937494
4.382825992295223 2.567633445772166
4.382825992295223 2.567633445772166
4.382848681857066 2.5676445523531872
4.382848681857066 2.5676445523531872
4.382826212034672 2.567633392719973
4.382826212034672 2.567633392719973
4.38284831166162 2.5676446997477433
4.38284831166162 2.5676446997477433
4.3828263960609295 2.5676333196362893
4.3828263960609295 2.5676333196362893
4.382848331121133 2.567644636604309
4.382848331121133 2.567644636604309
4.382826661445006 2.5676333047344877
4.382826661445006 2.5676333047344877
4.382848243698561 2.5676446572216056
4.382848243698561 2.5676446572216056
4.382826395605345 2.567633320161488
4.382826395605345 2.567633320161488
4.382848383638467 2.5676445700111787
4.382848383638467 2.5676445700111787
4.3828264220746265 2.5676333968429517
4.3828264220746265 2.5676333968429517
4.382848341765504 2.5676445786647557
4.382848341765504 2.5676445786647557
4.382826440332401 2.5676333096344757
4.382826440332401 2.5676333096344757
4.382848262536801 2.567644761932255
4.382848262536801 2.567644761932255
4.382826406006542 2.567633239446232
4.382826406006542 2.567633239446232
4.382848313472764 2.567644721692289
4.382848313472764 2.567644721692289
4.382826575077652 2.5676332771913897
4.382826575077652 2.5676332771913897
4.382848430004198 2.5676445569069117
4.382848430004198 2.5676445569069117
4.3828264657146505 2.5676334122213587
4.3828264657146505 2.5676334122213587
4.382848282882061 2.5676446476158974
4.382848282882061 2.5676446476158974
4.382826335848498 2.5676333946061267
4.382826335848498 2.5676333946061267
4.3828483753621414 2.567644646568007
4.3828483753621414 2.567644646568007
4.382826437604704 2.5676333397952984
4.382826437604704 2.5676333397952984
4.382848222861119 2.5676445500076537
4.382848222861119 2.5676445500076537
4.38282664915607 2.5676333420991093
4.38282664915607 2.5676333420991093
4.382848197147534 2.5676446648830717
4.382848197147534 2.5676446648830717
4.38282651107587 2.5676333789666272
4.38282651107587 2.5676333789666272
4.38284831999523 2.567644520278867
4.38284831999523 2.567644520278867
4.382826679097817 2.5676333667829923
4.382826679097817 2.5676333667829923
4.382848189571875 2.5676445515731796
4.382848189571875 2.5676445515731796
4.382826609444224 2.5676334693055445
4.382826609444224 2.5676334693055445
4.382848200830163 2.5676445186014507
4.382848200830163 2.5676445186014507
4.382826419838883 2.5676334994503818
4.382826419838883 2.5676334994503818
4.382848404472484 2.567644428978798
4.382848404472484 2.567644428978798
4.382826412075396 2.567633579226278
4.382826412075396 2.567633579226278
4.382848308845741 2.5676444077816147
4.382848308845741 2.5676444077816147
4.382826451951739 2.5676335710657265
4.382826451951739 2.5676335710657265
4.382848261658277 2.5676444453248286
4.382848261658277 2.5676444453248286
4.382826447059885 2.5676335507426358
4.382826447059885 2.5676335507426358
4.382848492837982 2.567644404981985
4.382848492837982 2.567644404981985
4.3828262889433525 2.5676334591341097
4.3828262889433525 2.5676334591341097
4.382848512503988 2.5676445598396884
4.382848512503988 2.5676445598396884
4.382826169520628 2.567633459066972
4.382826169520628 2.567633459066972
4.382848560915806 2.5676445447938243
4.382848560915806 2.5676445447938243
4.382826250888929 2.5676333924471706
4.382826250888929 2.5676333924471706
4.382848358338692 2.5676445611898853
4.382848358338692 2.5676445611898853
4.382826351241909 2.5676334342365656
4.382826351241909 2.5676334342365656
4.382848426994798 2.567644481266024
4.382848426994798 2.567644481266024
4.3828265195253655 2.5676334706880586
4.3828265195253655 2.5676334706880586
4.382848208176725 2.567644486219023
4.382848208176725 2.567644486219023
4.3828264725551325 2.5676334839776476
4.3828264725551325 2.5676334839776476
4.382848387151824 2.5676444637495734
4.382848387151824 2.5676444637495734
4.382826477002693 2.5676334331156636
4.382826477002693 2.5676334331156636
4.382848295090494 2.567644560935784
4.382848295090494 2.567644560935784
4.382826443458978 2.5676333392980637
4.382826443458978 2.5676333392980637
4.3828481879523 2.5676446200305643
4.3828481879523 2.5676446200305643
4.382826536979025 2.567633339831096
4.382826536979025 2.567633339831096
4.38284827249059 2.5676446242890116
4.38284827249059 2.5676446242890116
4.382826533103629 2.5676333675039715
4.382826533103629 2.5676333675039715
4.38284822276371 2.5676446626975697
4.38284822276371 2.5676446626975697
4.382826493830402 2.5676333016581254
4.382826493830402 2.5676333016581254
4.382848233106251 2.5676446557629418
4.382848233106251 2.5676446557629418
4.382826585746938 2.5676333023325446
4.382826585746938 2.5676333023325446
4.382848150214574 2.567644624492161
4.382848150214574 2.567644624492161
4.382826719747295 2.56763329375119
4.382826719747295 2.56763329375119
4.382848012533209 2.5676446598298
4.382848012533209 2.5676446598298
4.382826587308462 2.5676333009887147
4.382826587308462 2.5676333009887147
4.382848141989991 2.567644654925624
4.382848141989991 2.567644654925624
4.382826643805523 2.5676332091226155
4.382826643805523 2.5676332091226155
4.382848171870957 2.567644750723442
4.382848171870957 2.567644750723442
4.382826544069223 2.567633213472736
4.382826544069223 2.567633213472736
4.382848431994947 2.567644621377562
4.382848431994947 2.567644621377562
4.382826336116682 2.5676333016178807
4.382826336116682 2.5676333016178807
4.3828484288700595 2.567644673592384
4.3828484288700595 2.567644673592384
4.382826270250894 2.5676333774134137
4.382826270250894 2.5676333774134137
4.382848614151836 2.567644650010584
4.382848614151836 2.567644650010584
4.382826298111633 2.5676333078340265
4.382826298111633 2.5676333078340265
4.382848573927244 2.567644608696227
4.382848573927244 2.567644608696227
4.3828262925370405 2.5676333107410225
4.3828262925370405 2.5676333107410225
4.382848659960145 2.567644613462254
4.382848659960145 2.567644613462254
4.382826103369563 2.56763338920107
4.382826103369563 2.56763338920107
4.382848636642272 2.567644679778615
4.382848636642272 2.567644679778615
4.382826246635916 2.5676332034055216
4.382826246635916 2.5676332034055216
4.382848609167409 2.5676447747133673
4.382848609167409 2.5676447747133673
4.3828261288241395 2.5676333463794454
4.3828261288241395 2.5676333463794454
4.382848553080053 2.567644646200606
4.382848553080053 2.567644646200606
4.382826342655535 2.5676333479649327
4.382826342655535 2.5676333479649327
4.382848249669239 2.5676446175153282
4.382848249669239 2.5676446175153282
4.382826505077223 2.567633390127199
4.382826505077223 2.567633390127199
4.382848096912334 2.567644570416987
4.382848096912334 2.567644570416987
4.3828266777932186 2.5676333496044808
4.3828266777932186 2.5676333496044808
4.38284815432137 2.5676447158488926
4.38284815432137 2.5676447158488926
4.382826798539909 2.567633186166515
4.382826798539909 2.567633186166515
4.382848035969602 2.567644877870932
4.382848035969602 2.567644877870932
4.38282679222381 2.5676330270534233
4.38282679222381 2.5676330270534233
4.382847783137033 2.5676449946123574
4.382847783137033 2.5676449946123574
4.3828270224179455 2.567632997635794
4.3828270224179455 2.567632997635794
4.382847820100209 2.567645036232514
4.382847820100209 2.567645036232514
4.382826852311254 2.567632936120676
4.382826852311254 2.567632936120676
4.382848046134135 2.5676450573715672
4.382848046134135 2.5676450573715672
4.3828267242324035 2.5676328895341265
4.3828267242324035 2.5676328895341265
4.3828479864248155 2.5676451249643866
4.3828479864248155 2.5676451249643866
4.38282682464401 2.567632839859516
4.38282682464401 2.567632839859516
4.382847934774888 2.5676451619998737
4.382847934774888 2.5676451619998737
4.382826878048884 2.5676328017761523
4.382826878048884 2.5676328017761523
4.382847895980116 2.5676451428570926
4.382847895980116 2.5676451428570926
4.382826908051933 2.5676328499949275
4.382826908051933 2.5676328499949275
4.382847654464211 2.567645200636812
4.382847654464211 2.567645200636812
4.382827086273788 2.567632675130894
4.382827086273788 2.567632675130894
4.3828478950483465 2.5676451897730406
4.3828478950483465 2.5676451897730406
4.3828269812021565 2.5676327039220608
4.3828269812021565 2.5676327039220608
4.382847809851411 2.567645181887458
4.382847809851411 2.567645181887458
4.382826945453153 2.5676328228620577
4.382826945453153 2.5676328228620577
4.382847926149314 2.5676450969072393
4.382847926149314 2.5676450969072393
4.382826843848081 2.567632850623354
4.382826843848081 2.567632850623354
4.382847873456133 2.567645134765166
4.382847873456133 2.567645134765166
4.382826644787366 2.5676329026376754
4.382826644787366 2.5676329026376754
4.382848282796079 2.5676449737951637
4.382848282796079 2.5676449737951637
4.3828266731081955 2.567632953453638
4.3828266731081955 2.567632953453638
4.382847996028711 2.5676450443070227
4.382847996028711 2.5676450443070227
4.38282691215073 2.567632895986281
4.38282691215073 2.567632895986281
4.382847728162336 2.567645215207596
4.382847728162336 2.567645215207596
4.382826934552972 2.567632785373247
4.382826934552972 2.567632785373247
4.382847698410079 2.567645167023787
4.382847698410079 2.567645167023787
4.38282702867798 2.567632764984332
4.38282702867798 2.567632764984332
4.382847822042496 2.5676452407558474
4.382847822042496 2.5676452407558474
4.382826918045095 2.567632822332676
4.382826918045095 2.567632822332676
4.382847874421525 2.5676452252699096
4.382847874421525 2.5676452252699096
4.382826960950809 2.5676326513387053
4.382826960950809 2.5676326513387053
4.382847848982398 2.567645337791033
4.382847848982398 2.567645337791033
4.382826979595997 2.567632730872827
4.382826979595997 2.567632730872827
4.382847733750103 2.5676452565256582
4.382847733750103 2.5676452565256582
4.382827279592023 2.5676326566382532
4.382827279592023 2.5676326566382532
4.382847440828474 2.5676453028732644
4.382847440828474 2.5676453028732644
4.382827311063555 2.5676327026335017
4.382827311063555 2.5676327026335017
4.38284747510896 2.5676453476957164
4.38284747510896 2.5676453476957164
4.382827279841271 2.5676326551995428
4.382827279841271 2.5676326551995428
4.382847364680124 2.567645244240392
4.382847364680124 2.567645244240392
4.382827594482825 2.5676326840369006
4.382827594482825 2.5676326840369006
4.382847396955107 2.5676453116346982
4.382847396955107 2.5676453116346982
4.382827161064849 2.5676327171419255
4.382827161064849 2.5676327171419255
4.382847706503284 2.5676452297345573
4.382847706503284 2.5676452297345573
4.38282719314028 2.567632740303971
4.38282719314028 2.567632740303971
4.382847670989259 2.567645208535687
4.382847670989259 2.567645208535687
4.382827091725211 2.567632766842162
4.382827091725211 2.567632766842162
4.38284782111943 2.5676451700541407
4.38284782111943 2.5676451700541407
4.382826990580153 2.567632794492514
4.382826990580153 2.567632794492514
4.382847493732334 2.567645195767733
4.382847493732334 2.567645195767733
4.382827323019035 2.5676327416396862
4.382827323019035 2.5676327416396862
4.382847385148232 2.567645272533416
4.382847385148232 2.567645272533416
4.382827422938129 2.5676326933501867
4.382827422938129 2.5676326933501867
4.382847379469914 2.5676453226529805
4.382847379469914 2.5676453226529805
4.382827543231763 2.567632586658709
4.382827543231763 2.567632586658709
4.382847404697795 2.5676453949338223
4.382847404697795 2.5676453949338223
4.382827267451095 2.5676325514058105
4.382827267451095 2.5676325514058105
4.382847743274991 2.567645412186192
4.382847743274991 2.567645412186192
4.382827220992412 2.5676325145429497
4.382827220992412 2.5676325145429497
4.382847634322315 2.5676454654045493
4.382847634322315 2.5676454654045493
4.382827277607483 2.567632474800863
4.382827277607483 2.567632474800863
4.382847522185508 2.567645543122382
4.382847522185508 2.567645543122382
4.382827286504499 2.567632423471165
4.382827286504499 2.567632423471165
4.382847627794696 2.5676455160008658
4.382847627794696 2.5676455160008658
4.382827239928688 2.5676324332396154
4.382827239928688 2.5676324332396154
4.382847790681135 2.5676454484068434
4.382847790681135 2.5676454484068434
4.382827115195618 2.567632519116578
4.382827115195618 2.567632519116578
4.382847672725884 2.567645368232231
4.382847672725884 2.567645368232231
4.382827308595083 2.567632500031201
4.382827308595083 2.567632500031201
4.382847665947062 2.5676454196417047
4.382847665947062 2.5676454196417047
4.382827137019052 2.5676325740881896
4.382827137019052 2.5676325740881896
4.382847722906755 2.5676454026877296
4.382847722906755 2.5676454026877296
4.382826997927359 2.567632555527471
4.382826997927359 2.567632555527471
4.382847355884324 2.567645519861257
4.382847355884324 2.567645519861257
4.382827499154545 2.5676324605392806
4.382827499154545 2.5676324605392806
4.3828473536353645 2.567645543526697
4.3828473536353645 2.567645543526697
4.382827279560462 2.5676325437311265
4.382827279560462 2.5676325437311265
4.3828476246421895 2.56764544805693
4.3828476246421895 2.56764544805693
4.382827094182467 2.567632512431095
4.382827094182467 2.567632512431095
4.382847553476278 2.5676455203097595
4.382847553476278 2.5676455203097595
4.382827405077145 2.5676324115013007
4.382827405077145 2.5676324115013007
4.382847455876351 2.5676455647854617
4.382847455876351 2.5676455647854617
4.382827350972138 2.5676324248553386
4.382827350972138 2.5676324248553386
4.382847528634984 2.5676456308722564
4.382847528634984 2.5676456308722564
4.3828273877041415 2.5676323087052193
4.3828273877041415 2.5676323087052193
4.382847380062365 2.5676456400564533
4.382847380062365 2.5676456400564533
4.3828274503392395 2.5676322665423856
4.3828274503392395 2.5676322665423856
4.382847389149309 2.5676457712736385
4.382847389149309 2.5676457712736385
4.3828273407337806 2.567632155748381
4.3828273407337806 2.567632155748381
4.382847536550222 2.567645765518404
4.382847536550222 2.567645765518404
4.382827256970438 2.5676322570689862
4.382827256970438 2.5676322570689862
4.382847156768103 2.5676457470623175
4.382847156768103 2.5676457470623175
4.3828276970088735 2.5676322343564464
4.3828276970088735 2.5676322343564464
4.382847086576142 2.5676456824028726
4.382847086576142 2.5676456824028726
4.382827737307761 2.5676322521740524
4.382827737307761 2.5676322521740524
4.382847069436332 2.567645737874267
4.382847069436332 2.567645737874267
4.382827795434971 2.567632235277019
4.382827795434971 2.567632235277019
4.382846996965953 2.5676456747798304
4.382846996965953 2.5676456747798304
4.38282789346842 2.5676323261463287
4.38282789346842 2.5676323261463287
4.382846809942212 2.567645708358784
4.382846809942212 2.567645708358784
4.382827882333314 2.5676321807863314
4.382827882333314 2.5676321807863314
4.3828468897961885 2.567645787457375
4.3828468897961885 2.567645787457375
4.382827964096356 2.5676321931438513
4.382827964096356 2.5676321931438513
4.382846801558774 2.567645758395587
4.382846801558774 2.567645758395587
4.382827880534833 2.56763218103867
4.382827880534833 2.56763218103867
4.382846908351283 2.56764588645816
4.382846908351283 2.56764588645816
4.3828278244292695 2.567632040548094
4.3828278244292695 2.567632040548094
4.382847248090688 2.56764588831521
4.382847248090688 2.56764588831521
4.382827418310078 2.567632058951062
4.382827418310078 2.567632058951062
4.382847486874457 2.5676459584435913
4.382847486874457 2.5676459584435913
4.382827328102409 2.5676319809490447
4.382827328102409 2.5676319809490447
4.382847536252673 2.567645995277282
4.382847536252673 2.567645995277282
4.382827216384407 2.567631986441731
4.382827216384407 2.567631986441731
4.382847600647766 2.5676459974202097
4.382847600647766 2.5676459974202097
4.3828272705031806 2.5676319279190505
4.3828272705031806 2.5676319279190505
4.382847523397876 2.5676459789804733
4.382847523397876 2.5676459789804733
4.38282713479682 2.5676319952395463
4.38282713479682 2.5676319952395463
4.38284758577607 2.5676459821272237
4.38284758577607 2.5676459821272237
4.382827182624087 2.5676319644417753
4.382827182624087 2.5676319644417753
4.38284763491817 2.5676460194502324
4.38284763491817 2.5676460194502324
4.382827055062653 2.567632004198695
4.382827055062653 2.567632004198695
4.382847664566825 2.567645951865451
4.382847664566825 2.567645951865451
4.382827135748271 2.567632043680988
4.382827135748271 2.567632043680988
4.382847728203526 2.5676459332034884
4.382847728203526 2.5676459332034884
4.382827031097772 2.567632019261126
4.382827031097772 2.567632019261126
4.3828478192146845 2.567646014201009
4.3828478192146845 2.567646014201009
4.382826767737746 2.567632032124851
4.382826767737746 2.567632032124851
4.382848048059479 2.5676459297275294
4.382848048059479 2.5676459297275294
4.382826726013765 2.5676319873144453
4.382826726013765 2.5676319873144453
4.382847922174764 2.567646040508257
4.382847922174764 2.567646040508257
4.382826768988396 2.567631982775714
4.382826768988396 2.567631982775714
4.382847773860572 2.567646044559707
4.382847773860572 2.567646044559707
4.382827057282024 2.567631859616727
4.382827057282024 2.567631859616727
4.382847751652693 2.567646131383239
4.382847751652693 2.567646131383239
4.382827060607499 2.5676318573821244
4.382827060607499 2.5676318573821244
4.382847918180294 2.5676460906116585
4.382847918180294 2.5676460906116585
4.3828270962532825 2.567631904910248
4.3828270962532825 2.567631904910248
4.382847711795644 2.5676460866780335
4.382847711795644 2.5676460866780335
4.3828273482674724 2.5676319010806106
4.3828273482674724 2.5676319010806106
4.382847831972082 2.5676460540859454
4.382847831972082 2.5676460540859454
4.3828268956624665 2.5676318486805525
4.3828268956624665 2.5676318486805525
4.3828480827140455 2.567646077151692
4.3828480827140455 2.567646077151692
4.382826593921258 2.5676318325943246
4.382826593921258 2.5676318325943246
4.38284800163218 2.5676461811385676
4.38284800163218 2.5676461811385676
4.382826965488351 2.567631656344953
4.382826965488351 2.567631656344953
4.382848055817084 2.5676461688864833
4.382848055817084 2.5676461688864833
4.382826761343914 2.567631792025555
4.382826761343914 2.567631792025555
4.382847932640156 2.567646227907617
4.382847932640156 2.567646227907617
4.382827006077841 2.567631797293575
4.382827006077841 2.567631797293575
4.382847910373463 2.567646194017677
4.382847910373463 2.567646194017677
4.382826850763571 2.567631780839148
4.382826850763571 2.567631780839148
4.382847866387778 2.567646175339433
4.382847866387778 2.567646175339433
4.382826950240919 2.567631763638214
4.382826950240919 2.567631763638214
4.382847988681541 2.567646141157069
4.382847988681541 2.567646141157069
4.3828265372031705 2.5676318964501874
4.3828265372031705 2.5676318964501874
4.382848033817412 2.567646013751739
4.382848033817412 2.567646013751739
4.382826888633544 2.5676319479923877
4.382826888633544 2.5676319479923877
4.3828479280664006 2.567646037484676
4.3828479280664006 2.567646037484676
4.382826929704914 2.5676319209186045
4.382826929704914 2.5676319209186045
4.38284777294638 2.5676460698779326
4.38284777294638 2.5676460698779326
4.382826883620634 2.567631927143363
4.382826883620634 2.567631927143363
4.382847946940626 2.567646000896575
4.382847946940626 2.567646000896575
4.382826760206461 2.567631988243578
4.382826760206461 2.567631988243578
4.382847972009959 2.567645909691097
4.382847972009959 2.567645909691097
4.3828267964486685 2.5676320365096745
4.3828267964486685 2.5676320365096745
4.382848060163647 2.5676459934664226
4.382848060163647 2.5676459934664226
4.382826750847325 2.5676319967686285
4.382826750847325 2.5676319967686285
4.382848134489546 2.567645940676005
4.382848134489546 2.567645940676005
4.38282673214712 2.567631986869358
4.38282673214712 2.567631986869358
4.382848140092024 2.5676459610755846
4.382848140092024 2.5676459610755846
4.382826704178904 2.5676320792365557
4.382826704178904 2.5676320792365557
4.382848338589901 2.5676457974563944
4.382848338589901 2.5676457974563944
4.382826422067124 2.5676321786690655
4.382826422067124 2.5676321786690655
4.38284825845478 2.5676457306057388
4.38284825845478 2.5676457306057388
4.3828265484328846 2.567632261564944
4.3828265484328846 2.567632261564944
4.3828482181179504 2.567645710090554
4.3828482181179504 2.567645710090554
4.382826477787668 2.5676323119266407
4.382826477787668 2.5676323119266407
4.382848224809624 2.5676457054597837
4.382848224809624 2.5676457054597837
4.3828266106357345 2.567632168211461
4.3828266106357345 2.567632168211461
4.3828481436380455 2.567645836534564
4.3828481436380455 2.567645836534564
4.382826507612946 2.567632166918006
4.382826507612946 2.567632166918006
4.3828482597530884 2.5676458044691493
4.3828482597530884 2.5676458044691493
4.382826341309513 2.5676322103562654
4.382826341309513 2.5676322103562654
4.3828483121571296 2.5676457914396025
4.3828483121571296 2.5676457914396025
4.3828267378767025 2.5676320568821023
4.3828267378767025 2.5676320568821023
4.3828479751345 2.5676459276259833
4.3828479751345 2.5676459276259833
4.382826779770983 2.5676320522440568
4.382826779770983 2.5676320522440568
4.3828478201491885 2.567645960482432
4.3828478201491885 2.567645960482432
4.382827037491556 2.567632020632911
4.382827037491556 2.567632020632911
4.382848013340674 2.567645852140455
4.382848013340674 2.567645852140455
4.382826885863833 2.5676321488043174
4.382826885863833 2.5676321488043174
4.3828478750471955 2.567645826723698
4.3828478750471955 2.567645826723698
4.382826884808927 2.5676321488809597
4.382826884808927 2.5676321488809597
4.382848100636812 2.5676457428078177
4.382848100636812 2.5676457428078177
4.3828268178015986 2.5676321957151664
4.3828268178015986 2.5676321957151664
4.382847638266183 2.567645800132174
4.382847638266183 2.567645800132174
4.382827264913534 2.5676321730578837
4.382827264913534 2.5676321730578837
4.382847644657902 2.567645817844974
4.382847644657902 2.567645817844974
4.382827088739747 2.5676322471297843
4.382827088739747 2.5676322471297843
4.382847633031335 2.5676457088556535
4.382847633031335 2.5676457088556535
4.382826921860185 2.567632291908496
4.382826921860185 2.567632291908496
4.382847846803154 2.5676456550508893
4.382847846803154 2.5676456550508893
4.382826963731188 2.567632310433102
4.382826963731188 2.567632310433102
4.382848011488958 2.567645611134853
4.382848011488958 2.567645611134853
4.382826874918314 2.567632443625137
4.382826874918314 2.567632443625137
4.382847985458252 2.567645557307907
4.382847985458252 2.567645557307907
4.382826896648508 2.567632333732637
4.382826896648508 2.567632333732637
4.3828480712758955 2.5676456166019945
4.3828480712758955 2.5676456166019945
4.382826792648761 2.567632335364153
4.382826792648761 2.567632335364153
4.382847968497282 2.5676456649018182
4.382847968497282 2.5676456649018182
4.382826842843809 2.5676323005495005
4.382826842843809 2.5676323005495005
4.382847823228395 2.56764566944721
4.382847823228395 2.56764566944721
4.382826999246081 2.567632264316126
4.382826999246081 2.567632264316126
4.382847492347418 2.56764577885774
4.382847492347418 2.56764577885774
4.382827417655926 2.567632188578623
4.382827417655926 2.567632188578623
4.382847297588468 2.5676457948269014
4.382847297588468 2.5676457948269014
4.382827464937046 2.567632179579557
4.382827464937046 2.567632179579557
4.382847264670597 2.567645770777567
4.382847264670597 2.567645770777567
4.382827492878611 2.5676322303823262
4.382827492878611 2.5676322303823262
4.382847335167846 2.56764569904131
4.382847335167846 2.56764569904131
4.382827368908676 2.5676323162703762
4.382827368908676 2.5676323162703762
4.382847400627463 2.567645653840369
4.382847400627463 2.567645653840369
4.3828273490536604 2.5676323537948447
4.3828273490536604 2.5676323537948447
4.38284754493761 2.567645669523867
4.38284754493761 2.567645669523867
4.382827010588823 2.567632354007652
4.382827010588823 2.567632354007652
4.382847806440289 2.5676456067166296
4.382847806440289 2.5676456067166296
4.382827276588917 2.5676322643617664
4.382827276588917 2.5676322643617664
4.382847384774318 2.567645755213714
4.382847384774318 2.567645755213714
4.382827416997984 2.5676322388732475
4.382827416997984 2.5676322388732475
4.382847505321206 2.567645696930119
4.382847505321206 2.567645696930119
4.3828271639212835 2.56763227230972
4.3828271639212835 2.56763227230972
4.382847658589214 2.5676456614547556
4.382847658589214 2.5676456614547556
4.382826938372673 2.567632381905842
4.382826938372673 2.567632381905842
4.3828478887520514 2.5676455480353897
4.3828478887520514 2.5676455480353897
4.382826919048718 2.567632443056358
4.382826919048718 2.567632443056358
4.38284778185905 2.56764559823121
4.38284778185905 2.56764559823121
4.382826927296751 2.5676323906667426
4.382826927296751 2.5676323906667426
4.382847814479749 2.567645670339738
4.382847814479749 2.567645670339738
4.3828271618678825 2.567632251494833
4.3828271618678825 2.567632251494833
4.3828476391876094 2.567645766913589
4.3828476391876094 2.567645766913589
4.382827102571094 2.5676322460567573
4.382827102571094 2.5676322460567573
4.382847550180315 2.5676457791413747
4.382847550180315 2.5676457791413747
4.382827204131502 2.5676322011549435
4.382827204131502 2.5676322011549435
4.3828475435110335 2.5676458301599805
4.3828475435110335 2.5676458301599805
4.382827291630579 2.5676320259961076
4.382827291630579 2.5676320259961076
4.382847373623724 2.567645944120952
4.382847373623724 2.567645944120952
4.3828272964068775 2.5676320229617096
4.3828272964068775 2.5676320229617096
4.3828476389417705 2.567645905049451
4.3828476389417705 2.567645905049451
4.382827456691822 2.567631985824817
4.382827456691822 2.567631985824817
4.382847353020816 2.567646004100524
4.382847353020816 2.567646004100524
4.3828274141502135 2.5676320602847733
4.3828274141502135 2.5676320602847733
4.382847377952082 2.567645985418182
4.382847377952082 2.567645985418182
4.382827605012062 2.567631913979883
4.382827605012062 2.567631913979883
4.38284714562876 2.5676460905079552
4.38284714562876 2.5676460905079552
4.382827691759615 2.5676319264858574
4.382827691759615 2.5676319264858574
4.382847073494187 2.567646068239533
4.382847073494187 2.567646068239533
4.382827689604583 2.5676318614685547
4.382827689604583 2.5676318614685547
4.382847011620379 2.5676461310343095
4.382847011620379 2.5676461310343095
4.382827694738973 2.567631856634346
4.382827694738973 2.567631856634346
4.382847131587037 2.5676460980721214
4.382847131587037 2.5676460980721214
4.382827588303893 2.567631879979456
4.382827588303893 2.567631879979456
4.382847239560394 2.567646074852587
4.382847239560394 2.567646074852587
4.382827372038938 2.5676319060214854
4.382827372038938 2.5676319060214854
4.38284743601719 2.5676460850103546
4.38284743601719 2.5676460850103546
4.382827270140919 2.5676319032324524
4.382827270140919 2.5676319032324524
4.382847378661349 2.5676461220986875
4.382847378661349 2.5676461220986875
4.382827376031714 2.56763188027442
4.382827376031714 2.56763188027442
4.382847539048627 2.5676461096916205
4.382847539048627 2.5676461096916205
4.382827234179881 2.5676318563836813
4.382827234179881 2.5676318563836813
4.382847435292915 2.56764608638498
4.382847435292915 2.56764608638498
4.38282710138404 2.567631944233725
4.38282710138404 2.567631944233725
4.382847633971001 2.5676459766328885
4.382847633971001 2.5676459766328885
4.382827006180417 2.567631913955215
4.382827006180417 2.567631913955215
4.382848027761958 2.5676460201780604
4.382848027761958 2.5676460201780604
4.382826804110287 2.567631882744728
4.382826804110287 2.567631882744728
4.382847842353756 2.567646144998098
4.382847842353756 2.567646144998098
4.382826789263551 2.5676318936665394
4.382826789263551 2.5676318936665394
4.3828482458851035 2.567646040250967
4.3828482458851035 2.567646040250967
4.382826593284189 2.5676318567530263
4.382826593284189 2.5676318567530263
4.382848108048273 2.5676461585631647
4.382848108048273 2.5676461585631647
4.382826743023824 2.5676318291617135
4.382826743023824 2.5676318291617135
4.382847958723848 2.567646161888593
4.382847958723848 2.567646161888593
4.38282687310051 2.5676317410207212
4.38282687310051 2.5676317410207212
4.382847706584055 2.56764632905292
4.382847706584055 2.56764632905292
4.382827322326906 2.5676316354089925
4.382827322326906 2.5676316354089925
4.3828474098487415 2.5676463103242106
4.3828474098487415 2.5676463103242106
4.382827397759239 2.567631702917789
4.382827397759239 2.567631702917789
4.382847272600382 2.56764635476637
4.382847272600382 2.56764635476637
4.382827454461869 2.567631666930045
4.382827454461869 2.567631666930045
4.3828477425114185 2.5676462584217625
4.3828477425114185 2.5676462584217625
4.382827015601239 2.56763169550843
4.382827015601239 2.56763169550843
4.382847900082842 2.5676462741657633
4.382847900082842 2.5676462741657633
4.382826904899476 2.5676317433169813
4.382826904899476 2.5676317433169813
4.382848146045223 2.5676461098912102
4.382848146045223 2.5676461098912102
4.382826644515686 2.5676317478391573
4.382826644515686 2.5676317478391573
4.3828481661749095 2.567646243282807
4.3828481661749095 2.567646243282807
4.382826578649095 2.5676317439444745
4.382826578649095 2.5676317439444745
4.382848079131826 2.5676462265918336
4.382848079131826 2.5676462265918336
4.382826889480173 2.567631755763438
4.382826889480173 2.567631755763438
4.382847869915148 2.567646243035534
4.382847869915148 2.567646243035534
4.382826891257756 2.5676317309367107
4.382826891257756 2.5676317309367107
4.382847757887509 2.567646246584443
4.382847757887509 2.567646246584443
4.382826912485505 2.5676316922407585
4.382826912485505 2.5676316922407585
4.38284785199471 2.5676462562311118
4.38284785199471 2.5676462562311118
4.382826808395932 2.5676316892971585
4.382826808395932 2.5676316892971585
4.382847848000691 2.5676463302579693
4.382847848000691 2.5676463302579693
4.382826669122283 2.5676317106497315
4.382826669122283 2.5676317106497315
4.382848070583185 2.567646156969792
4.382848070583185 2.567646156969792
4.382826689891954 2.5676318179290356
4.382826689891954 2.5676318179290356
4.382848077040096 2.5676461290069788
4.382848077040096 2.5676461290069788
4.382826570894608 2.5676318503027984
4.382826570894608 2.5676318503027984
4.382848259478186 2.567646251291828
4.382848259478186 2.567646251291828
4.382826501534392 2.5676317477438677
4.382826501534392 2.5676317477438677
4.382848192539494 2.567646296413804
4.382848192539494 2.567646296413804
4.382826616483673 2.5676316709340288
4.382826616483673 2.5676316709340288
4.382848034084243 2.5676463287830504
4.382848034084243 2.5676463287830504
4.382826989518131 2.5676315203732143
4.382826989518131 2.5676315203732143
4.382847688218256 2.5676464126703293
4.382847688218256 2.5676464126703293
4.382827193301996 2.5676315307365476
4.382827193301996 2.5676315307365476
4.382847727653951 2.567646458990114
4.382847727653951 2.567646458990114
4.382827214036408 2.567631469667085
4.382827214036408 2.567631469667085
4.382847714673735 2.567646491746728
4.382847714673735 2.567646491746728
4.382827053381991 2.567631454330466
4.382827053381991 2.567631454330466
4.382847754555784 2.5676465372602992
4.382847754555784 2.5676465372602992
4.382827062845711 2.5676314023090443
4.382827062845711 2.5676314023090443
4.382847714781498 2.56764653752936
4.382847714781498 2.56764653752936
4.382827099829047 2.5676314491771253
4.382827099829047 2.5676314491771253
4.382847727746046 2.5676465053594497
4.382847727746046 2.5676465053594497
4.38282709379904 2.567631453368305
4.38282709379904 2.567631453368305
4.382847722988893 2.5676465103767607
4.382847722988893 2.5676465103767607
4.38282707144031 2.5676315141810173
4.38282707144031 2.5676315141810173
4.382847810994423 2.5676464528383933
4.382847810994423 2.5676464528383933
4.382826779158329 2.567631537450675
4.382826779158329 2.567631537450675
4.382847854780195 2.5676465196772282
4.382847854780195 2.5676465196772282
4.382826947880431 2.5676314771087947
4.382826947880431 2.5676314771087947
4.382848298052302 2.567646322879302
4.382848298052302 2.567646322879302
4.382826696067149 2.5676315706988952
4.382826696067149 2.5676315706988952
4.382848053730517 2.5676464364692895
4.382848053730517 2.5676464364692895
4.382826707349419 2.567631538030372
4.382826707349419 2.567631538030372
4.382848297052747 2.5676463722065352
4.382848297052747 2.5676463722065352
4.382826480206951 2.5676315661409
4.382826480206951 2.5676315661409
4.382848427981613 2.5676462843361394
4.382848427981613 2.5676462843361394
4.382826383730173 2.567631681788771
4.382826383730173 2.567631681788771
4.382848658709007 2.567646252302603
4.382848658709007 2.567646252302603
4.382826087730525 2.5676317587841453
4.382826087730525 2.5676317587841453
4.38284867705328 2.567646212808241
4.38284867705328 2.567646212808241
4.382826028431594 2.567631724357997
4.382826028431594 2.567631724357997
4.382848960917465 2.5676462207875073
4.382848960917465 2.5676462207875073
4.382825868566405 2.567631681047739
4.382825868566405 2.567631681047739
4.382849055172548 2.567646100880268
4.382849055172548 2.567646100880268
4.382825831613138 2.5676317851594157
4.382825831613138 2.5676317851594157
4.3828489608686665 2.5676460892962774
4.3828489608686665 2.5676460892962774
4.382825741144817 2.5676319018761364
4.382825741144817 2.5676319018761364
4.382849110645073 2.56764614042953
4.382849110645073 2.56764614042953
4.38282530754858 2.567631922361068
4.38282530754858 2.567631922361068
4.3828495128296705 2.5676460367296676
4.3828495128296705 2.5676460367296676
4.38282532595736 2.567631827533775
4.38282532595736 2.567631827533775
4.382849436905455 2.5676461464098486
4.382849436905455 2.5676461464098486
4.382825085932087 2.567631921382047
4.382825085932087 2.567631921382047
4.382849573555721 2.5676460464878628
4.382849573555721 2.5676460464878628
4.382825384848608 2.5676319736793918
4.382825384848608 2.5676319736793918
4.382849305750626 2.567646080017179
4.382849305750626 2.567646080017179
4.3828255249776475 2.5676318177103137
4.3828255249776475 2.5676318177103137
4.382849343626774 2.5676461605782226
4.382849343626774 2.5676461605782226
4.382825490867115 2.567631735328845
4.382825490867115 2.567631735328845
4.382849326080121 2.567646226487152
4.382849326080121 2.567646226487152
4.382825243806983 2.567631859446867
4.382825243806983 2.567631859446867
4.382849634813468 2.567646084839296
4.382849634813468 2.567646084839296
4.382825180357527 2.567631878151249
4.382825180357527 2.567631878151249
4.382849495733374 2.56764602374182
4.382849495733374 2.56764602374182
4.382825053862516 2.567631943657057
4.382825053862516 2.567631943657057
4.3828496546143105 2.5676460438924757
4.3828496546143105 2.5676460438924757
4.382825215718754 2.5676319057078545
4.382825215718754 2.5676319057078545
4.382849595775309 2.567646087120417
4.382849595775309 2.567646087120417
4.382825161725689 2.5676318913307496
4.382825161725689 2.5676318913307496
4.382849658164895 2.5676460678276447
4.382849658164895 2.5676460678276447
4.3828251089806685 2.567631876538436
4.3828251089806685 2.567631876538436
4.382849590982005 2.5676461438364693
4.382849590982005 2.5676461438364693
4.382825239649307 2.5676317534937696
4.382825239649307 2.5676317534937696
4.382849465305905 2.5676462344900615
4.382849465305905 2.5676462344900615
4.382825348996878 2.567631729614952
4.382825348996878 2.567631729614952
4.382849434738653 2.5676463640170795
4.382849434738653 2.5676463640170795
4.382825391952731 2.5676315645797376
4.382825391952731 2.5676315645797376
4.382849662990719 2.567646336166692
4.382849662990719 2.567646336166692
4.382825327409608 2.5676315840333377
4.382825327409608 2.5676315840333377
4.382849426030517 2.567646423955958
4.382849426030517 2.567646423955958
4.382825377813261 2.5676315738861946
4.382825377813261 2.5676315738861946
4.382849619655528 2.567646341749542
4.382849619655528 2.567646341749542
4.38282501167307 2.567631698805523
4.38282501167307 2.567631698805523
4.38284981404152 2.5676464507432395
4.38284981404152 2.5676464507432395
4.382825042884707 2.5676315662520204
4.382825042884707 2.5676315662520204
4.382849700628045 2.5676464759920017
4.382849700628045 2.5676464759920017
4.382825064652776 2.567631468057224
4.382825064652776 2.567631468057224
4.382849624238099 2.5676465581819237
4.382849624238099 2.5676465581819237
4.382825615168684 2.5676313001244395
4.382825615168684 2.5676313001244395
4.382848904440373 2.5676467321821836
4.382848904440373 2.5676467321821836
4.38282591524484 2.5676312281240286
4.38282591524484 2.5676312281240286
4.382848720735362 2.56764680432316
4.382848720735362 2.56764680432316
4.382825765249297 2.567631303240356
4.382825765249297 2.567631303240356
4.382848831962477 2.5676466504164126
4.382848831962477 2.5676466504164126
4.382826023878546 2.567631338639713
4.382826023878546 2.567631338639713
4.3828487408709105 2.5676466324519955
4.3828487408709105 2.5676466324519955
4.382825933571214 2.5676314271617953
4.382825933571214 2.5676314271617953
4.382849100022579 2.5676463845504363
4.382849100022579 2.5676463845504363
4.38282568248164 2.567631495842368
4.38282568248164 2.567631495842368
4.382849110991307 2.5676463758337764
4.382849110991307 2.5676463758337764
4.382825817048915 2.5676315879323357
4.382825817048915 2.5676315879323357
4.3828490524696075 2.5676463900457995
4.3828490524696075 2.5676463900457995
4.382825655333948 2.5676315688145688
4.382825655333948 2.5676315688145688
4.3828490713314725 2.567646349920609
4.3828490713314725 2.567646349920609
4.382825694181826 2.5676315948347255
4.382825694181826 2.5676315948347255
4.382849162427656 2.5676464191223256
4.382849162427656 2.5676464191223256
4.382825609162052 2.5676315214891745
4.382825609162052 2.5676315214891745
4.382849082154541 2.5676465013669025
4.382849082154541 2.5676465013669025
4.382825437077639 2.5676315350061385
4.382825437077639 2.5676315350061385
4.38284950087952 2.5676463953597084
4.38284950087952 2.5676463953597084
4.3828252539130865 2.5676315839023407
4.3828252539130865 2.5676315839023407
4.382849419162332 2.5676465074883463
4.382849419162332 2.5676465074883463
4.382825553405619 2.567631507778349
4.382825553405619 2.567631507778349
4.382849129346535 2.5676465482019393
4.382849129346535 2.5676465482019393
4.38282559901131 2.5676315288778233
4.38282559901131 2.5676315288778233
4.382849189220373 2.5676463462411094
4.382849189220373 2.5676463462411094
4.382825630445701 2.567631587069868
4.382825630445701 2.567631587069868
4.382849154831719 2.567646503109131
4.382849154831719 2.567646503109131
4.382825950336667 2.5676314196171157
4.382825950336667 2.5676314196171157
4.382849168327846 2.5676464930429925
4.382849168327846 2.5676464930429925
4.382825585358271 2.5676314878085296
4.382825585358271 2.5676314878085296
4.382849242687185 2.5676464402599413
4.382849242687185 2.5676464402599413
4.38282539328249 2.5676315689398526
4.38282539328249 2.5676315689398526
4.382849268420977 2.567646368364284
4.382849268420977 2.567646368364284
4.382825418148124 2.567631658777265
4.382825418148124 2.567631658777265
4.382849636179321 2.567646241140231
4.382849636179321 2.567646241140231
4.3828251963988984 2.5676316560067995
4.3828251963988984 2.5676316560067995
4.382849237483292 2.5676463352352745
4.382849237483292 2.5676463352352745
4.382825596636764 2.5676315614677385
4.382825596636764 2.5676315614677385
4.382849278692234 2.567646387131488
4.382849278692234 2.567646387131488
4.382825411855333 2.5676316374958708
4.382825411855333 2.5676316374958708
4.382849525504269 2.56764629298819
4.382849525504269 2.56764629298819
4.382825420617602 2.567631576440026
4.382825420617602 2.567631576440026
4.382849337574544 2.567646398592214
4.382849337574544 2.567646398592214
4.382825262527609 2.5676315545467614
4.382825262527609 2.5676315545467614
4.3828494467424655 2.567646402509031
4.3828494467424655 2.567646402509031
4.382825549168853 2.567631488139221
4.382825549168853 2.567631488139221
4.382849342535095 2.5676464214321104
4.382849342535095 2.5676464214321104
4.382825430397572 2.5676314900765194
4.382825430397572 2.5676314900765194
4.382849686854954 2.567646394883647
4.382849686854954 2.567646394883647
4.382825152314062 2.567631468863198
4.382825152314062 2.567631468863198
4.382849682973111 2.5676466462094254
4.382849682973111 2.5676466462094254
4.382825104647427 2.567631420020811
4.382825104647427 2.567631420020811
4.382849606341015 2.567646533665386
4.382849606341015 2.567646533665386
4.382825082387255 2.5676314918775462
4.382825082387255 2.5676314918775462
4.382849918665609 2.567646422018296
4.382849918665609 2.567646422018296
4.382824905633653 2.5676315068660447
4.382824905633653 2.5676315068660447
4.3828498023305285 2.5676464487025346
4.3828498023305285 2.5676464487025346
4.3828253560728045 2.567631464107272
4.3828253560728045 2.567631464107272
4.382849353258523 2.567646519439706
4.382849353258523 2.567646519439706
4.382825525289464 2.5676314266215745
4.382825525289464 2.5676314266215745
4.382849184450966 2.56764655647933
4.382849184450966 2.56764655647933
4.382825651116472 2.567631340077825
4.382825651116472 2.567631340077825
4.382848981492893 2.5676466939820073
4.382848981492893 2.5676466939820073
4.382825912605853 2.56763140000531
4.382825912605853 2.56763140000531
4.382848708677675 2.5676466700441285
4.382848708677675 2.5676466700441285
4.382826190113264 2.5676312121361207
4.382826190113264 2.5676312121361207
4.382848629482303 2.567646749362142
4.382848629482303 2.567646749362142
4.382826297045479 2.5676312173618236
4.382826297045479 2.5676312173618236
4.3828484083166055 2.567646767074492
4.3828484083166055 2.567646767074492
4.38282640237502 2.567631200515663
4.38282640237502 2.567631200515663
4.382848420951306 2.5676467835423455
4.382848420951306 2.5676467835423455
4.382826414796693 2.5676311153595894
4.382826414796693 2.5676311153595894
4.38284842223531 2.5676468084906174
4.38284842223531 2.5676468084906174
4.382826139999389 2.5676312212475088
4.382826139999389 2.5676312212475088
4.382848702208924 2.5676466720548095
4.382848702208924 2.5676466720548095
4.382826003371952 2.567631287568053
4.382826003371952 2.567631287568053
4.382848928522793 2.567646649313744
4.382848928522793 2.567646649313744
4.38282593491847 2.567631333668473
4.38282593491847 2.567631333668473
4.38284871850624 2.5676466355428804
4.38284871850624 2.5676466355428804
4.382826093978237 2.567631355348678
4.382826093978237 2.567631355348678
4.382848898516252 2.5676465916302176
4.382848898516252 2.5676465916302176
4.382825850930587 2.5676313902747765
4.382825850930587 2.5676313902747765
4.382848844678408 2.567646627636483
4.382848844678408 2.567646627636483
4.382826106148434 2.567631270210514
4.382826106148434 2.567631270210514
4.38284873581526 2.5676466236099547
4.38284873581526 2.5676466236099547
4.38282624214142 2.5676313595459406
4.38282624214142 2.5676313595459406
4.382848515683599 2.567646641396258
4.382848515683599 2.567646641396258
4.382826165675212 2.5676313867458274
4.382826165675212 2.5676313867458274
4.382848530215945 2.567646605853726
4.382848530215945 2.567646605853726
4.382826228804733 2.5676313457794464
4.382826228804733 2.5676313457794464
4.382848544623092 2.5676465704946616
4.382848544623092 2.5676465704946616
4.3828261983227685 2.5676314415008066
4.3828261983227685 2.5676314415008066
4.3828484217000785 2.5676466277362118
4.3828484217000785 2.5676466277362118
4.3828262954835 2.5676313238923076
4.3828262954835 2.5676313238923076
4.382848449907406 2.567646661829956
4.382848449907406 2.567646661829956
4.3828262981843045 2.567631320925165
4.3828262981843045 2.567631320925165
4.382848637729897 2.5676465875155814
4.382848637729897 2.5676465875155814
4.382826209828412 2.56763143214857
4.382826209828412 2.56763143214857
4.382848488516683 2.567646583788805
4.382848488516683 2.567646583788805
4.382826104231508 2.567631376015693
4.382826104231508 2.567631376015693
4.382848782758399 2.5676465642434296
4.382848782758399 2.5676465642434296
4.382825780900689 2.5676314941365286
4.382825780900689 2.5676314941365286
4.382849209766542 2.567646453520982
4.382849209766542 2.567646453520982
4.382825548916022 2.5676315230163924
4.382825548916022 2.5676315230163924
4.382849288202483 2.5676463725408394
4.382849288202483 2.5676463725408394
4.382825579743234 2.567631580486365
4.382825579743234 2.567631580486365
4.382849177755071 2.567646423774863
4.382849177755071 2.567646423774863
4.382825598429884 2.56763148800631
4.382825598429884 2.56763148800631
4.382849076814875 2.5676464132380508
4.382849076814875 2.5676464132380508
4.382825533518483 2.5676315076255714
4.382825533518483 2.5676315076255714
4.382849295897457 2.5676464204002096
4.382849295897457 2.5676464204002096
4.382825424919438 2.567631502246238
4.382825424919438 2.567631502246238
4.382849453244334 2.5676464433555832
4.382849453244334 2.5676464433555832
4.382825617347358 2.567631421957398
4.382825617347358 2.567631421957398
4.382849199801125 2.567646567161714
4.382849199801125 2.567646567161714
4.382825347683764 2.5676313393902426
4.382825347683764 2.5676313393902426
4.382849526453192 2.567646638496352
4.382849526453192 2.567646638496352
4.3828251248149686 2.5676313028837496
4.3828251248149686 2.5676313028837496
4.382849928085432 2.567646632549497
4.382849928085432 2.567646632549497
4.382825021751345 2.5676312640890804
4.382825021751345 2.5676312640890804
4.3828497362103755 2.5676467117137807
4.3828497362103755 2.5676467117137807
4.3828249721630295 2.567631244083343
4.3828249721630295 2.567631244083343
4.382849839770484 2.567646750201858
4.382849839770484 2.567646750201858
4.382825050232368 2.5676311615115077
4.382825050232368 2.5676311615115077
4.382849834038017 2.5676467826406872
4.382849834038017 2.5676467826406872
4.382825154093851 2.56763117320237
4.382825154093851 2.56763117320237
4.382849405268067 2.5676469115591685
4.382849405268067 2.5676469115591685
4.382825233768968 2.5676310633222883
4.382825233768968 2.5676310633222883
4.382849378823838 2.5676470117128933
4.382849378823838 2.5676470117128933
4.382825370407448 2.567630970520178
4.382825370407448 2.567630970520178
4.382849312861233 2.5676470561138927
4.382849312861233 2.5676470561138927
4.382825355388172 2.5676310080183904
4.382825355388172 2.5676310080183904
4.382849442672063 2.567646831385704
4.382849442672063 2.567646831385704
4.382825305376857 2.567631178233493
4.382825305376857 2.567631178233493
4.382849538144505 2.567646711490698
4.382849538144505 2.567646711490698
4.3828252542162875 2.5676313240528197
4.3828252542162875 2.5676313240528197
4.3828494643867595 2.5676465974539546
4.3828494643867595 2.5676465974539546
4.382825263857207 2.567631290920468
4.382825263857207 2.567631290920468
4.3828494692713615 2.567646784828025
4.3828494692713615 2.567646784828025
4.382825436388124 2.567631253249618
4.382825436388124 2.567631253249618
4.382849436572141 2.5676467256377253
4.382849436572141 2.5676467256377253
4.382825087887536 2.5676312756223036
4.382825087887536 2.5676312756223036
4.38284980627796 2.5676466321964906
4.38284980627796 2.5676466321964906
4.382825090993993 2.5676312462118274
4.382825090993993 2.5676312462118274
4.382850090299817 2.567646654562186
4.382850090299817 2.567646654562186
4.382824665644268 2.567631323764004
4.382824665644268 2.567631323764004
4.382850278174335 2.567646604649303
4.382850278174335 2.567646604649303
4.38282454871451 2.567631323038145
4.38282454871451 2.567631323038145
4.382850165924339 2.5676468273773696
4.382850165924339 2.5676468273773696
4.382824658388282 2.5676311021037734
4.382824658388282 2.5676311021037734
4.382849901635391 2.5676467570669224
4.382849901635391 2.5676467570669224
4.38282456855291 2.567631224665225
4.38282456855291 2.567631224665225
4.382850428023737 2.567646724373706
4.382850428023737 2.567646724373706
4.382824426851422 2.5676310953461923
4.382824426851422 2.5676310953461923
4.38285033472906 2.5676468777970203
4.38285033472906 2.5676468777970203
4.38282433597126 2.567631189807089
4.38282433597126 2.567631189807089
4.382850372178052 2.5676467638067306
4.382850372178052 2.5676467638067306
4.382824475936313 2.5676310900488435
4.382824475936313 2.5676310900488435
4.3828503557915495 2.567646833872774
4.3828503557915495 2.567646833872774
4.382824274412099 2.5676311757452646
4.382824274412099 2.5676311757452646
4.3828507250484465 2.5676467728134904
4.3828507250484465 2.5676467728134904
4.382824154972088 2.5676311747161242
4.382824154972088 2.5676311747161242
4.382850586901281 2.5676468722963293
4.382850586901281 2.5676468722963293
4.38282428350542 2.567631110982978
4.38282428350542 2.567631110982978
4.382850530098756 2.567646884132773
4.382850530098756 2.567646884132773
4.382824307638927 2.567631005867109
4.382824307638927 2.567631005867109
4.382850699226986 2.5676469396702317
4.382850699226986 2.5676469396702317
4.382824246344003 2.567630990799775
4.382824246344003 2.567630990799775
4.382850543210989 2.567646872888866
4.382850543210989 2.567646872888866
4.382824139934623 2.5676311572272543
4.382824139934623 2.5676311572272543
4.382850789188318 2.5676468427543195
4.382850789188318 2.5676468427543195
4.3828241005913275 2.5676310676029046
4.3828241005913275 2.5676310676029046
4.382850659814315 2.5676469065224308
4.382850659814315 2.5676469065224308
4.382824066681345 2.567631182036931
4.382824066681345 2.567631182036931
4.382851075433227 2.567646661286198
4.382851075433227 2.567646661286198
4.38282381481554 2.5676312477438215
4.38282381481554 2.5676312477438215
4.382851277400772 2.567646538616477
4.382851277400772 2.567646538616477
4.382823504403331 2.5676312961056382
4.382823504403331 2.5676312961056382
4.382851060118118 2.5676467635766946
4.382851060118118 2.5676467635766946
4.382823624492273 2.56763126765263
4.382823624492273 2.56763126765263
4.382851030533332 2.5676466639355553
4.382851030533332 2.5676466639355553
4.382823731347714 2.5676312783931374
4.382823731347714 2.5676312783931374
4.38285097769992 2.567646674583112
4.38285097769992 2.567646674583112
4.38282378827047 2.5676312657744917
4.38282378827047 2.5676312657744917
4.382851073415835 2.5676467867489565
4.382851073415835 2.5676467867489565
4.382823627467599 2.5676311708168136
4.382823627467599 2.5676311708168136
4.382851062011331 2.5676468557797674
4.382851062011331 2.5676468557797674
4.382823773661107 2.5676310327361764
4.382823773661107 2.5676310327361764
4.382850967659628 2.5676470156123194
4.382850967659628 2.5676470156123194
4.3828238486446605 2.5676309481901924
4.3828238486446605 2.5676309481901924
4.382850801249562 2.567646984621569
4.382850801249562 2.567646984621569
4.382823779369441 2.5676309686336785
4.382823779369441 2.5676309686336785
4.382850979512927 2.5676470053860445
4.382850979512927 2.5676470053860445
4.382823781788535 2.567630936602101
4.382823781788535 2.567630936602101
4.382851234248289 2.5676469734736256
4.382851234248289 2.5676469734736256
4.382823547607763 2.5676308919291078
4.382823547607763 2.5676308919291078
4.382850833765877 2.5676471415387185
4.382850833765877 2.5676471415387185
4.382823859269916 2.567630851392422
4.382823859269916 2.567630851392422
4.382850864123791 2.567647027340778
4.382850864123791 2.567647027340778
4.382823870748218 2.5676310254974677
4.382823870748218 2.5676310254974677
4.382850887910897 2.5676469491311726
4.382850887910897 2.5676469491311726
4.382823919001905 2.5676310512860603
4.382823919001905 2.5676310512860603
4.382850820835392 2.5676469976430614
4.382850820835392 2.5676469976430614
4.382823823873859 2.5676309386640472
4.382823823873859 2.5676309386640472
4.382850891005219 2.5676469774471964
4.382850891005219 2.5676469774471964
4.3828240092296555 2.5676308960573757
4.3828240092296555 2.5676308960573757
4.382850763134479 2.5676470395090796
4.382850763134479 2.5676470395090796
4.382824311181107 2.5676308596509876
4.382824311181107 2.5676308596509876
4.382850478812033 2.567647211055133
4.382850478812033 2.567647211055133
4.382824232735544 2.5676307069062054
4.382824232735544 2.5676307069062054
4.382850565386777 2.567647121858469
4.382850565386777 2.567647121858469
4.382824196510544 2.567630820594561
4.382824196510544 2.567630820594561
4.382850598716751 2.5676472478552665
4.382850598716751 2.5676472478552665
4.382824024812954 2.567630762589238
4.382824024812954 2.567630762589238
4.38285074195698 2.567647176167578
4.38285074195698 2.567647176167578
4.382824265890876 2.567630771768197
4.382824265890876 2.567630771768197
4.382850236350104 2.5676472350476476
4.382850236350104 2.5676472350476476
4.382824429607036 2.5676308338156923
4.382824429607036 2.5676308338156923
4.382850700329416 2.567647115947627
4.382850700329416 2.567647115947627
4.382823942451749 2.567630821710658
4.382823942451749 2.567630821710658
4.382850573064775 2.567647146119817
4.382850573064775 2.567647146119817
4.38282411719726 2.567630847944842
4.38282411719726 2.567630847944842
4.382850729257101 2.5676470341719524
4.382850729257101 2.5676470341719524
4.382823712678335 2.5676309886174176
4.382823712678335 2.5676309886174176
4.382851164112472 2.5676469912065056
4.382851164112472 2.5676469912065056
4.382823708533924 2.5676309926027443
4.382823708533924 2.5676309926027443
4.382850904659825 2.5676470880303657
4.382850904659825 2.5676470880303657
4.382823923344832 2.5676308374941508
4.382823923344832 2.5676308374941508
4.382850950112161 2.5676469334200642
4.382850950112161 2.5676469334200642
4.382823803791776 2.56763104572006
4.382823803791776 2.56763104572006
4.382850910790025 2.5676471138108536
4.382850910790025 2.5676471138108536
4.382823896711185 2.567630887066832
4.382823896711185 2.567630887066832
4.382850581552753 2.567647227079823
4.382850581552753 2.567647227079823
4.382824238806558 2.5676307342862748
4.382824238806558 2.5676307342862748
4.382850582661313 2.567647225173395
4.382850582661313 2.567647225173395
4.38282430793296 2.567630687028882
4.38282430793296 2.567630687028882
4.382850555311726 2.5676473637837147
4.382850555311726 2.5676473637837147
4.382824084007361 2.5676305745645105
4.382824084007361 2.5676305745645105
4.382850695561551 2.567647325497172
4.382850695561551 2.567647325497172
4.382824010557894 2.567630595916424
4.382824010557894 2.567630595916424
4.382850928373716 2.5676474037758235
4.382850928373716 2.5676474037758235
4.382823529804352 2.567630505915352
4.382823529804352 2.567630505915352
4.38285121714551 2.5676475079423264
4.38285121714551 2.5676475079423264
4.3828234128355845 2.5676304637804637
4.3828234128355845 2.5676304637804637
4.3828513370225295 2.5676475475197913
4.3828513370225295 2.5676475475197913
4.38282347967449 2.567630416585165
4.38282347967449 2.567630416585165
4.382851744556308 2.5676474776430935
4.382851744556308 2.5676474776430935
4.382822920303286 2.567630597675424
4.382822920303286 2.567630597675424
4.382852056372657 2.56764724821556
4.382852056372657 2.56764724821556
4.382822666196725 2.5676308527103053
4.382822666196725 2.5676308527103053
4.382852022969581 2.5676471426656824
4.382852022969581 2.5676471426656824
4.382822668271735 2.567630851189508
4.382822668271735 2.567630851189508
4.3828522377941965 2.567647011837029
4.3828522377941965 2.567647011837029
4.3828225609570115 2.567631064913209
4.3828225609570115 2.567631064913209
4.382852286487003 2.567646809112546
4.382852286487003 2.567646809112546
4.3828225893817185 2.5676311411632367
4.3828225893817185 2.5676311411632367
4.382851982209264 2.567646847591693
4.382851982209264 2.567646847591693
4.382822779582886 2.567631093127756
4.382822779582886 2.567631093127756
4.382852066720838 2.567646783050229
4.382852066720838 2.567646783050229
4.382822745738921 2.5676311828331735
4.382822745738921 2.5676311828331735
4.382852073589181 2.5676467781243577
4.382852073589181 2.5676467781243577
4.3828228051381 2.5676312017717353
4.3828228051381 2.5676312017717353
4.382851984086955 2.567646620349305
4.382851984086955 2.567646620349305
4.382822525052173 2.5676314217320018
4.382822525052173 2.5676314217320018
4.38285232975366 2.5676465417024987
4.38285232975366 2.5676465417024987
4.3828224226548675 2.567631439800136
4.3828224226548675 2.567631439800136
4.382852433305723 2.567646623280388
4.382852433305723 2.567646623280388
4.382822083358907 2.567631378762794
4.382822083358907 2.567631378762794
4.382852696421781 2.5676465822230217
4.382852696421781 2.5676465822230217
4.382821996886783 2.5676314482413716
4.382821996886783 2.5676314482413716
4.382852771729395 2.567646520630113
4.382852771729395 2.567646520630113
4.382822078149182 2.56763154924283
4.382822078149182 2.56763154924283
4.382852550453976 2.5676463969642693
4.382852550453976 2.5676463969642693
4.382822380721741 2.5676315729265524
4.382822380721741 2.5676315729265524
4.382852323475143 2.5676463476984335
4.382852323475143 2.5676463476984335
4.382822479835908 2.5676316923058136
4.382822479835908 2.5676316923058136
4.382852218456162 2.5676463328570946
4.382852218456162 2.5676463328570946
4.3828226876085425 2.5676316863282036
4.3828226876085425 2.5676316863282036
4.382852011245369 2.567646306152118
4.382852011245369 2.567646306152118
4.382822695685211 2.5676317132828816
4.382822695685211 2.5676317132828816
4.382852080223522 2.567646184610352
4.382852080223522 2.567646184610352
4.382822815921244 2.567631616176624
4.382822815921244 2.567631616176624
4.382852116812559 2.567646350280846
4.382852116812559 2.567646350280846
4.3828227259174435 2.567631495128348
4.3828227259174435 2.567631495128348
4.382852159497818 2.567646445129487
4.382852159497818 2.567646445129487
4.382822760995811 2.567631531832669
4.382822760995811 2.567631531832669
4.382851795658324 2.567646570259812
4.382851795658324 2.567646570259812
4.382823092621415 2.5676313701979505
4.382823092621415 2.5676313701979505
4.382851766492557 2.567646654615517
4.382851766492557 2.567646654615517
4.382822978975647 2.5676313944474356
4.382822978975647 2.5676313944474356
4.382851785452908 2.567646576867175
4.382851785452908 2.567646576867175
4.382823016100945 2.567631461635068
4.382823016100945 2.567631461635068
4.3828520489680605 2.567646466575546
4.3828520489680605 2.567646466575546
4.382822714836128 2.5676314740322366
4.382822714836128 2.5676314740322366
4.382852091092262 2.5676465619430875
4.382852091092262 2.5676465619430875
4.382822891257344 2.5676314321841276
4.382822891257344 2.5676314321841276
4.382851964415064 2.5676466282923562
4.382851964415064 2.5676466282923562
4.382822805833193 2.5676313069909797
4.382822805833193 2.5676313069909797
4.382852376687709 2.567646597711823
4.382852376687709 2.567646597711823
4.38282256870389 2.5676313304450664
4.38282256870389 2.5676313304450664
4.382852205335249 2.5676465669454016
4.382852205335249 2.5676465669454016
4.382822404859678 2.567631527519901
4.382822404859678 2.567631527519901
4.382852362349591 2.56764640928177
4.382852362349591 2.56764640928177
4.3828222808897594 2.5676315616709
4.3828222808897594 2.5676315616709
4.382852543491133 2.567646361077451
4.382852543491133 2.567646361077451
4.382822547957242 2.567631414144106
4.382822547957242 2.567631414144106
4.382852167478078 2.567646531319211
4.382852167478078 2.567646531319211
4.382822472434247 2.5676314074045385
4.382822472434247 2.5676314074045385
4.382852331906505 2.567646563807703
4.382852331906505 2.567646563807703
4.382822356437319 2.567631334289156
4.382822356437319 2.567631334289156
4.382852468879221 2.5676466207998465
4.382852468879221 2.5676466207998465
4.38282234331229 2.5676313787743332
4.38282234331229 2.5676313787743332
4.38285242055474 2.567646558633072
4.38285242055474 2.567646558633072
4.382822622444835 2.567631421222505
4.382822622444835 2.567631421222505
4.382852254024675 2.567646593069498
4.382852254024675 2.567646593069498
4.382822637384996 2.5676313443693015
4.382822637384996 2.5676313443693015
4.382852189490604 2.567646610546605
4.382852189490604 2.567646610546605
4.382822731379261 2.5676314332106855
4.382822731379261 2.5676314332106855
4.38285198321693 2.56764654603158
4.38285198321693 2.56764654603158
4.382822769727546 2.5676314683380905
4.382822769727546 2.5676314683380905
4.382851816633454 2.567646514595591
4.382851816633454 2.567646514595591
4.382823065868171 2.567631397051165
4.382823065868171 2.567631397051165
4.382851872079333 2.567646567881695
4.382851872079333 2.567646567881695
4.382822897456828 2.5676313676064613
4.382822897456828 2.5676313676064613
4.382851561001792 2.5676466809979774
4.382851561001792 2.5676466809979774
4.38282331501587 2.5676312682181086
4.38282331501587 2.5676312682181086
4.382851379049143 2.5676467254769366
4.382851379049143 2.5676467254769366
4.382823264005861 2.567631212269412
4.382823264005861 2.567631212269412
4.382851508239932 2.567646690559971
4.382851508239932 2.567646690559971
4.382823230959964 2.567631362985777
4.382823230959964 2.567631362985777
4.382851159680035 2.567646705238239
4.382851159680035 2.567646705238239
4.382823530448829 2.567631322174079
4.382823530448829 2.567631322174079
4.3828512926257455 2.567646634990881
4.3828512926257455 2.567646634990881
4.382823608988642 2.567631202851319
4.382823608988642 2.567631202851319
4.382851027987532 2.5676468017767613
4.382851027987532 2.5676468017767613
4.3828235390041845 2.5676312242225334
4.3828235390041845 2.5676312242225334
4.382851279939957 2.5676467363192175
4.382851279939957 2.5676467363192175
4.382823547924213 2.5676311878371894
4.382823547924213 2.5676311878371894
4.382851347628144 2.5676467152573355
4.382851347628144 2.5676467152573355
4.3828233720166585 2.5676311655043302
4.3828233720166585 2.5676311655043302
4.382851563801151 2.5676468019686887
4.382851563801151 2.5676468019686887
4.382823551175453 2.567631155389614
4.382823551175453 2.567631155389614
4.382851253543245 2.567646877983185
4.382851253543245 2.567646877983185
4.382823490666058 2.567631139250542
4.382823490666058 2.567631139250542
4.382851161728279 2.567646791432343
4.382851161728279 2.567646791432343
4.38282354627954 2.5676311302546733
4.38282354627954 2.5676311302546733
4.3828510794072715 2.5676469123490873
4.3828510794072715 2.5676469123490873
4.382823719777452 2.567631125309732
4.382823719777452 2.567631125309732
4.382851342969199 2.5676468087436435
4.382851342969199 2.5676468087436435
4.382823213674761 2.5676312567224158
4.382823213674761 2.5676312567224158
4.382851734308429 2.5676466688611477
4.382851734308429 2.5676466688611477
4.382823088926131 2.5676312570880238
4.382823088926131 2.5676312570880238
4.382851711004501 2.567646782040678
4.382851711004501 2.567646782040678
4.382823228049316 2.5676311513697616
4.382823228049316 2.5676311513697616
4.382851595440381 2.567646805816738
4.382851595440381 2.567646805816738
4.382823224748102 2.5676311551545608
4.382823224748102 2.5676311551545608
4.3828514815427875 2.567646797442136
4.3828514815427875 2.567646797442136
4.382823027464243 2.5676312419697838
4.382823027464243 2.5676312419697838
4.3828516842746925 2.56764670617306
4.3828516842746925 2.56764670617306
4.382823131991621 2.5676312890233484
4.382823131991621 2.5676312890233484
4.382851544685875 2.5676468118961306
4.382851544685875 2.5676468118961306
4.382823329207321 2.56763113991913
4.382823329207321 2.56763113991913
4.382851677797093 2.5676468059351154
4.382851677797093 2.5676468059351154
4.382823108776108 2.5676310213323688
4.382823108776108 2.5676310213323688
4.382851824089474 2.567646982467024
4.382851824089474 2.567646982467024
4.382822678605083 2.5676310579754023
4.382822678605083 2.5676310579754023
4.382852064084951 2.5676469950499943
4.382852064084951 2.5676469950499943
4.382822949111226 2.5676309175893146
4.382822949111226 2.5676309175893146
4.3828516892412575 2.567647050601156
4.3828516892412575 2.567647050601156
4.382823268245289 2.567630839921332
4.382823268245289 2.567630839921332
4.382851416211677 2.5676471895611326
4.382851416211677 2.5676471895611326
4.382823392221964 2.567630810760121
4.382823392221964 2.567630810760121
4.3828513761827965 2.567647125729749
4.3828513761827965 2.567647125729749
4.3828234424848675 2.5676308367050327
4.3828234424848675 2.5676308367050327
4.382851362933955 2.5676471973234896
4.382851362933955 2.5676471973234896
4.382823362270477 2.567630645169678
4.382823362270477 2.567630645169678
4.382851736862019 2.567647207120835
4.382851736862019 2.567647207120835
4.382823203850122 2.56763076122319
4.382823203850122 2.56763076122319
4.382851619591866 2.567647197358191
4.382851619591866 2.567647197358191
4.382823105112294 2.5676308988296066
4.382823105112294 2.5676308988296066
4.382851669482304 2.567647000249134
4.382851669482304 2.567647000249134
4.382823078041657 2.5676310154401945
4.382823078041657 2.5676310154401945
4.382851690352664 2.567646921033138
4.382851690352664 2.567646921033138
4.382823119346577 2.5676310794461186
4.382823119346577 2.5676310794461186
4.382851841747183 2.5676468066185696
4.382851841747183 2.5676468066185696
4.382822940283943 2.5676310551546018
4.382822940283943 2.5676310551546018
4.382851696390132 2.5676469167261993
4.382851696390132 2.5676469167261993
4.382823093911362 2.5676311620723755
4.382823093911362 2.5676311620723755
4.382851623629853 2.567646970556847
4.382851623629853 2.567646970556847
4.382823310449967 2.5676310002356715
4.382823310449967 2.5676310002356715
4.382851118615309 2.5676470931090134
4.382851118615309 2.5676470931090134
4.382823588822463 2.5676308261650767
4.382823588822463 2.5676308261650767
4.382851104248794 2.5676471650110915
4.382851104248794 2.5676471650110915
4.382823586043794 2.567630829121127
4.382823586043794 2.567630829121127
4.382851109398959 2.5676471610324407
4.382851109398959 2.5676471610324407
4.382823384545647 2.5676308830964745
4.382823384545647 2.5676308830964745
4.382851640192869 2.5676469894860485
4.382851640192869 2.5676469894860485
4.382823297260047 2.567630979411168
4.382823297260047 2.567630979411168
4.382851454169552 2.567647032473598
4.382851454169552 2.567647032473598
4.382823528556193 2.567630995468453
4.382823528556193 2.567630995468453
4.382851477486302 2.567646951956421
4.382851477486302 2.567646951956421
4.382823360738134 2.567630932979679
4.382823360738134 2.567630932979679
4.382851278636686 2.567647035822679
4.382851278636686 2.567647035822679
4.382823863204707 2.5676308450728955
4.382823863204707 2.5676308450728955
4.382851014502956 2.567647134964368
4.382851014502956 2.567647134964368
4.382823774585177 2.5676309403635162
4.382823774585177 2.5676309403635162
4.382850802485667 2.567647044799482
4.382850802485667 2.567647044799482
4.382823907546653 2.567630874433258
4.382823907546653 2.567630874433258
4.382850915289147 2.567647084707464
4.382850915289147 2.567647084707464
4.382823935253404 2.5676309761683354
4.382823935253404 2.5676309761683354
4.382850852939142 2.567646887581714
4.382850852939142 2.567646887581714
4.382823838994599 2.5676311068396407
4.382823838994599 2.5676311068396407
4.382850973131064 2.5676468891275195
4.382850973131064 2.5676468891275195
4.382823789901152 2.567631052656217
4.382823789901152 2.567631052656217
4.382851060339488 2.5676467944954826
4.382851060339488 2.5676467944954826
4.382823998260417 2.5676311419856157
4.382823998260417 2.5676311419856157
4.382850888296847 2.567646800401212
4.382850888296847 2.567646800401212
4.382824189075175 2.567631062845198
4.382824189075175 2.567631062845198
4.3828503089998865 2.5676470102936246
4.3828503089998865 2.5676470102936246
4.382824414521349 2.567631076662179
4.382824414521349 2.567631076662179
4.382850407609565 2.567646882947904
4.382850407609565 2.567646882947904
4.3828243398812194 2.5676311306921855
4.3828243398812194 2.5676311306921855
4.3828507410847015 2.567646729522379
4.3828507410847015 2.567646729522379
4.382824075224655 2.567631233397628
4.382824075224655 2.567631233397628
4.3828507553902964 2.5676466891312386
4.3828507553902964 2.5676466891312386
4.382823956081305 2.567631231527166
4.382823956081305 2.567631231527166
4.382850530999214 2.5676466756768686
4.382850530999214 2.5676466756768686
4.382824241788682 2.5676312308930522
4.382824241788682 2.5676312308930522
4.382850642422186 2.567646712071884
4.382850642422186 2.567646712071884
4.382824025248967 2.567631391464354
4.382824025248967 2.567631391464354
4.382850684944608 2.567646560992466
4.382850684944608 2.567646560992466
4.382824024701649 2.567631362564019
4.382824024701649 2.567631362564019
4.3828507371461125 2.567646610809087
4.3828507371461125 2.567646610809087
4.382823992262986 2.56763147640394
4.382823992262986 2.56763147640394
4.382850773695208 2.567646464507533
4.382850773695208 2.567646464507533
4.382824203824728 2.567631525560114
4.382824203824728 2.567631525560114
4.382850742147977 2.5676464000090236
4.382850742147977 2.5676464000090236
4.3828242352153355 2.5676315898398188
4.3828242352153355 2.5676315898398188
4.382850587491744 2.5676463682968427
4.382850587491744 2.5676463682968427
4.382824312686302 2.5676317065952516
4.382824312686302 2.5676317065952516
4.382850576111486 2.5676461711274765
4.382850576111486 2.5676461711274765
4.382824292549839 2.567631779876485
4.382824292549839 2.567631779876485
4.382850300971779 2.5676462056087614
4.382850300971779 2.5676462056087614
4.382824440862719 2.567631841591972
4.382824440862719 2.567631841591972
4.382850320475633 2.567646133508349
4.382850320475633 2.567646133508349
4.382824662094963 2.5676318180442235
4.382824662094963 2.5676318180442235
4.382850011284943 2.5676460814393236
4.382850011284943 2.5676460814393236
4.382824571147357 2.5676319719123084
4.382824571147357 2.5676319719123084
4.382850445101099 2.567646068098168
4.382850445101099 2.567646068098168
4.3828244383829285 2.5676318440326775
4.3828244383829285 2.5676318440326775
4.382850392238003 2.567646077640659
4.382850392238003 2.567646077640659
4.382824295217066 2.5676319834285333
4.382824295217066 2.5676319834285333
4.382850368864278 2.567646181298968
4.382850368864278 2.567646181298968
4.382824456995037 2.5676317451026143
4.382824456995037 2.5676317451026143
4.382850483872066 2.5676461808394486
4.382850483872066 2.5676461808394486
4.382824549064398 2.5676317913961024
4.382824549064398 2.5676317913961024
4.382850320651082 2.567646187697467
4.382850320651082 2.567646187697467
4.382824506144858 2.5676317393438386
4.382824506144858 2.5676317393438386
4.3828502146764325 2.567646179574449
4.3828502146764325 2.567646179574449
4.3828245501940675 2.5676317639194313
4.3828245501940675 2.5676317639194313
4.382850131075044 2.567646099806237
4.382850131075044 2.567646099806237
4.382824576842632 2.5676318589125144
4.382824576842632 2.5676318589125144
4.38285042353123 2.5676460209720915
4.38285042353123 2.5676460209720915
4.382824572092782 2.5676318334905344
4.382824572092782 2.5676318334905344
4.3828500806196535 2.567646136973796
4.3828500806196535 2.567646136973796
4.382824737847687 2.567631823985575
4.382824737847687 2.567631823985575
4.382850089705057 2.567646101134505
4.382850089705057 2.567646101134505
4.382824751463603 2.5676317591483198
4.382824751463603 2.5676317591483198
4.38285004360695 2.567646303032842
4.38285004360695 2.567646303032842
4.38282491620312 2.567631526829104
4.38282491620312 2.567631526829104
4.3828496410441895 2.5676465926383933
4.3828496410441895 2.5676465926383933
4.38282498837531 2.5676314481706632
4.38282498837531 2.5676314481706632
4.382849683586308 2.5676464513840402
4.382849683586308 2.5676464513840402
4.382824990354122 2.5676314187702136
4.382824990354122 2.5676314187702136
4.382849427154632 2.567646578007644
4.382849427154632 2.567646578007644
4.382825585092112 2.5676312763509404
4.382825585092112 2.5676312763509404
4.38284920349994 2.567646624892858
4.38284920349994 2.567646624892858
4.382825334187214 2.567631314560286
4.382825334187214 2.567631314560286
4.382849354821903 2.5676467093314606
4.382849354821903 2.5676467093314606
4.382825628203513 2.5676312477266627
4.382825628203513 2.5676312477266627
4.382848728691523 2.5676467618710577
4.382848728691523 2.5676467618710577
4.382826024026776 2.5676312441995153
4.382826024026776 2.5676312441995153
4.382849064573593 2.567646611708203
4.382849064573593 2.567646611708203
4.38282553471965 2.567631340163782
4.38282553471965 2.567631340163782
4.382849239827055 2.567646598367494
4.382849239827055 2.567646598367494
4.382825612183864 2.567631420986399
4.382825612183864 2.567631420986399
4.38284949455959 2.567646500718583
4.38284949455959 2.567646500718583
4.382825490925426 2.567631451908963
4.382825490925426 2.567631451908963
4.3828492284563 2.5676464706059914
4.3828492284563 2.5676464706059914
4.382825654195566 2.5676314470394987
4.382825654195566 2.5676314470394987
4.3828491406944865 2.567646610073825
4.3828491406944865 2.567646610073825
4.3828256336623905 2.56763130153269
4.3828256336623905 2.56763130153269
4.382849276968919 2.5676465421070724
4.382849276968919 2.5676465421070724
4.382825663391156 2.5676313889270963
4.382825663391156 2.5676313889270963
4.382849035287338 2.5676466027298956
4.382849035287338 2.5676466027298956
4.382825700550758 2.567631441556346
4.382825700550758 2.567631441556346
4.382848927764083 2.5676466235061586
4.382848927764083 2.5676466235061586
4.38282614652358 2.5676312432177015
4.38282614652358 2.5676312432177015
4.382848934665831 2.5676466189616844
4.382848934665831 2.5676466189616844
4.3828255606320985 2.567631460043787
4.3828255606320985 2.567631460043787
4.382849138319954 2.5676465314091796
4.382849138319954 2.5676465314091796
4.382825634129819 2.567631380574234
4.382825634129819 2.567631380574234
4.3828490604968176 2.5676466386059675
4.3828490604968176 2.5676466386059675
4.382825537282776 2.567631313931127
4.382825537282776 2.567631313931127
4.382849027769405 2.56764674150384
4.382849027769405 2.56764674150384
4.382825837463149 2.5676312415279816
4.382825837463149 2.5676312415279816
4.382849018014584 2.5676467740976863
4.382849018014584 2.5676467740976863
4.382825811438497 2.567631128347427
4.382825811438497 2.567631128347427
4.3828490073748405 2.567646833166511
4.3828490073748405 2.567646833166511
4.382825742705148 2.567631148913343
4.382825742705148 2.567631148913343
4.382848968459696 2.567646805177627
4.382848968459696 2.567646805177627
4.38282572711322 2.5676311863962242
4.38282572711322 2.5676311863962242
4.382849301400061 2.5676466315821718
4.382849301400061 2.5676466315821718
4.382825481072827 2.567631247348764
4.382825481072827 2.567631247348764
4.3828490551800465 2.56764687997326
4.3828490551800465 2.56764687997326
4.382825553313694 2.567631198056725
4.382825553313694 2.567631198056725
4.3828493507816555 2.567646867418275
4.3828493507816555 2.567646867418275
4.382825211828785 2.567631161261499
4.382825211828785 2.567631161261499
4.382849559011494 2.5676467775423752
4.382849559011494 2.5676467775423752
4.382825259402849 2.5676311842595667
4.382825259402849 2.5676311842595667
4.382849456838184 2.567646764766578
4.382849456838184 2.567646764766578
4.382825233183954 2.567631231487865
4.382825233183954 2.567631231487865
4.382849623865934 2.567646813704335
4.382849623865934 2.567646813704335
4.3828249334867895 2.5676312475701075
4.3828249334867895 2.5676312475701075
4.382849754489789 2.5676467774464977
4.382849754489789 2.5676467774464977
4.382825011060998 2.567631165457942
4.382825011060998 2.567631165457942
4.3828497400953985 2.5676468438960036
4.3828497400953985 2.5676468438960036
4.382824842942375 2.5676311424484592
4.382824842942375 2.5676311424484592
4.382849974279582 2.56764682079843
4.382849974279582 2.56764682079843
4.3828248417855065 2.5676311433124175
4.3828248417855065 2.5676311433124175
4.38284990071852 2.567646900845027
4.38284990071852 2.567646900845027
4.3828247279327455 2.5676311085744303
4.3828247279327455 2.5676311085744303
4.382849850168067 2.5676468803668633
4.382849850168067 2.5676468803668633
4.382824892613298 2.567631134548116
4.382824892613298 2.567631134548116
4.382849954434096 2.567646750754007
4.382849954434096 2.567646750754007
4.382824872546933 2.567631176569031
4.382824872546933 2.567631176569031
4.3828500563879444 2.567646820742995
4.3828500563879444 2.567646820742995
4.382824818174595 2.567631130806368
4.382824818174595 2.567631130806368
4.382850031571509 2.5676467512638728
4.382850031571509 2.5676467512638728
4.382824808497731 2.56763113860719
4.382824808497731 2.56763113860719
4.382849891884718 2.5676468495437534
4.382849891884718 2.5676468495437534
4.382824739038215 2.5676311589807983
4.382824739038215 2.5676311589807983
4.382849956970013 2.5676468602191274
4.382849956970013 2.5676468602191274
4.382824808309261 2.5676310822573165
4.382824808309261 2.5676310822573165
4.382849846301773 2.567646852533897
4.382849846301773 2.567646852533897
4.382824888270928 2.567631196764994
4.382824888270928 2.567631196764994
4.382849848365614 2.5676468503019434
4.382849848365614 2.5676468503019434
4.382824827233604 2.5676311839477455
4.382824827233604 2.5676311839477455
4.3828503039458 2.567646698390565
4.3828503039458 2.567646698390565
4.3828245834435755 2.567631214622606
4.3828245834435755 2.567631214622606
4.382850075525774 2.5676467172766397
4.382850075525774 2.5676467172766397
4.382824678721056 2.5676312622545776
4.382824678721056 2.5676312622545776
4.382850218752629 2.567646613082787
4.382850218752629 2.567646613082787
4.382824423674694 2.567631360542927
4.382824423674694 2.567631360542927
4.382850336836401 2.5676466137193676
4.382850336836401 2.5676466137193676
4.382824253852434 2.5676313393839365
4.382824253852434 2.5676313393839365
4.382850490262367 2.567646706782835
4.382850490262367 2.567646706782835
4.3828243273009075 2.567631256476389
4.3828243273009075 2.567631256476389
4.382850328910579 2.567646676906589
4.382850328910579 2.567646676906589
4.382824417406472 2.5676313365264343
4.382824417406472 2.5676313365264343
4.382850315391897 2.567646744872732
4.382850315391897 2.567646744872732
4.3828245027075505 2.5676312171044944
4.3828245027075505 2.5676312171044944
4.3828503709078905 2.5676467630451794
4.3828503709078905 2.5676467630451794
4.382824631264138 2.567631154277441
4.382824631264138 2.567631154277441
4.382850259978662 2.5676467549232154
4.382850259978662 2.5676467549232154
4.382824773682269 2.567631254088502
4.382824773682269 2.567631254088502
4.382849834553321 2.567646855724166
4.382849834553321 2.567646855724166
4.382824613148998 2.5676311969334273
4.382824613148998 2.5676311969334273
4.38285020022251 2.5676467970070536
4.38285020022251 2.5676467970070536
4.382824576230424 2.567631108419666
4.382824576230424 2.567631108419666
4.3828503507815775 2.5676468924760014
4.3828503507815775 2.5676468924760014
4.382824472281316 2.567631037939625
4.382824472281316 2.567631037939625
4.382850415016172 2.567646903435031
4.382850415016172 2.567646903435031
4.382824222035266 2.5676310706037815
4.382824222035266 2.5676310706037815
4.382850474043108 2.567646920095393
4.382850474043108 2.567646920095393
4.382824216293915 2.5676310744705506
4.382824216293915 2.5676310744705506
4.382850491238655 2.5676468788290743
4.382850491238655 2.5676468788290743
4.382824246860716 2.567631170765103
4.382824246860716 2.567631170765103
4.382850637906745 2.5676467721279717
4.382850637906745 2.5676467721279717
4.382824188076794 2.5676311546736454
4.382824188076794 2.5676311546736454
4.38285051943247 2.5676467989920724
4.38285051943247 2.5676467989920724
4.382824578216095 2.567630993169803
4.382824578216095 2.567630993169803
4.382850264484721 2.5676468934226744
4.382850264484721 2.5676468934226744
4.382824365946462 2.5676311147590987
4.382824365946462 2.5676311147590987
4.3828501561913615 2.56764688340383
4.3828501561913615 2.56764688340383
4.382824640094109 2.5676311512237557
4.382824640094109 2.5676311512237557
4.382850120357461 2.567646821889607
4.382850120357461 2.567646821889607
4.3828246969870595 2.567631141764592
4.3828246969870595 2.567631141764592
4.382849949462193 2.567646827289035
4.382849949462193 2.567646827289035
4.382824931927223 2.56763111876382
4.382824931927223 2.56763111876382
4.3828498485979654 2.5676467847210604
4.3828498485979654 2.5676467847210604
4.382824957979483 2.567631214310924
4.382824957979483 2.567631214310924
4.38284985655204 2.5676467495522397
4.38284985655204 2.5676467495522397
4.382824730597001 2.5676312061486968
4.382824730597001 2.5676312061486968
4.382850029253466 2.5676467691196465
4.382850029253466 2.5676467691196465
4.3828249585912324 2.5676311862953973
4.3828249585912324 2.5676311862953973
4.382849328353552 2.567646839673746
4.382849328353552 2.567646839673746
4.382825555076372 2.5676311047957543
4.382825555076372 2.5676311047957543
4.382849405335707 2.567646786658918
4.382849405335707 2.567646786658918
4.382825289632886 2.5676312054661268
4.382825289632886 2.5676312054661268
4.38284936021807 2.5676467362598685
4.38284936021807 2.5676467362598685
4.3828255529437445 2.567631268752575
4.3828255529437445 2.567631268752575
4.382849105045097 2.567646669496905
4.382849105045097 2.567646669496905
4.38282563752877 2.5676313443267587
4.38282563752877 2.5676313443267587
4.3828491795156514 2.567646617326861
4.3828491795156514 2.567646617326861
4.382825724227859 2.567631258443237
4.382825724227859 2.567631258443237
4.382848864408891 2.5676467269063394
4.382848864408891 2.5676467269063394
4.382825948634397 2.5676312394251646
4.382825948634397 2.5676312394251646
4.382848605299058 2.5676468469375653
4.382848605299058 2.5676468469375653
4.382826264469976 2.5676311578137585
4.382826264469976 2.5676311578137585
4.382848405603131 2.5676467728029397
4.382848405603131 2.5676467728029397
4.382826375667226 2.567631111779592
4.382826375667226 2.567631111779592
4.382848294801014 2.5676468195173396
4.382848294801014 2.5676468195173396
4.382826541901439 2.567631129255317
4.382826541901439 2.567631129255317
4.382848629880109 2.567646778880216
4.382848629880109 2.567646778880216
4.3828261127736985 2.567631234338469
4.3828261127736985 2.567631234338469
4.382848591291191 2.567646751522274
4.382848591291191 2.567646751522274
4.382826152206001 2.567631285074915
4.382826152206001 2.567631285074915
4.38284877902758 2.567646652866583
4.38284877902758 2.567646652866583
4.382826148134899 2.567631314070795
4.382826148134899 2.567631314070795
4.382848697624224 2.567646732744207
4.382848697624224 2.567646732744207
4.382825938095269 2.56763127389118
4.382825938095269 2.56763127389118
4.382848917070423 2.5676467427109446
4.382848917070423 2.5676467427109446
4.382825902070713 2.5676311925940007
4.382825902070713 2.5676311925940007
4.382849041384065 2.567646737485515
4.382849041384065 2.567646737485515
4.38282557838152 2.567631306695703
4.38282557838152 2.567631306695703
4.38284944841182 2.567646509803888
4.38284944841182 2.567646509803888
4.382825533138066 2.567631472226801
4.382825533138066 2.567631472226801
4.382849235907877 2.567646496363696
4.382849235907877 2.567646496363696
4.382825462126726 2.56763149528664
4.382825462126726 2.56763149528664
4.38284919535914 2.5676464704793527
4.38284919535914 2.5676464704793527
4.382825715080107 2.5676315335045605
4.382825715080107 2.5676315335045605
4.3828489821056085 2.567646484893954
4.3828489821056085 2.567646484893954
4.382825794088 2.5676316114928777
4.382825794088 2.5676316114928777
4.38284892896928 2.567646311202297
4.38284892896928 2.567646311202297
4.382825787637098 2.5676316163256416
4.382825787637098 2.5676316163256416
4.382848867782683 2.567646353082291
4.382848867782683 2.567646353082291
4.382825832185471 2.5676316383489888
4.382825832185471 2.5676316383489888
4.382848954348303 2.5676464495493407
4.382848954348303 2.5676464495493407
4.382825612507396 2.56763160719295
4.382825612507396 2.56763160719295
4.38284908169855 2.5676464402418704
4.38284908169855 2.5676464402418704
4.38282535410411 2.5676317104318414
4.38282535410411 2.5676317104318414
4.38284955557418 2.5676463209045974
4.38284955557418 2.5676463209045974
4.382825237802375 2.5676315212608904
4.382825237802375 2.5676315212608904
4.382849776528413 2.5676463268425596
4.382849776528413 2.5676463268425596
4.382825047844985 2.5676316022417023
4.382825047844985 2.5676316022417023
4.382849312592616 2.5676464388429046
4.382849312592616 2.5676464388429046
4.382825402360923 2.567631486874873
4.382825402360923 2.567631486874873
4.382849516515626 2.567646512590703
4.382849516515626 2.567646512590703
4.382825129387959 2.567631461109293
4.382825129387959 2.567631461109293
4.382849754554945 2.5676464811952555
4.382849754554945 2.5676464811952555
4.3828248226306155 2.567631541171755
4.3828248226306155 2.567631541171755
4.382849759356713 2.5676464784003037
4.382849759356713 2.5676464784003037
4.382825097568308 2.5676315391634854
4.382825097568308 2.5676315391634854
4.382849722718193 2.5676464199316973
4.382849722718193 2.5676464199316973
4.38282504442559 2.5676315236211202
4.38282504442559 2.5676315236211202
4.382849833412009 2.5676464211955103
4.382849833412009 2.5676464211955103
4.382825020610113 2.5676315974138784
4.382825020610113 2.5676315974138784
4.382849776549544 2.567646462340921
4.382849776549544 2.567646462340921
4.382825118768519 2.5676314171146277
4.382825118768519 2.5676314171146277
4.382849285407075 2.567646642583805
4.382849285407075 2.567646642583805
4.382825649606494 2.5676312925587466
4.382825649606494 2.5676312925587466
4.382849299125004 2.5676466328884353
4.382849299125004 2.5676466328884353
4.382825444980293 2.567631380413625
4.382825444980293 2.567631380413625
4.382849213955895 2.567646556267267
4.382849213955895 2.567646556267267
4.382825643652415 2.567631458601714
4.382825643652415 2.567631458601714
4.382849228930442 2.567646491118066
4.382849228930442 2.567646491118066
4.382825500577681 2.567631586353302
4.382825500577681 2.567631586353302
4.382849365682769 2.5676464219403767
4.382849365682769 2.5676464219403767
4.382825490852071 2.5676315937406375
4.382825490852071 2.5676315937406375
4.382849247769258 2.5676464501563743
4.382849247769258 2.5676464501563743
4.382825750230478 2.567631466110852
4.382825750230478 2.567631466110852
4.382848886219069 2.5676465672978894
4.382848886219069 2.5676465672978894
4.38282562540517 2.567631473830732
4.38282562540517 2.567631473830732
4.382849049847524 2.5676464273581914
4.382849049847524 2.5676464273581914
4.382825495881062 2.5676315368662066
4.382825495881062 2.5676315368662066
4.382849256530841 2.5676464711922242
4.382849256530841 2.5676464711922242
4.382825517839894 2.567631439886985
4.382825517839894 2.567631439886985
4.382849168331422 2.567646612218988
4.382849168331422 2.567646612218988
4.382825675758837 2.5676312514329513
4.382825675758837 2.5676312514329513
4.382849064804496 2.567646763765761
4.382849064804496 2.567646763765761
4.382825593188683 2.5676311470723148
4.382825593188683 2.5676311470723148
4.382849227122801 2.5676468140925
4.382849227122801 2.5676468140925
4.382825718260768 2.567631089077868
4.382825718260768 2.567631089077868
4.382849098288752 2.5676468730619355
4.382849098288752 2.5676468730619355
4.382825784110601 2.5676310460488176
4.382825784110601 2.5676310460488176
4.382848983329307 2.567646923241041
4.382848983329307 2.567646923241041
4.382826154747162 2.5676309329335734
4.382826154747162 2.5676309329335734
4.382848575068933 2.5676471379603893
4.382848575068933 2.5676471379603893
4.382826214821691 2.5676307641473044
4.382826214821691 2.5676307641473044
4.382848610818397 2.567647218446153
4.382848610818397 2.567647218446153
4.382826113170187 2.5676306991770597
4.382826113170187 2.5676306991770597
4.382848895514238 2.567647245230783
4.382848895514238 2.567647245230783
4.38282581335636 2.567630682961262
4.38282581335636 2.567630682961262
4.382848820089917 2.5676473192284925
4.382848820089917 2.5676473192284925
4.382826032054525 2.567630726056376
4.382826032054525 2.567630726056376
4.382848632870307 2.567647203194336
4.382848632870307 2.567647203194336
4.382826176130227 2.5676307654173214
4.382826176130227 2.5676307654173214
4.382848664473038 2.567647155837616
4.382848664473038 2.567647155837616
4.382826152962637 2.567630781592709
4.382826152962637 2.567630781592709
4.382848788540619 2.5676471794895614
4.382848788540619 2.5676471794895614
4.3828259707384065 2.567630794891579
4.3828259707384065 2.567630794891579
4.382848650055519 2.567647268751924
4.382848650055519 2.567647268751924
4.382825985089582 2.567630707808121
4.382825985089582 2.567630707808121
4.382848492567656 2.567647419473848
4.382848492567656 2.567647419473848
4.382826115403683 2.567630600458926
4.382826115403683 2.567630600458926
4.382848667676333 2.5676473062407785
4.382848667676333 2.5676473062407785
4.38282611857165 2.567630755569572
4.38282611857165 2.567630755569572
4.382848757747975 2.567647222037897
4.382848757747975 2.567647222037897
4.382826052025298 2.5676307467026924
4.382826052025298 2.5676307467026924
4.382848418083267 2.5676472315716716
4.382848418083267 2.5676472315716716
4.382826399875395 2.5676307554753106
4.382826399875395 2.5676307554753106
4.382848294492911 2.5676472594509847
4.382848294492911 2.5676472594509847
4.382826646715797 2.5676306767211567
4.382826646715797 2.5676306767211567
4.382848129011047 2.567647260980773
4.382848129011047 2.567647260980773
4.382826614816512 2.567630725232366
4.382826614816512 2.567630725232366
4.382848309656438 2.5676472483622215
4.382848309656438 2.5676472483622215
4.382826459288389 2.567630695458772
4.382826459288389 2.567630695458772
4.3828482500524375 2.5676472594778583
4.3828482500524375 2.5676472594778583
4.3828263921305295 2.5676306874332253
4.3828263921305295 2.5676306874332253
4.382848303192586 2.567647326965709
4.382848303192586 2.567647326965709
4.3828263902710205 2.5676306628272445
4.3828263902710205 2.5676306628272445
4.382848412296765 2.5676473615359345
4.382848412296765 2.5676473615359345
4.382826404454295 2.567630626399378
4.382826404454295 2.567630626399378
4.382848231717082 2.5676473743263544
4.382848231717082 2.5676473743263544
4.3828266034724095 2.5676305523193648
4.3828266034724095 2.5676305523193648
4.382848178790627 2.567647356469082
4.382848178790627 2.567647356469082
4.382826609129265 2.567630573117535
4.382826609129265 2.567630573117535
4.382848103727609 2.5676474818857895
4.382848103727609 2.5676474818857895
4.382826761134951 2.5676303994890204
4.382826761134951 2.5676303994890204
4.382847901909634 2.5676475557511305
4.382847901909634 2.5676475557511305
4.3828270343505675 2.567630409903456
4.3828270343505675 2.567630409903456
4.3828477961853105 2.5676474985856195
4.3828477961853105 2.5676474985856195
4.382826734219802 2.567630568693422
4.382826734219802 2.567630568693422
4.382848116547963 2.567647322790388
4.382848116547963 2.567647322790388
4.382826765010036 2.5676306014648778
4.382826765010036 2.5676306014648778
4.382848084444008 2.5676474189977196
4.382848084444008 2.5676474189977196
4.3828267915674655 2.567630534227546
4.3828267915674655 2.567630534227546
4.3828483401678895 2.567647231607478
4.3828483401678895 2.567647231607478
4.3828262381942915 2.5676307805738388
4.3828262381942915 2.5676307805738388
4.382848644632641 2.5676471664799374
4.382848644632641 2.5676471664799374
4.382826071511397 2.5676307830146485
4.382826071511397 2.5676307830146485
4.382848596992776 2.5676470952245563
4.382848596992776 2.5676470952245563
4.382826554829341 2.567630731389663
4.382826554829341 2.567630731389663
4.382848358814222 2.5676470955323207
4.382848358814222 2.5676470955323207
4.382826807787793 2.5676308471713303
4.382826807787793 2.5676308471713303
4.382847758945514 2.5676471976509445
4.382847758945514 2.5676471976509445
4.382826967578192 2.567630846303336
4.382826967578192 2.567630846303336
4.382847817499401 2.567647063413159
4.382847817499401 2.567647063413159
4.382827046026823 2.5676309188553303
4.382827046026823 2.5676309188553303
4.38284788040611 2.5676470261956728
4.38284788040611 2.5676470261956728
4.382826873336473 2.567630975841914
4.382826873336473 2.567630975841914
4.38284783982238 2.5676469794150227
4.38284783982238 2.5676469794150227
4.382826761333806 2.5676309719842414
4.382826761333806 2.5676309719842414
4.382847959655582 2.5676470779247307
4.382847959655582 2.5676470779247307
4.382826737984301 2.5676309109733473
4.382826737984301 2.5676309109733473
4.382847926557087 2.5676470481774665
4.382847926557087 2.5676470481774665
4.382827101056153 2.5676308308993985
4.382827101056153 2.5676308308993985
4.38284747282202 2.5676471848257973
4.38284747282202 2.5676471848257973
4.382827367278007 2.567630716379115
4.382827367278007 2.567630716379115
4.382847411098401 2.567647221696725
4.382847411098401 2.567647221696725
4.3828271609514635 2.5676307723465768
4.3828271609514635 2.5676307723465768
4.3828476537754 2.567647193077169
4.3828476537754 2.567647193077169
4.382827091303453 2.5676306681220726
4.382827091303453 2.5676306681220726
4.382847716746202 2.567647325279252
4.382847716746202 2.567647325279252
4.38282688484645 2.5676307233747706
4.38282688484645 2.5676307233747706
4.382847936320869 2.567647284524969
4.382847936320869 2.567647284524969
4.3828265344743045 2.5676306697734814
4.3828265344743045 2.5676306697734814
4.38284826143686 2.5676472544457214
4.38284826143686 2.5676472544457214
4.382826696052605 2.5676306226206425
4.382826696052605 2.5676306226206425
4.382848136669947 2.567647282222061
4.382848136669947 2.567647282222061
4.382826329342241 2.5676308294449774
4.382826329342241 2.5676308294449774
4.3828485959150045 2.5676471420281035
4.3828485959150045 2.5676471420281035
4.382825868197139 2.567630841303882
4.382825868197139 2.567630841303882
4.3828490358132886 2.5676470640643108
4.3828490358132886 2.5676470640643108
4.382825795583596 2.5676308627069764
4.382825795583596 2.5676308627069764
4.382848957692165 2.567647115382537
4.382848957692165 2.567647115382537
4.382825955707109 2.5676307321395844
4.382825955707109 2.5676307321395844
4.38284887113214 2.5676471990617484
4.38284887113214 2.5676471990617484
4.382825953635015 2.5676307065211694
4.382825953635015 2.5676307065211694
4.382848836735955 2.567647168481317
4.382848836735955 2.567647168481317
4.382826082753977 2.5676308083215176
4.382826082753977 2.5676308083215176
4.382848698341035 2.5676470989325506
4.382848698341035 2.5676470989325506
4.382826168723194 2.5676308837364883
4.382826168723194 2.5676308837364883
4.382848656897178 2.567647048668535
4.382848656897178 2.567647048668535
4.3828262104961135 2.567630933459006
4.3828262104961135 2.567630933459006
4.382848506291748 2.567647041541638
4.382848506291748 2.567647041541638
4.382826423891169 2.5676309252953744
4.382826423891169 2.5676309252953744
4.382848264722045 2.5676470218074092
4.382848264722045 2.5676470218074092
4.382826489442959 2.5676309329788642
4.382826489442959 2.5676309329788642
4.382848519664815 2.5676469813440304
4.382848519664815 2.5676469813440304
4.382826220421625 2.567630876534777
4.382826220421625 2.567630876534777
4.382848531391131 2.5676471531944545
4.382848531391131 2.5676471531944545
4.382825961053873 2.567630865245605
4.382825961053873 2.567630865245605
4.382848575590229 2.5676470966831357
4.382848575590229 2.5676470966831357
4.382826200439745 2.567630815657215
4.382826200439745 2.567630815657215
4.382848762978342 2.567647052261077
4.382848762978342 2.567647052261077
4.382826024737953 2.5676310083949243
4.382826024737953 2.5676310083949243
4.38284832803493 2.567647128537995
4.38284832803493 2.567647128537995
4.38282659625287 2.567630867328512
4.38282659625287 2.567630867328512
4.382848301162112 2.5676470685015755
4.382848301162112 2.5676470685015755
4.382826431792322 2.567630820446856
4.382826431792322 2.567630820446856
4.382848384897444 2.567647142964995
4.382848384897444 2.567647142964995
4.382826359993033 2.567630842379906
4.382826359993033 2.567630842379906
4.3828482779006555 2.5676471587547485
4.3828482779006555 2.5676471587547485
4.382826563416086 2.5676307385741715
4.382826563416086 2.5676307385741715
4.382848370595174 2.5676472518713345
4.382848370595174 2.5676472518713345
4.382826513493336 2.567630671010265
4.382826513493336 2.567630671010265
4.382848394629301 2.5676472340899674
4.382848394629301 2.5676472340899674
4.382826152892115 2.567630850189637
4.382826152892115 2.567630850189637
4.382848759534372 2.5676471829287943
4.382848759534372 2.5676471829287943
4.382826008030253 2.5676307601262285
4.382826008030253 2.5676307601262285
4.382848794719364 2.56764726522897
4.382848794719364 2.56764726522897
4.382825994199432 2.5676307445853617
4.382825994199432 2.5676307445853617
4.382848651185055 2.5676472252465277
4.382848651185055 2.5676472252465277
4.382826143073167 2.5676308054408263
4.382826143073167 2.5676308054408263
4.382848708870427 2.567647214516495
4.382848708870427 2.567647214516495
4.382826123903587 2.5676307120672943
4.382826123903587 2.5676307120672943
4.382849038027222 2.5676471055786343
4.382849038027222 2.5676471055786343
4.382825890901144 2.5676308382651545
4.382825890901144 2.5676308382651545
4.382848753771993 2.5676471322376067
4.382848753771993 2.5676471322376067
4.382825939391591 2.5676308588764263
4.382825939391591 2.5676308588764263
4.3828487120805315 2.567647081347651
4.3828487120805315 2.567647081347651
4.382825982720085 2.5676309090807243
4.382825982720085 2.5676309090807243
4.382848905590887 2.5676470592134697
4.382848905590887 2.5676470592134697
4.3828259812346895 2.567630883354682
4.3828259812346895 2.567630883354682
4.382849139287682 2.567646903125715
4.382849139287682 2.567646903125715
4.382825926206418 2.5676309993499764
4.382825926206418 2.5676309993499764
4.382848884924193 2.5676469944342943
4.382848884924193 2.5676469944342943
4.382825950409101 2.567631036609686
4.382825950409101 2.567631036609686
4.382848757096053 2.5676468949549025
4.382848757096053 2.5676468949549025
4.382826061473411 2.5676310417054693
4.382826061473411 2.5676310417054693
4.382848942927044 2.5676468495811373
4.382848942927044 2.5676468495811373
4.382825743863294 2.56763114825847
4.382825743863294 2.56763114825847
4.38284896056913 2.5676468378979163
4.38284896056913 2.5676468378979163
4.382825744570791 2.5676311211524543
4.382825744570791 2.5676311211524543
4.382849176288205 2.567646905239055
4.382849176288205 2.567646905239055
4.3828256880547265 2.567631053053428
4.3828256880547265 2.567631053053428
4.38284907728376 2.5676469179101384
4.38284907728376 2.5676469179101384
4.382825718430615 2.567631113141105
4.382825718430615 2.567631113141105
4.382849195463472 2.567646730133606
4.382849195463472 2.567646730133606
4.382825463081844 2.567631179775608
4.382825463081844 2.567631179775608
4.382849088732873 2.5676469092513776
4.382849088732873 2.5676469092513776
4.382825849883678 2.56763102598227
4.382825849883678 2.56763102598227
4.382848977702985 2.5676469041732557
4.382848977702985 2.5676469041732557
4.382825907744781 2.567631039182761
4.382825907744781 2.567631039182761
4.382848802641148 2.5676469155457293
4.382848802641148 2.5676469155457293
4.38282595651121 2.567631059640616
4.38282595651121 2.567631059640616
4.382848825887418 2.5676468477966314
4.382848825887418 2.5676468477966314
4.382825833955086 2.5676310890246454
4.382825833955086 2.5676310890246454
4.382849073698365 2.567646786326721
4.382849073698365 2.567646786326721
4.382825713058653 2.5676312765182407
4.382825713058653 2.5676312765182407
4.382849190813403 2.5676467878617415
4.382849190813403 2.5676467878617415
4.382825584117507 2.5676311228916
4.382825584117507 2.5676311228916
4.382849243880996 2.5676468057031934
4.382849243880996 2.5676468057031934
4.382825676605643 2.5676311942220944
4.382825676605643 2.5676311942220944
4.382849059971273 2.567646715668127
4.382849059971273 2.567646715668127
4.382825875038779 2.567631193970917
4.382825875038779 2.567631193970917
4.38284909153115 2.5676466670796705
4.38284909153115 2.5676466670796705
4.382825828827623 2.5676313059623608
4.382825828827623 2.5676313059623608
4.382849089597259 2.567646533972213
4.382849089597259 2.567646533972213
4.382825777769662 2.56763142127907
4.382825777769662 2.56763142127907
4.382849340852334 2.5676464651096844
4.382849340852334 2.5676464651096844
4.382825588331709 2.5676314989279247
4.382825588331709 2.5676314989279247
4.382849381506151 2.567646518144879
4.382849381506151 2.567646518144879
4.382825292466619 2.5676315449907063
4.382825292466619 2.5676315449907063
4.382849708006471 2.5676463683252146
4.382849708006471 2.5676463683252146
4.382825132625478 2.5676314938432774
4.382825132625478 2.5676314938432774
4.382849667926171 2.5676465355801033
4.382849667926171 2.5676465355801033
4.382825105348652 2.5676313743290358
4.382825105348652 2.5676313743290358
4.382849597533338 2.5676466131832054
4.382849597533338 2.5676466131832054
4.382825507243602 2.567631312461186
4.382825507243602 2.567631312461186
4.382849342784442 2.5676467358222004
4.382849342784442 2.5676467358222004
4.382825065988894 2.567631263316014
4.382825065988894 2.567631263316014
4.382849813404182 2.5676466838567475
4.382849813404182 2.5676466838567475
4.382824911245493 2.5676312037720477
4.382824911245493 2.5676312037720477
4.3828498465017 2.567646771997186
4.3828498465017 2.567646771997186
4.382824813531752 2.5676311311790814
4.382824813531752 2.5676311311790814
4.382850268949443 2.5676467288750406
4.382850268949443 2.5676467288750406
4.382824476536019 2.567631285582932
4.382824476536019 2.567631285582932
4.382850404080985 2.567646659385028
4.382850404080985 2.567646659385028
4.3828242642609085 2.567631441730517
4.3828242642609085 2.567631441730517
4.382850572553821 2.5676464473680727
4.382850572553821 2.5676464473680727
4.38282407204893 2.567631525268264
4.38282407204893 2.567631525268264
4.3828506643340726 2.567646556884494
4.3828506643340726 2.567646556884494
4.382824314751741 2.5676314333891486
4.382824314751741 2.5676314333891486
4.38285049902498 2.567646560517839
4.38285049902498 2.567646560517839
4.382824024041167 2.567631442732502
4.382824024041167 2.567631442732502
4.382850737608856 2.5676465312761514
4.382850737608856 2.5676465312761514
4.382824016869522 2.5676314479675866
4.382824016869522 2.5676314479675866
4.3828507367579475 2.5676465611927615
4.3828507367579475 2.5676465611927615
4.382824148458136 2.567631351306405
4.382824148458136 2.567631351306405
4.382850604906861 2.567646658314633
4.382850604906861 2.567646658314633
4.382824210769162 2.567631304673627
4.382824210769162 2.567631304673627
4.382850303531657 2.5676467317832787
4.382850303531657 2.5676467317832787
4.382824389459002 2.567631262396465
4.382824389459002 2.567631262396465
4.382850566030446 2.567646629066645
4.382850566030446 2.567646629066645
4.382823937182681 2.5676314470812267
4.382823937182681 2.5676314470812267
4.3828508245546915 2.5676465257565018
4.3828508245546915 2.5676465257565018
4.38282422462854 2.567631412613811
4.38282422462854 2.567631412613811
4.382850647885268 2.5676465679738256
4.382850647885268 2.5676465679738256
4.382824108924342 2.5676314098459723
4.382824108924342 2.5676314098459723
4.382850695811912 2.5676466210896893
4.382850695811912 2.5676466210896893
4.38282418237732 2.567631326643753
4.38282418237732 2.567631326643753
4.382850489789685 2.5676467708908546
4.382850489789685 2.5676467708908546
4.382824387878216 2.5676311773299965
4.382824387878216 2.5676311773299965
4.382850186154312 2.567646842509043
4.382850186154312 2.567646842509043
4.38282451478055 2.5676311162905274
4.38282451478055 2.5676311162905274
4.382850316175775 2.5676468074788295
4.382850316175775 2.5676468074788295
4.3828241918883215 2.567631232056787
4.3828241918883215 2.567631232056787
4.382850568701975 2.56764674189804
4.382850568701975 2.56764674189804
4.382824185742084 2.5676312369037433
4.382824185742084 2.5676312369037433
4.3828505560951045 2.5676468095429335
4.3828505560951045 2.5676468095429335
4.382824324407287 2.5676311372421883
4.382824324407287 2.5676311372421883
4.382850454580088 2.567646764646656
4.382850454580088 2.567646764646656
4.382824425986055 2.5676311821678723
4.382824425986055 2.5676311821678723
4.382850250134636 2.5676468811186415
4.382850250134636 2.5676468811186415
4.382824673453413 2.5676311213723633
4.382824673453413 2.5676311213723633
4.382849853109958 2.5676470442896866
4.382849853109958 2.5676470442896866
4.382824476714095 2.56763097231242
4.382824476714095 2.56763097231242
4.382850235265045 2.56764697775704
4.382850235265045 2.56764697775704
4.382824529779364 2.567630964399423
4.382824529779364 2.567630964399423
4.382850277809344 2.5676470341005255
4.382850277809344 2.5676470341005255
4.382824495375492 2.567630872982381
4.382824495375492 2.567630872982381
4.382850202189051 2.567647115927163
4.382850202189051 2.567647115927163
4.382824579237825 2.5676307863092633
4.382824579237825 2.5676307863092633
4.382850178192625 2.56764719057031
4.382850178192625 2.56764719057031
4.382824500655647 2.5676308686580587
4.382824500655647 2.5676308686580587
4.382850331258453 2.5676470555454394
4.382850331258453 2.5676470555454394
4.382824516800672 2.5676307987629916
4.382824516800672 2.5676307987629916
4.382850240209121 2.5676471777264034
4.382850240209121 2.5676471777264034
4.382824657222963 2.567630730595464
4.382824657222963 2.567630730595464
4.382850205889685 2.567647084672175
4.382850205889685 2.567647084672175
4.382824415916606 2.567630928549756
4.382824415916606 2.567630928549756
4.3828501941893 2.5676471505086815
4.3828501941893 2.5676471505086815
4.38282464212327 2.56763077040278
4.38282464212327 2.56763077040278
4.3828503756629065 2.567647140773914
4.3828503756629065 2.567647140773914
4.382824236917105 2.5676309084278848
4.382824236917105 2.5676309084278848
4.382850649533839 2.567647034635442
4.382850649533839 2.567647034635442
4.382824488904161 2.5676308485974437
4.382824488904161 2.5676308485974437
4.382850540663947 2.5676469936215622
4.382850540663947 2.5676469936215622
4.382824269128796 2.5676310043106207
4.382824269128796 2.5676310043106207
4.382850823402385 2.5676468192051294
4.382850823402385 2.5676468192051294
4.382823983999685 2.5676311805099474
4.382823983999685 2.5676311805099474
4.38285079433571 2.567646721233307
4.38285079433571 2.567646721233307
4.382823838744292 2.5676312874867993
4.382823838744292 2.5676312874867993
4.382850879607108 2.56764662687495
4.382850879607108 2.56764662687495
4.382824230640068 2.5676310918513097
4.382824230640068 2.5676310918513097
4.382850717557935 2.5676468358747786
4.382850717557935 2.5676468358747786
4.382824090037103 2.5676311637017912
4.382824090037103 2.5676311637017912
4.382850565784538 2.567646768595236
4.382850565784538 2.567646768595236
4.38282432444356 2.5676311425411944
4.38282432444356 2.5676311425411944
4.38285049866097 2.5676468159559658
4.38285049866097 2.5676468159559658
4.382824414615581 2.567631223803502
4.382824414615581 2.567631223803502
4.382850593172076 2.5676466883780815
4.382850593172076 2.5676466883780815
4.382824521743288 2.5676312334768148
4.382824521743288 2.5676312334768148
4.382850091883275 2.5676468737490716
4.382850091883275 2.5676468737490716
4.382824681506617 2.567631033725354
4.382824681506617 2.567631033725354
4.382850049466727 2.567647046869346
4.382850049466727 2.567647046869346
4.382824633815387 2.567630981233302
4.382824633815387 2.567630981233302
4.382850197697657 2.567646943303155
4.382850197697657 2.567646943303155
4.382824758731394 2.5676309511103628
4.382824758731394 2.5676309511103628
4.382849957687144 2.567646967732316
4.382849957687144 2.567646967732316
4.382824798041036 2.5676310097110107
4.382824798041036 2.5676310097110107
4.382850247808167 2.567646994524452
4.382850247808167 2.567646994524452
4.382824703990286 2.5676309031973346
4.382824703990286 2.5676309031973346
4.382850187343879 2.567647036234737
4.382850187343879 2.567647036234737
4.382824959827348 2.5676308133337913
4.382824959827348 2.5676308133337913
4.3828497869823915 2.5676471978305555
4.3828497869823915 2.5676471978305555
4.3828249681100475 2.5676307787726587
4.3828249681100475 2.5676307787726587
4.382849843284638 2.567647216349168
4.382849843284638 2.567647216349168
4.382824699953464 2.5676308494374944
4.382824699953464 2.5676308494374944
4.382849933203271 2.5676471551719864
4.382849933203271 2.5676471551719864
4.382825187195473 2.5676306026805293
4.382825187195473 2.5676306026805293
4.382849530961589 2.5676473422854453
4.382849530961589 2.5676473422854453
4.382825419332031 2.5676306156884614
4.382825419332031 2.5676306156884614
4.382849197781818 2.5676472871361944
4.382849197781818 2.5676472871361944
4.382825598207462 2.5676307447811224
4.382825598207462 2.5676307447811224
4.382849071671444 2.567647315322168
4.382849071671444 2.567647315322168
4.3828258945717495 2.5676305772608323
4.3828258945717495 2.5676305772608323
4.382848765032122 2.567647462291081
4.382848765032122 2.567647462291081
4.38282652977785 2.56763035726686
4.38282652977785 2.56763035726686
4.382848308616915 2.567647592163609
4.382848308616915 2.567647592163609
4.382826562408563 2.5676303901271953
4.382826562408563 2.5676303901271953
4.382848508889322 2.5676475197689808
4.382848508889322 2.5676475197689808
4.3828265328600455 2.567630354619352
4.3828265328600455 2.567630354619352
4.38284796812638 2.5676476519418308
4.38284796812638 2.5676476519418308
4.38282664026749 2.5676304129905385
4.38282664026749 2.5676304129905385
4.382848156581347 2.5676475663104505
4.382848156581347 2.5676475663104505
4.382826568264835 2.56763048020538
4.382826568264835 2.56763048020538
4.382848140735899 2.5676474738074173
4.382848140735899 2.5676474738074173
4.382826606385917 2.5676304841539905
4.382826606385917 2.5676304841539905
4.3828482378301015 2.567647435812879
4.3828482378301015 2.567647435812879
4.38282656185147 2.567630564416193
4.38282656185147 2.567630564416193
4.382848198301595 2.5676474326526764
4.382848198301595 2.5676474326526764
4.382826601535608 2.5676305668050365
4.382826601535608 2.5676305668050365
4.382847981283401 2.5676473922141616
4.382847981283401 2.5676473922141616
4.382826652794061 2.5676305843880396
4.382826652794061 2.5676305843880396
4.382847895339054 2.5676474472932713
4.382847895339054 2.5676474472932713
4.382826811835186 2.5676304845527484
4.382826811835186 2.5676304845527484
4.382848241610625 2.5676473562672566
4.382848241610625 2.5676473562672566
4.382826513352628 2.56763057117238
4.382826513352628 2.56763057117238
4.382848327361104 2.567647350374279
4.382848327361104 2.567647350374279
4.382826299742992 2.5676306563828635
4.382826299742992 2.5676306563828635
4.382848443330359 2.5676473544067258
4.382848443330359 2.5676473544067258
4.382826666278009 2.5676306039989445
4.382826666278009 2.5676306039989445
4.382848185604918 2.56764728699576
4.382848185604918 2.56764728699576
4.3828264008589715 2.567630693476578
4.3828264008589715 2.567630693476578
4.3828485409995475 2.5676472675139985
4.3828485409995475 2.5676472675139985
4.382826077654649 2.5676307205436757
4.382826077654649 2.5676307205436757
4.382848451270786 2.5676474016468966
4.382848451270786 2.5676474016468966
4.3828262144203585 2.5676305016873213
4.3828262144203585 2.5676305016873213
4.3828486470930255 2.5676475373268692
4.3828486470930255 2.5676475373268692
4.382826042656117 2.5676304535970202
4.382826042656117 2.5676304535970202
4.3828489722737585 2.567647489675191
4.3828489722737585 2.567647489675191
4.3828258724691525 2.5676304035314876
4.3828258724691525 2.5676304035314876
4.382849106484075 2.567647481980389
4.382849106484075 2.567647481980389
4.38282567173427 2.567630614487348
4.38282567173427 2.567630614487348
4.38284898325261 2.567647345916514
4.38284898325261 2.567647345916514
4.382826005058975 2.567630615294957
4.382826005058975 2.567630615294957
4.38284882096643 2.5676473168301883
4.38284882096643 2.5676473168301883
4.382826071673753 2.567630573368223
4.382826071673753 2.567630573368223
4.382848903329074 2.567647262595183
4.382848903329074 2.567647262595183
4.3828258488922565 2.5676307433407937
4.3828258488922565 2.5676307433407937
4.382848945001469 2.5676473144346534
4.382848945001469 2.5676473144346534
4.382825748638564 2.567630676447036
4.382825748638564 2.567630676447036
4.382848876927779 2.5676473578558467
4.382848876927779 2.5676473578558467
4.382825740311069 2.5676306821908588
4.382825740311069 2.5676306821908588
4.382849021695346 2.5676472652449283
4.382849021695346 2.5676472652449283
4.3828255921823 2.5676307521547717
4.3828255921823 2.5676307521547717
4.382849305143797 2.567647184420396
4.382849305143797 2.567647184420396
4.382825526958611 2.5676307422689177
4.382825526958611 2.5676307422689177
4.382849367980204 2.5676471695854812
4.382849367980204 2.5676471695854812
4.382825348425867 2.567630723835112
4.382825348425867 2.567630723835112
4.382849464624348 2.567647270670796
4.382849464624348 2.567647270670796
4.382825048845529 2.5676307572009653
4.382825048845529 2.5676307572009653
4.382849829515634 2.5676472211382277
4.382849829515634 2.5676472211382277
4.38282448471742 2.567630830435229
4.38282448471742 2.567630830435229
4.382850300168339 2.5676470673490788
4.382850300168339 2.5676470673490788
4.3828244173768525 2.567630819455087
4.3828244173768525 2.567630819455087
4.382850531898675 2.5676471396330482
4.382850531898675 2.5676471396330482
4.3828244340964595 2.5676307202786526
4.3828244340964595 2.5676307202786526
4.382850436580608 2.5676472937950123
4.382850436580608 2.5676472937950123
4.382824270787462 2.567630628463422
4.382824270787462 2.567630628463422
4.38285055711538 2.5676473269886686
4.38285055711538 2.5676473269886686
4.3828242163811435 2.5676305777215194
4.3828242163811435 2.5676305777215194
4.382850539357438 2.5676473987441817
4.382850539357438 2.5676473987441817
4.3828246509045075 2.5676303689070386
4.3828246509045075 2.5676303689070386
4.3828502101497815 2.5676476533505284
4.3828502101497815 2.5676476533505284
4.382824743495093 2.5676302777818862
4.382824743495093 2.5676302777818862
4.3828500521529 2.5676477873833745
4.3828500521529 2.5676477873833745
4.382824657367045 2.5676301021692725
4.382824657367045 2.5676301021692725
4.38285023480047 2.5676478419032067
4.38285023480047 2.5676478419032067
4.382824579809037 2.567630124606386
4.382824579809037 2.567630124606386
4.382850253668275 2.5676478281786386
4.382850253668275 2.5676478281786386
4.382824539805203 2.567630181960459
4.382824539805203 2.567630181960459
4.382850264318626 2.5676478493998802
4.382850264318626 2.5676478493998802
4.382824572579347 2.5676300729204997
4.382824572579347 2.5676300729204997
4.382850048965413 2.567647932684475
4.382850048965413 2.567647932684475
4.382824698354596 2.5676299006900623
4.382824698354596 2.5676299006900623
4.382850113213493 2.5676480969532163
4.382850113213493 2.5676480969532163
4.382824789466573 2.567629840952262
4.382824789466573 2.567629840952262
4.382850186289253 2.567648049642228
4.382850186289253 2.567648049642228
4.382824626998384 2.567629917941142
4.382824626998384 2.567629917941142
4.382850218819477 2.5676479983488036
4.382850218819477 2.5676479983488036
4.382824873742168 2.5676299316574296
4.382824873742168 2.5676299316574296
4.382850091888747 2.5676479941110952
4.382850091888747 2.5676479941110952
4.382824721332361 2.5676299739693866
4.382824721332361 2.5676299739693866
4.382850043804983 2.567647995110465
4.382850043804983 2.567647995110465
4.382824303559513 2.567630043919692
4.382824303559513 2.567630043919692
4.382850360095153 2.567648051759461
4.382850360095153 2.567648051759461
4.3828246372029485 2.5676298233998995
4.3828246372029485 2.5676298233998995
4.382850201325028 2.5676480686647594
4.382850201325028 2.5676480686647594
4.38282477435819 2.567629793820092
4.38282477435819 2.567629793820092
4.382850111869832 2.567648184653168
4.382850111869832 2.567648184653168
4.382824692601298 2.5676298177873433
4.382824692601298 2.5676298177873433
4.382850007678457 2.567648134166621
4.382850007678457 2.567648134166621
4.382824813536269 2.567629856753936
4.382824813536269 2.567629856753936
4.382849638855847 2.567648110491621
4.382849638855847 2.567648110491621
4.382825136360222 2.56762985091017
4.382825136360222 2.56762985091017
4.382849549069677 2.5676481686087933
4.382849549069677 2.5676481686087933
4.38282521658045 2.567629771362355
4.38282521658045 2.567629771362355
4.3828497510401965 2.567648154989896
4.3828497510401965 2.567648154989896
4.38282489041337 2.567629952287536
4.38282489041337 2.567629952287536
4.382849681928365 2.5676480254182295
4.382849681928365 2.5676480254182295
4.382825034990955 2.5676300618411636
4.382825034990955 2.5676300618411636
4.382849920252722 2.5676478984308337
4.382849920252722 2.5676478984308337
4.382824778515418 2.567630258523925
4.382824778515418 2.567630258523925
4.382849915861785 2.5676477285104733
4.382849915861785 2.5676477285104733
4.3828249336113565 2.567630357611189
4.3828249336113565 2.567630357611189
4.382850153460773 2.5676475700332886
4.382850153460773 2.5676475700332886
4.382824660778883 2.567630396546419
4.382824660778883 2.567630396546419
4.382850341087701 2.5676476179938104
4.382850341087701 2.5676476179938104
4.382824552356922 2.567630323844977
4.382824552356922 2.567630323844977
4.382850191458984 2.567647717059473
4.382850191458984 2.567647717059473
4.3828244957434945 2.5676302759790888
4.3828244957434945 2.5676302759790888
4.3828504046276 2.5676476605959477
4.3828504046276 2.5676476605959477
4.382824316562785 2.5676302194074316
4.382824316562785 2.5676302194074316
4.382850366572365 2.567647805079554
4.382850366572365 2.567647805079554
4.382824520638195 2.5676301712295717
4.382824520638195 2.5676301712295717
4.382850151216507 2.5676478610367046
4.382850151216507 2.5676478610367046
4.382824756036664 2.567630219080746
4.382824756036664 2.567630219080746
4.382849777204182 2.567647674107478
4.382849777204182 2.567647674107478
4.382824800472309 2.5676302764197003
4.382824800472309 2.5676302764197003
4.38285003307987 2.567647676044261
4.38285003307987 2.567647676044261
4.382824691876791 2.5676303508972835
4.382824691876791 2.5676303508972835
4.382850099589927 2.5676475427922223
4.382850099589927 2.5676475427922223
4.382824673414341 2.5676303632024995
4.382824673414341 2.5676303632024995
4.382850397933464 2.5676476340988637
4.382850397933464 2.5676476340988637
4.382824356507375 2.5676303139022894
4.382824356507375 2.5676303139022894
4.3828503975672275 2.567647664032885
4.3828503975672275 2.567647664032885
4.382824384799916 2.567630205549947
4.382824384799916 2.567630205549947
4.382850439170881 2.5676477547061833
4.382850439170881 2.5676477547061833
4.382824524439701 2.5676301414527263
4.382824524439701 2.5676301414527263
4.3828501121565235 2.567647854906883
4.3828501121565235 2.567647854906883
4.382824631169561 2.5676301302817834
4.382824631169561 2.5676301302817834
4.3828500485419815 2.5676478670261185
4.3828500485419815 2.5676478670261185
4.382824565708562 2.567630144451868
4.382824565708562 2.567630144451868
4.382850256961193 2.5676478165932552
4.382850256961193 2.5676478165932552
4.3828240860126915 2.567630229304379
4.3828240860126915 2.567630229304379
4.38285055437838 2.567647704583542
4.38285055437838 2.567647704583542
4.382824270229341 2.567630254601872
4.382824270229341 2.567630254601872
4.382850361584436 2.5676477155438384
4.382850361584436 2.5676477155438384
4.382824350226608 2.567630199886761
4.382824350226608 2.567630199886761
4.382850313556289 2.5676478678789345
4.382850313556289 2.5676478678789345
4.382824388865576 2.567630055033093
4.382824388865576 2.567630055033093
4.382850623238093 2.567647746599608
4.382850623238093 2.567647746599608
4.3828243311797435 2.5676301845334812
4.3828243311797435 2.5676301845334812
4.382850462374275 2.5676478558064395
4.382850462374275 2.5676478558064395
4.382824193784631 2.5676302182524604
4.382824193784631 2.5676302182524604
4.38285059576082 2.5676476741324548
4.38285059576082 2.5676476741324548
4.382824235709833 2.5676302500081585
4.382824235709833 2.5676302500081585
4.382850655761325 2.5676476933217853
4.382850655761325 2.5676476933217853
4.382824045798358 2.567630258956175
4.382824045798358 2.567630258956175
4.38285082986964 2.567647756954289
4.38285082986964 2.567647756954289
4.382823933891414 2.567630183488348
4.382823933891414 2.567630183488348
4.382850846340984 2.5676477147292585
4.382850846340984 2.5676477147292585
4.382824187931118 2.5676301921832705
4.382824187931118 2.5676301921832705
4.3828505657514825 2.567647785748154
4.3828505657514825 2.567647785748154
4.382824249420643 2.5676301801857573
4.382824249420643 2.5676301801857573
4.38285034303529 2.5676479053154964
4.38285034303529 2.5676479053154964
4.3828244847271485 2.567630051748364
4.3828244847271485 2.567630051748364
4.382850553206615 2.5676478833198164
4.382850553206615 2.5676478833198164
4.382824283675739 2.567630067231918
4.382824283675739 2.567630067231918
4.382850630223658 2.5676478317561187
4.382850630223658 2.5676478317561187
4.3828240287362705 2.567630027108972
4.3828240287362705 2.567630027108972
4.382850742895191 2.567647907564776
4.382850742895191 2.567647907564776
4.382824082675726 2.56763005119253
4.382824082675726 2.56763005119253
4.382850782331917 2.5676479722647683
4.382850782331917 2.5676479722647683
4.382823910796719 2.56762998489166
4.382823910796719 2.56762998489166
4.382850821315398 2.567648038012423
4.382850821315398 2.567648038012423
4.382823726490189 2.5676299859141825
4.382823726490189 2.5676299859141825
4.382850881544719 2.5676480284847867
4.382850881544719 2.5676480284847867
4.382824036392244 2.567629838242349
4.382824036392244 2.567629838242349
4.382850622210133 2.567648232416906
4.382850622210133 2.567648232416906
4.38282422467866 2.5676296523784363
4.38282422467866 2.5676296523784363
4.382850489690812 2.5676484114615716
4.382850489690812 2.5676484114615716
4.382823942792141 2.5676296855988032
4.382823942792141 2.5676296855988032
4.382850837921346 2.567648211128826
4.382850837921346 2.567648211128826
4.38282389558379 2.5676298103378756
4.38282389558379 2.5676298103378756
4.382850874550457 2.567648094072448
4.382850874550457 2.567648094072448
4.382824088407617 2.56762986415352
4.382824088407617 2.56762986415352
4.382850588477186 2.5676481334100485
4.382850588477186 2.5676481334100485
4.382824165004006 2.567629843202489
4.382824165004006 2.567629843202489
4.382850566272289 2.5676482088672943
4.382850566272289 2.5676482088672943
4.3828243466009145 2.567629693029301
4.3828243466009145 2.567629693029301
4.382850326922944 2.56764830661668
4.382850326922944 2.56764830661668
4.382824437321446 2.5676296329093713
4.382824437321446 2.5676296329093713
4.382850115364845 2.567648504484867
4.382850115364845 2.567648504484867
4.382824648660836 2.5676294351889224
4.382824648660836 2.5676294351889224
4.382850194233107 2.567648663020171
4.382850194233107 2.567648663020171
4.382824617892288 2.567629306534455
4.382824617892288 2.567629306534455
4.382850242882749 2.5676485717663042
4.382850242882749 2.5676485717663042
4.3828246658999195 2.5676293642674963
4.3828246658999195 2.5676293642674963
4.3828502570273 2.567648474610098
4.3828502570273 2.567648474610098
4.382824187295467 2.567629612295046
4.382824187295467 2.567629612295046
4.382850654605187 2.5676482765557944
4.382850654605187 2.5676482765557944
4.382824088219661 2.5676298910319693
4.382824088219661 2.5676298910319693
4.382850682300466 2.5676480434443145
4.382850682300466 2.5676480434443145
4.382824112462918 2.5676299674735135
4.382824112462918 2.5676299674735135
4.382850649961132 2.5676480033592544
4.382850649961132 2.5676480033592544
4.3828242705712315 2.567629891563958
4.3828242705712315 2.567629891563958
4.382850473342544 2.5676481503038104
4.382850473342544 2.5676481503038104
4.382824273491032 2.567629861611921
4.382824273491032 2.567629861611921
4.382850479860009 2.5676481448065593
4.382850479860009 2.5676481448065593
4.382824385172971 2.5676298497386303
4.382824385172971 2.5676298497386303
4.38285048361932 2.5676482005657943
4.38285048361932 2.5676482005657943
4.382824281440657 2.567629738408526
4.382824281440657 2.567629738408526
4.382850380045101 2.5676480894509957
4.382850380045101 2.5676480894509957
4.38282422946936 2.5676299231747493
4.38282422946936 2.5676299231747493
4.382850498827634 2.567648102111426
4.382850498827634 2.567648102111426
4.382824192494682 2.5676298560104227
4.382824192494682 2.5676298560104227
4.382850508540769 2.567648095695639
4.382850508540769 2.567648095695639
4.382824188034663 2.5676298889029363
4.382824188034663 2.5676298889029363
4.3828504283140575 2.5676481183052635
4.3828504283140575 2.5676481183052635
4.3828239119836185 2.5676299219958953
4.3828239119836185 2.5676299219958953
4.382850819470469 2.5676481309489234
4.382850819470469 2.5676481309489234
4.382824192859717 2.5676298262054176
4.382824192859717 2.5676298262054176
4.382850661425309 2.567648053247147
4.382850661425309 2.567648053247147
4.382824057328643 2.567629794978783
4.382824057328643 2.567629794978783
4.38285088070736 2.5676480574437663
4.38285088070736 2.5676480574437663
4.3828236206976445 2.5676300618431847
4.3828236206976445 2.5676300618431847
4.38285123985243 2.567647967409884
4.38285123985243 2.567647967409884
4.382823513210494 2.5676300100461997
4.382823513210494 2.5676300100461997
4.38285132224444 2.567647911279144
4.38285132224444 2.567647911279144
4.38282344651515 2.5676300233810174
4.38282344651515 2.5676300233810174
4.382851441443124 2.567647955873868
4.382851441443124 2.567647955873868
4.382823329639039 2.5676299443918835
4.382823329639039 2.5676299443918835
4.382851613106416 2.567648061473124
4.382851613106416 2.567648061473124
4.3828232663992335 2.567629924455606
4.3828232663992335 2.567629924455606
4.382851641150891 2.5676479775157754
4.382851641150891 2.5676479775157754
4.382823099616697 2.5676300089713564
4.382823099616697 2.5676300089713564
4.3828516609349295 2.56764796391368
4.3828516609349295 2.56764796391368
4.382823274236894 2.567630046609469
4.382823274236894 2.567630046609469
4.382851475526033 2.5676479646149017
4.382851475526033 2.5676479646149017
4.382823403196275 2.567630053994173
4.382823403196275 2.567630053994173
4.382851649818996 2.567647809272807
4.382851649818996 2.567647809272807
4.3828227510540865 2.5676302574765235
4.3828227510540865 2.5676302574765235
4.382851917629321 2.567647813738889
4.382851917629321 2.567647813738889
4.382822715478261 2.5676301193759943
4.382822715478261 2.5676301193759943
4.382852050481166 2.5676478166331926
4.382852050481166 2.5676478166331926
4.382822639929079 2.5676301397807264
4.382822639929079 2.5676301397807264
4.382852117609189 2.5676478341736844
4.382852117609189 2.5676478341736844
4.382822856860135 2.567630051325072
4.382822856860135 2.567630051325072
4.382851855599393 2.567647857287126
4.382851855599393 2.567647857287126
4.382823134873178 2.567630210693117
4.382823134873178 2.567630210693117
4.382851694279512 2.5676477451651016
4.382851694279512 2.5676477451651016
4.382823183551722 2.567630240439491
4.382823183551722 2.567630240439491
4.382851639279474 2.5676477514120712
4.382851639279474 2.5676477514120712
4.382823486049308 2.567630060371998
4.382823486049308 2.567630060371998
4.382851317045832 2.567648008203743
4.382851317045832 2.567648008203743
4.3828233178926155 2.5676299236757423
4.3828233178926155 2.5676299236757423
4.3828512430886555 2.56764805890016
4.3828512430886555 2.56764805890016
4.382823583397759 2.5676298685690186
4.382823583397759 2.5676298685690186
4.382851394660709 2.5676480485155326
4.382851394660709 2.5676480485155326
4.382823541886172 2.5676297709563127
4.382823541886172 2.5676297709563127
4.382851115985547 2.56764830242123
4.382851115985547 2.56764830242123
4.382823562180401 2.567629693384647
4.382823562180401 2.567629693384647
4.3828514011134105 2.5676482673919323
4.3828514011134105 2.5676482673919323
4.382823425495139 2.5676297226182836
4.382823425495139 2.5676297226182836
4.382851388255842 2.567648276343278
4.382851388255842 2.567648276343278
4.382823287897343 2.5676297519338247
4.382823287897343 2.5676297519338247
4.382851894930658 2.567648153984543
4.382851894930658 2.567648153984543
4.3828230704778965 2.56762977353405
4.3828230704778965 2.56762977353405
4.38285166347931 2.5676482493351203
4.38285166347931 2.5676482493351203
4.382823301780346 2.5676296791981756
4.382823301780346 2.5676296791981756
4.382851310218277 2.5676483295940633
4.382851310218277 2.5676483295940633
4.382823542641522 2.5676297395576952
4.382823542641522 2.5676297395576952
4.382851427415375 2.5676481840298004
4.382851427415375 2.5676481840298004
4.382823242794962 2.567629818451446
4.382823242794962 2.567629818451446
4.382851426019482 2.567648216259222
4.382851426019482 2.567648216259222
4.382823105818371 2.5676298166509333
4.382823105818371 2.5676298166509333
4.382851636607289 2.5676481998781218
4.382851636607289 2.5676481998781218
4.382822902386154 2.5676298283191743
4.382822902386154 2.5676298283191743
4.382851987112556 2.5676481519762406
4.382851987112556 2.5676481519762406
4.382822959972059 2.567629820109431
4.382822959972059 2.567629820109431
4.382851324419949 2.5676481584842663
4.382851324419949 2.5676481584842663
4.382823428483923 2.56762981851351
4.382823428483923 2.56762981851351
4.3828512340134465 2.5676480309304464
4.3828512340134465 2.5676480309304464
4.3828236738035 2.5676298720696282
4.3828236738035 2.5676298720696282
4.382851477189161 2.567648085665755
4.382851477189161 2.567648085665755
4.382823367746219 2.5676297963694403
4.382823367746219 2.5676297963694403
4.38285129014562 2.567648308084561
4.38285129014562 2.567648308084561
4.382823836698211 2.567629574432536
4.382823836698211 2.567629574432536
4.382851078025873 2.56764854510122
4.382851078025873 2.56764854510122
4.382823837351851 2.567629355365639
4.382823837351851 2.567629355365639
4.382851140097749 2.567648567291173
4.382851140097749 2.567648567291173
4.382823991761503 2.5676292859770604
4.382823991761503 2.5676292859770604
4.382850772266614 2.5676486216792083
4.382850772266614 2.5676486216792083
4.38282408492149 2.5676292855412344
4.38282408492149 2.5676292855412344
4.382850944621634 2.567648478520628
4.382850944621634 2.567648478520628
4.382823827897374 2.5676294232630794
4.382823827897374 2.5676294232630794
4.382851153831539 2.5676484348310225
4.382851153831539 2.5676484348310225
4.382823884674061 2.5676294480190824
4.382823884674061 2.5676294480190824
4.3828510149288835 2.567648494290028
4.3828510149288835 2.567648494290028
4.382823824340462 2.56762961286142
4.382823824340462 2.56762961286142
4.382851043139767 2.5676482553640647
4.382851043139767 2.5676482553640647
4.382823963458404 2.5676297383777182
4.382823963458404 2.5676297383777182
4.382850754727022 2.567648168283621
4.382850754727022 2.567648168283621
4.382823751266992 2.5676299453943696
4.382823751266992 2.5676299453943696
4.382850904519295 2.567647943062915
4.382850904519295 2.567647943062915
4.382823644178407 2.5676300504087193
4.382823644178407 2.5676300504087193
4.382851399951718 2.5676478510734677
4.382851399951718 2.5676478510734677
4.382823454181764 2.5676302145171896
4.382823454181764 2.5676302145171896
4.382851210668415 2.5676478557739992
4.382851210668415 2.5676478557739992
4.382823544030098 2.5676301205875753
4.382823544030098 2.5676301205875753
4.382851225331646 2.567647813964824
4.382851225331646 2.567647813964824
4.382823607877497 2.5676301081060418
4.382823607877497 2.5676301081060418
4.382851560305984 2.5676478008753216
4.382851560305984 2.5676478008753216
4.382823121523489 2.5676301953435017
4.382823121523489 2.5676301953435017
4.3828517050987195 2.5676477630801857
4.3828517050987195 2.5676477630801857
4.382822931372642 2.567630135364703
4.382822931372642 2.567630135364703
4.382851821816339 2.567647841630714
4.382851821816339 2.567647841630714
4.382822930016634 2.5676301373851667
4.382822930016634 2.5676301373851667
4.38285188108598 2.567647863902739
4.38285188108598 2.567647863902739
4.382823019098071 2.5676300428985033
4.382823019098071 2.5676300428985033
4.38285180162893 2.567647919186389
4.38285180162893 2.567647919186389
4.382822974616156 2.5676299769195627
4.382822974616156 2.5676299769195627
4.382851645183657 2.5676479967266235
4.382851645183657 2.5676479967266235
4.3828230879689185 2.5676300594243076
4.3828230879689185 2.5676300594243076
4.382851883969361 2.5676478599246164
4.382851883969361 2.5676478599246164
4.3828228743138515 2.5676300816719366
4.3828228743138515 2.5676300816719366
4.382851751940963 2.5676478880414
4.382851751940963 2.5676478880414
4.382823123333658 2.5676301010281923
4.382823123333658 2.5676301010281923
4.382851724408737 2.5676480356925575
4.382851724408737 2.5676480356925575
4.382822906281482 2.56762989644113
4.382822906281482 2.56762989644113
4.382851857021076 2.567648041002898
4.382851857021076 2.567648041002898
4.382822803185948 2.567630002502809
4.382822803185948 2.567630002502809
4.3828521788596575 2.567647876960706
4.3828521788596575 2.567647876960706
4.382822867917913 2.5676299902246935
4.382822867917913 2.5676299902246935
4.3828516022241715 2.567648055300351
4.3828516022241715 2.567648055300351
4.3828235990449205 2.567629742025209
4.3828235990449205 2.567629742025209
4.382851210261168 2.567648039801257
4.382851210261168 2.567648039801257
4.382823668995186 2.5676299455525893
4.382823668995186 2.5676299455525893
4.38285081321409 2.5676480910948833
4.38285081321409 2.5676480910948833
4.382824105927705 2.5676297752013824
4.382824105927705 2.5676297752013824
4.382850657676416 2.5676481949847707
4.382850657676416 2.5676481949847707
4.382824182403115 2.5676299073070106
4.382824182403115 2.5676299073070106
4.3828505083144575 2.567648081145143
4.3828505083144575 2.567648081145143
4.38282430705608 2.5676298855421105
4.38282430705608 2.5676298855421105
4.382850311588206 2.5676481202946877
4.382850311588206 2.5676481202946877
4.382824574726448 2.56762982903347
4.382824574726448 2.56762982903347
4.38285022258484 2.567648179614054
4.38285022258484 2.567648179614054
4.3828246078876525 2.567629718801838
4.3828246078876525 2.567629718801838
4.382850346593119 2.567648216810725
4.382850346593119 2.567648216810725
4.382824535002339 2.567629708576021
4.382824535002339 2.567629708576021
4.3828500196864075 2.5676484266373794
4.3828500196864075 2.5676484266373794
4.382824594028153 2.5676295507826725
4.382824594028153 2.5676295507826725
4.382850010514796 2.5676484902125054
4.382850010514796 2.5676484902125054
4.382824594802194 2.567629521680126
4.382824594802194 2.567629521680126
4.382850377995346 2.567648402722457
4.382850377995346 2.567648402722457
4.38282457695047 2.5676295631363875
4.38282457695047 2.5676295631363875
4.3828499887079575 2.567648413843215
4.3828499887079575 2.567648413843215
4.382824441475092 2.567629683623783
4.382824441475092 2.567629683623783
4.382850357670141 2.5676481441260175
4.382850357670141 2.5676481441260175
4.382824315726023 2.567629885279171
4.382824315726023 2.567629885279171
4.38285043436367 2.567648094186505
4.38285043436367 2.567648094186505
4.382824334870914 2.5676298716979784
4.382824334870914 2.5676298716979784
4.382850509447232 2.567648043784773
4.382850509447232 2.567648043784773
4.382824224437722 2.567629977158227
4.382824224437722 2.567629977158227
4.3828505354711815 2.5676479658766485
4.3828505354711815 2.5676479658766485
4.382824359472054 2.5676299474125757
4.382824359472054 2.5676299474125757
4.382850394538922 2.5676480585491412
4.382850394538922 2.5676480585491412
4.382824301196501 2.5676299256547193
4.382824301196501 2.5676299256547193
4.3828504398733585 2.5676480895969602
4.3828504398733585 2.5676480895969602
4.382824252175609 2.5676298688177677
4.382824252175609 2.5676298688177677
4.382850379258249 2.5676481277580905
4.382850379258249 2.5676481277580905
4.382824367659777 2.567629883382275
4.382824367659777 2.567629883382275
4.3828505404893185 2.5676480502781827
4.3828505404893185 2.5676480502781827
4.382823878959222 2.5676301228601606
4.382823878959222 2.5676301228601606
4.382850812677599 2.5676478355067776
4.382850812677599 2.5676478355067776
4.382823940614687 2.567630141555826
4.382823940614687 2.567630141555826
4.382850902757808 2.567647744238644
4.382850902757808 2.567647744238644
4.382823745907274 2.5676301512449036
4.382823745907274 2.5676301512449036
4.382851119465656 2.5676476864011533
4.382851119465656 2.5676476864011533
4.38282375133494 2.567630085877229
4.38282375133494 2.567630085877229
4.382851091770906 2.5676478300724335
4.382851091770906 2.5676478300724335
4.3828239185712325 2.567630124807052
4.3828239185712325 2.567630124807052
4.38285108112889 2.567647682641491
4.38285108112889 2.567647682641491
4.382823732096435 2.567630315434479
4.382823732096435 2.567630315434479
4.382850954918367 2.567647678431128
4.382850954918367 2.567647678431128
4.382823790359029 2.56763030432629
4.382823790359029 2.56763030432629
4.382850831842286 2.5676477028600955
4.382850831842286 2.5676477028600955
4.38282373000442 2.567630284651332
4.38282373000442 2.567630284651332
4.3828514563769545 2.5676475123668863
4.3828514563769545 2.5676475123668863
4.382823284092196 2.567630506654129
4.382823284092196 2.567630506654129
4.38285173413352 2.567647439434032
4.38285173413352 2.567647439434032
4.38282316239176 2.5676304675308037
4.38282316239176 2.5676304675308037
4.382851866696746 2.5676474390098405
4.382851866696746 2.5676474390098405
4.382822673453723 2.567630631858023
4.382822673453723 2.567630631858023
4.382852171267322 2.567647246633224
4.382852171267322 2.567647246633224
4.3828224497583514 2.5676307665768388
4.3828224497583514 2.5676307665768388
4.382852109736343 2.5676472590472397
4.382852109736343 2.5676472590472397
4.382822706142519 2.567630704979347
4.382822706142519 2.567630704979347
4.382851931992503 2.567647261577416
4.382851931992503 2.567647261577416
4.382822628544346 2.567630729944825
4.382822628544346 2.567630729944825
4.382852235303477 2.5676473299106846
4.382852235303477 2.5676473299106846
4.3828228437932655 2.5676306036695875
4.3828228437932655 2.5676306036695875
4.382852182063765 2.5676473034179397
4.382852182063765 2.5676473034179397
4.382822636736887 2.5676306587305016
4.382822636736887 2.5676306587305016
4.382852193550722 2.567647262220865
4.382852193550722 2.567647262220865
4.382822790019874 2.567630545363944
4.382822790019874 2.567630545363944
4.3828518805690875 2.567647525074258
4.3828518805690875 2.567647525074258
4.3828227926040295 2.5676305116583475
4.3828227926040295 2.5676305116583475
4.3828518773775045 2.567647559397989
4.3828518773775045 2.567647559397989
4.382823011473196 2.567630385630976
4.382823011473196 2.567630385630976
4.382851657035652 2.5676476854777524
4.382851657035652 2.5676476854777524
4.382823104702954 2.56763025410037
4.382823104702954 2.56763025410037
4.382851723751175 2.5676477019981703
4.382851723751175 2.5676477019981703
4.382822967911532 2.5676302551498456
4.382822967911532 2.5676302551498456
4.382851730160585 2.5676476976479434
4.382851730160585 2.5676476976479434
4.3828230407304565 2.567630203009941
4.3828230407304565 2.567630203009941
4.382851661449855 2.5676477457217413
4.382851661449855 2.5676477457217413
4.382823250292338 2.567630119973301
4.382823250292338 2.567630119973301
4.382851721821341 2.567647767386275
4.382851721821341 2.567647767386275
4.382823080813561 2.5676302722719146
4.382823080813561 2.5676302722719146
4.3828517675512835 2.567647605588785
4.3828517675512835 2.567647605588785
4.382823042057395 2.567630396279824
4.382823042057395 2.567630396279824
4.382851589297604 2.5676475726957433
4.382851589297604 2.5676475726957433
4.382822936962494 2.5676305373358836
4.382822936962494 2.5676305373358836
4.382851654483137 2.5676475898274056
4.382851654483137 2.5676475898274056
4.382823300775188 2.5676303395041167
4.382823300775188 2.5676303395041167
4.382851261442447 2.5676476468930103
4.382851261442447 2.5676476468930103
4.382823306641345 2.567630272398816
4.382823306641345 2.567630272398816
4.382851598819527 2.5676476301498647
4.382851598819527 2.5676476301498647
4.38282299455989 2.567630462881989
4.38282299455989 2.567630462881989
4.382851831677634 2.5676474945932175
4.382851831677634 2.5676474945932175
4.382823145633021 2.567630354202078
4.382823145633021 2.567630354202078
4.382851751048526 2.5676475851545337
4.382851751048526 2.5676475851545337
4.382823309258763 2.5676304281303275
4.382823309258763 2.5676304281303275
4.382851381995434 2.567647562510781
4.382851381995434 2.567647562510781
4.38282330214364 2.567630433467905
4.38282330214364 2.567630433467905
4.382851255203647 2.567647588692373
4.382851255203647 2.567647588692373
4.382823434145029 2.5676303721653007
4.382823434145029 2.5676303721653007
4.382851395037166 2.5676475844020397
4.382851395037166 2.5676475844020397
4.382823220958454 2.5676304284067335
4.382823220958454 2.5676304284067335
4.382851546628596 2.567647506782867
4.382851546628596 2.567647506782867
4.382823395490292 2.567630462805918
4.382823395490292 2.567630462805918
4.382851363479737 2.56764751085005
4.382851363479737 2.56764751085005
4.382823644895742 2.5676304425221663
4.382823644895742 2.5676304425221663
4.382851178903358 2.5676475170621624
4.382851178903358 2.5676475170621624
4.382823588230599 2.567630420332502
4.382823588230599 2.567630420332502
4.382851176698351 2.567647518208406
4.382851176698351 2.567647518208406
4.3828233513517185 2.5676305895936204
4.3828233513517185 2.5676305895936204
4.382851598804685 2.567647372919591
4.382851598804685 2.567647372919591
4.382823161519349 2.5676305678592866
4.382823161519349 2.5676305678592866
4.382851461690108 2.567647441080639
4.382851461690108 2.567647441080639
4.382823297798151 2.5676305010351923
4.382823297798151 2.5676305010351923
4.382851382774509 2.567647528712441
4.382851382774509 2.567647528712441
4.38282316640903 2.567630501169333
4.38282316640903 2.567630501169333
4.382851613635459 2.5676473941593345
4.382851613635459 2.5676473941593345
4.382822831225556 2.5676305508842536
4.382822831225556 2.5676305508842536
4.382851859368194 2.5676474408225265
4.382851859368194 2.5676474408225265
4.3828230383895574 2.56763046486332
4.3828230383895574 2.56763046486332
4.382851672984804 2.5676474472119306
4.382851672984804 2.5676474472119306
4.382823328188837 2.5676305426122354
4.382823328188837 2.5676305426122354
4.382851219150387 2.567647519749593
4.382851219150387 2.567647519749593
4.3828236472465365 2.567630502684314
4.3828236472465365 2.567630502684314
4.382851188476341 2.5676474161498697
4.382851188476341 2.5676474161498697
4.3828236257806275 2.5676305811180113
4.3828236257806275 2.5676305811180113
4.38285113475149 2.5676473916093028
4.38285113475149 2.5676473916093028
4.382823634020623 2.5676305139417277
4.382823634020623 2.5676305139417277
4.382851103885135 2.5676475376133716
4.382851103885135 2.5676475376133716
4.382823728909072 2.567630384865817
4.382823728909072 2.567630384865817
4.382851125016289 2.5676474610338214
4.382851125016289 2.5676474610338214
4.382823619372135 2.5676305550079057
4.382823619372135 2.5676305550079057
4.38285129200048 2.5676473099004373
4.38285129200048 2.5676473099004373
4.382823441240655 2.567630746035636
4.382823441240655 2.567630746035636
4.382851440244189 2.567647233679877
4.382851440244189 2.567647233679877
4.38282350070803 2.56763073411242
4.38282350070803 2.56763073411242
4.382851149428415 2.5676471954150046
4.382851149428415 2.5676471954150046
4.382823908574711 2.567630778590324
4.382823908574711 2.567630778590324
4.382850793023543 2.5676471760027675
4.382850793023543 2.5676471760027675
4.382824134443239 2.5676306193187024
4.382824134443239 2.5676306193187024
4.382850628565071 2.5676473529697987
4.382850628565071 2.5676473529697987
4.382824254148271 2.5676305951334357
4.382824254148271 2.5676305951334357
4.382850483417684 2.5676474534489717
4.382850483417684 2.5676474534489717
4.382824571548747 2.5676303488680143
4.382824571548747 2.5676303488680143
4.382850258880564 2.567647577527861
4.382850258880564 2.567647577527861
4.382825048757776 2.5676302327739466
4.382825048757776 2.5676302327739466
4.382849819491605 2.567647755616776
4.382849819491605 2.567647755616776
4.382824923557536 2.5676302293461104
4.382824923557536 2.5676302293461104
4.382850159945682 2.567647731157573
4.382850159945682 2.567647731157573
4.382824656365721 2.567630262043657
4.382824656365721 2.567630262043657
4.3828500950245655 2.567647716878765
4.3828500950245655 2.567647716878765
4.382824583027272 2.567630311314431
4.382824583027272 2.567630311314431
4.382850288892804 2.5676476748526675
4.382850288892804 2.5676476748526675
4.382824772930935 2.5676301260773067
4.382824772930935 2.5676301260773067
4.382849894517726 2.5676479641871204
4.382849894517726 2.5676479641871204
4.382824979512594 2.567630020177247
4.382824979512594 2.567630020177247
4.382849911927044 2.567647924347526
4.382849911927044 2.567647924347526
4.3828247649904855 2.567630103183559
4.3828247649904855 2.567630103183559
4.3828496498266505 2.567647978448102
4.3828496498266505 2.567647978448102
4.382825152308379 2.567630023981624
4.382825152308379 2.567630023981624
4.382849777545335 2.567647982549189
4.382849777545335 2.567647982549189
4.3828248919311426 2.567630021690797
4.3828248919311426 2.567630021690797
4.382849800317519 2.5676479655071964
4.382849800317519 2.5676479655071964
4.382825020593189 2.5676299691860045
4.382825020593189 2.5676299691860045
4.382849751770646 2.567647966118076
4.382849751770646 2.567647966118076
4.382824981738612 2.567630054335437
4.382824981738612 2.567630054335437
4.382849399272836 2.5676480503908934
4.382849399272836 2.5676480503908934
4.382825639762478 2.5676298831169544
4.382825639762478 2.5676298831169544
4.382848998662124 2.5676480562609014
4.382848998662124 2.5676480562609014
4.382825739170196 2.567629932381021
4.382825739170196 2.567629932381021
4.38284908111172 2.567648031315462
4.38284908111172 2.567648031315462
4.382825603895768 2.5676299607873405
4.382825603895768 2.5676299607873405
4.382849092103297 2.5676480248634115
4.382849092103297 2.5676480248634115
4.382825529319183 2.567629952657982
4.382825529319183 2.567629952657982
4.382849302594973 2.5676480291953294
4.382849302594973 2.5676480291953294
4.382825573054081 2.5676299551117494
4.382825573054081 2.5676299551117494
4.38284953475083 2.567647935574451
4.38284953475083 2.567647935574451
4.382825681517549 2.5676298312113857
4.382825681517549 2.5676298312113857
4.382849240088427 2.567648067181381
4.382849240088427 2.567648067181381
4.382825534821646 2.567629981697904
4.382825534821646 2.567629981697904
4.382849063245134 2.5676479794155926
4.382849063245134 2.5676479794155926
4.3828257034341815 2.567629961747166
4.3828257034341815 2.567629961747166
4.3828490868888705 2.567648048947703
4.3828490868888705 2.567648048947703
4.382826026069205 2.5676298649345517
4.382826026069205 2.5676298649345517
4.38284901101186 2.5676480450389354
4.38284901101186 2.5676480450389354
4.382825718043659 2.5676299757966703
4.382825718043659 2.5676299757966703
4.382849040088954 2.5676480232322834
4.382849040088954 2.5676480232322834
4.3828257636109935 2.56762983939072
4.3828257636109935 2.56762983939072
4.38284912824175 2.567648106797402
4.38284912824175 2.567648106797402
4.382825248094991 2.5676299719589486
4.382825248094991 2.5676299719589486
4.382849636287833 2.5676480059063036
4.382849636287833 2.5676480059063036
4.3828251752706455 2.567629962687405
4.3828251752706455 2.567629962687405
4.382849710099364 2.56764801527562
4.382849710099364 2.56764801527562
4.382824903152806 2.5676298198920673
4.382824903152806 2.5676298198920673
4.382849577992852 2.5676483322445365
4.382849577992852 2.5676483322445365
4.3828253112193005 2.567629670398539
4.3828253112193005 2.567629670398539
4.382849627960773 2.5676481598701804
4.382849627960773 2.5676481598701804
4.38282494321717 2.5676297884313835
4.38282494321717 2.5676297884313835
4.38284980324566 2.5676482481101943
4.38284980324566 2.5676482481101943
4.382825047218097 2.567629693265274
4.382825047218097 2.567629693265274
4.382849988205942 2.5676482478764004
4.382849988205942 2.5676482478764004
4.382824882257685 2.5676297705073434
4.382824882257685 2.5676297705073434
4.382850031671254 2.567648104149296
4.382850031671254 2.567648104149296
4.382824814173993 2.5676297834483384
4.382824814173993 2.5676297834483384
4.382850103981842 2.567648114548824
4.382850103981842 2.567648114548824
4.382824944622498 2.567629786612343
4.382824944622498 2.567629786612343
4.382849829198979 2.567648148200994
4.382849829198979 2.567648148200994
4.382824916739872 2.5676298054593594
4.382824916739872 2.5676298054593594
4.382849937944028 2.567648076532108
4.382849937944028 2.567648076532108
4.38282481093949 2.567629932487253
4.38282481093949 2.567629932487253
4.3828502405709955 2.567647964682773
4.3828502405709955 2.567647964682773
4.382824708697383 2.567630001521231
4.382824708697383 2.567630001521231
4.382850113311442 2.567647959965403
4.382850113311442 2.567647959965403
4.382824612701815 2.5676300946444974
4.382824612701815 2.5676300946444974
4.38285030075046 2.567647804939541
4.38285030075046 2.567647804939541
4.382824373102688 2.5676301969908204
4.382824373102688 2.5676301969908204
4.382850259800843 2.5676477733175584
4.382850259800843 2.5676477733175584
4.382824664869728 2.5676300615430776
4.382824664869728 2.5676300615430776
4.382850094408014 2.567647883040473
4.382850094408014 2.567647883040473
4.3828248072582126 2.567629997574545
4.3828248072582126 2.567629997574545
4.382850329821423 2.567647813177807
4.382850329821423 2.567647813177807
4.382824721297054 2.5676300820357456
4.382824721297054 2.5676300820357456
4.382850074505636 2.567647808538903
4.382850074505636 2.567647808538903
4.38282473873348 2.5676301587975305
4.38282473873348 2.5676301587975305
4.3828500117107705 2.5676478211482188
4.3828500117107705 2.5676478211482188
4.382825027976382 2.5676300826472085
4.382825027976382 2.5676300826472085
4.382849596352386 2.56764792124485
4.382849596352386 2.56764792124485
4.382825482806257 2.5676298487690685
4.382825482806257 2.5676298487690685
4.38284937499739 2.567648176046284
4.38284937499739 2.567648176046284
4.382825427787533 2.567629827121344
4.382825427787533 2.567629827121344
4.382849136492411 2.567648129934081
4.382849136492411 2.567648129934081
4.382825367846291 2.567629977929286
4.382825367846291 2.567629977929286
4.382849433930459 2.5676480516695213
4.382849433930459 2.5676480516695213
4.382824970908852 2.567629979788588
4.382824970908852 2.567629979788588
4.382849672037692 2.5676480989153196
4.382849672037692 2.5676480989153196
4.382824939870002 2.5676299117715202
4.382824939870002 2.5676299117715202
4.382849977374584 2.567647987121818
4.382849977374584 2.567647987121818
4.382824884262594 2.567629889421055
4.382824884262594 2.567629889421055
4.382849919028643 2.5676481415837675
4.382849919028643 2.5676481415837675
4.382825039962508 2.5676297902813103
4.382825039962508 2.5676297902813103
4.382849717443574 2.5676482119182062
4.382849717443574 2.5676482119182062
4.3828251947242585 2.567629691495607
4.3828251947242585 2.567629691495607
4.382849497072068 2.567648295161039
4.382849497072068 2.567648295161039
4.382825709400488 2.5676295651051886
4.382825709400488 2.5676295651051886
4.3828492157674575 2.5676483315866925
4.3828492157674575 2.5676483315866925
4.382825498565392 2.5676295303720256
4.382825498565392 2.5676295303720256
4.382849144547001 2.5676485691805846
4.382849144547001 2.5676485691805846
4.382825621835314 2.567629371320661
4.382825621835314 2.567629371320661
4.382849314911856 2.5676484918465894
4.382849314911856 2.5676484918465894
4.382825621809625 2.5676294588504307
4.382825621809625 2.5676294588504307
4.382849552655383 2.5676482828307594
4.382849552655383 2.5676482828307594
4.3828252125234455 2.5676296579318714
4.3828252125234455 2.5676296579318714
4.382849422278648 2.567648280273226
4.382849422278648 2.567648280273226
4.3828251480905 2.5676296685198716
4.3828251480905 2.5676296685198716
4.3828496737229345 2.5676483475652585
4.3828496737229345 2.5676483475652585
4.3828254822635895 2.567629577112706
4.3828254822635895 2.567629577112706
4.382849466349158 2.5676483651239637
4.382849466349158 2.5676483651239637
4.382825298843826 2.56762971935986
4.382825298843826 2.56762971935986
4.382849513696684 2.5676481340170234
4.382849513696684 2.5676481340170234
4.382825244604964 2.567629840336774
4.382825244604964 2.567629840336774
4.382849638276501 2.567648084375907
4.382849638276501 2.567648084375907
4.382825015564428 2.567629812649753
4.382825015564428 2.567629812649753
4.3828501857957205 2.5676480466568012
4.3828501857957205 2.5676480466568012
4.382824723382064 2.5676298573003202
4.382824723382064 2.5676298573003202
4.382849804378716 2.567648235183045
4.382849804378716 2.567648235183045
4.3828249254753455 2.567629786465203
4.3828249254753455 2.567629786465203
4.382849878637056 2.5676481887449776
4.382849878637056 2.5676481887449776
4.382825162930822 2.567629691247505
4.382825162930822 2.567629691247505
4.382849445915638 2.5676483466217066
4.382849445915638 2.5676483466217066
4.3828250422075 2.5676296534999636
4.3828250422075 2.5676296534999636
4.382849818420836 2.5676483719958316
4.382849818420836 2.5676483719958316
4.382825012205887 2.5676295289776845
4.382825012205887 2.5676295289776845
4.3828497331565055 2.567648452975851
4.3828497331565055 2.567648452975851
4.382825250842349 2.567629463536918
4.382825250842349 2.567629463536918
4.3828494859191665 2.567648552094277
4.3828494859191665 2.567648552094277
4.382825334530766 2.5676293857995134
4.382825334530766 2.5676293857995134
4.382849210378311 2.5676486059751267
4.382849210378311 2.5676486059751267
4.382825700854811 2.5676293279506677
4.382825700854811 2.5676293279506677
4.382848964578186 2.5676486756134467
4.382848964578186 2.5676486756134467
4.382825879306209 2.567629359370342
4.382825879306209 2.567629359370342
4.382848793844911 2.5676486128163494
4.382848793844911 2.5676486128163494
4.382826241424989 2.567629218286519
4.382826241424989 2.567629218286519
4.382848894829199 2.5676486385095787
4.382848894829199 2.5676486385095787
4.382825794407196 2.5676293210965455
4.382825794407196 2.5676293210965455
4.382848897391398 2.567648663273119
4.382848897391398 2.567648663273119
4.382825834829308 2.5676293277629023
4.382825834829308 2.5676293277629023
4.3828491913729355 2.5676486756210237
4.3828491913729355 2.5676486756210237
4.382825480855263 2.567629348783103
4.382825480855263 2.567629348783103
4.382849524267253 2.567648526856431
4.382849524267253 2.567648526856431
4.382825263883824 2.567629396958172
4.382825263883824 2.567629396958172
4.382849315969341 2.567648739742487
4.382849315969341 2.567648739742487
4.382825533892653 2.56762914838403
4.382825533892653 2.56762914838403
4.382849128559874 2.5676488560625534
4.382849128559874 2.5676488560625534
4.3828255847469375 2.5676290841785767
4.3828255847469375 2.5676290841785767
4.382849207236768 2.5676487839870674
4.382849207236768 2.5676487839870674
4.382825619478136 2.567629201211604
4.382825619478136 2.567629201211604
4.382849158060546 2.567648731504652
4.382849158060546 2.567648731504652
4.382825643460253 2.5676292728981154
4.382825643460253 2.5676292728981154
4.382849132740172 2.5676486598581776
4.382849132740172 2.5676486598581776
4.382825772320434 2.567629305833116
4.382825772320434 2.567629305833116
4.382848857327717 2.5676486348426573
4.382848857327717 2.5676486348426573
4.382825842825735 2.567629482354959
4.382825842825735 2.567629482354959
4.382849062618811 2.5676485085945324
4.382849062618811 2.5676485085945324
4.382826033492405 2.567629374273124
4.382826033492405 2.567629374273124
4.382849022055284 2.567648502928683
4.382849022055284 2.567648502928683
4.382825878352572 2.5676294632415018
4.382825878352572 2.5676294632415018
4.382848932045276 2.567648533292263
4.382848932045276 2.567648533292263
4.382825490407209 2.5676295650515506
4.382825490407209 2.5676295650515506
4.382849270429565 2.5676483527589373
4.382849270429565 2.5676483527589373
4.382825346396506 2.567629624960981
4.382825346396506 2.567629624960981
4.382849292228779 2.567648363700637
4.382849292228779 2.567648363700637
4.382825398456697 2.5676295954304895
4.382825398456697 2.5676295954304895
4.382849160146615 2.5676483624059614
4.382849160146615 2.5676483624059614
4.382825764530431 2.567629508418727
4.382825764530431 2.567629508418727
4.3828491546197 2.567648419495647
4.3828491546197 2.567648419495647
4.382825558362968 2.567629523278861
4.382825558362968 2.567629523278861
4.382849133649796 2.567648462069815
4.382849133649796 2.567648462069815
4.382825512279905 2.567629466767864
4.382825512279905 2.567629466767864
4.382849299260228 2.5676485299817045
4.382849299260228 2.5676485299817045
4.382825532012849 2.567629309418058
4.382825532012849 2.567629309418058
4.382849106467521 2.567648676296013
4.382849106467521 2.567648676296013
4.382825752005892 2.5676292959496467
4.382825752005892 2.5676292959496467
4.382849042418381 2.5676487652537885
4.382849042418381 2.5676487652537885
4.3828253895429965 2.5676293498355847
4.3828253895429965 2.5676293498355847
4.38284925957202 2.5676487189250436
4.38284925957202 2.5676487189250436
4.38282557806927 2.567629348541139
4.38282557806927 2.567629348541139
4.382849148106286 2.5676487001060506
4.382849148106286 2.5676487001060506
4.382825414382882 2.567629394292976
4.382825414382882 2.567629394292976
4.3828497410507845 2.5676484442653664
4.3828497410507845 2.5676484442653664
4.382824978344169 2.567629612303132
4.382824978344169 2.567629612303132
4.382849816475414 2.567648397969501
4.382849816475414 2.567648397969501
4.382825125374182 2.5676294026854847
4.382825125374182 2.5676294026854847
4.382849704162997 2.56764852724059
4.382849704162997 2.56764852724059
4.382824849090036 2.567629401953514
4.382824849090036 2.567629401953514
4.382849456358154 2.5676486802040555
4.382849456358154 2.5676486802040555
4.382825269307121 2.5676293426647008
4.382825269307121 2.5676293426647008
4.3828494654405326 2.5676486742326534
4.3828494654405326 2.5676486742326534
4.382825316729445 2.567629199277349
4.382825316729445 2.567629199277349
4.382849321476968 2.567648902924845
4.382849321476968 2.567648902924845
4.382825647082058 2.567629029143122
4.382825647082058 2.567629029143122
4.382849004713461 2.56764900909408
4.382849004713461 2.56764900909408
4.382825787377351 2.567629027338258
4.382825787377351 2.567629027338258
4.3828487810258965 2.5676489436648806
4.3828487810258965 2.5676489436648806
4.382825876113391 2.567629038053604
4.382825876113391 2.567629038053604
4.38284922480404 2.5676489002290594
4.38284922480404 2.5676489002290594
4.382825611752902 2.5676290522042753
4.382825611752902 2.5676290522042753
4.382849208498109 2.5676489127367312
4.382849208498109 2.5676489127367312
4.382825417377107 2.567629079505471
4.382825417377107 2.567629079505471
4.382849342951826 2.5676489181644295
4.382849342951826 2.5676489181644295
4.382825423312205 2.5676290209569363
4.382825423312205 2.5676290209569363
4.382849211323178 2.567649082415159
4.382849211323178 2.567649082415159
4.3828257336296215 2.5676289466777935
4.3828257336296215 2.5676289466777935
4.382848962609777 2.5676490058490393
4.382848962609777 2.5676490058490393
4.3828259971941375 2.567628958495116
4.3828259971941375 2.567628958495116
4.3828487941125704 2.5676489123923685
4.3828487941125704 2.5676489123923685
4.382825971991797 2.5676290271922393
4.382825971991797 2.5676290271922393
4.38284880486965 2.567648905925578
4.38284880486965 2.567648905925578
4.38282561739569 2.5676291338789685
4.38282561739569 2.5676291338789685
4.382849201045539 2.5676488319138904
4.382849201045539 2.5676488319138904
4.382825608023839 2.5676291407344536
4.382825608023839 2.5676291407344536
4.382849210088601 2.5676488247350115
4.382849210088601 2.5676488247350115
4.382825773782986 2.56762904300079
4.382825773782986 2.56762904300079
4.382848915634699 2.5676489410791326
4.382848915634699 2.5676489410791326
4.382825778207668 2.5676289873401292
4.382825778207668 2.5676289873401292
4.3828490041150285 2.567649031188882
4.3828490041150285 2.567649031188882
4.382825802704885 2.5676289423904666
4.382825802704885 2.5676289423904666
4.382849082800363 2.5676489489975904
4.382849082800363 2.5676489489975904
4.382825797550999 2.567629035585844
4.382825797550999 2.567629035585844
4.382848870255997 2.567648938694964
4.382848870255997 2.567648938694964
4.382825937610925 2.5676290345499555
4.382825937610925 2.5676290345499555
4.382848952890865 2.567648943199669
4.382848952890865 2.567648943199669
4.382825811195008 2.56762911379959
4.382825811195008 2.56762911379959
4.382848999863909 2.56764888369553
4.382848999863909 2.56764888369553
4.382825792482222 2.567629152267918
4.382825792482222 2.567629152267918
4.3828489144205225 2.5676487686573832
4.3828489144205225 2.5676487686573832
4.3828260870317 2.567629113001758
4.3828260870317 2.567629113001758
4.382848581371338 2.567648862114616
4.382848581371338 2.567648862114616
4.3828263047637614 2.5676290916953017
4.3828263047637614 2.5676290916953017
4.38284843991121 2.567648778249874
4.38284843991121 2.567648778249874
4.3828264769173995 2.5676291530888027
4.3828264769173995 2.5676291530888027
4.382848152428656 2.5676487898311806
4.382848152428656 2.5676487898311806
4.382826835390694 2.567629150897432
4.382826835390694 2.567629150897432
4.382847943605903 2.5676487831554424
4.382847943605903 2.5676487831554424
4.382826824378871 2.567629157360739
4.382826824378871 2.567629157360739
4.382848362963272 2.5676488857877997
4.382848362963272 2.5676488857877997
4.38282621539262 2.567629116675754
4.38282621539262 2.567629116675754
4.382848412388063 2.567648826000626
4.382848412388063 2.567648826000626
4.382826377946374 2.5676291223725225
4.382826377946374 2.5676291223725225
4.382848321333492 2.5676488304412466
4.382848321333492 2.5676488304412466
4.382826826064799 2.567629069810746
4.382826826064799 2.567629069810746
4.382847841112055 2.5676489080502742
4.382847841112055 2.5676489080502742
4.382827051360517 2.567629018269493
4.382827051360517 2.567629018269493
4.382847496733082 2.5676489472540758
4.382847496733082 2.5676489472540758
4.382827452526993 2.5676290435872726
4.382827452526993 2.5676290435872726
4.382846931028419 2.5676489895494647
4.382846931028419 2.5676489895494647
4.382827713844237 2.56762898842122
4.382827713844237 2.56762898842122
4.382847218746876 2.5676489323255236
4.382847218746876 2.5676489323255236
4.382827635539195 2.5676289623482824
4.382827635539195 2.5676289623482824
4.382846904591471 2.567649070529639
4.382846904591471 2.567649070529639
4.382827864533857 2.5676288708298523
4.382827864533857 2.5676288708298523
4.382847031245387 2.5676490783261907
4.382847031245387 2.5676490783261907
4.382827698595404 2.567628852867374
4.382827698595404 2.567628852867374
4.382846980204681 2.5676492203485433
4.382846980204681 2.5676492203485433
4.382827645178351 2.5676288509215324
4.382827645178351 2.5676288509215324
4.38284736446173 2.567649075276483
4.38284736446173 2.567649075276483
4.38282763978742 2.567628831786261
4.38282763978742 2.567628831786261
4.3828471071392645 2.5676491048597447
4.3828471071392645 2.5676491048597447
4.382827540640251 2.5676288472608113
4.382827540640251 2.5676288472608113
4.382847233842715 2.567649113135905
4.382847233842715 2.567649113135905
4.382827448963263 2.567628912499356
4.382827448963263 2.567628912499356
4.382847520664017 2.5676490430823384
4.382847520664017 2.5676490430823384
4.382827036466382 2.5676289596938737
4.382827036466382 2.5676289596938737
4.382847781249951 2.567649008104129
4.382847781249951 2.567649008104129
4.382826508568571 2.5676290522371636
4.382826508568571 2.5676290522371636
4.3828481834896955 2.567648930559912
4.3828481834896955 2.567648930559912
4.382826734951096 2.5676289993174644
4.382826734951096 2.5676289993174644
4.382848045359455 2.567648933739535
4.382848045359455 2.567648933739535
4.38282668887618 2.567629031185346
4.38282668887618 2.567629031185346
4.38284800341091 2.5676489510384823
4.38284800341091 2.5676489510384823
4.382826779054633 2.567628931214774
4.382826779054633 2.567628931214774
4.382848046409705 2.567649188018291
4.382848046409705 2.567649188018291
4.382826300715236 2.567628913829395
4.382826300715236 2.567628913829395
4.382848517369608 2.5676490530815785
4.382848517369608 2.5676490530815785
4.38282620173139 2.567628971735411
4.38282620173139 2.567628971735411
4.382848553065764 2.5676490523958946
4.382848553065764 2.5676490523958946
4.382826374364172 2.5676288472552717
4.382826374364172 2.5676288472552717
4.382848557511707 2.5676490754064907
4.382848557511707 2.5676490754064907
4.382826079714664 2.567628881795032
4.382826079714664 2.567628881795032
4.382848965209432 2.5676490862864396
4.382848965209432 2.5676490862864396
4.382825940108953 2.5676289951726488
4.382825940108953 2.5676289951726488
4.382849145481155 2.5676490070898503
4.382849145481155 2.5676490070898503
4.382825743482603 2.5676289456605996
4.382825743482603 2.5676289456605996
4.382849111812793 2.5676490852342835
4.382849111812793 2.5676490852342835
4.382825891560064 2.5676289129664918
4.382825891560064 2.5676289129664918
4.382849096188662 2.5676489807006457
4.382849096188662 2.5676489807006457
4.382825799816604 2.567628940028155
4.382825799816604 2.567628940028155
4.382848937696353 2.5676490463274018
4.382848937696353 2.5676490463274018
4.382825948746382 2.567628907098842
4.382825948746382 2.567628907098842
4.382848708295412 2.567649099939702
4.382848708295412 2.567649099939702
4.382826091404262 2.5676288166396115
4.382826091404262 2.5676288166396115
4.382848859258509 2.5676492338028862
4.382848859258509 2.5676492338028862
4.38282590687522 2.56762870528835
4.38282590687522 2.56762870528835
4.382848903181436 2.5676492030447093
4.382848903181436 2.5676492030447093
4.382825971859528 2.567628812160276
4.382825971859528 2.567628812160276
4.382848553714344 2.567649212234034
4.382848553714344 2.567649212234034
4.382826468481854 2.5676286351178805
4.382826468481854 2.5676286351178805
4.3828483991878215 2.5676492468904564
4.3828483991878215 2.5676492468904564
4.382826488821831 2.567628707437861
4.382826488821831 2.567628707437861
4.382848459523657 2.5676491537240147
4.382848459523657 2.5676491537240147
4.382826525025422 2.5676287194560956
4.382826525025422 2.5676287194560956
4.382848290532588 2.5676491867192826
4.382848290532588 2.5676491867192826
4.382826483605812 2.567628723490122
4.382826483605812 2.567628723490122
4.382848289693175 2.5676492377859996
4.382848289693175 2.5676492377859996
4.382826520813595 2.5676286461901414
4.382826520813595 2.5676286461901414
4.382848329860783 2.5676493861394185
4.382848329860783 2.5676493861394185
4.382826519757062 2.567628531855984
4.382826519757062 2.567628531855984
4.38284808400305 2.56764947196433
4.38284808400305 2.56764947196433
4.382826956955378 2.5676284998503704
4.382826956955378 2.5676284998503704
4.382847892486445 2.5676494685750955
4.382847892486445 2.5676494685750955
4.382826921002066 2.5676284137404686
4.382826921002066 2.5676284137404686
4.382847858060313 2.56764951794991
4.382847858060313 2.56764951794991
4.382826956180363 2.567628363567178
4.382826956180363 2.567628363567178
4.382847852780719 2.567649633989566
4.382847852780719 2.567649633989566
4.382826991065108 2.5676283128349717
4.382826991065108 2.5676283128349717
4.382847803988351 2.5676495613102936
4.382847803988351 2.5676495613102936
4.382826766406572 2.5676283543750693
4.382826766406572 2.5676283543750693
4.382848076268189 2.5676496434432927
4.382848076268189 2.5676496434432927
4.382826767703407 2.5676283042500074
4.382826767703407 2.5676283042500074
4.382847974137411 2.567649590235305
4.382847974137411 2.567649590235305
4.382826948744392 2.5676283644934137
4.382826948744392 2.5676283644934137
4.382848000658336 2.5676495249045312
4.382848000658336 2.5676495249045312
4.382826683269973 2.5676284350867316
4.382826683269973 2.5676284350867316
4.382848188004787 2.567649446117815
4.382848188004787 2.567649446117815
4.382826547390339 2.5676284274833354
4.382826547390339 2.5676284274833354
4.382847986453033 2.567649538485372
4.382847986453033 2.567649538485372
4.382826423325285 2.5676285738730615
4.382826423325285 2.5676285738730615
4.3828481813517595 2.567649429708159
4.3828481813517595 2.567649429708159
4.382826342964996 2.5676285427066325
4.382826342964996 2.5676285427066325
4.382848517598831 2.5676493684472446
4.382848517598831 2.5676493684472446
4.382825870241806 2.5676287401835993
4.382825870241806 2.5676287401835993
4.382848891529543 2.5676492548224084
4.382848891529543 2.5676492548224084
4.382826030445042 2.567628675078699
4.382826030445042 2.567628675078699
4.382848781405321 2.567649322189264
4.382848781405321 2.567649322189264
4.382826016458474 2.5676286839537337
4.382826016458474 2.5676286839537337
4.382848388266653 2.5676493869058445
4.382848388266653 2.5676493869058445
4.382826379987181 2.56762855239901
4.382826379987181 2.56762855239901
4.38284863996394 2.5676493467203496
4.38284863996394 2.5676493467203496
4.382826111948155 2.567628654323066
4.382826111948155 2.567628654323066
4.3828486819794845 2.56764940609643
4.3828486819794845 2.56764940609643
4.382825903158388 2.567628636884458
4.382825903158388 2.567628636884458
4.3828490654998635 2.5676493516501804
4.3828490654998635 2.5676493516501804
4.3828258658977415 2.5676285454170924
4.3828258658977415 2.5676285454170924
4.382848827048169 2.5676494989869574
4.382848827048169 2.5676494989869574
4.382825813447139 2.567628517643439
4.382825813447139 2.567628517643439
4.382849014891355 2.567649417508163
4.382849014891355 2.567649417508163
4.382825833843857 2.5676285002336954
4.382825833843857 2.5676285002336954
4.382848539689449 2.567649666380557
4.382848539689449 2.567649666380557
4.382826289466487 2.5676283422340567
4.382826289466487 2.5676283422340567
4.382848698858258 2.5676495827784938
4.382848698858258 2.5676495827784938
4.382826361669019 2.567628328534492
4.382826361669019 2.567628328534492
4.382848788996097 2.567649584314035
4.382848788996097 2.567649584314035
4.382826148678606 2.5676283117411267
4.382826148678606 2.5676283117411267
4.382848568738538 2.5676497391045747
4.382848568738538 2.5676497391045747
4.382826291377316 2.5676281479573793
4.382826291377316 2.5676281479573793
4.382848511551783 2.5676498812165187
4.382848511551783 2.5676498812165187
4.382826218519048 2.567628275857346
4.382826218519048 2.567628275857346
4.382848704957727 2.5676495148843697
4.382848704957727 2.5676495148843697
4.382826186160962 2.5676284383189407
4.382826186160962 2.5676284383189407
4.382848569768894 2.567649584629828
4.382848569768894 2.567649584629828
4.382826127307353 2.567628313566784
4.382826127307353 2.567628313566784
4.3828484351881505 2.5676497186185325
4.3828484351881505 2.5676497186185325
4.382826401620711 2.5676282590310167
4.382826401620711 2.5676282590310167
4.382848284817671 2.567649723202959
4.382848284817671 2.567649723202959
4.3828260340819405 2.567628413618554
4.3828260340819405 2.567628413618554
4.38284869224423 2.5676496055269893
4.38284869224423 2.5676496055269893
4.382826030696516 2.567628390502416
4.382826030696516 2.567628390502416
4.38284898497935 2.5676495396642327
4.38284898497935 2.5676495396642327
4.382826281558829 2.5676283030061633
4.382826281558829 2.5676283030061633
4.382848621067586 2.567649643709796
4.382848621067586 2.567649643709796
4.3828262215861065 2.567628305010446
4.3828262215861065 2.567628305010446
4.38284876695635 2.567649620054131
4.38284876695635 2.567649620054131
4.382826057318597 2.5676282925183576
4.382826057318597 2.5676282925183576
4.3828486733409395 2.567649632627372
4.3828486733409395 2.567649632627372
4.3828262006671155 2.5676283834657068
4.3828262006671155 2.5676283834657068
4.38284858722466 2.5676497068783974
4.38284858722466 2.5676497068783974
4.382826421451435 2.5676282280579166
4.382826421451435 2.5676282280579166
4.38284832767721 2.567649635372723
4.38284832767721 2.567649635372723
4.382826307185751 2.567628318278202
4.382826307185751 2.567628318278202
4.382848711126665 2.567649610335531
4.382848711126665 2.567649610335531
4.382826387974716 2.567628273896039
4.382826387974716 2.567628273896039
4.382848127392344 2.5676497512376044
4.382848127392344 2.5676497512376044
4.3828267150026425 2.567628262940267
4.3828267150026425 2.567628262940267
4.382848605923809 2.5676496067879864
4.382848605923809 2.5676496067879864
4.382826673816414 2.5676282037810565
4.382826673816414 2.5676282037810565
4.3828480215624674 2.5676497483166276
4.3828480215624674 2.5676497483166276
4.382826558924306 2.567628292913862
4.382826558924306 2.567628292913862
4.382848275399904 2.5676496155598088
4.382848275399904 2.5676496155598088
4.382826740155232 2.5676282884722466
4.382826740155232 2.5676282884722466
4.382847991765687 2.5676497014139716
4.382847991765687 2.5676497014139716
4.382826936893353 2.567628291021631
4.382826936893353 2.567628291021631
4.382847926664074 2.5676496194186544
4.382847926664074 2.5676496194186544
4.382826875946609 2.5676283580532497
4.382826875946609 2.5676283580532497
4.382847955719803 2.5676495536968154
4.382847955719803 2.5676495536968154
4.382826995407429 2.5676284668831837
4.382826995407429 2.5676284668831837
4.382847689996759 2.5676495817615
4.382847689996759 2.5676495817615
4.382826957160373 2.5676283418822323
4.382826957160373 2.5676283418822323
4.3828475537727565 2.567649710354544
4.3828475537727565 2.567649710354544
4.38282715073987 2.5676283447539863
4.38282715073987 2.5676283447539863
4.382847794844549 2.567649612288016
4.382847794844549 2.567649612288016
4.382826667623209 2.567628411469667
4.382826667623209 2.567628411469667
4.382848050008514 2.5676496369969635
4.382848050008514 2.5676496369969635
4.382826624758289 2.5676283530288013
4.382826624758289 2.5676283530288013
4.382848277427917 2.5676495938286923
4.382848277427917 2.5676495938286923
4.382826859314813 2.567628326844832
4.382826859314813 2.567628326844832
4.382848275875578 2.567649644197589
4.382848275875578 2.567649644197589
4.382826703296434 2.5676283265571693
4.382826703296434 2.5676283265571693
4.382848083986679 2.567649759142985
4.382848083986679 2.567649759142985
4.382826797015735 2.56762829278161
4.382826797015735 2.56762829278161
4.38284796898725 2.5676496963223974
4.38284796898725 2.5676496963223974
4.382826863403216 2.5676283476301265
4.382826863403216 2.5676283476301265
4.3828480401262 2.567649599538254
4.3828480401262 2.567649599538254
4.382826389132704 2.5676284244763203
4.382826389132704 2.5676284244763203
4.382848121375619 2.567649629740809
4.382848121375619 2.567649629740809
4.3828265230153045 2.5676283593675318
4.3828265230153045 2.5676283593675318
4.382848326558255 2.5676496098578947
4.382848326558255 2.5676496098578947
4.382826494972788 2.5676282399993227
4.382826494972788 2.5676282399993227
4.382848402257133 2.567649737152406
4.382848402257133 2.567649737152406
4.382826276968658 2.5676282234550665
4.382826276968658 2.5676282234550665
4.382848712826979 2.5676497013288144
4.382848712826979 2.5676497013288144
4.3828258672005695 2.5676283425507975
4.3828258672005695 2.5676283425507975
4.382849022711425 2.5676496661509725
4.382849022711425 2.5676496661509725
4.382825657252297 2.5676282933164836
4.382825657252297 2.5676282933164836
4.3828491546942265 2.567649705560844
4.3828491546942265 2.567649705560844
4.382825745637451 2.5676282157110375
4.382825745637451 2.5676282157110375
4.382848839340292 2.5676499174526906
4.382848839340292 2.5676499174526906
4.382825755851452 2.5676281290807275
4.382825755851452 2.5676281290807275
4.382849039830637 2.567649736575059
4.382849039830637 2.567649736575059
4.382825596693984 2.5676282805644193
4.382825596693984 2.5676282805644193
4.3828489493788405 2.5676498151243488
4.3828489493788405 2.5676498151243488
4.3828259265639655 2.5676282022231343
4.3828259265639655 2.5676282022231343
4.382849185730708 2.56764967406053
4.382849185730708 2.56764967406053
4.382825708028023 2.567628278933452
4.382825708028023 2.567628278933452
4.382849146822678 2.5676496623332064
4.382849146822678 2.5676496623332064
4.382826051787672 2.5676282313695316
4.382826051787672 2.5676282313695316
4.382848818383627 2.5676496470758976
4.382848818383627 2.5676496470758976
4.382825948133702 2.567628290807853
4.382825948133702 2.567628290807853
4.382848797294968 2.567649572119083
4.382848797294968 2.567649572119083
4.382825966980473 2.567628367281857
4.382825966980473 2.567628367281857
4.382849075893495 2.5676496621952904
4.382849075893495 2.5676496621952904
4.38282563895883 2.5676282726823065
4.38282563895883 2.5676282726823065
4.382849087185513 2.567649747934613
4.382849087185513 2.567649747934613
4.382825661092067 2.5676282551494674
4.382825661092067 2.5676282551494674
4.382849158719403 2.567649712337479
4.382849158719403 2.567649712337479
4.382825700843146 2.5676281720896412
4.382825700843146 2.5676281720896412
4.382849072535055 2.567649854532306
4.382849072535055 2.567649854532306
4.382825743172827 2.567628088672005
4.382825743172827 2.567628088672005
4.38284958161198 2.567649812607753
4.38284958161198 2.567649812607753
4.382825203372902 2.5676282611341206
4.382825203372902 2.5676282611341206
4.382849828339367 2.567649604784293
4.382849828339367 2.567649604784293
4.382825365391267 2.567628318665043
4.382825365391267 2.567628318665043
4.382849696528362 2.5676495246892026
4.382849696528362 2.5676495246892026
4.382825081254883 2.567628582339914
4.382825081254883 2.567628582339914
4.382849824026397 2.5676493618425287
4.382849824026397 2.5676493618425287
4.382825383440478 2.5676285738177986
4.382825383440478 2.5676285738177986
4.3828495294641865 2.5676492157567683
4.3828495294641865 2.5676492157567683
4.382825147564471 2.5676287756352174
4.382825147564471 2.5676287756352174
4.382849573420364 2.5676492775090347
4.382849573420364 2.5676492775090347
4.382825314579866 2.567628786075598
4.382825314579866 2.567628786075598
4.382849506060785 2.5676491784865187
4.382849506060785 2.5676491784865187
4.382825214130481 2.5676288472230557
4.382825214130481 2.5676288472230557
4.382849391068379 2.5676491583286443
4.382849391068379 2.5676491583286443
4.382825345494823 2.567628801640431
4.382825345494823 2.567628801640431
4.382849384839394 2.5676492172654957
4.382849384839394 2.5676492172654957
4.382825418053918 2.5676287878982444
4.382825418053918 2.5676287878982444
4.382849638035388 2.567649149207324
4.382849638035388 2.567649149207324
4.382825238159135 2.5676288686421973
4.382825238159135 2.5676288686421973
4.382849554731222 2.5676491158518795
4.382849554731222 2.5676491158518795
4.382825085770108 2.56762893020508
4.382825085770108 2.56762893020508
4.382849467087703 2.56764907525487
4.382849467087703 2.56764907525487
4.382825660433373 2.5676287288878745
4.382825660433373 2.5676287288878745
4.38284935826135 2.567649262347625
4.38284935826135 2.567649262347625
4.382825433176882 2.5676285782063557
4.382825433176882 2.5676285782063557
4.382849424916896 2.567649332497324
4.382849424916896 2.567649332497324
4.382825308345545 2.567628628435223
4.382825308345545 2.567628628435223
4.382849298187781 2.56764946697668
4.382849298187781 2.56764946697668
4.382825382216068 2.567628492837617
4.382825382216068 2.567628492837617
4.382849279473971 2.567649482068618
4.382849279473971 2.567649482068618
4.382825180545384 2.56762864024701
4.382825180545384 2.56762864024701
4.382849593100542 2.567649413690464
4.382849593100542 2.567649413690464
4.3828251710421835 2.5676285250549307
4.3828251710421835 2.5676285250549307
4.382849566144579 2.567649460570322
4.382849566144579 2.567649460570322
4.38282505239683 2.5676286541286397
4.38282505239683 2.5676286541286397
4.3828496776364325 2.5676492437092078
4.3828496776364325 2.5676492437092078
4.382825067496824 2.5676286820828844
4.382825067496824 2.5676286820828844
4.382850099675191 2.5676492150206887
4.382850099675191 2.5676492150206887
4.3828246875784975 2.5676287743906836
4.3828246875784975 2.5676287743906836
4.382850142986051 2.5676491548016207
4.382850142986051 2.5676491548016207
4.382824541169512 2.5676288037056434
4.382824541169512 2.5676288037056434
4.38284988896524 2.5676492792485757
4.38284988896524 2.5676492792485757
4.382824882875226 2.567628624617011
4.382824882875226 2.567628624617011
4.382850030400413 2.5676492846576147
4.382850030400413 2.5676492846576147
4.3828247806278675 2.5676286871486784
4.3828247806278675 2.5676286871486784
4.382849555132867 2.5676494498812374
4.382849555132867 2.5676494498812374
4.3828252777808965 2.567628534009442
4.3828252777808965 2.567628534009442
4.382849485673585 2.5676495538127897
4.382849485673585 2.5676495538127897
4.382825248298381 2.5676284075981473
4.382825248298381 2.5676284075981473
4.382849428519083 2.5676496098645645
4.382849428519083 2.5676496098645645
4.382825082254977 2.5676283917879967
4.382825082254977 2.5676283917879967
4.382849564655311 2.567649525759046
4.382849564655311 2.567649525759046
4.382824994079503 2.5676285099807035
4.382824994079503 2.5676285099807035
4.382849835771455 2.5676494209405125
4.382849835771455 2.5676494209405125
4.382825003641272 2.567628530675715
4.382825003641272 2.567628530675715
4.382849827672967 2.567649400125673
4.382849827672967 2.567649400125673
4.382824815456387 2.5676284903940165
4.382824815456387 2.5676284903940165
4.3828499600379685 2.5676494402679535
4.3828499600379685 2.5676494402679535
4.382825111199659 2.56762843473245
4.382825111199659 2.56762843473245
4.382849580414106 2.5676495164571422
4.382849580414106 2.5676495164571422
4.3828252557127065 2.567628356386058
4.3828252557127065 2.567628356386058
4.382849445807381 2.567649764186076
4.382849445807381 2.567649764186076
4.382825647183775 2.5676280476478617
4.382825647183775 2.5676280476478617
4.382849242538189 2.5676499630612404
4.382849242538189 2.5676499630612404
4.382825407881382 2.567627893990145
4.382825407881382 2.567627893990145
4.382849405628797 2.5676500085271776
4.382849405628797 2.5676500085271776
4.382825502229522 2.5676278137524893
4.382825502229522 2.5676278137524893
4.38284925816142 2.5676501804374725
4.38284925816142 2.5676501804374725
4.382825523810782 2.567627892535407
4.382825523810782 2.567627892535407
4.382849254194903 2.5676500369566795
4.382849254194903 2.5676500369566795
4.382825500517433 2.567628029890276
4.382825500517433 2.567628029890276
4.382849064617543 2.5676499710128726
4.382849064617543 2.5676499710128726
4.3828257009142035 2.5676279667639275
4.3828257009142035 2.5676279667639275
4.382848901597548 2.5676500075154496
4.382848901597548 2.5676500075154496
4.382825809294398 2.5676280215480287
4.382825809294398 2.5676280215480287
4.382849048440757 2.56764991799851
4.382849048440757 2.56764991799851
4.3828254993251585 2.567628026639858
4.3828254993251585 2.567628026639858
4.382849148235515 2.5676498881795324
4.382849148235515 2.5676498881795324
4.3828256885338925 2.5676280917692718
4.3828256885338925 2.5676280917692718
4.38284912380235 2.567649907227734
4.38284912380235 2.567649907227734
4.382825943368407 2.567627936331881
4.382825943368407 2.567627936331881
4.382848916212757 2.5676500695747584
4.382848916212757 2.5676500695747584
4.382825669996163 2.567627845445178
4.382825669996163 2.567627845445178
4.382849149518536 2.5676501217354324
4.382849149518536 2.5676501217354324
4.382825402932499 2.567627789909653
4.382825402932499 2.567627789909653
4.382849728915775 2.5676501480905034
4.382849728915775 2.5676501480905034
4.3828250265566 2.5676278232436216
4.3828250265566 2.5676278232436216
4.382849697733845 2.5676501993305716
4.382849697733845 2.5676501993305716
4.382825022071805 2.5676277979228463
4.382825022071805 2.5676277979228463
4.382849738564711 2.5676501979801105
4.382849738564711 2.5676501979801105
4.382825099028302 2.567627783583242
4.382825099028302 2.567627783583242
4.382849901319721 2.56765013791725
4.382849901319721 2.56765013791725
4.382824756581662 2.5676278903144953
4.382824756581662 2.5676278903144953
4.382850043417014 2.567650048806036
4.382850043417014 2.567650048806036
4.382824756426337 2.5676279598883
4.382824756426337 2.5676279598883
4.382849948579968 2.567649922259748
4.382849948579968 2.567649922259748
4.382824773134851 2.5676280734393644
4.382824773134851 2.5676280734393644
4.382849829212806 2.5676498995022006
4.382849829212806 2.5676498995022006
4.382825162813083 2.567627996969541
4.382825162813083 2.567627996969541
4.38284960602522 2.5676499654900695
4.38284960602522 2.5676499654900695
4.382825562270585 2.567627888352789
4.382825562270585 2.567627888352789
4.382848974378607 2.567650210563044
4.382848974378607 2.567650210563044
4.382825659248902 2.567627710504508
4.382825659248902 2.567627710504508
4.382849388152138 2.5676501506644303
4.382849388152138 2.5676501506644303
4.3828253228581255 2.5676278797037986
4.3828253228581255 2.5676278797037986
4.382849329533414 2.5676500017733064
4.382849329533414 2.5676500017733064
4.382825277272289 2.567627913558411
4.382825277272289 2.567627913558411
4.38284951824405 2.5676501529551885
4.38284951824405 2.5676501529551885
4.382825336210636 2.5676277620085104
4.382825336210636 2.5676277620085104
4.382849529568507 2.567650144744086
4.382849529568507 2.567650144744086
4.382825350277443 2.56762787481605
4.382825350277443 2.56762787481605
4.3828493729005995 2.5676501475737536
4.3828493729005995 2.5676501475737536
4.382825265453291 2.5676278394617604
4.382825265453291 2.5676278394617604
4.3828492881753185 2.5676501947705934
4.3828492881753185 2.5676501947705934
4.382825616610629 2.5676277263506346
4.382825616610629 2.5676277263506346
4.3828488597102195 2.5676501995557786
4.3828488597102195 2.5676501995557786
4.382826387367837 2.567627695803866
4.382826387367837 2.567627695803866
4.382848286089323 2.5676503164067817
4.382848286089323 2.5676503164067817
4.382826291857541 2.567627697620009
4.382826291857541 2.567627697620009
4.382848444363685 2.5676502638328644
4.382848444363685 2.5676502638328644
4.382825946975299 2.567627894690333
4.382825946975299 2.567627894690333
4.382848768076847 2.5676500901052997
4.382848768076847 2.5676500901052997
4.382826079095375 2.567627856361883
4.382826079095375 2.567627856361883
4.382848658888379 2.567650103327204
4.382848658888379 2.567650103327204
4.382826140592987 2.567627903815261
4.382826140592987 2.567627903815261
4.38284859127712 2.567650017959736
4.38284859127712 2.567650017959736
4.382826255715507 2.567627928482378
4.382826255715507 2.567627928482378
4.3828485144536975 2.5676501003344896
4.3828485144536975 2.5676501003344896
4.382826114689247 2.5676278523749922
4.382826114689247 2.5676278523749922
4.3828485674833955 2.5676501302513346
4.3828485674833955 2.5676501302513346
4.382826077936785 2.5676277602543407
4.382826077936785 2.5676277602543407
4.382848838312073 2.567650154495009
4.382848838312073 2.567650154495009
4.38282582302985 2.567627799886071
4.38282582302985 2.567627799886071
4.382849086324238 2.567650145727558
4.382849086324238 2.567650145727558
4.3828257522625265 2.5676278332123634
4.3828257522625265 2.5676278332123634
4.3828490520861685 2.567650197839923
4.3828490520861685 2.567650197839923
4.382825835448121 2.567627788331073
4.382825835448121 2.567627788331073
4.382848435576767 2.5676503469809564
4.382848435576767 2.5676503469809564
4.382826283845956 2.5676275813294387
4.382826283845956 2.5676275813294387
4.382848489950079 2.567650377987836
4.382848489950079 2.567650377987836
4.382825920401135 2.5676276198661534
4.382825920401135 2.5676276198661534
4.3828488483433805 2.5676504115875507
4.3828488483433805 2.5676504115875507
4.382825893561406 2.5676276197524386
4.382825893561406 2.5676276197524386
4.382848975316476 2.567650286812099
4.382848975316476 2.567650286812099
4.38282566709663 2.5676278010995874
4.38282566709663 2.5676278010995874
4.382849288787518 2.567650083342346
4.382849288787518 2.567650083342346
4.382825064306323 2.5676280676218854
4.382825064306323 2.5676280676218854
4.382849968874846 2.567649924710247
4.382849968874846 2.567649924710247
4.382824715747959 2.5676279998899227
4.382824715747959 2.5676279998899227
4.382849970572454 2.567649951829233
4.382849970572454 2.567649951829233
4.38282483067358 2.5676280563586666
4.38282483067358 2.5676280563586666
4.382849795463773 2.5676499268657227
4.382849795463773 2.5676499268657227
4.382824943766531 2.567628000714103
4.382824943766531 2.567628000714103
4.382849796737722 2.56764985739767
4.382849796737722 2.56764985739767
4.382824872753016 2.567628135425922
4.382824872753016 2.567628135425922
4.3828496429439765 2.5676498598513326
4.3828496429439765 2.5676498598513326
4.382825293847183 2.5676280343323974
4.382825293847183 2.5676280343323974
4.382849291828561 2.567650004598376
4.382849291828561 2.567650004598376
4.3828257966304776 2.567627840289955
4.3828257966304776 2.567627840289955
4.382848844385464 2.567650104571821
4.382848844385464 2.567650104571821
4.3828261335350955 2.5676276633227664
4.3828261335350955 2.5676276633227664
4.382849134788412 2.5676501229867736
4.382849134788412 2.5676501229867736
4.382825753431597 2.567627862364154
4.382825753431597 2.567627862364154
4.382849008170071 2.5676501303269164
4.382849008170071 2.5676501303269164
4.382825879773016 2.5676278550409473
4.382825879773016 2.5676278550409473
4.382849279180344 2.5676500877861095
4.382849279180344 2.5676500877861095
4.382825478598545 2.5676278815601843
4.382825478598545 2.5676278815601843
4.382849202877082 2.5676501024676854
4.382849202877082 2.5676501024676854
4.382825597239226 2.5676279055643025
4.382825597239226 2.5676279055643025
4.382848720947927 2.56765019841149
4.382848720947927 2.56765019841149
4.382826053188592 2.567627708095629
4.382826053188592 2.567627708095629
4.38284866423845 2.5676502741475105
4.38284866423845 2.5676502741475105
4.382826193174143 2.5676276411744703
4.382826193174143 2.5676276411744703
4.382848550259517 2.5676504830314077
4.382848550259517 2.5676504830314077
4.382826262041549 2.567627464627879
4.382826262041549 2.567627464627879
4.382848699669305 2.5676504187767777
4.382848699669305 2.5676504187767777
4.382826371934506 2.5676275213632707
4.382826371934506 2.5676275213632707
4.3828483563332785 2.5676504711626658
4.3828483563332785 2.5676504711626658
4.382826312626033 2.56762751880489
4.382826312626033 2.56762751880489
4.382848482564361 2.5676505418993867
4.382848482564361 2.5676505418993867
4.382826261624957 2.5676275303663183
4.382826261624957 2.5676275303663183
4.382848396842276 2.5676503502452976
4.382848396842276 2.5676503502452976
4.382826186381159 2.5676275904360524
4.382826186381159 2.5676275904360524
4.382848342471587 2.5676505082871706
4.382848342471587 2.5676505082871706
4.382826423751633 2.567627429843348
4.382826423751633 2.567627429843348
4.382848272056285 2.567650492001773
4.382848272056285 2.567650492001773
4.382826992805061 2.5676273715211524
4.382826992805061 2.5676273715211524
4.382848259629839 2.5676505985481755
4.382848259629839 2.5676505985481755
4.3828265786523755 2.5676272135977194
4.3828265786523755 2.5676272135977194
4.382848014961176 2.5676507615878603
4.382848014961176 2.5676507615878603
4.382826708759386 2.5676271836467537
4.382826708759386 2.5676271836467537
4.382848253436221 2.5676507266686714
4.382848253436221 2.5676507266686714
4.382826201218362 2.567627208746205
4.382826201218362 2.567627208746205
4.382848674570759 2.56765069508956
4.382848674570759 2.56765069508956
4.382826309595137 2.5676272665196107
4.382826309595137 2.5676272665196107
4.382848515198224 2.5676506727684276
4.382848515198224 2.5676506727684276
4.382826195452719 2.567627329135954
4.382826195452719 2.567627329135954
4.382848668178864 2.567650607013068
4.382848668178864 2.567650607013068
4.382826221820203 2.5676273793969657
4.382826221820203 2.5676273793969657
4.382848450225646 2.5676506329837965
4.382848450225646 2.5676506329837965
4.3828263068608555 2.567627335526107
4.3828263068608555 2.567627335526107
4.382848565802899 2.5676505693243645
4.382848565802899 2.5676505693243645
4.382826316728374 2.5676272532868767
4.382826316728374 2.5676272532868767
4.382848758134276 2.56765054310721
4.382848758134276 2.56765054310721
4.382825931264925 2.5676273542809303
4.382825931264925 2.5676273542809303
4.3828485998901145 2.5676507166902516
4.3828485998901145 2.5676507166902516
4.38282615973885 2.5676272503014115
4.38282615973885 2.5676272503014115
4.382848261198593 2.5676509228632245
4.382848261198593 2.5676509228632245
4.382826668582909 2.567626892222638
4.382826668582909 2.567626892222638
4.382848001245341 2.5676511180443886
4.382848001245341 2.5676511180443886
4.382826751708118 2.5676268767213233
4.382826751708118 2.5676268767213233
4.382848302578742 2.567651060516809
4.382848302578742 2.567651060516809
4.38282650739318 2.5676268897119594
4.38282650739318 2.5676268897119594
4.382848274277097 2.5676510371328947
4.382848274277097 2.5676510371328947
4.382825966024324 2.5676270072394107
4.382825966024324 2.5676270072394107
4.38284825027133 2.5676511998082594
4.38284825027133 2.5676511998082594
4.382826531674852 2.567626676951292
4.382826531674852 2.567626676951292
4.382848244295617 2.567651278750554
4.382848244295617 2.567651278750554
4.382826318102661 2.5676267368168326
4.382826318102661 2.5676267368168326
4.382848462965797 2.567651189786578
4.382848462965797 2.567651189786578
4.3828264923871085 2.567626727497191
4.3828264923871085 2.567626727497191
4.382848656664864 2.567651214100062
4.382848656664864 2.567651214100062
4.382826485429515 2.5676266848246168
4.382826485429515 2.5676266848246168
4.382848394710162 2.567651216409825
4.382848394710162 2.567651216409825
4.382826575511504 2.567626640471881
4.382826575511504 2.567626640471881
4.382848221674748 2.5676512268750242
4.382848221674748 2.5676512268750242
4.382826430506418 2.567626817129152
4.382826430506418 2.567626817129152
4.38284864049792 2.567651036730663
4.38284864049792 2.567651036730663
4.382825973163364 2.5676269903138937
4.382825973163364 2.5676269903138937
4.382848837109531 2.5676510105997608
4.382848837109531 2.5676510105997608
4.3828259766557665 2.5676269369373195
4.3828259766557665 2.5676269369373195
4.3828488927497045 2.567650997114624
4.3828488927497045 2.567650997114624
4.382825914280422 2.5676269815885093
4.382825914280422 2.5676269815885093
4.382848914028582 2.5676509560774017
4.382848914028582 2.5676509560774017
4.382825981100649 2.567627028892619
4.382825981100649 2.567627028892619
4.3828488451268806 2.5676509095263724
4.3828488451268806 2.5676509095263724
4.382825833619758 2.567627018737531
4.382825833619758 2.567627018737531
4.3828489781348505 2.567650982493944
4.3828489781348505 2.567650982493944
4.3828258034004595 2.567627091088316
4.3828258034004595 2.567627091088316
4.382848705994122 2.5676510450873162
4.382848705994122 2.5676510450873162
4.38282612547554 2.567626792992316
4.38282612547554 2.567626792992316
4.3828485676976 2.5676511267392055
4.3828485676976 2.5676511267392055
4.382826393647216 2.567626977224574
4.382826393647216 2.567626977224574
4.382848327426436 2.5676510171015967
4.382848327426436 2.5676510171015967
4.382826595236445 2.567626826970277
4.382826595236445 2.567626826970277
4.3828485434009 2.5676511447785524
4.3828485434009 2.5676511447785524
4.382826075108008 2.5676268530284765
4.382826075108008 2.5676268530284765
4.38284883277264 2.5676509251554007
4.38284883277264 2.5676509251554007
4.382825829248509 2.5676270669832775
4.382825829248509 2.5676270669832775
4.382848369400818 2.5676510352780375
4.382848369400818 2.5676510352780375
4.3828263893050625 2.5676269314832125
4.3828263893050625 2.5676269314832125
4.382848480182119 2.567651002374751
4.382848480182119 2.567651002374751
4.382826376527425 2.567626960018292
4.382826376527425 2.567626960018292
4.382848485602761 2.5676510034657194
4.382848485602761 2.5676510034657194
4.382826283154729 2.56762695208605
4.382826283154729 2.56762695208605
4.382848578569098 2.5676510118148377
4.382848578569098 2.5676510118148377
4.382826209388319 2.567627028592871
4.382826209388319 2.567627028592871
4.382848371390434 2.5676509768866085
4.382848371390434 2.5676509768866085
4.3828257818457335 2.567627107289958
4.3828257818457335 2.567627107289958
4.382849050449315 2.567650755317945
4.382849050449315 2.567650755317945
4.382825597224823 2.5676273005486454
4.382825597224823 2.5676273005486454
4.38284891752925 2.567650834486678
4.38284891752925 2.567650834486678
4.3828259824555165 2.5676271205658896
4.3828259824555165 2.5676271205658896
4.382848577464812 2.5676508273114185
4.382848577464812 2.5676508273114185
4.382826271999245 2.5676271637166663
4.382826271999245 2.5676271637166663
4.3828486025159945 2.5676507401998347
4.3828486025159945 2.5676507401998347
4.382826155644497 2.56762722750881
4.382826155644497 2.56762722750881
4.382848624019601 2.5676507007028495
4.382848624019601 2.5676507007028495
4.382826118302576 2.5676271321985413
4.382826118302576 2.5676271321985413
4.382848984808849 2.5676507660401935
4.382848984808849 2.5676507660401935
4.382825883825649 2.5676271147015495
4.382825883825649 2.5676271147015495
4.382848975534337 2.56765089703061
4.382848975534337 2.56765089703061
4.3828257826811665 2.5676271154699135
4.3828257826811665 2.5676271154699135
4.382848879483271 2.5676507301073173
4.382848879483271 2.5676507301073173
4.382826260567927 2.567627308855557
4.382826260567927 2.567627308855557
4.382848974350094 2.5676505341761957
4.382848974350094 2.5676505341761957
4.382826008361179 2.5676274280777176
4.382826008361179 2.5676274280777176
4.382848656568434 2.5676506596097664
4.382848656568434 2.5676506596097664
4.382826173761762 2.56762742069144
4.382826173761762 2.56762742069144
4.382849013437555 2.56765045516468
4.382849013437555 2.56765045516468
4.382826060123966 2.5676274841913065
4.382826060123966 2.5676274841913065
4.382849048706597 2.5676503526271324
4.382849048706597 2.5676503526271324
4.382825726658429 2.5676275518170977
4.382825726658429 2.5676275518170977
4.38284952490213 2.5676503993824915
4.38284952490213 2.5676503993824915
4.382825066133057 2.5676275496157555
4.382825066133057 2.5676275496157555
4.382849396955927 2.567650476378982
4.382849396955927 2.567650476378982
4.382825404510225 2.5676275317341104
4.382825404510225 2.5676275317341104
4.382849473311346 2.5676503408823517
4.382849473311346 2.5676503408823517
4.382825028063148 2.567627630050685
4.382825028063148 2.567627630050685
4.382850029030392 2.5676502949408557
4.382850029030392 2.5676502949408557
4.3828247999076835 2.567627820758296
4.3828247999076835 2.567627820758296
4.382850201968474 2.567650099913447
4.382850201968474 2.567650099913447
4.382824657908261 2.5676277797431384
4.382824657908261 2.5676277797431384
4.382850392862827 2.5676500468906873
4.382850392862827 2.5676500468906873
4.382824401617736 2.56762799677502
4.382824401617736 2.56762799677502
4.3828502886219995 2.567650167400035
4.3828502886219995 2.567650167400035
4.382824368035818 2.5676278624244837
4.382824368035818 2.5676278624244837
4.3828504563392565 2.5676501026876757
4.3828504563392565 2.5676501026876757
4.382824353274852 2.56762787122269
4.382824353274852 2.56762787122269
4.382850306634921 2.5676501854854554
4.382850306634921 2.5676501854854554
4.382824568621333 2.5676277551057516
4.382824568621333 2.5676277551057516
4.382850241333944 2.5676501488932644
4.382850241333944 2.5676501488932644
4.382824882259893 2.567627795768844
4.382824882259893 2.567627795768844
4.382849994674123 2.5676502859728707
4.382849994674123 2.5676502859728707
4.382824852864313 2.567627661648483
4.382824852864313 2.567627661648483
4.382850094806731 2.5676502559902907
4.382850094806731 2.5676502559902907
4.382825122520889 2.5676275666292465
4.382825122520889 2.5676275666292465
4.382849502501174 2.567650412291159
4.382849502501174 2.567650412291159
4.382825252776855 2.567627557293293
4.382825252776855 2.567627557293293
4.382849598896779 2.5676504148178427
4.382849598896779 2.5676504148178427
4.382825111964243 2.567627616517861
4.382825111964243 2.567627616517861
4.382849799638544 2.567650327947321
4.382849799638544 2.567650327947321
4.382824992509428 2.5676277149053255
4.382824992509428 2.5676277149053255
4.3828495959805736 2.5676502923676683
4.3828495959805736 2.5676502923676683
4.3828252861445405 2.5676275212348845
4.3828252861445405 2.5676275212348845
4.382849436243173 2.5676505017569853
4.382849436243173 2.5676505017569853
4.382825537870881 2.567627290484184
4.382825537870881 2.567627290484184
4.382849147839317 2.5676506613624457
4.382849147839317 2.5676506613624457
4.382825524092607 2.567627298538822
4.382825524092607 2.567627298538822
4.3828490390112895 2.5676508462599976
4.3828490390112895 2.5676508462599976
4.382825900105499 2.5676271056053506
4.382825900105499 2.5676271056053506
4.382848941229828 2.567650725389141
4.382848941229828 2.567650725389141
4.382826004476279 2.5676271957621135
4.382826004476279 2.5676271957621135
4.382849003024655 2.5676507262102444
4.382849003024655 2.5676507262102444
4.382826264539011 2.5676271651005917
4.382826264539011 2.5676271651005917
4.382848489106371 2.5676509022516845
4.382848489106371 2.5676509022516845
4.382826064124623 2.5676271741759105
4.382826064124623 2.5676271741759105
4.382848989301606 2.5676507143539293
4.382848989301606 2.5676507143539293
4.382825807207968 2.567627295512623
4.382825807207968 2.567627295512623
4.3828488299868456 2.567650646336533
4.3828488299868456 2.567650646336533
4.38282588351886 2.5676273545469632
4.38282588351886 2.5676273545469632
4.382848945764596 2.5676505819083384
4.382848945764596 2.5676505819083384
4.382825812144918 2.567627386127641
4.382825812144918 2.567627386127641
4.382848945883231 2.5676506787312605
4.382848945883231 2.5676506787312605
4.382826039063086 2.5676272831560674
4.382826039063086 2.5676272831560674
4.382848547833385 2.567650722143535
4.382848547833385 2.567650722143535
4.382826225918132 2.5676271840652936
4.382826225918132 2.5676271840652936
4.382848781705261 2.5676507377380555
4.382848781705261 2.5676507377380555
4.382826054210953 2.567627268858541
4.382826054210953 2.567627268858541
4.382848421161473 2.5676508214059224
4.382848421161473 2.5676508214059224
4.382826377448505 2.5676271868679854
4.382826377448505 2.5676271868679854
4.3828486700513904 2.5676507309067333
4.3828486700513904 2.5676507309067333
4.38282600178059 2.5676272294037643
4.38282600178059 2.5676272294037643
4.382848535794905 2.567650810374499
4.382848535794905 2.567650810374499
4.382826317370828 2.5676271330947436
4.382826317370828 2.5676271330947436
4.382848493434993 2.5676508672598284
4.382848493434993 2.5676508672598284
4.382826314671955 2.5676270636536764
4.382826314671955 2.5676270636536764
4.382848542140199 2.5676509493889044
4.382848542140199 2.5676509493889044
4.382826024787879 2.567627066462726
4.382826024787879 2.567627066462726
4.382849038912361 2.5676507893214398
4.382849038912361 2.5676507893214398
4.3828255195704715 2.5676273320660257
4.3828255195704715 2.5676273320660257
4.382849529219145 2.5676505586202722
4.382849529219145 2.5676505586202722
4.382825590309103 2.567627349687345
4.382825590309103 2.567627349687345
4.382849248805889 2.5676506846814897
4.382849248805889 2.5676506846814897
4.382825491119661 2.5676274208249437
4.382825491119661 2.5676274208249437
4.38284935551712 2.567650581450662
4.38284935551712 2.567650581450662
4.382825367368749 2.567627385345638
4.382825367368749 2.567627385345638
4.382849481490727 2.5676506885403056
4.382849481490727 2.5676506885403056
4.382825232629928 2.567627311737675
4.382825232629928 2.567627311737675
4.382849495632715 2.5676506791736413
4.382849495632715 2.5676506791736413
4.382824750708447 2.5676273674600045
4.382824750708447 2.5676273674600045
4.3828505249707 2.5676505180125364
4.3828505249707 2.5676505180125364
4.382824423908794 2.5676273707088817
4.382824423908794 2.5676273707088817
4.382850223931079 2.567650720780288
4.382850223931079 2.567650720780288
4.382824622561167 2.56762732970859
4.382824622561167 2.56762732970859
4.3828500994652355 2.5676506950452374
4.3828500994652355 2.5676506950452374
4.382824507088103 2.5676273972003854
4.382824507088103 2.5676273972003854
4.382850296861571 2.5676506404317556
4.382850296861571 2.5676506404317556
4.382824542364159 2.567627341923815
4.382824542364159 2.567627341923815
4.38285017835822 2.5676506831782806
4.38285017835822 2.5676506831782806
4.3828246904426065 2.567627305581858
4.3828246904426065 2.567627305581858
4.3828501034186855 2.5676505521040944
4.3828501034186855 2.5676505521040944
4.382824987792603 2.5676272501393833
4.382824987792603 2.5676272501393833
4.382849722923819 2.567650808587411
4.382849722923819 2.567650808587411
4.382825188223301 2.5676271111080715
4.382825188223301 2.5676271111080715
4.382849761999788 2.567650835286944
4.382849761999788 2.567650835286944
4.382824965387552 2.5676270247279662
4.382824965387552 2.5676270247279662
4.38285027491635 2.5676509230563074
4.38285027491635 2.5676509230563074
4.382824775071481 2.5676269401244016
4.382824775071481 2.5676269401244016
4.382850180064318 2.567651080204209
4.382850180064318 2.567651080204209
4.382824758894068 2.5676268753884264
4.382824758894068 2.5676268753884264
4.382849938745194 2.5676509328933017
4.382849938745194 2.5676509328933017
4.3828248623099135 2.5676270774371632
4.3828248623099135 2.5676270774371632
4.382850284743711 2.567650788033176
4.382850284743711 2.567650788033176
4.38282436232579 2.567627128418552
4.38282436232579 2.567627128418552
4.382850178995296 2.5676508055870886
4.382850178995296 2.5676508055870886
4.382824378476752 2.5676272472058113
4.382824378476752 2.5676272472058113
4.382849874044827 2.567650792223014
4.382849874044827 2.567650792223014
4.382824560563184 2.5676272773334112
4.382824560563184 2.5676272773334112
4.38285035686597 2.5676506654358118
4.38285035686597 2.5676506654358118
4.38282457502827 2.567627293633068
4.38282457502827 2.567627293633068
4.382850248824261 2.5676506726456085
4.382850248824261 2.5676506726456085
4.382824367203112 2.56762738419205
4.382824367203112 2.56762738419205
4.382850399631475 2.5676505789554596
4.382850399631475 2.5676505789554596
4.382824160893037 2.567627474827886
4.382824160893037 2.567627474827886
4.382850704954014 2.5676504296393317
4.382850704954014 2.5676504296393317
4.382823825062417 2.567627648532001
4.382823825062417 2.567627648532001
4.382851284564698 2.567650435364643
4.382851284564698 2.567650435364643
4.382823457779938 2.567627575412315
4.382823457779938 2.567627575412315
4.382851486280764 2.5676503445408727
4.382851486280764 2.5676503445408727
4.3828233977550495 2.567627587185762
4.3828233977550495 2.567627587185762
4.382851429131775 2.567650376225646
4.382851429131775 2.567650376225646
4.382823626440229 2.5676274136153174
4.382823626440229 2.5676274136153174
4.382851383211197 2.567650504386465
4.382851383211197 2.567650504386465
4.3828234394646275 2.5676274299934545
4.3828234394646275 2.5676274299934545
4.382851520502474 2.5676505870526447
4.382851520502474 2.5676505870526447
4.382823168509702 2.5676273872677107
4.382823168509702 2.5676273872677107
4.382851871763213 2.567650508800192
4.382851871763213 2.567650508800192
4.382822850617974 2.567627485366846
4.382822850617974 2.567627485366846
4.382852205361093 2.567650332612839
4.382852205361093 2.567650332612839
4.382822893319474 2.5676275291795054
4.382822893319474 2.5676275291795054
4.3828519150740135 2.5676505129161513
4.3828519150740135 2.5676505129161513
4.382823063937471 2.5676274914850463
4.382823063937471 2.5676274914850463
4.382851331901443 2.567650565440406
4.382851331901443 2.567650565440406
4.382823634919383 2.5676272466997294
4.382823634919383 2.5676272466997294
4.382851127111279 2.567650856085993
4.382851127111279 2.567650856085993
4.382823779129503 2.5676270942523245
4.382823779129503 2.5676270942523245
4.382851244846129 2.567650785522016
4.382851244846129 2.567650785522016
4.3828237462693425 2.5676271782974975
4.3828237462693425 2.5676271782974975
4.382850700566245 2.567650882271367
4.382850700566245 2.567650882271367
4.382824061725483 2.5676270524451867
4.382824061725483 2.5676270524451867
4.382850685098235 2.5676509831828818
4.382850685098235 2.5676509831828818
4.382824086100222 2.5676269145399093
4.382824086100222 2.5676269145399093
4.382850825737398 2.5676510640169625
4.382850825737398 2.5676510640169625
4.382824063069998 2.567626960257443
4.382824063069998 2.567626960257443
4.382851016024758 2.5676508205443147
4.382851016024758 2.5676508205443147
4.3828237788735445 2.5676272274267755
4.3828237788735445 2.5676272274267755
4.382851036760082 2.5676507751914546
4.382851036760082 2.5676507751914546
4.382823685413973 2.5676270824104974
4.382823685413973 2.5676270824104974
4.382851243284609 2.567650820835993
4.382851243284609 2.567650820835993
4.38282352809996 2.5676270750250563
4.38282352809996 2.5676270750250563
4.382850663871888 2.5676510317782824
4.382850663871888 2.5676510317782824
4.382824145588954 2.5676269439912875
4.382824145588954 2.5676269439912875
4.382850332985537 2.5676510902640013
4.382850332985537 2.5676510902640013
4.382824108138536 2.56762691044842
4.382824108138536 2.56762691044842
4.382850387739555 2.5676510516902846
4.382850387739555 2.5676510516902846
4.382824423170348 2.5676269236130405
4.382824423170348 2.5676269236130405
4.382850566823273 2.567651101629446
4.382850566823273 2.567651101629446
4.382824353183923 2.567626705896099
4.382824353183923 2.567626705896099
4.382850399726259 2.5676513998885704
4.382850399726259 2.5676513998885704
4.3828244178210145 2.5676265415765007
4.3828244178210145 2.5676265415765007
4.38285090078793 2.567651301278359
4.38285090078793 2.567651301278359
4.382824115884448 2.567626588412216
4.382824115884448 2.567626588412216
4.382850798635184 2.567651390148447
4.382850798635184 2.567651390148447
4.382824043905559 2.5676265924902464
4.382824043905559 2.5676265924902464
4.382850839904328 2.567651270740698
4.382850839904328 2.567651270740698
4.382823747939886 2.567626864582403
4.382823747939886 2.567626864582403
4.382850815184181 2.5676511829302884
4.382850815184181 2.5676511829302884
4.3828240459272 2.5676267259368837
4.3828240459272 2.5676267259368837
4.382850955368255 2.567651157992895
4.382850955368255 2.567651157992895
4.38282409954474 2.567626702548766
4.38282409954474 2.567626702548766
4.382850862277492 2.5676513184005048
4.382850862277492 2.5676513184005048
4.382823704037808 2.567626772170704
4.382823704037808 2.567626772170704
4.3828515892909286 2.5676511473775
4.3828515892909286 2.5676511473775
4.382823402792153 2.567626711226424
4.382823402792153 2.567626711226424
4.382850830760075 2.5676514034605393
4.382850830760075 2.5676514034605393
4.382824182750573 2.567626412892886
4.382824182750573 2.567626412892886
4.382850977144008 2.5676513323704593
4.382850977144008 2.5676513323704593
4.382823833686614 2.5676266430018577
4.382823833686614 2.5676266430018577
4.382851285734524 2.5676512492951993
4.382851285734524 2.5676512492951993
4.382823430092766 2.567626749004462
4.382823430092766 2.567626749004462
4.382851287634683 2.5676512789111445
4.382851287634683 2.5676512789111445
4.3828237295645165 2.5676265005235943
4.3828237295645165 2.5676265005235943
4.382851034922523 2.567651571445891
4.382851034922523 2.567651571445891
4.382824111080791 2.567626334630415
4.382824111080791 2.567626334630415
4.382850454514732 2.5676516759389973
4.382850454514732 2.5676516759389973
4.38282425327958 2.56762624904443
4.38282425327958 2.56762624904443
4.382850142997114 2.567651893540358
4.382850142997114 2.567651893540358
4.382824619002521 2.5676260398416377
4.382824619002521 2.5676260398416377
4.382850320269911 2.5676517869385442
4.382850320269911 2.5676517869385442
4.382824633760053 2.567626210647126
4.382824633760053 2.567626210647126
4.3828502902187525 2.5676517322405785
4.3828502902187525 2.5676517322405785
4.382824222865275 2.567626207723677
4.382824222865275 2.567626207723677
4.38285070425534 2.5676517340358718
4.38285070425534 2.5676517340358718
4.382824309344989 2.5676261141720853
4.382824309344989 2.5676261141720853
4.382850570083507 2.567651783398548
4.382850570083507 2.567651783398548
4.382824035839912 2.5676262455047802
4.382824035839912 2.5676262455047802
4.382850554489878 2.567651580148933
4.382850554489878 2.567651580148933
4.382824511434798 2.5676262770244436
4.382824511434798 2.5676262770244436
4.382849885433161 2.5676518637916037
4.382849885433161 2.5676518637916037
4.382824628184151 2.5676260756716345
4.382824628184151 2.5676260756716345
4.382850355384958 2.567651796908472
4.382850355384958 2.567651796908472
4.382824296514723 2.5676261976129817
4.382824296514723 2.5676261976129817
4.3828503982851315 2.5676518244735216
4.3828503982851315 2.5676518244735216
4.382824149932219 2.5676261956969193
4.382824149932219 2.5676261956969193
4.382850470313549 2.5676518232996406
4.382850470313549 2.5676518232996406
4.382824226167674 2.567626216727222
4.382824226167674 2.567626216727222
4.382850394272115 2.567651724874949
4.382850394272115 2.567651724874949
4.382824415728178 2.5676262523551223
4.382824415728178 2.5676262523551223
4.382850110779525 2.5676517577331786
4.382850110779525 2.5676517577331786
4.382824737326894 2.567626219483695
4.382824737326894 2.567626219483695
4.38285003201544 2.5676517385649684
4.38285003201544 2.5676517385649684
4.382824833094726 2.5676261695958313
4.382824833094726 2.5676261695958313
4.382849878616476 2.56765185975464
4.382849878616476 2.56765185975464
4.382824884796073 2.567626073604601
4.382824884796073 2.567626073604601
4.382849645492549 2.5676518563568163
4.382849645492549 2.5676518563568163
4.382825161288611 2.5676261231510877
4.382825161288611 2.5676261231510877
4.382849363514043 2.5676518396284673
4.382849363514043 2.5676518396284673
4.382825348138042 2.567626133590476
4.382825348138042 2.567626133590476
4.3828494312980375 2.5676517907012997
4.3828494312980375 2.5676517907012997
4.382825193417357 2.5676261418199053
4.382825193417357 2.5676261418199053
4.382850037488941 2.5676517250082727
4.382850037488941 2.5676517250082727
4.382824650775736 2.5676263481316153
4.382824650775736 2.5676263481316153
4.382849859301278 2.567651731645348
4.382849859301278 2.567651731645348
4.382824810807033 2.567626193497987
4.382824810807033 2.567626193497987
4.382850011108885 2.5676517755867914
4.382850011108885 2.5676517755867914
4.3828247881611855 2.5676262372780085
4.3828247881611855 2.5676262372780085
4.382850456304041 2.567651559420768
4.382850456304041 2.567651559420768
4.38282407072343 2.5676264210623594
4.38282407072343 2.5676264210623594
4.382850696320387 2.5676515397997233
4.382850696320387 2.5676515397997233
4.382824286710752 2.567626495283948
4.382824286710752 2.567626495283948
4.3828504451551975 2.5676514615088637
4.3828504451551975 2.5676514615088637
4.3828241278127775 2.5676264859532334
4.3828241278127775 2.5676264859532334
4.382850686965595 2.567651517674781
4.382850686965595 2.567651517674781
4.382824304578266 2.5676264806535034
4.382824304578266 2.5676264806535034
4.3828501921458605 2.567651447897543
4.3828501921458605 2.567651447897543
4.382824561650972 2.5676265213994136
4.382824561650972 2.5676265213994136
4.382850241445278 2.567651298825195
4.382850241445278 2.567651298825195
4.38282455670749 2.5676266384387296
4.38282455670749 2.5676266384387296
4.382850446141936 2.5676513503258245
4.382850446141936 2.5676513503258245
4.382824208959681 2.567626644391204
4.382824208959681 2.567626644391204
4.382850534052867 2.5676512755211434
4.382850534052867 2.5676512755211434
4.382824830476265 2.5676265503207465
4.382824830476265 2.5676265503207465
4.3828499222234045 2.567651477862293
4.3828499222234045 2.567651477862293
4.382824777024728 2.5676265589905585
4.382824777024728 2.5676265589905585
4.382849953364393 2.567651399904654
4.382849953364393 2.567651399904654
4.3828246123220564 2.5676265841067525
4.3828246123220564 2.5676265841067525
4.3828500852573935 2.567651513412366
4.3828500852573935 2.567651513412366
4.3828245238803465 2.5676264376610236
4.3828245238803465 2.5676264376610236
4.382850315453628 2.56765145991228
4.382850315453628 2.56765145991228
4.382824493665035 2.567626516852749
4.382824493665035 2.567626516852749
4.382850475190949 2.5676513930602534
4.382850475190949 2.5676513930602534
4.382823874370089 2.5676267125148176
4.382823874370089 2.5676267125148176
4.382850292040156 2.5676514328550173
4.382850292040156 2.5676514328550173
4.382824414923664 2.567626493628752
4.382824414923664 2.567626493628752
4.382850146731126 2.5676515509766107
4.382850146731126 2.5676515509766107
4.382824480402546 2.567626328653356
4.382824480402546 2.567626328653356
4.382850408437626 2.567651534192703
4.382850408437626 2.567651534192703
4.382824264411918 2.567626388573964
4.382824264411918 2.567626388573964
4.382850560951175 2.567651578830557
4.382850560951175 2.567651578830557
4.382824348467464 2.5676263734263873
4.382824348467464 2.5676263734263873
4.382850675022983 2.5676515443778793
4.382850675022983 2.5676515443778793
4.382823985705864 2.5676264145665137
4.382823985705864 2.5676264145665137
4.382850690365024 2.567651534562412
4.382850690365024 2.567651534562412
4.382824052364354 2.567626472423465
4.382824052364354 2.567626472423465
4.382850780487637 2.567651458581745
4.382850780487637 2.567651458581745
4.382823891267651 2.5676264631159795
4.382823891267651 2.5676264631159795
4.382850832705635 2.567651528904796
4.382850832705635 2.567651528904796
4.382824087713559 2.5676263854899903
4.382824087713559 2.5676263854899903
4.382850736122675 2.5676515821214756
4.382850736122675 2.5676515821214756
4.382824108344238 2.5676263982484273
4.382824108344238 2.5676263982484273
4.382850302385978 2.567651706029255
4.382850302385978 2.567651706029255
4.382824403402488 2.567626297009301
4.382824403402488 2.567626297009301
4.382850402194559 2.567651742483356
4.382850402194559 2.567651742483356
4.382824398519389 2.5676261919143384
4.382824398519389 2.5676261919143384
4.382850641268219 2.5676519132013564
4.382850641268219 2.5676519132013564
4.382824168024694 2.5676260646854523
4.382824168024694 2.5676260646854523
4.382850064450588 2.5676520951611757
4.382850064450588 2.5676520951611757
4.3828251446866675 2.567625847862964
4.3828251446866675 2.567625847862964
4.382849668479747 2.5676521560438035
4.382849668479747 2.5676521560438035
4.382824927370448 2.567625876885868
4.382824927370448 2.567625876885868
4.382849903374979 2.56765205861473
4.382849903374979 2.56765205861473
4.382825267457509 2.5676258556076337
4.382825267457509 2.5676258556076337
4.3828495543470165 2.567652114744964
4.3828495543470165 2.567652114744964
4.382825209682475 2.5676258189311296
4.382825209682475 2.5676258189311296
4.382849798313823 2.5676521992190677
4.382849798313823 2.5676521992190677
4.382825112280949 2.5676257552578425
4.382825112280949 2.5676257552578425
4.382850244297987 2.56765204819224
4.382850244297987 2.56765204819224
4.382824614718856 2.567625893410267
4.382824614718856 2.567625893410267
4.382850421823516 2.567651941035965
4.382850421823516 2.567651941035965
4.382824300957411 2.567625992052476
4.382824300957411 2.567625992052476
4.382850804324651 2.5676517808481516
4.382850804324651 2.5676517808481516
4.382823894705307 2.567626258091064
4.382823894705307 2.567626258091064
4.382850832130487 2.567651622090309
4.382850832130487 2.567651622090309
4.3828241232395015 2.5676262965588985
4.3828241232395015 2.5676262965588985
4.382850645050033 2.5676516632675828
4.382850645050033 2.5676516632675828
4.382824356660258 2.5676262992214833
4.382824356660258 2.5676262992214833
4.382850290560809 2.5676518356647766
4.382850290560809 2.5676518356647766
4.382824545070447 2.5676262577448634
4.382824545070447 2.5676262577448634
4.382850242761208 2.567651630627469
4.382850242761208 2.567651630627469
4.382824047255836 2.5676265440671195
4.382824047255836 2.5676265440671195
4.38285068690812 2.567651411322393
4.38285068690812 2.567651411322393
4.38282443082411 2.567626454420494
4.38282443082411 2.567626454420494
4.3828504248831 2.567651295903124
4.3828504248831 2.567651295903124
4.382824131972142 2.567626723819485
4.382824131972142 2.567626723819485
4.382850439434089 2.5676512864768344
4.382850439434089 2.5676512864768344
4.382824515094786 2.5676267071586776
4.382824515094786 2.5676267071586776
4.382850198916424 2.5676512462066623
4.382850198916424 2.5676512462066623
4.382824448805855 2.567626783311491
4.382824448805855 2.567626783311491
4.382849982954967 2.5676512825384523
4.382849982954967 2.5676512825384523
4.3828248331496855 2.567626660351464
4.3828248331496855 2.567626660351464
4.382850381728401 2.5676512093076203
4.382850381728401 2.5676512093076203
4.38282421609631 2.567626886791973
4.38282421609631 2.567626886791973
4.382850647261476 2.5676510508251504
4.382850647261476 2.5676510508251504
4.3828244336012165 2.5676269242936414
4.3828244336012165 2.5676269242936414
4.382850391229727 2.5676510423491057
4.382850391229727 2.5676510423491057
4.382824505597653 2.5676269448026865
4.382824505597653 2.5676269448026865
4.3828500884074915 2.5676509944422183
4.3828500884074915 2.5676509944422183
4.382824866980159 2.567626892423968
4.382824866980159 2.567626892423968
4.382849850073315 2.5676510603589207
4.382849850073315 2.5676510603589207
4.382824765691981 2.5676269651012205
4.382824765691981 2.5676269651012205
4.382849959861816 2.5676510270473085
4.382849959861816 2.5676510270473085
4.3828248839954345 2.567627025378094
4.3828248839954345 2.567627025378094
4.382849851364472 2.567650931796704
4.382849851364472 2.567650931796704
4.382824853139424 2.5676271025698707
4.382824853139424 2.5676271025698707
4.382850081699316 2.567650985960479
4.382850081699316 2.567650985960479
4.382824490266421 2.567626996773684
4.382824490266421 2.567626996773684
4.3828503158469 2.5676510405886694
4.3828503158469 2.5676510405886694
4.382824245580323 2.567626977970505
4.382824245580323 2.567626977970505
4.382850337664801 2.5676509967424197
4.382850337664801 2.5676509967424197
4.3828244330839095 2.567626902700752
4.3828244330839095 2.567626902700752
4.3828502050980935 2.5676510780160258
4.3828502050980935 2.5676510780160258
4.382824778977497 2.567626919712501
4.382824778977497 2.567626919712501
4.382850167753384 2.567651134561561
4.382850167753384 2.567651134561561
4.382824497327418 2.56762682450463
4.382824497327418 2.56762682450463
4.382850183387534 2.5676511251260163
4.382850183387534 2.5676511251260163
4.382824447734275 2.5676269747397784
4.382824447734275 2.5676269747397784
4.382850425683461 2.5676509274174206
4.382850425683461 2.5676509274174206
4.3828242028009825 2.567627059695735
4.3828242028009825 2.567627059695735
4.382850793385136 2.56765093129903
4.382850793385136 2.56765093129903
4.3828241604397205 2.5676269553415523
4.3828241604397205 2.5676269553415523
4.382850287726319 2.56765107228703
4.382850287726319 2.56765107228703
4.382824748960713 2.5676268596435077
4.382824748960713 2.5676268596435077
4.382849895707769 2.567651014440114
4.382849895707769 2.567651014440114
4.38282464165914 2.567626965499503
4.38282464165914 2.567626965499503
4.3828499527049765 2.5676509739292914
4.3828499527049765 2.5676509739292914
4.3828250999529175 2.567626889299656
4.3828250999529175 2.567626889299656
4.382850152302624 2.567651023101485
4.382850152302624 2.567651023101485
4.382824953764191 2.567626846717724
4.382824953764191 2.567626846717724
4.382849664762333 2.5676512040446853
4.382849664762333 2.5676512040446853
4.382825044698168 2.5676267984837415
4.382825044698168 2.5676267984837415
4.382849734034637 2.567651127514487
4.382849734034637 2.567651127514487
4.3828248280859885 2.5676268898546226
4.3828248280859885 2.5676268898546226
4.382849572551333 2.567651099639248
4.382849572551333 2.567651099639248
4.382825294060976 2.567626853684451
4.382825294060976 2.567626853684451
4.382849486300682 2.5676510721931174
4.382849486300682 2.5676510721931174
4.382825463476488 2.567626847766557
4.382825463476488 2.567626847766557
4.382849596406866 2.5676510387743683
4.382849596406866 2.5676510387743683
4.382825799194324 2.5676267607083654
4.382825799194324 2.5676267607083654
4.382849109999113 2.5676512167715466
4.382849109999113 2.5676512167715466
4.382825856591356 2.5676268881806594
4.382825856591356 2.5676268881806594
4.382849325455023 2.5676510806807076
4.382849325455023 2.5676510806807076
4.382825610703947 2.5676267431482755
4.382825610703947 2.5676267431482755
4.382849259000343 2.5676512371607045
4.382849259000343 2.5676512371607045
4.382825530149207 2.5676265999546595
4.382825530149207 2.5676265999546595
4.382849150866603 2.567651350862519
4.382849150866603 2.567651350862519
4.382825532028239 2.567626544352583
4.382825532028239 2.567626544352583
4.382849081208129 2.5676515072182036
4.382849081208129 2.5676515072182036
4.38282572901861 2.567626694024446
4.38282572901861 2.567626694024446
4.382848894597373 2.5676513255244133
4.382848894597373 2.5676513255244133
4.382825380055383 2.5676267327977396
4.382825380055383 2.5676267327977396
4.382849258147759 2.5676513818736217
4.382849258147759 2.5676513818736217
4.382825449158191 2.5676266218605743
4.382825449158191 2.5676266218605743
4.382848984801792 2.5676513668196805
4.382848984801792 2.5676513668196805
4.3828257878147685 2.567626536863813
4.3828257878147685 2.567626536863813
4.382849024375242 2.5676514652812936
4.382849024375242 2.5676514652812936
4.382825824415402 2.5676265079989076
4.382825824415402 2.5676265079989076
4.3828487010417865 2.567651486029722
4.3828487010417865 2.567651486029722
4.38282610046752 2.5676264949425534
4.38282610046752 2.5676264949425534
4.382848694982664 2.56765136907659
4.382848694982664 2.56765136907659
4.382826239176515 2.5676264410230245
4.382826239176515 2.5676264410230245
4.3828486650649685 2.5676515664418256
4.3828486650649685 2.5676515664418256
4.382825558868722 2.5676264498328942
4.382825558868722 2.5676264498328942
4.38284931189894 2.5676514836000943
4.38284931189894 2.5676514836000943
4.382825444270622 2.5676264837325307
4.382825444270622 2.5676264837325307
4.382849244132053 2.567651434057714
4.382849244132053 2.567651434057714
4.382825320737731 2.5676265510757896
4.382825320737731 2.5676265510757896
4.3828498530904385 2.5676512748603857
4.3828498530904385 2.5676512748603857
4.382824424364077 2.567626855845334
4.382824424364077 2.567626855845334
4.382850344370077 2.5676511051269646
4.382850344370077 2.5676511051269646
4.382824746681749 2.567626833091756
4.382824746681749 2.567626833091756
4.382849544734777 2.567651215178458
4.382849544734777 2.567651215178458
4.382825626958191 2.5676267638901646
4.382825626958191 2.5676267638901646
4.382849120752283 2.5676512904146165
4.382849120752283 2.5676512904146165
4.382825609280731 2.567626617448065
4.382825609280731 2.567626617448065
4.382849070834472 2.5676513333336284
4.382849070834472 2.5676513333336284
4.38282558720232 2.5676266589901062
4.38282558720232 2.5676266589901062
4.382849093935413 2.567651291524174
4.382849093935413 2.567651291524174
4.382825802162138 2.5676266953037254
4.382825802162138 2.5676266953037254
4.382849048838441 2.567651350377841
4.382849048838441 2.567651350377841
4.382825746559146 2.5676266620229335
4.382825746559146 2.5676266620229335
4.382849262265174 2.5676512902739046
4.382849262265174 2.5676512902739046
4.382825799141761 2.5676265702180263
4.382825799141761 2.5676265702180263
4.382849022131257 2.567651399706788
4.382849022131257 2.567651399706788
4.382825724250479 2.567626649142153
4.382825724250479 2.567626649142153
4.382849586805074 2.567651196759284
4.382849586805074 2.567651196759284
4.382825079001055 2.5676267629182457
4.382825079001055 2.5676267629182457
4.382849946264373 2.5676511222490364
4.382849946264373 2.5676511222490364
4.382824913541426 2.567626788698118
4.382824913541426 2.567626788698118
4.382850086893739 2.5676511991302995
4.382850086893739 2.5676511991302995
4.382824863437877 2.567626721234261
4.382824863437877 2.567626721234261
4.382849816527331 2.5676512294634573
4.382849816527331 2.5676512294634573
4.382824938794957 2.567626739356636
4.382824938794957 2.567626739356636
4.38284984907323 2.567651151730666
4.38284984907323 2.567651151730666
4.382824623285319 2.5676268564776157
4.382824623285319 2.5676268564776157
4.382850344333528 2.5676511276066805
4.382850344333528 2.5676511276066805
4.382824466713383 2.5676268485266895
4.382824466713383 2.5676268485266895
4.382849982983775 2.5676513647475123
4.382849982983775 2.5676513647475123
4.38282479904903 2.567626716757296
4.38282479904903 2.567626716757296
4.382849861648295 2.567651378383397
4.382849861648295 2.567651378383397
4.382825290764972 2.567626490488342
4.382825290764972 2.567626490488342
4.382849539173885 2.5676514457709856
4.382849539173885 2.5676514457709856
4.382825060726781 2.567626615901177
4.382825060726781 2.567626615901177
4.3828498799176945 2.567651473187956
4.3828498799176945 2.567651473187956
4.382824876393668 2.5676264955439008
4.382824876393668 2.5676264955439008
4.382849855196197 2.5676514643168695
4.382849855196197 2.5676514643168695
4.382824852833386 2.567626538790793
4.382824852833386 2.567626538790793
4.382850321214342 2.5676513629141446
4.382850321214342 2.5676513629141446
4.382824767106978 2.567626609346566
4.382824767106978 2.567626609346566
4.382850273432635 2.567651456320382
4.382850273432635 2.567651456320382
4.382825038809201 2.5676263172828677
4.382825038809201 2.5676263172828677
4.382849335558974 2.5676517087468467
4.382849335558974 2.5676517087468467
4.382825309574495 2.5676263171296707
4.382825309574495 2.5676263171296707
4.382849622513965 2.5676515933748134
4.382849622513965 2.5676515933748134
4.382825175673951 2.567626418998349
4.382825175673951 2.567626418998349
4.38284960329771 2.56765150598909
4.38284960329771 2.56765150598909
4.382825152743109 2.5676264615992803
4.382825152743109 2.5676264615992803
4.382849567778487 2.5676514859173802
4.382849567778487 2.5676514859173802
4.382825280037501 2.56762648979679
4.382825280037501 2.56762648979679
4.3828495332945145 2.5676515125470427
4.3828495332945145 2.5676515125470427
4.3828257341292245 2.567626296380789
4.3828257341292245 2.567626296380789
4.382848614603213 2.5676518491083993
4.382848614603213 2.5676518491083993
4.38282618933468 2.5676261323617924
4.38282618933468 2.5676261323617924
4.382848797768783 2.5676517404038357
4.382848797768783 2.5676517404038357
4.382826009124122 2.567626012421161
4.382826009124122 2.567626012421161
4.382848914535146 2.5676519330931247
4.382848914535146 2.5676519330931247
4.382825786892955 2.567626074109344
4.382825786892955 2.567626074109344
4.382848874343242 2.5676519387902146
4.382848874343242 2.5676519387902146
4.382826098379868 2.5676259433859943
4.382826098379868 2.5676259433859943
4.382848779683897 2.5676519854858832
4.382848779683897 2.5676519854858832
4.382825986159621 2.5676259488358615
4.382825986159621 2.5676259488358615
4.382848994761883 2.567651954662457
4.382848994761883 2.567651954662457
4.3828257226431395 2.567625988404833
4.3828257226431395 2.567625988404833
4.382849042776605 2.567651999161712
4.382849042776605 2.567651999161712
4.3828254437307725 2.567626091687186
4.3828254437307725 2.567626091687186
4.382849327979327 2.5676518652265825
4.382849327979327 2.5676518652265825
4.382824908639034 2.5676262637172105
4.382824908639034 2.5676262637172105
4.382849903360838 2.567651740396968
4.382849903360838 2.567651740396968
4.382824939459307 2.567626317211705
4.382824939459307 2.567626317211705
4.382849577512175 2.5676516808201293
4.382849577512175 2.5676516808201293
4.382825246201537 2.5676261825953395
4.382825246201537 2.5676261825953395
4.382849983461315 2.567651684275843
4.382849983461315 2.567651684275843
4.382825136075471 2.567626184481502
4.382825136075471 2.567626184481502
4.382850121717567 2.567651795666273
4.382850121717567 2.567651795666273
4.38282442637809 2.5676263031119824
4.38282442637809 2.5676263031119824
4.382849980597524 2.567651802397361
4.382849980597524 2.567651802397361
4.382824870145352 2.5676262214321017
4.382824870145352 2.5676262214321017
4.382849910460538 2.5676517016760476
4.382849910460538 2.5676517016760476
4.382824804843591 2.5676262674407493
4.382824804843591 2.5676262674407493
4.382849949612833 2.5676518068386143
4.382849949612833 2.5676518068386143
4.382824327995447 2.5676261500302897
4.382824327995447 2.5676261500302897
4.382850236115056 2.5676518606963126
4.382850236115056 2.5676518606963126
4.3828245629178815 2.5676261525318824
4.3828245629178815 2.5676261525318824
4.382850068422777 2.5676517522279223
4.382850068422777 2.5676517522279223
4.382825217095381 2.5676260186071302
4.382825217095381 2.5676260186071302
4.3828498110584375 2.56765189903611
4.3828498110584375 2.56765189903611
4.382824893423022 2.567626105726206
4.382824893423022 2.567626105726206
4.382850199523644 2.5676517067660907
4.382850199523644 2.5676517067660907
4.382824667076644 2.5676262012147144
4.382824667076644 2.5676262012147144
4.382850490683571 2.5676518055704185
4.382850490683571 2.5676518055704185
4.382824346459134 2.5676262096957894
4.382824346459134 2.5676262096957894
4.382850372733822 2.5676517851658205
4.382850372733822 2.5676517851658205
4.382824545876354 2.5676261327808616
4.382824545876354 2.5676261327808616
4.38285039796433 2.5676517390498774
4.38285039796433 2.5676517390498774
4.382824197661636 2.567626247772804
4.382824197661636 2.567626247772804
4.382850441578148 2.567651698991741
4.382850441578148 2.567651698991741
4.382824210612394 2.5676262954047897
4.382824210612394 2.5676262954047897
4.382850511777734 2.5676516979487944
4.382850511777734 2.5676516979487944
4.382823819962087 2.567626446098922
4.382823819962087 2.567626446098922
4.3828511160739545 2.567651457316949
4.3828511160739545 2.567651457316949
4.38282370375984 2.5676264808634865
4.38282370375984 2.5676264808634865
4.382850614692685 2.5676515377417326
4.382850614692685 2.5676515377417326
4.382824350517727 2.5676263447192507
4.382824350517727 2.5676263447192507
4.382850362341017 2.567651684390127
4.382850362341017 2.567651684390127
4.3828244567720915 2.567626179126524
4.3828244567720915 2.567626179126524
4.382850058797885 2.567651866796987
4.382850058797885 2.567651866796987
4.382824765455489 2.567626043279476
4.382824765455489 2.567626043279476
4.382850230114384 2.56765201353153
4.382850230114384 2.56765201353153
4.382824523854607 2.567625954580718
4.382824523854607 2.567625954580718
4.382849898805099 2.5676520010215826
4.382849898805099 2.5676520010215826
4.382824647861211 2.5676260190617146
4.382824647861211 2.5676260190617146
4.382850381107337 2.5676518978811806
4.382850381107337 2.5676518978811806
4.382824465674202 2.567626080626184
4.382824465674202 2.567626080626184
4.382849933606141 2.5676520274264845
4.382849933606141 2.5676520274264845
4.38282461304907 2.567625992514263
4.38282461304907 2.567625992514263
4.382850417039787 2.567651924334601
4.382850417039787 2.567651924334601
4.382824421818795 2.5676258657218587
4.382824421818795 2.5676258657218587
4.3828503292886705 2.5676521637148597
4.3828503292886705 2.5676521637148597
4.382824582935857 2.567625789228234
4.382824582935857 2.567625789228234
4.382850072484915 2.567652229609962
4.382850072484915 2.567652229609962
4.3828252141388955 2.5676256037364187
4.3828252141388955 2.5676256037364187
4.3828498861454115 2.567652238433154
4.3828498861454115 2.567652238433154
4.382824543643017 2.56762584288225
4.382824543643017 2.56762584288225
4.3828501716169646 2.5676521039698796
4.3828501716169646 2.5676521039698796
4.382823965788591 2.567625985778151
4.382823965788591 2.567625985778151
4.382851133548425 2.5676518998462443
4.382851133548425 2.5676518998462443
4.382823839141802 2.567626057798026
4.382823839141802 2.567626057798026
4.382850973288882 2.5676518689377636
4.382850973288882 2.5676518689377636
4.382823787700946 2.567626063992789
4.382823787700946 2.567626063992789
4.382851072533494 2.5676519082021967
4.382851072533494 2.5676519082021967
4.382823671610828 2.5676260983932244
4.382823671610828 2.5676260983932244
4.382851368891224 2.567651778653133
4.382851368891224 2.567651778653133
4.382823553658178 2.567626133826937
4.382823553658178 2.567626133826937
4.382851043218748 2.5676518832444275
4.382851043218748 2.5676518832444275
4.3828239262151305 2.5676259973489217
4.3828239262151305 2.5676259973489217
4.382850738412483 2.5676519880225435
4.382850738412483 2.5676519880225435
4.382824706049847 2.5676257980066364
4.382824706049847 2.5676257980066364
4.382850019218686 2.567652162894122
4.382850019218686 2.567652162894122
4.3828251587867095 2.5676256979747523
4.3828251587867095 2.5676256979747523
4.3828502972953665 2.5676521125144656
4.3828502972953665 2.5676521125144656
4.382824468627476 2.567625868361808
4.382824468627476 2.567625868361808
4.382850555300449 2.567652084034878
4.382850555300449 2.567652084034878
4.382824443851558 2.5676259136383393
4.382824443851558 2.5676259136383393
4.38285041153226 2.567652089906837
4.38285041153226 2.567652089906837
4.3828246220348825 2.567625716947951
4.3828246220348825 2.567625716947951
4.382850403798611 2.5676522345431154
4.382850403798611 2.5676522345431154
4.382824297609856 2.5676257715085335
4.382824297609856 2.5676257715085335
4.382850553659613 2.567652089389004
4.382850553659613 2.567652089389004
4.382824514123612 2.567625799878078
4.382824514123612 2.567625799878078
4.382850139861207 2.5676522194506752
4.382850139861207 2.5676522194506752
4.382825009069377 2.5676257969301486
4.382825009069377 2.5676257969301486
4.382849682113597 2.5676520851330684
4.382849682113597 2.5676520851330684
4.382825268372388 2.5676259160312522
4.382825268372388 2.5676259160312522
4.382849518493868 2.5676519749678377
4.382849518493868 2.5676519749678377
4.382825589898102 2.5676259607463563
4.382825589898102 2.5676259607463563
4.382849606875382 2.5676518799254184
4.382849606875382 2.5676518799254184
4.382824951721741 2.5676261052566534
4.382824951721741 2.5676261052566534
4.382849956885221 2.567651907123776
4.382849956885221 2.567651907123776
4.3828248517591 2.5676260716004777
4.3828248517591 2.5676260716004777
4.382849832567004 2.5676518435343687
4.382849832567004 2.5676518435343687
4.382824930815145 2.567626090033052
4.382824930815145 2.567626090033052
4.382849884531024 2.5676519129382385
4.382849884531024 2.5676519129382385
4.382825172332891 2.5676260106552666
4.382825172332891 2.5676260106552666
4.382849821676525 2.5676518274511717
4.382849821676525 2.5676518274511717
4.382824875232874 2.567626211297143
4.382824875232874 2.567626211297143
4.382849739579255 2.5676517616780634
4.382849739579255 2.5676517616780634
4.382824811711764 2.5676262578532896
4.382824811711764 2.5676262578532896
4.382850001431671 2.567651745085112
4.382850001431671 2.567651745085112
4.382824907229475 2.5676262082330705
4.382824907229475 2.5676262082330705
4.382849959709955 2.5676518061531803
4.382849959709955 2.5676518061531803
4.382824378030215 2.567626299794924
4.382824378030215 2.567626299794924
4.382850509703125 2.567651562743991
4.382850509703125 2.567651562743991
4.382824298810348 2.56762619102311
4.382824298810348 2.56762619102311
4.382850861400972 2.567651816637573
4.382850861400972 2.567651816637573
4.382823853675237 2.56762607144025
4.382823853675237 2.56762607144025
4.382850707788165 2.5676519397852746
4.382850707788165 2.5676519397852746
4.382824036015886 2.5676260665963038
4.382824036015886 2.5676260665963038
4.382850769512555 2.5676519746781215
4.382850769512555 2.5676519746781215
4.382823992913868 2.567625957523342
4.382823992913868 2.567625957523342
4.382850747300776 2.567651883202915
4.382850747300776 2.567651883202915
4.382824229551722 2.567625961795459
4.382824229551722 2.567625961795459
4.382850578019773 2.567652077938313
4.382850578019773 2.567652077938313
4.382824116788565 2.567625962957691
4.382824116788565 2.567625962957691
4.38285070661059 2.567652005329008
4.38285070661059 2.567652005329008
4.382824121587779 2.567625899920227
4.382824121587779 2.567625899920227
4.382850596825019 2.5676520949878374
4.382850596825019 2.5676520949878374
4.38282432591338 2.567625820963174
4.38282432591338 2.567625820963174
4.382850552655862 2.567652158379881
4.382850552655862 2.567652158379881
4.382824133089133 2.567625918442068
4.382824133089133 2.567625918442068
4.382850730508298 2.5676521311028
4.382850730508298 2.5676521311028
4.382823965191053 2.56762590933972
4.382823965191053 2.56762590933972
4.3828507454576355 2.5676521214072547
4.3828507454576355 2.5676521214072547
4.382823996479194 2.5676258844740865
4.382823996479194 2.5676258844740865
4.382850292078906 2.5676522515252347
4.382850292078906 2.5676522515252347
4.382824524225046 2.5676256926516765
4.382824524225046 2.5676256926516765
4.382850139339629 2.567652291331001
4.382850139339629 2.567652291331001
4.382825200289577 2.567625555632859
4.382825200289577 2.567625555632859
4.382849389549988 2.5676525361589695
4.382849389549988 2.5676525361589695
4.382824891823015 2.567625489988596
4.382824891823015 2.567625489988596
4.382849951196711 2.567652357363213
4.382849951196711 2.567652357363213
4.382824711646112 2.567625620378522
4.382824711646112 2.567625620378522
4.3828497807270566 2.5676524651977726
4.3828497807270566 2.5676524651977726
4.382825346899975 2.5676254360968906
4.382825346899975 2.5676254360968906
4.382849210938812 2.5676525726361596
4.382849210938812 2.5676525726361596
4.382825817684552 2.567625324093938
4.382825817684552 2.567625324093938
4.382849066637922 2.567652602000011
4.382849066637922 2.567652602000011
4.382825519833994 2.5676254345550675
4.382825519833994 2.5676254345550675
4.382849409377427 2.5676525102899044
4.382849409377427 2.5676525102899044
4.382825079889798 2.5676255190270547
4.382825079889798 2.5676255190270547
4.382850262246091 2.5676523849364083
4.382850262246091 2.5676523849364083
4.382824553492813 2.5676255601967286
4.382824553492813 2.5676255601967286
4.382850111228079 2.5676524230417397
4.382850111228079 2.5676524230417397
4.382824966219542 2.5676254635800264
4.382824966219542 2.5676254635800264
4.38285017936847 2.5676524255099276
4.38285017936847 2.5676524255099276
4.382824591006954 2.5676256953248555
4.382824591006954 2.5676256953248555
4.382849881244515 2.56765222062046
4.382849881244515 2.56765222062046
4.3828249877705625 2.5676256857231436
4.3828249877705625 2.5676256857231436
4.38284979085285 2.567652237253669
4.38284979085285 2.567652237253669
4.382824831208963 2.5676259106166186
4.382824831208963 2.5676259106166186
4.382850087302823 2.5676520672205942
4.382850087302823 2.5676520672205942
4.382824668805445 2.5676259002333133
4.382824668805445 2.5676259002333133
4.382850152761022 2.5676520690394424
4.382850152761022 2.5676520690394424
4.382824555211336 2.567625853064152
4.382824555211336 2.567625853064152
4.382850328620137 2.5676520429120364
4.382850328620137 2.5676520429120364
4.38282390655682 2.5676260557972106
4.38282390655682 2.5676260557972106
4.382851021507316 2.567651886058637
4.382851021507316 2.567651886058637
4.382823958042204 2.5676259570155535
4.382823958042204 2.5676259570155535
4.38285099714282 2.5676518739984413
4.38285099714282 2.5676518739984413
4.38282421540071 2.567626036798721
4.38282421540071 2.567626036798721
4.382850560844989 2.567651886676109
4.382850560844989 2.567651886676109
4.38282412825404 2.567626188867132
4.38282412825404 2.567626188867132
4.382850750519171 2.567651708652062
4.382850750519171 2.567651708652062
4.382824066297999 2.5676262326473873
4.382824066297999 2.5676262326473873
4.382851023194369 2.5676517297531762
4.382851023194369 2.5676517297531762
4.38282353519172 2.5676262536308534
4.38282353519172 2.5676262536308534
4.382851373287465 2.5676517632294082
4.382851373287465 2.5676517632294082
4.3828235527723844 2.5676260359252954
4.3828235527723844 2.5676260359252954
4.382851208036188 2.567652039829699
4.382851208036188 2.567652039829699
4.38282350395706 2.5676258465221684
4.38282350395706 2.5676258465221684
4.3828513390776385 2.567652044806251
4.3828513390776385 2.567652044806251
4.38282305698954 2.5676260352659135
4.38282305698954 2.5676260352659135
4.382851716296025 2.5676518877970174
4.382851716296025 2.5676518877970174
4.382822779107521 2.567626203353709
4.382822779107521 2.567626203353709
4.382851820060518 2.5676517819024185
4.382851820060518 2.5676517819024185
4.3828230649937 2.5676262858370293
4.3828230649937 2.5676262858370293
4.382851657563642 2.5676515954217143
4.382851657563642 2.5676515954217143
4.3828232127648254 2.5676262734512783
4.3828232127648254 2.5676262734512783
4.382851459424589 2.567651675768834
4.382851459424589 2.567651675768834
4.382823311450321 2.5676262177283258
4.382823311450321 2.5676262177283258
4.382851401255402 2.5676518134274318
4.382851401255402 2.5676518134274318
4.382823453761419 2.5676261312170063
4.382823453761419 2.5676261312170063
4.382851312438908 2.567651829819262
4.382851312438908 2.567651829819262
4.382823540758791 2.5676262273762713
4.382823540758791 2.5676262273762713
4.382851021510488 2.5676517846946525
4.382851021510488 2.5676517846946525
4.382823813922244 2.5676262341084466
4.382823813922244 2.5676262341084466
4.382850909701839 2.567651758080744
4.382850909701839 2.567651758080744
4.3828238437470555 2.567626211670701
4.3828238437470555 2.567626211670701
4.382851133590713 2.567651773372917
4.382851133590713 2.567651773372917
4.382823649020103 2.5676263158450285
4.382823649020103 2.5676263158450285
4.382851327762605 2.567651556784204
4.382851327762605 2.567651556784204
4.382823736683377 2.567626299805176
4.382823736683377 2.567626299805176
4.382851392043166 2.5676515902386625
4.382851392043166 2.5676515902386625
4.38282317110008 2.567626501411274
4.38282317110008 2.567626501411274
4.38285159233102 2.5676514619574955
4.38285159233102 2.5676514619574955
4.3828229597528034 2.567626560072516
4.3828229597528034 2.567626560072516
4.382851776578476 2.5676513904594205
4.382851776578476 2.5676513904594205
4.382822875204358 2.5676266066025293
4.382822875204358 2.5676266066025293
4.382851670732248 2.567651485121939
4.382851670732248 2.567651485121939
4.382823300677573 2.5676263583160406
4.382823300677573 2.5676263583160406
4.382850959455112 2.567651729811676
4.382850959455112 2.567651729811676
4.382823952690405 2.5676262216241312
4.382823952690405 2.5676262216241312
4.382850759090214 2.567651731158241
4.382850759090214 2.567651731158241
4.38282400389885 2.56762620200991
4.38282400389885 2.56762620200991
4.382850783632421 2.567651684736916
4.382850783632421 2.567651684736916
4.382824100760134 2.567626226503113
4.382824100760134 2.567626226503113
4.382850712076726 2.5676517005757287
4.382850712076726 2.5676517005757287
4.382824439795858 2.5676262799375054
4.382824439795858 2.5676262799375054
4.382850171172401 2.567651774778702
4.382850171172401 2.567651774778702
4.382824557153091 2.5676260789085203
4.382824557153091 2.5676260789085203
4.382850237434732 2.5676517748940153
4.382850237434732 2.5676517748940153
4.382824729404645 2.5676261074955677
4.382824729404645 2.5676261074955677
4.382850253843145 2.5676517644788897
4.382850253843145 2.5676517644788897
4.382824353788139 2.567626185224358
4.382824353788139 2.567626185224358
4.382850525416394 2.567651712748313
4.382850525416394 2.567651712748313
4.382824293059767 2.5676263060812134
4.382824293059767 2.5676263060812134
4.382850785609081 2.567651542329501
4.382850785609081 2.567651542329501
4.382824354692065 2.5676264739600634
4.382824354692065 2.5676264739600634
4.382850332684613 2.567651439163124
4.382850332684613 2.567651439163124
4.3828241929095935 2.5676264659442922
4.3828241929095935 2.5676264659442922
4.382850758323942 2.5676513669627896
4.382850758323942 2.5676513669627896
4.382824080641257 2.5676267240061006
4.382824080641257 2.5676267240061006
4.382850920813121 2.56765126739595
4.382850920813121 2.56765126739595
4.382824240924374 2.5676266395702503
4.382824240924374 2.5676266395702503
4.382850385433054 2.5676513777737267
4.382850385433054 2.5676513777737267
4.3828246757623575 2.5676264814781273
4.3828246757623575 2.5676264814781273
4.382849650833113 2.5676517956821474
4.382849650833113 2.5676517956821474
4.3828254755540765 2.5676260216646773
4.3828254755540765 2.5676260216646773
4.382849383194859 2.5676517649886974
4.382849383194859 2.5676517649886974
4.382825279364434 2.5676261945398515
4.382825279364434 2.5676261945398515
4.382849415973868 2.5676516892691317
4.382849415973868 2.5676516892691317
4.382825381919917 2.5676263227670417
4.382825381919917 2.5676263227670417
4.382849321249785 2.567651738180515
4.382849321249785 2.567651738180515
4.382825280893638 2.5676262928799267
4.382825280893638 2.5676262928799267
4.3828496334340015 2.567651684771255
4.3828496334340015 2.567651684771255
4.382825292288242 2.567626152688642
4.382825292288242 2.567626152688642
4.382849489238023 2.567651770827325
4.382849489238023 2.567651770827325
4.382825375486306 2.5676261384240155
4.382825375486306 2.5676261384240155
4.3828497286635955 2.5676518548470475
4.3828497286635955 2.5676518548470475
4.382824967235649 2.5676261838346943
4.382824967235649 2.5676261838346943
4.382849896087548 2.567651783458864
4.382849896087548 2.567651783458864
4.382824969801835 2.5676261247089447
4.382824969801835 2.5676261247089447
4.382849698369135 2.5676518589821553
4.382849698369135 2.5676518589821553
4.3828248100849585 2.5676261627308
4.3828248100849585 2.5676261627308
4.3828498569752625 2.567651820779142
4.3828498569752625 2.567651820779142
4.382825112378629 2.567626061134186
4.382825112378629 2.567626061134186
4.382849959608694 2.567651852851905
4.382849959608694 2.567651852851905
4.382825060723758 2.5676260413555108
4.382825060723758 2.5676260413555108
4.38284956626517 2.567651895698741
4.38284956626517 2.567651895698741
4.382825139431518 2.5676260588599384
4.382825139431518 2.5676260588599384
4.382849639651769 2.567651865356068
4.382849639651769 2.567651865356068
4.382825012753891 2.567626128001582
4.382825012753891 2.567626128001582
4.382849680710422 2.567651969085819
4.382849680710422 2.567651969085819
4.382824970088502 2.567626074332729
4.382824970088502 2.567626074332729
4.382849742098351 2.5676519545066445
4.382849742098351 2.5676519545066445
4.382824874520158 2.5676259595698725
4.382824874520158 2.5676259595698725
4.382849852154807 2.5676520019409006
4.382849852154807 2.5676520019409006
4.38282445148507 2.567625989821019
4.38282445148507 2.567625989821019
4.382850119223877 2.567651985532273
4.382850119223877 2.567651985532273
4.382824539762993 2.56762597388873
4.382824539762993 2.56762597388873
4.38285010725719 2.5676520803884273
4.38285010725719 2.5676520803884273
4.382824701767343 2.5676258986549283
4.382824701767343 2.5676258986549283
4.382849807320058 2.567652099251063
4.382849807320058 2.567652099251063
4.382825026288839 2.5676259441159464
4.382825026288839 2.5676259441159464
4.382849744225665 2.5676520135846546
4.382849744225665 2.5676520135846546
4.38282486377178 2.5676259338341167
4.38282486377178 2.5676259338341167
4.382849654002765 2.5676520806911265
4.382849654002765 2.5676520806911265
4.382824890568205 2.567625938719255
4.382824890568205 2.567625938719255
4.382849495344753 2.567652203852533
4.382849495344753 2.567652203852533
4.382825111275098 2.5676257425262685
4.382825111275098 2.5676257425262685
4.3828496677269175 2.567652180881673
4.3828496677269175 2.567652180881673
4.382825114206547 2.5676259000302353
4.382825114206547 2.5676259000302353
4.382849448154986 2.5676521093572147
4.382849448154986 2.5676521093572147
4.382825036517563 2.5676259830828183
4.382825036517563 2.5676259830828183
4.382849649118761 2.5676521474040506
4.382849649118761 2.5676521474040506
4.382825155392986 2.56762583319839
4.382825155392986 2.56762583319839
4.382849462272798 2.567652371768298
4.382849462272798 2.567652371768298
4.382825169881255 2.5676254729182886
4.382825169881255 2.5676254729182886
4.382849652511786 2.567652497978799
4.382849652511786 2.567652497978799
4.3828250282254535 2.567625577276126
4.3828250282254535 2.567625577276126
4.3828501139994085 2.567652312855642
4.3828501139994085 2.567652312855642
4.382824604598919 2.567625572563594
4.382824604598919 2.567625572563594
4.382850067526212 2.5676523765695807
4.382850067526212 2.5676523765695807
4.382824678620728 2.5676256255887036
4.382824678620728 2.5676256255887036
4.382850304216197 2.5676522785778366
4.382850304216197 2.5676522785778366
4.3828242797482755 2.567625740883348
4.3828242797482755 2.567625740883348
4.38285066663074 2.567652129693999
4.38285066663074 2.567652129693999
4.382823943816673 2.5676257828551767
4.382823943816673 2.5676257828551767
4.382850795444964 2.567652137683481
4.382850795444964 2.567652137683481
4.382824062504576 2.567625804954499
4.382824062504576 2.567625804954499
4.3828507048339 2.5676521542201654
4.3828507048339 2.5676521542201654
4.382823820062094 2.567625941220926
4.382823820062094 2.567625941220926
4.38285121279361 2.5676519737190917
4.38285121279361 2.5676519737190917
4.382823587520888 2.5676260413648246
4.382823587520888 2.5676260413648246
4.382851487966717 2.567651842046204
4.382851487966717 2.567651842046204
4.382823232022146 2.56762624572202
4.382823232022146 2.56762624572202
4.382851450127522 2.5676515541605744
4.382851450127522 2.5676515541605744
4.382823341387671 2.567626372923589
4.382823341387671 2.567626372923589
4.3828516912669535 2.567651394659192
4.3828516912669535 2.567651394659192
4.382823717869432 2.5676264301751592
4.382823717869432 2.5676264301751592
4.382851280185928 2.5676515985561594
4.382851280185928 2.5676515985561594
4.382823672091248 2.5676264316133475
4.382823672091248 2.5676264316133475
4.382851211201008 2.5676514298788824
4.382851211201008 2.5676514298788824
4.382823391563048 2.5676266327462094
4.382823391563048 2.5676266327462094
4.38285142984867 2.5676512262034876
4.38285142984867 2.5676512262034876
4.3828236658616655 2.5676267128065233
4.3828236658616655 2.5676267128065233
4.38285124752843 2.5676512661832027
4.38285124752843 2.5676512661832027
4.382823633227439 2.5676267973621814
4.382823633227439 2.5676267973621814
4.38285126966596 2.5676512194812924
4.38285126966596 2.5676512194812924
4.382823250809245 2.5676268276376915
4.382823250809245 2.5676268276376915
4.382851812528524 2.567651024249013
4.382851812528524 2.567651024249013
4.38282297106371 2.567626924391879
4.38282297106371 2.567626924391879
4.382851654190326 2.5676509846040734
4.382851654190326 2.5676509846040734
4.382823332935211 2.5676268757684384
4.382823332935211 2.5676268757684384
4.382851212265544 2.567651124526571
4.382851212265544 2.567651124526571
4.382823498255371 2.567627015864368
4.382823498255371 2.567627015864368
4.382851266379116 2.567650947491678
4.382851266379116 2.567650947491678
4.382823600717503 2.5676269241939105
4.382823600717503 2.5676269241939105
4.38285111664234 2.5676511037183642
4.38285111664234 2.5676511037183642
4.382823512127835 2.567626880343559
4.382823512127835 2.567626880343559
4.38285121637319 2.5676511100004866
4.38285121637319 2.5676511100004866
4.3828235972457135 2.567626864045622
4.3828235972457135 2.567626864045622
4.382851324872109 2.5676510770751277
4.382851324872109 2.5676510770751277
4.382823192071214 2.56762686494949
4.382823192071214 2.56762686494949
4.382851604388623 2.5676512164432053
4.382851604388623 2.5676512164432053
4.382823033579227 2.567626727903824
4.382823033579227 2.567626727903824
4.382851988224658 2.567651043555602
4.382851988224658 2.567651043555602
4.382822826502374 2.567626929024694
4.382822826502374 2.567626929024694
4.382852086797161 2.567651050785591
4.382852086797161 2.567651050785591
4.382822856388546 2.567626920122448
4.382822856388546 2.567626920122448
4.3828516184049215 2.567651116673306
4.3828516184049215 2.567651116673306
4.3828230902965455 2.5676267764167084
4.3828230902965455 2.5676267764167084
4.382851886859965 2.5676510602868343
4.382851886859965 2.5676510602868343
4.382822960918889 2.56762688808429
4.382822960918889 2.56762688808429
4.3828515651206965 2.5676511886454128
4.3828515651206965 2.5676511886454128
4.382823186964475 2.567626783190097
4.382823186964475 2.567626783190097
4.382851621354167 2.567651115893153
4.382851621354167 2.567651115893153
4.382823394943537 2.5676267705582907
4.382823394943537 2.5676267705582907
4.382851862912684 2.5676511762222707
4.382851862912684 2.5676511762222707
4.382823005386977 2.5676266924734628
4.382823005386977 2.5676266924734628
4.382851432471196 2.56765122594031
4.382851432471196 2.56765122594031
4.38282328293245 2.567626772324449
4.38282328293245 2.567626772324449
4.382851327851562 2.5676513191747183
4.382851327851562 2.5676513191747183
4.382823641491372 2.567626526412592
4.382823641491372 2.567626526412592
4.382851074851501 2.5676515029033644
4.382851074851501 2.5676515029033644
4.382823738490574 2.5676263622524282
4.382823738490574 2.5676263622524282
4.3828511388342495 2.567651536175257
4.3828511388342495 2.567651536175257
4.382823604170746 2.5676264720763498
4.382823604170746 2.5676264720763498
4.382850952140705 2.5676515775729722
4.382850952140705 2.5676515775729722
4.382824097325547 2.5676264279552323
4.382824097325547 2.5676264279552323
4.382850660616082 2.5676515695293096
4.382850660616082 2.5676515695293096
4.382823609193986 2.56762645271853
4.382823609193986 2.56762645271853
4.382851496275096 2.5676513900270908
4.382851496275096 2.5676513900270908
4.382823136985106 2.56762668450857
4.382823136985106 2.56762668450857
4.38285158132602 2.567651344290544
4.38285158132602 2.567651344290544
4.382823356743862 2.5676266169103625
4.382823356743862 2.5676266169103625
4.3828513897352055 2.5676514225489773
4.3828513897352055 2.5676514225489773
4.382823352007325 2.567626587129561
4.382823352007325 2.567626587129561
4.3828515864667175 2.5676515499813894
4.3828515864667175 2.5676515499813894
4.382822854737864 2.5676264066968884
4.382822854737864 2.5676264066968884
4.38285171888647 2.567651566794813
4.38285171888647 2.567651566794813
4.382823146175469 2.5676264494202043
4.382823146175469 2.5676264494202043
4.3828517281832164 2.567651449005066
4.3828517281832164 2.567651449005066
4.382823136743518 2.5676265665380162
4.382823136743518 2.5676265665380162
4.382851507847923 2.567651499163694
4.382851507847923 2.567651499163694
4.382823153419754 2.567626458591053
4.382823153419754 2.567626458591053
4.382851737861037 2.567651362511044
4.382851737861037 2.567651362511044
4.382822939295866 2.5676266477445693
4.382822939295866 2.5676266477445693
4.382851877141901 2.567651357068734
4.382851877141901 2.567651357068734
4.382822961728164 2.5676266303415276
4.382822961728164 2.5676266303415276
4.382851791311427 2.5676513730595527
4.382851791311427 2.5676513730595527
4.382823022886818 2.5676266006122836
4.382823022886818 2.5676266006122836
4.382851776840135 2.5676513518180815
4.382851776840135 2.5676513518180815
4.382822830907468 2.5676267107481547
4.382822830907468 2.5676267107481547
4.382851986645128 2.567651293662744
4.382851986645128 2.567651293662744
4.382822975000588 2.567626442300229
4.382822975000588 2.567626442300229
4.382851610304637 2.5676514922504365
4.382851610304637 2.5676514922504365
4.382823239806455 2.567626454562342
4.382823239806455 2.567626454562342
4.382851555988241 2.56765139174528
4.382851555988241 2.56765139174528
4.382823555397226 2.5676266168286794
4.382823555397226 2.5676266168286794
4.382851268317049 2.5676513494045436
4.382851268317049 2.5676513494045436
4.382823328511854 2.5676267505631207
4.382823328511854 2.5676267505631207
4.382851124094543 2.5676513617690415
4.382851124094543 2.5676513617690415
4.3828237247785795 2.567626463580502
4.3828237247785795 2.567626463580502
4.382850951662241 2.5676514855156776
4.382850951662241 2.5676514855156776
4.382823949197384 2.5676265028233414
4.382823949197384 2.5676265028233414
4.382850856286614 2.5676515383297813
4.382850856286614 2.5676515383297813
4.38282384568868 2.5676264994098026
4.38282384568868 2.5676264994098026
4.38285123238786 2.5676515793285764
4.38285123238786 2.5676515793285764
4.382823428530758 2.5676263786752487
4.382823428530758 2.5676263786752487
4.382851144939303 2.5676515960855832
4.382851144939303 2.5676515960855832
4.382823362489569 2.5676263450986174
4.382823362489569 2.5676263450986174
4.382851422080699 2.5676515401055244
4.382851422080699 2.5676515401055244
4.382823387895949 2.5676264354269374
4.382823387895949 2.5676264354269374
4.382851615473137 2.5676514486063717
4.382851615473137 2.5676514486063717
4.382823108326694 2.567626511678053
4.382823108326694 2.567626511678053
4.382851712448339 2.567651346211028
4.382851712448339 2.567651346211028
4.382823208772777 2.5676265641439335
4.382823208772777 2.5676265641439335
4.382851546118514 2.567651437316723
4.382851546118514 2.567651437316723
4.382823514487578 2.567626529835357
4.382823514487578 2.567626529835357
4.382851300969105 2.5676514739079077
4.382851300969105 2.5676514739079077
4.382823219229985 2.567626428406656
4.382823219229985 2.567626428406656
4.38285161636729 2.5676514982547163
4.38285161636729 2.5676514982547163
4.3828230066768405 2.5676264870305516
4.3828230066768405 2.5676264870305516
4.382851346074233 2.5676516152084914
4.382851346074233 2.5676516152084914
4.3828236868125625 2.5676262337067848
4.3828236868125625 2.5676262337067848
4.382851080166221 2.5676517268079095
4.382851080166221 2.5676517268079095
4.3828237362639255 2.5676261363148023
4.3828237362639255 2.5676261363148023
4.3828506868867745 2.5676518974822433
4.3828506868867745 2.5676518974822433
4.382824010632764 2.5676261422826183
4.382824010632764 2.5676261422826183
4.382850597218102 2.567651835680894
4.382850597218102 2.567651835680894
4.382824070011239 2.5676260867926173
4.382824070011239 2.5676260867926173
4.3828506790146635 2.5676519456547022
4.3828506790146635 2.5676519456547022
4.3828239149920005 2.567626120412247
4.3828239149920005 2.567626120412247
4.382851379312091 2.567651637544421
4.382851379312091 2.567651637544421
4.382823464156634 2.5676264566439406
4.382823464156634 2.5676264566439406
4.3828517255567405 2.5676512908576816
4.3828517255567405 2.5676512908576816
4.38282320730834 2.567626579672632
4.38282320730834 2.567626579672632
4.382851764329373 2.5676512945228693
4.382851764329373 2.5676512945228693
4.382822887762487 2.5676267024383783
4.382822887762487 2.5676267024383783
4.382851659621603 2.5676513888983123
4.382851659621603 2.5676513888983123
4.382823499124477 2.567626444396708
4.382823499124477 2.567626444396708
4.382851186009806 2.5676514669611623
4.382851186009806 2.5676514669611623
4.382823484898508 2.567626453342033
4.382823484898508 2.567626453342033
4.382851291561725 2.5676515802168125
4.382851291561725 2.5676515802168125
4.382823469443979 2.5676264627537186
4.382823469443979 2.5676264627537186
4.3828510453128855 2.5676513852019505
4.3828510453128855 2.5676513852019505
4.3828237160608845 2.567626548279599
4.3828237160608845 2.567626548279599
4.3828509997409855 2.5676514803786437
4.3828509997409855 2.5676514803786437
4.382823813205359 2.567626384856183
4.382823813205359 2.567626384856183
4.382850961455547 2.5676515394041095
4.382850961455547 2.5676515394041095
4.382823759972959 2.567626423782025
4.382823759972959 2.567626423782025
4.382850816065748 2.5676515505833843
4.382850816065748 2.5676515505833843
4.382823885134596 2.567626487628078
4.382823885134596 2.567626487628078
4.382850902612171 2.567651290403363
4.382850902612171 2.567651290403363
4.382823703204602 2.5676267711188383
4.382823703204602 2.5676267711188383
4.382850984936504 2.5676511405068054
4.382850984936504 2.5676511405068054
4.382823680343783 2.5676268176260124
4.382823680343783 2.5676268176260124
4.382850930521682 2.56765127191459
4.382850930521682 2.56765127191459
4.382824236712979 2.567626525445206
4.382824236712979 2.567626525445206
4.382850496686854 2.567651430398087
4.382850496686854 2.567651430398087
4.382824755644343 2.5676264899141867
4.382824755644343 2.5676264899141867
4.382849996562191 2.567651538613335
4.382849996562191 2.567651538613335
4.382824800744701 2.5676264743913513
4.382824800744701 2.5676264743913513
4.382849895495859 2.5676516223196746
4.382849895495859 2.5676516223196746
4.382825070519586 2.5676262603900235
4.382825070519586 2.5676262603900235
4.382849557141971 2.567651725930666
4.382849557141971 2.567651725930666
4.382825003454263 2.567626259454172
4.382825003454263 2.567626259454172
4.382850030554044 2.5676516241132257
4.382850030554044 2.5676516241132257
4.3828240613222755 2.5676265996316254
4.3828240613222755 2.5676265996316254
4.382850461435905 2.567651368240401
4.382850461435905 2.567651368240401
4.382824232504126 2.5676267040468184
4.382824232504126 2.5676267040468184
4.382850348160991 2.5676512701218357
4.382850348160991 2.5676512701218357
4.382824986961194 2.5676266613094825
4.382824986961194 2.5676266613094825
4.382849172720032 2.567651512615865
4.382849172720032 2.567651512615865
4.382825171210362 2.567626667512431
4.382825171210362 2.567626667512431
4.382849803335938 2.5676512084985643
4.382849803335938 2.5676512084985643
4.382824891211186 2.5676267861709405
4.382824891211186 2.5676267861709405
4.382849719996016 2.5676512233112754
4.382849719996016 2.5676512233112754
4.382825125060697 2.567626754340818
4.382825125060697 2.567626754340818
4.382849732286194 2.5676512146451014
4.382849732286194 2.5676512146451014
4.382825308260515 2.567626713830406
4.382825308260515 2.567626713830406
4.382849860034423 2.5676511145968526
4.382849860034423 2.5676511145968526
4.382824800581758 2.567626877664567
4.382824800581758 2.567626877664567
4.382850265342426 2.5676509756949937
4.382850265342426 2.5676509756949937
4.382824936700548 2.5676268695094606
4.382824936700548 2.5676268695094606
4.382849989594893 2.5676510405632
4.382849989594893 2.5676510405632
4.382824906964415 2.5676269458772207
4.382824906964415 2.5676269458772207
4.382849671089437 2.5676510624864206
4.382849671089437 2.5676510624864206
4.382824972075686 2.5676270717803353
4.382824972075686 2.5676270717803353
4.382850089679508 2.5676507831784474
4.382850089679508 2.5676507831784474
4.382824777396764 2.5676270932825127
4.382824777396764 2.5676270932825127
4.382849818622727 2.5676508466913592
4.382849818622727 2.5676508466913592
4.38282516158479 2.5676269395266083
4.38282516158479 2.5676269395266083
4.382849362042259 2.56765113511986
4.382849362042259 2.56765113511986
4.382825382272027 2.567626942192515
4.382825382272027 2.567626942192515
4.382849255285428 2.5676510416833125
4.382849255285428 2.5676510416833125
4.382825694630216 2.567626877754406
4.382825694630216 2.567626877754406
4.3828489421170325 2.5676510613719863
4.3828489421170325 2.5676510613719863
4.38282572564084 2.567626898753997
4.38282572564084 2.567626898753997
4.3828495902856615 2.567650884456099
4.3828495902856615 2.567650884456099
4.382825121159 2.567627043334779
4.382825121159 2.567627043334779
4.382849649460133 2.5676509171653947
4.382849649460133 2.5676509171653947
4.382825594075359 2.5676268982581463
4.382825594075359 2.5676268982581463
4.3828491686227995 2.567651092968337
4.3828491686227995 2.567651092968337
4.38282563732457 2.567626885767109
4.38282563732457 2.567626885767109
4.382849279936423 2.5676510585073884
4.382849279936423 2.5676510585073884
4.382825380245213 2.5676269343045273
4.382825380245213 2.5676269343045273
4.382849625220396 2.5676510187308335
4.382849625220396 2.5676510187308335
4.382825277323214 2.5676269346136267
4.382825277323214 2.5676269346136267
4.382849333290683 2.567651148646357
4.382849333290683 2.567651148646357
4.3828256345798415 2.5676267051903983
4.3828256345798415 2.5676267051903983
4.382849331961184 2.567651204330934
4.382849331961184 2.567651204330934
4.382825692653683 2.567626787164839
4.382825692653683 2.567626787164839
4.382848764414465 2.5676511370351793
4.382848764414465 2.5676511370351793
4.382825855985368 2.5676268592991627
4.382825855985368 2.5676268592991627
4.382848842990627 2.56765102867723
4.382848842990627 2.56765102867723
4.382825811365648 2.567626994384367
4.382825811365648 2.567626994384367
4.382849261780938 2.5676508290561384
4.382849261780938 2.5676508290561384
4.382825340941914 2.567627187995016
4.382825340941914 2.567627187995016
4.3828500716743815 2.567650746174259
4.3828500716743815 2.567650746174259
4.3828247683764125 2.5676272347983202
4.3828247683764125 2.5676272347983202
4.382850001071542 2.567650726593274
4.382850001071542 2.567650726593274
4.382824604073616 2.5676273656775157
4.382824604073616 2.5676273656775157
4.382850496102604 2.5676505303184287
4.382850496102604 2.5676505303184287
4.382824304850431 2.567627479404016
4.382824304850431 2.567627479404016
4.382850653834765 2.567650401853862
4.382850653834765 2.567650401853862
4.382824017656311 2.567627556756096
4.382824017656311 2.567627556756096
4.382851170512531 2.5676503169822276
4.382851170512531 2.5676503169822276
4.3828240761108255 2.5676276168022927
4.3828240761108255 2.5676276168022927
4.382850556692841 2.56765043064984
4.382850556692841 2.56765043064984
4.382824354646605 2.5676274843891314
4.382824354646605 2.5676274843891314
4.38285006358721 2.567650499536883
4.38285006358721 2.567650499536883
4.382824687830004 2.567627360040253
4.382824687830004 2.567627360040253
4.382850134157341 2.567650606708217
4.382850134157341 2.567650606708217
4.382824574728144 2.5676274261808407
4.382824574728144 2.5676274261808407
4.382850750135284 2.5676503631087284
4.382850750135284 2.5676503631087284
4.382823872106095 2.567627691712521
4.382823872106095 2.567627691712521
4.382850894531987 2.567650272301898
4.382850894531987 2.567650272301898
4.382823710918031 2.5676278565543504
4.382823710918031 2.5676278565543504
4.382851174620024 2.567650197650542
4.382851174620024 2.567650197650542
4.382823577805051 2.5676277753349948
4.382823577805051 2.5676277753349948
4.382851195375189 2.5676501523246356
4.382851195375189 2.5676501523246356
4.382823659504417 2.5676278931765135
4.382823659504417 2.5676278931765135
4.382851155990866 2.567650108170244
4.382851155990866 2.567650108170244
4.382823578292028 2.5676279408582308
4.382823578292028 2.5676279408582308
4.382851177833627 2.567649968954156
4.382851177833627 2.567649968954156
4.382823399319831 2.5676280485057292
4.382823399319831 2.5676280485057292
4.382851322029472 2.567649846023467
4.382851322029472 2.567649846023467
4.382823334735419 2.5676280206548188
4.382823334735419 2.5676280206548188
4.382851587932718 2.567649881517839
4.382851587932718 2.567649881517839
4.382822971340457 2.567628215089799
4.382822971340457 2.567628215089799
4.382851854861593 2.5676497467880637
4.382851854861593 2.5676497467880637
4.3828228842109676 2.5676282043795786
4.3828228842109676 2.5676282043795786
4.3828518770419675 2.5676497639660694
4.3828518770419675 2.5676497639660694
4.382823035690169 2.567628143522227
4.382823035690169 2.567628143522227
4.382852211952677 2.567649750413539
4.382852211952677 2.567649750413539
4.382822528981136 2.567628198953302
4.382822528981136 2.567628198953302
4.382852821620758 2.5676495912996193
4.382852821620758 2.5676495912996193
4.382821733998506 2.567628481257438
4.382821733998506 2.567628481257438
4.382853418840698 2.567649401998202
4.382853418840698 2.567649401998202
4.382821329888813 2.5676285766739038
4.382821329888813 2.5676285766739038
4.382853383988652 2.5676495342133476
4.382853383988652 2.5676495342133476
4.382821174477627 2.567628537935248
4.382821174477627 2.567628537935248
4.382853667012519 2.567649375846358
4.382853667012519 2.567649375846358
4.382821174563089 2.567628537885565
4.382821174563089 2.567628537885565
4.382853757654393 2.5676493487643275
4.382853757654393 2.5676493487643275
4.382821113595386 2.5676287282129424
4.382821113595386 2.5676287282129424
4.382853880479395 2.567649188064235
4.382853880479395 2.567649188064235
4.382821071556901 2.567628832142553
4.382821071556901 2.567628832142553
4.38285363307378 2.567649324436215
4.38285363307378 2.567649324436215
4.382821206567289 2.5676285897735123
4.382821206567289 2.5676285897735123
4.38285368504109 2.567649436271208
4.38285368504109 2.567649436271208
4.3828209056671295 2.5676285403039185
4.3828209056671295 2.5676285403039185
4.382853747723894 2.5676495036873153
4.382853747723894 2.5676495036873153
4.382821050394342 2.5676285506607197
4.382821050394342 2.5676285506607197
4.3828536737950445 2.567649517769771
4.3828536737950445 2.567649517769771
4.382821105940676 2.5676285862203834
4.382821105940676 2.5676285862203834
4.382853734029693 2.567649365331557
4.382853734029693 2.567649365331557
4.382820936476684 2.56762862985149
4.382820936476684 2.56762862985149
4.382853983553428 2.567649302550366
4.382853983553428 2.567649302550366
4.382820850279733 2.567628652897232
4.382820850279733 2.567628652897232
4.382854134301439 2.567649308885014
4.382854134301439 2.567649308885014
4.382820336987427 2.567628830036212
4.382820336987427 2.567628830036212
4.38285440368348 2.567649192397875
4.38285440368348 2.567649192397875
4.382820668742451 2.56762870636189
4.382820668742451 2.56762870636189
4.3828541618865104 2.5676492504838904
4.3828541618865104 2.5676492504838904
4.3828208417437615 2.5676286225620637
4.3828208417437615 2.5676286225620637
4.382853966872261 2.567649425687955
4.382853966872261 2.567649425687955
4.382820809207705 2.5676284576826567
4.382820809207705 2.5676284576826567
4.382854010745024 2.567649545465899
4.382854010745024 2.567649545465899
4.382820723362553 2.5676284800190783
4.382820723362553 2.5676284800190783
4.3828538442074745 2.5676495863398507
4.3828538442074745 2.5676495863398507
4.382821077002889 2.5676282739090195
4.382821077002889 2.5676282739090195
4.382853753688477 2.567649684118927
4.382853753688477 2.567649684118927
4.382821117904498 2.5676283940301
4.382821117904498 2.5676283940301
4.382853447178166 2.567649672482403
4.382853447178166 2.567649672482403
4.382821385780303 2.5676282844247735
4.382821385780303 2.5676282844247735
4.3828534567259 2.567649665617621
4.3828534567259 2.567649665617621
4.382821753875143 2.5676280738129105
4.382821753875143 2.5676280738129105
4.382852818710338 2.567649982761472
4.382852818710338 2.567649982761472
4.382822048392051 2.567628060669701
4.382822048392051 2.567628060669701
4.382852811993043 2.5676497732999746
4.382852811993043 2.5676497732999746
4.382822135066049 2.5676280044385544
4.382822135066049 2.5676280044385544
4.382852789349536 2.5676498925842495
4.382852789349536 2.5676498925842495
4.38282229054088 2.5676280097793285
4.38282229054088 2.5676280097793285
4.382852498341305 2.5676500486095786
4.382852498341305 2.5676500486095786
4.382822230749937 2.567627942235773
4.382822230749937 2.567627942235773
4.382852432420397 2.567650021121084
4.382852432420397 2.567650021121084
4.382822762154665 2.5676280157657376
4.382822762154665 2.5676280157657376
4.38285213178796 2.56765000461685
4.38285213178796 2.56765000461685
4.382822905078167 2.5676278239809815
4.382822905078167 2.5676278239809815
4.382851535623186 2.567650174022837
4.382851535623186 2.567650174022837
4.382823404299261 2.567627716243834
4.382823404299261 2.567627716243834
4.382851240864217 2.5676502928938367
4.382851240864217 2.5676502928938367
4.382823549205889 2.5676276208791173
4.382823549205889 2.5676276208791173
4.382851333569198 2.5676502075523664
4.382851333569198 2.5676502075523664
4.382823276851581 2.5676277524540967
4.382823276851581 2.5676277524540967
4.382851406980649 2.5676501972343724
4.382851406980649 2.5676501972343724
4.382823032924112 2.567627940774191
4.382823032924112 2.567627940774191
4.3828519450981025 2.5676499950058482
4.3828519450981025 2.5676499950058482
4.3828229375618655 2.567628031808874
4.3828229375618655 2.567628031808874
4.382852211496221 2.567649753202196
4.382852211496221 2.567649753202196
4.382822713207775 2.5676281129751097
4.382822713207775 2.5676281129751097
4.382852180052523 2.5676499077748405
4.382852180052523 2.5676499077748405
4.382822299221815 2.5676281748268686
4.382822299221815 2.5676281748268686
4.3828521432004806 2.5676498265637755
4.3828521432004806 2.5676498265637755
4.382822673421523 2.567628142316047
4.382822673421523 2.567628142316047
4.382852602564465 2.567649697574484
4.382852602564465 2.567649697574484
4.382822219955725 2.5676282997090945
4.382822219955725 2.5676282997090945
4.382852512916071 2.567649723496016
4.382852512916071 2.567649723496016
4.38282238052109 2.5676282639397905
4.38282238052109 2.5676282639397905
4.382852399205772 2.5676496234053103
4.382852399205772 2.5676496234053103
4.3828221548229465 2.5676284485126577
4.3828221548229465 2.5676284485126577
4.3828525200662005 2.567649542793888
4.3828525200662005 2.567649542793888
4.382822456905348 2.5676284228356923
4.382822456905348 2.5676284228356923
4.382852612696425 2.567649515164391
4.382852612696425 2.567649515164391
4.382822206084934 2.567628451897528
4.382822206084934 2.567628451897528
4.382852622085221 2.5676495084264053
4.382852622085221 2.5676495084264053
4.382822117568773 2.5676285102665055
4.382822117568773 2.5676285102665055
4.382852322044503 2.567649532302709
4.382852322044503 2.567649532302709
4.382822204727686 2.5676283847476626
4.382822204727686 2.5676283847476626
4.382852517712048 2.567649680359118
4.382852517712048 2.567649680359118
4.382822312138035 2.5676282454695
4.382822312138035 2.5676282454695
4.38285255502904 2.5676496196435044
4.38285255502904 2.5676496196435044
4.382822375815482 2.567628272315573
4.382822375815482 2.567628272315573
4.3828527567091164 2.5676496979011683
4.3828527567091164 2.5676496979011683
4.38282214628647 2.5676282478794348
4.38282214628647 2.5676282478794348
4.382852824372903 2.5676495121917924
4.382852824372903 2.5676495121917924
4.382822066720938 2.567628475302274
4.382822066720938 2.567628475302274
4.3828525478841565 2.567649485255692
4.3828525478841565 2.567649485255692
4.3828217847808455 2.567628596589612
4.3828217847808455 2.567628596589612
4.382853167257377 2.5676494575986935
4.382853167257377 2.5676494575986935
4.382821568299075 2.567628529293716
4.382821568299075 2.567628529293716
4.3828532174873045 2.5676496027233684
4.3828532174873045 2.5676496027233684
4.382821201881129 2.5676284170785606
4.382821201881129 2.5676284170785606
4.38285349871432 2.567649739869384
4.38285349871432 2.567649739869384
4.382821336576892 2.56762821641406
4.382821336576892 2.56762821641406
4.3828535469876515 2.5676498534156145
4.3828535469876515 2.5676498534156145
4.382821262737434 2.5676281565708563
4.382821262737434 2.5676281565708563
4.382853407518807 2.5676498357704682
4.382853407518807 2.5676498357704682
4.382821229685879 2.5676282173436022
4.382821229685879 2.5676282173436022
4.38285366378758 2.5676497728275467
4.38285366378758 2.5676497728275467
4.38282101798901 2.567628175451541
4.38282101798901 2.567628175451541
4.382853801740182 2.5676498280322724
4.382853801740182 2.5676498280322724
4.382820717713697 2.5676281176859135
4.382820717713697 2.5676281176859135
4.382854019094913 2.5676496411956333
4.382854019094913 2.5676496411956333
4.3828210267038505 2.567628356053855
4.3828210267038505 2.567628356053855
4.382853717370515 2.567649623797728
4.382853717370515 2.567649623797728
4.382821210400263 2.5676282679133458
4.382821210400263 2.5676282679133458
4.382853385803792 2.5676497026402254
4.382853385803792 2.5676497026402254
4.382821481189617 2.567628156994803
4.382821481189617 2.567628156994803
4.382853704085231 2.5676496709530072
4.382853704085231 2.5676496709530072
4.382820883559001 2.567628306022566
4.382820883559001 2.567628306022566
4.382854052535393 2.5676495785083273
4.382854052535393 2.5676495785083273
4.382820704325942 2.5676283558419923
4.382820704325942 2.5676283558419923
4.382853955612438 2.567649644518451
4.382853955612438 2.567649644518451
4.382821057819948 2.5676284494143538
4.382821057819948 2.5676284494143538
4.382853531893149 2.567649527265642
4.382853531893149 2.567649527265642
4.382821254509241 2.5676285705149513
4.382821254509241 2.5676285705149513
4.3828534597533855 2.5676492849018766
4.3828534597533855 2.5676492849018766
4.3828212063944765 2.567628714433604
4.3828212063944765 2.567628714433604
4.382853574616873 2.5676491311240706
4.382853574616873 2.5676491311240706
4.382821236345942 2.567628876830629
4.382821236345942 2.567628876830629
4.382853502566577 2.5676491450978167
4.382853502566577 2.5676491450978167
4.3828213275570045 2.5676288133320293
4.3828213275570045 2.5676288133320293
4.382853654060532 2.567649147716093
4.382853654060532 2.567649147716093
4.382821258808292 2.5676287516767546
4.382821258808292 2.5676287516767546
4.382853885881191 2.567649168835886
4.382853885881191 2.567649168835886
4.382820824118013 2.5676289500136678
4.382820824118013 2.5676289500136678
4.382854165713534 2.5676489667824276
4.382854165713534 2.5676489667824276
4.382820657216821 2.5676289960419356
4.382820657216821 2.5676289960419356
4.382854277612749 2.5676488471530745
4.382854277612749 2.5676488471530745
4.382820378442317 2.5676292000416137
4.382820378442317 2.5676292000416137
4.382854398866636 2.567648682892172
4.382854398866636 2.567648682892172
4.382820569293272 2.5676292858716887
4.382820569293272 2.5676292858716887
4.382854262434601 2.567648669410471
4.382854262434601 2.567648669410471
4.382820483656174 2.5676293120441027
4.382820483656174 2.5676293120441027
4.382854325941472 2.5676487359218543
4.382854325941472 2.5676487359218543
4.382820653368831 2.567629186631408
4.382820653368831 2.567629186631408
4.382853943773721 2.5676488280132257
4.382853943773721 2.5676488280132257
4.382820803854984 2.5676291521335233
4.382820803854984 2.5676291521335233
4.382853937378839 2.5676488691790738
4.382853937378839 2.5676488691790738
4.382820889765216 2.5676290914218245
4.382820889765216 2.5676290914218245
4.382853776207729 2.5676489463201317
4.382853776207729 2.5676489463201317
4.382821342078789 2.567629026271733
4.382821342078789 2.567629026271733
4.382853551535477 2.567648958356173
4.382853551535477 2.567648958356173
4.382821062542312 2.56762896979989
4.382821062542312 2.56762896979989
4.382853786332306 2.567648936851928
4.382853786332306 2.567648936851928
4.382820880633933 2.567629063618468
4.382820880633933 2.567629063618468
4.382853961820066 2.567648846501831
4.382853961820066 2.567648846501831
4.382821127032482 2.5676292181667817
4.382821127032482 2.5676292181667817
4.3828539374443904 2.5676486791465476
4.3828539374443904 2.5676486791465476
4.382820975462735 2.56762921807268
4.382820975462735 2.56762921807268
4.382853423712842 2.5676489733210333
4.382853423712842 2.5676489733210333
4.382821425232769 2.5676288978330852
4.382821425232769 2.5676288978330852
4.3828532417002775 2.567649100967811
4.3828532417002775 2.567649100967811
4.382821561158678 2.567628912372141
4.382821561158678 2.567628912372141
4.382853399623151 2.5676490981454316
4.382853399623151 2.5676490981454316
4.382821298958796 2.5676287699333487
4.382821298958796 2.5676287699333487
4.382853374979577 2.5676492232370447
4.382853374979577 2.5676492232370447
4.382821648788413 2.5676288167571566
4.382821648788413 2.5676288167571566
4.3828532409055425 2.5676492068965424
4.3828532409055425 2.5676492068965424
4.38282175164565 2.567628710510499
4.38282175164565 2.567628710510499
4.382853016908468 2.567649218574144
4.382853016908468 2.567649218574144
4.382821739700042 2.567628967104158
4.382821739700042 2.567628967104158
4.382853028734821 2.5676489621822447
4.382853028734821 2.5676489621822447
4.382821623566013 2.5676290846182326
4.382821623566013 2.5676290846182326
4.382853126799903 2.567648893408378
4.382853126799903 2.567648893408378
4.382821432225714 2.567629255889418
4.382821432225714 2.567629255889418
4.38285354119092 2.5676487067224185
4.38285354119092 2.5676487067224185
4.382820951862245 2.5676294213028013
4.382820951862245 2.5676294213028013
4.382853901404491 2.567648443937909
4.382853901404491 2.567648443937909
4.382820943097175 2.567629426965804
4.382820943097175 2.567629426965804
4.382854106880869 2.567648515051649
4.382854106880869 2.567648515051649
4.38282063304701 2.5676295085665766
4.38282063304701 2.5676295085665766
4.3828544107012215 2.5676484764330696
4.3828544107012215 2.5676484764330696
4.382820270256195 2.567629478070216
4.382820270256195 2.567629478070216
4.382854661517822 2.5676483631861173
4.382854661517822 2.5676483631861173
4.382820171288571 2.5676295911613516
4.382820171288571 2.5676295911613516
4.382854348086521 2.567648485686857
4.382854348086521 2.567648485686857
4.382820411647982 2.5676294474567807
4.382820411647982 2.5676294474567807
4.382854340506806 2.567648528718963
4.382854340506806 2.567648528718963
4.382820199440925 2.5676294175106915
4.382820199440925 2.5676294175106915
4.3828544717567 2.5676486201257616
4.3828544717567 2.5676486201257616
4.382820256528197 2.567629412074917
4.382820256528197 2.567629412074917
4.382854246379534 2.567648410581461
4.382854246379534 2.567648410581461
4.382820447458829 2.5676294977014664
4.382820447458829 2.5676294977014664
4.382854144390402 2.5676485607751953
4.382854144390402 2.5676485607751953
4.3828204567992035 2.567629415352382
4.3828204567992035 2.567629415352382
4.382854240975319 2.5676484892616185
4.382854240975319 2.5676484892616185
4.382820787722221 2.5676295064063472
4.382820787722221 2.5676295064063472
4.38285424756681 2.567648483918063
4.38285424756681 2.567648483918063
4.38282081440908 2.5676293758260154
4.38282081440908 2.5676293758260154
4.382854311316661 2.567648548415354
4.382854311316661 2.567648548415354
4.38282043282437 2.5676294333067333
4.38282043282437 2.5676294333067333
4.38285406900554 2.567648691409901
4.38285406900554 2.567648691409901
4.382820977200392 2.567629256814205
4.382820977200392 2.567629256814205
4.3828539309568715 2.5676486793608677
4.3828539309568715 2.5676486793608677
4.382820970127057 2.5676292632678526
4.382820970127057 2.5676292632678526
4.382853739026589 2.567648890932914
4.382853739026589 2.567648890932914
4.382821057590161 2.56762916320925
4.382821057590161 2.56762916320925
4.382853932403059 2.5676487517044677
4.382853932403059 2.5676487517044677
4.382820905250147 2.5676291636507607
4.382820905250147 2.5676291636507607
4.382853688900773 2.567648852394754
4.382853688900773 2.567648852394754
4.382821213847376 2.5676290901596683
4.382821213847376 2.5676290901596683
4.382853315670224 2.5676488997699014
4.382853315670224 2.5676488997699014
4.382821579927751 2.567629082825087
4.382821579927751 2.567629082825087
4.382853317393488 2.5676488985785517
4.382853317393488 2.5676488985785517
4.382821515344083 2.567629021112699
4.382821515344083 2.567629021112699
4.382853377912021 2.5676489996441356
4.382853377912021 2.5676489996441356
4.382821082372352 2.5676289281746296
4.382821082372352 2.5676289281746296
4.382853570461847 2.5676491544721514
4.382853570461847 2.5676491544721514
4.382821105717012 2.567628801932659
4.382821105717012 2.567628801932659
4.382853968086426 2.5676490944311197
4.382853968086426 2.5676490944311197
4.382820840158388 2.5676289163186152
4.382820840158388 2.5676289163186152
4.382853880410305 2.567649193362472
4.382853880410305 2.567649193362472
4.382821158613415 2.567628544836929
4.382821158613415 2.567628544836929
4.38285338641082 2.5676496093277033
4.38285338641082 2.5676496093277033
4.382821222970775 2.56762853777794
4.382821222970775 2.56762853777794
4.382853626983633 2.5676493702102294
4.382853626983633 2.5676493702102294
4.382821183483801 2.5676286386805307
4.382821183483801 2.5676286386805307
4.38285358370319 2.567649289554884
4.38285358370319 2.567649289554884
4.382821133523725 2.567628783482649
4.382821133523725 2.567628783482649
4.382853540464659 2.5676492099888946
4.382853540464659 2.5676492099888946
4.382821333367778 2.5676288273541368
4.382821333367778 2.5676288273541368
4.382853444333358 2.567649057985813
4.382853444333358 2.567649057985813
4.382821514945575 2.5676289532058227
4.382821514945575 2.5676289532058227
4.382853310792753 2.56764904344752
4.382853310792753 2.56764904344752
4.382821132351071 2.567628968570778
4.382821132351071 2.567628968570778
4.38285354951859 2.567648984164859
4.38285354951859 2.567648984164859
4.382821165531516 2.56762883506124
4.382821165531516 2.56762883506124
4.3828536425631635 2.5676492117187735
4.3828536425631635 2.5676492117187735
4.382821269356436 2.5676287264713027
4.382821269356436 2.5676287264713027
4.3828538063043565 2.5676491697160926
4.3828538063043565 2.5676491697160926
4.382820788573829 2.5676288060220007
4.382820788573829 2.5676288060220007
4.382853989190269 2.5676490772652647
4.382853989190269 2.5676490772652647
4.382820764699809 2.5676288599883006
4.382820764699809 2.5676288599883006
4.38285395506053 2.5676489522802775
4.38285395506053 2.5676489522802775
4.382820723352084 2.567629002653221
4.382820723352084 2.567629002653221
4.3828541223210715 2.567648906285156
4.3828541223210715 2.567648906285156
4.382820966488835 2.5676289034437225
4.382820966488835 2.5676289034437225
4.382853866829192 2.567649051225163
4.382853866829192 2.567649051225163
4.382821064773933 2.5676290560760324
4.382821064773933 2.5676290560760324
4.38285380252603 2.5676487642930605
4.38285380252603 2.5676487642930605
4.382821075060142 2.5676292686543656
4.382821075060142 2.5676292686543656
4.382853899464772 2.56764869396352
4.382853899464772 2.56764869396352
4.382820758280859 2.5676293518684146
4.382820758280859 2.5676293518684146
4.382854224687853 2.5676485671521614
4.382854224687853 2.5676485671521614
4.3828204669163195 2.5676293416183364
4.3828204669163195 2.5676293416183364
4.3828546027470665 2.567648511902916
4.3828546027470665 2.567648511902916
4.382820094296107 2.5676293918532695
4.382820094296107 2.5676293918532695
4.382854656950722 2.567648585600379
4.382854656950722 2.567648585600379
4.38282048311193 2.567629254778127
4.38282048311193 2.567629254778127
4.382854378482974 2.567648564872604
4.382854378482974 2.567648564872604
4.3828204452717925 2.567629395866459
4.3828204452717925 2.567629395866459
4.382854600585507 2.5676485513738947
4.382854600585507 2.5676485513738947
4.382820410954696 2.567629232477643
4.382820410954696 2.567629232477643
4.3828543967808935 2.567648816958211
4.3828543967808935 2.567648816958211
4.382820406728824 2.567629235863046
4.382820406728824 2.567629235863046
4.382854503182233 2.56764869974779
4.382854503182233 2.56764869974779
4.382820295180964 2.567629357456481
4.382820295180964 2.567629357456481
4.3828542288243995 2.567648675399826
4.3828542288243995 2.567648675399826
4.382820530000658 2.5676292596407673
4.382820530000658 2.5676292596407673
4.3828543568695775 2.5676487689159164
4.3828543568695775 2.5676487689159164
4.382820400905385 2.567629468963758
4.382820400905385 2.567629468963758
4.382854363416678 2.567648461439059
4.382854363416678 2.567648461439059
4.382820265824327 2.5676296842301713
4.382820265824327 2.5676296842301713
4.382854373038021 2.567648190223514
4.382854373038021 2.567648190223514
4.382820532329865 2.567629709148307
4.382820532329865 2.567629709148307
4.382854243465205 2.567648175710113
4.382854243465205 2.567648175710113
4.382820410379589 2.5676298766347614
4.382820410379589 2.5676298766347614
4.382853982403137 2.5676481878338255
4.382853982403137 2.5676481878338255
4.382821085892478 2.5676296270983583
4.382821085892478 2.5676296270983583
4.382853901450828 2.567648248372955
4.382853901450828 2.567648248372955
4.382820948457724 2.5676295835330962
4.382820948457724 2.5676295835330962
4.382853990573648 2.567648513856781
4.382853990573648 2.567648513856781
4.3828206144707575 2.5676294606100662
4.3828206144707575 2.5676294606100662
4.382854052912584 2.567648281364486
4.382854052912584 2.567648281364486
4.3828208460913824 2.5676296605073596
4.3828208460913824 2.5676296605073596
4.382854018968162 2.5676481581492703
4.382854018968162 2.5676481581492703
4.382820800618937 2.5676298051515425
4.382820800618937 2.5676298051515425
4.382854030787695 2.5676481497416246
4.382854030787695 2.5676481497416246
4.382820877175217 2.5676297470236964
4.382820877175217 2.5676297470236964
4.382853654378411 2.5676482853303457
4.382853654378411 2.5676482853303457
4.3828211785430495 2.567629632824195
4.3828211785430495 2.567629632824195
4.382853352102143 2.5676483986900744
4.382853352102143 2.5676483986900744
4.382821469928654 2.567629563249754
4.382821469928654 2.567629563249754
4.382853348930828 2.5676484367065693
4.382853348930828 2.5676484367065693
4.382821281910298 2.5676294484780096
4.382821281910298 2.5676294484780096
4.3828536668314335 2.5676483121770053
4.3828536668314335 2.5676483121770053
4.3828210935363225 2.5676296236740543
4.3828210935363225 2.5676296236740543
4.382853811568684 2.567648313363479
4.382853811568684 2.567648313363479
4.382820871347821 2.567629641938563
4.382820871347821 2.567629641938563
4.382853581444089 2.567648410199775
4.382853581444089 2.567648410199775
4.382821316690383 2.567629532753932
4.382821316690383 2.567629532753932
4.382853450293809 2.567648398381194
4.382853450293809 2.567648398381194
4.3828212216659646 2.567629601504259
4.3828212216659646 2.567629601504259
4.382853727885435 2.567648449250092
4.382853727885435 2.567648449250092
4.382821310075607 2.5676295000086156
4.382821310075607 2.5676295000086156
4.382853670458664 2.567648418454857
4.382853670458664 2.567648418454857
4.382821346241496 2.5676296186352987
4.382821346241496 2.5676296186352987
4.382853452059117 2.5676484694349067
4.382853452059117 2.5676484694349067
4.382821306895887 2.567629467266964
4.382821306895887 2.567629467266964
4.382853664829472 2.567648495273774
4.382853664829472 2.567648495273774
4.382821137314502 2.5676295545860617
4.382821137314502 2.5676295545860617
4.382853821691482 2.5676484526434136
4.382853821691482 2.5676484526434136
4.38282100044298 2.5676295099315207
4.38282100044298 2.5676295099315207
4.38285377674401 2.5676483752654677
4.38285377674401 2.5676483752654677
4.382820816221373 2.5676296464883563
4.382820816221373 2.5676296464883563
4.382853778560857 2.5676484106436197
4.382853778560857 2.5676484106436197
4.382820660182053 2.567629689238204
4.382820660182053 2.567629689238204
4.38285410747814 2.5676482389090975
4.38285410747814 2.5676482389090975
4.382820744730435 2.5676298853695436
4.382820744730435 2.5676298853695436
4.382854165280718 2.567648046340636
4.382854165280718 2.567648046340636
4.382820659920878 2.567629913364526
4.382820659920878 2.567629913364526
4.382853796220339 2.5676481411304324
4.382853796220339 2.5676481411304324
4.3828207993784405 2.5676298813729446
4.3828207993784405 2.5676298813729446
4.382853723134979 2.5676481958553325
4.382853723134979 2.5676481958553325
4.382820950415361 2.5676298041476464
4.382820950415361 2.5676298041476464
4.382853570927018 2.5676482727434697
4.382853570927018 2.5676482727434697
4.382821334966469 2.5676296272687438
4.382821334966469 2.5676296272687438
4.3828533103778415 2.5676484986568884
4.3828533103778415 2.5676484986568884
4.382821463525057 2.567629391937895
4.382821463525057 2.567629391937895
4.3828533161867185 2.56764849364915
4.3828533161867185 2.56764849364915
4.382821542142607 2.5676293370032908
4.382821542142607 2.5676293370032908
4.382853158192757 2.567648569759703
4.382853158192757 2.567648569759703
4.382821843404059 2.567629265970436
4.382821843404059 2.567629265970436
4.38285309877857 2.5676485410386607
4.38285309877857 2.5676485410386607
4.382821671885848 2.5676293521165294
4.382821671885848 2.5676293521165294
4.3828532553262605 2.567648499747356
4.3828532553262605 2.567648499747356
4.382821588127268 2.5676293763345734
4.382821588127268 2.5676293763345734
4.382853157676898 2.567648641108985
4.382853157676898 2.567648641108985
4.3828217731308845 2.5676291744491553
4.3828217731308845 2.5676291744491553
4.3828531761844545 2.567648627396496
4.3828531761844545 2.567648627396496
4.38282176591499 2.5676291802403695
4.38282176591499 2.5676291802403695
4.382852917490621 2.567648808078472
4.382852917490621 2.567648808078472
4.3828217514447045 2.5676291908639035
4.3828217514447045 2.5676291908639035
4.382853075998285 2.567648767427858
4.382853075998285 2.567648767427858
4.382821700244541 2.567629121640132
4.382821700244541 2.567629121640132
4.382853029843095 2.5676489418866733
4.382853029843095 2.5676489418866733
4.382821787632437 2.5676290597751756
4.382821787632437 2.5676290597751756
4.382852681567781 2.5676489017412547
4.382852681567781 2.5676489017412547
4.382822206263905 2.5676290849135044
4.382822206263905 2.5676290849135044
4.38285268194894 2.5676489022458377
4.38285268194894 2.5676489022458377
4.382822167949866 2.5676289726276558
4.382822167949866 2.5676289726276558
4.382852397350092 2.567649130521157
4.382852397350092 2.567649130521157
4.3828220385713115 2.5676288874102533
4.3828220385713115 2.5676288874102533
4.382852606353963 2.5676491962324577
4.382852606353963 2.5676491962324577
4.3828221812153165 2.5676288945809325
4.3828221812153165 2.5676288945809325
4.3828526357132125 2.567649072928881
4.3828526357132125 2.567649072928881
4.382821933102026 2.5676289947322015
4.382821933102026 2.5676289947322015
4.382852722326395 2.567649081429364
4.382852722326395 2.567649081429364
4.382822237624683 2.567628927280864
4.382822237624683 2.567628927280864
4.382852520388845 2.5676490442292335
4.382852520388845 2.5676490442292335
4.3828225285848 2.5676289019718417
4.3828225285848 2.5676289019718417
4.382852590244787 2.5676491006915456
4.382852590244787 2.5676491006915456
4.382822170049535 2.5676288353767815
4.382822170049535 2.5676288353767815
4.382852696318588 2.56764923721149
4.382852696318588 2.56764923721149
4.382821838318895 2.567628957727139
4.382821838318895 2.567628957727139
4.382853037961526 2.567648861577599
4.382853037961526 2.567648861577599
4.382821558475235 2.567629153034473
4.382821558475235 2.567629153034473
4.382853129541586 2.5676487969522834
4.382853129541586 2.5676487969522834
4.382821758720252 2.567629190726756
4.382821758720252 2.567629190726756
4.382852791566024 2.567648751262401
4.382852791566024 2.567648751262401
4.382822086894691 2.567629241204266
4.382822086894691 2.567629241204266
4.382852514758441 2.567648770998509
4.382852514758441 2.567648770998509
4.38282244121322 2.567629202431904
4.38282244121322 2.567629202431904
4.382852463520757 2.5676487374012136
4.382852463520757 2.5676487374012136
4.382822511611291 2.567629188708935
4.382822511611291 2.567629188708935
4.382852394444917 2.567648784219319
4.382852394444917 2.567648784219319
4.382822433481672 2.5676291404418117
4.382822433481672 2.5676291404418117
4.382852225588226 2.5676488991878617
4.382852225588226 2.5676488991878617
4.382822456278687 2.567629090536475
4.382822456278687 2.567629090536475
4.382852350142734 2.5676489511338723
4.382852350142734 2.5676489511338723
4.382822731721204 2.5676289370382186
4.382822731721204 2.5676289370382186
4.382852186086492 2.5676489621337075
4.382852186086492 2.5676489621337075
4.3828225147252855 2.5676289135956676
4.3828225147252855 2.5676289135956676
4.382852162228615 2.567649045870814
4.382852162228615 2.567649045870814
4.382822610785726 2.567628881546409
4.382822610785726 2.567628881546409
4.382852008292202 2.567649048977526
4.382852008292202 2.567649048977526
4.382822777112057 2.567628837840325
4.382822777112057 2.567628837840325
4.382852028177074 2.5676492033289477
4.382852028177074 2.5676492033289477
4.382822570404805 2.5676287737655303
4.382822570404805 2.5676287737655303
4.382852337957833 2.5676491659485685
4.382852337957833 2.5676491659485685
4.382822548843357 2.567628617237984
4.382822548843357 2.567628617237984
4.382852335297224 2.5676493743879116
4.382852335297224 2.5676493743879116
4.382822393926895 2.567628684651221
4.382822393926895 2.567628684651221
4.382852673332909 2.567649286618581
4.382852673332909 2.567649286618581
4.38282235623301 2.567628503751885
4.38282235623301 2.567628503751885
4.382852413491459 2.5676494258502145
4.382852413491459 2.5676494258502145
4.3828224046552355 2.5676285411097157
4.3828224046552355 2.5676285411097157
4.3828525304982175 2.5676493465152674
4.3828525304982175 2.5676493465152674
4.382822144306447 2.5676288562135197
4.382822144306447 2.5676288562135197
4.382853025791072 2.5676489727810154
4.382853025791072 2.5676489727810154
4.382821766441828 2.567629082344635
4.382821766441828 2.567629082344635
4.382852914916012 2.567648872990636
4.382852914916012 2.567648872990636
4.38282190578495 2.567629091262227
4.38282190578495 2.567629091262227
4.382852791323148 2.5676488525404806
4.382852791323148 2.5676488525404806
4.382821811057054 2.5676291235722544
4.382821811057054 2.5676291235722544
4.382852967002739 2.567648764207456
4.382852967002739 2.567648764207456
4.382821698180216 2.567629238617133
4.382821698180216 2.567629238617133
4.3828533282036375 2.567648793278628
4.3828533282036375 2.567648793278628
4.382821572702619 2.5676291509024334
4.382821572702619 2.5676291509024334
4.382853278507043 2.5676487194827526
4.382853278507043 2.5676487194827526
4.382821709445232 2.567629161831584
4.382821709445232 2.567629161831584
4.382853271097402 2.567648795936624
4.382853271097402 2.567648795936624
4.382821409723204 2.5676291594952945
4.382821409723204 2.5676291594952945
4.38285373265316 2.567648718917723
4.38285373265316 2.567648718917723
4.382821023744829 2.567629218349327
4.382821023744829 2.567629218349327
4.382853705873066 2.567648847482486
4.382853705873066 2.567648847482486
4.382821053850769 2.567629088592833
4.382821053850769 2.567629088592833
4.382853474534783 2.5676489008019794
4.382853474534783 2.5676489008019794
4.382821336083479 2.567629106676193
4.382821336083479 2.567629106676193
4.382853509587174 2.567648803504008
4.382853509587174 2.567648803504008
4.382821354101564 2.5676292741002777
4.382821354101564 2.5676292741002777
4.382853807407172 2.567648515097576
4.382853807407172 2.567648515097576
4.3828213844357125 2.567629396473766
4.3828213844357125 2.567629396473766
4.382852909593852 2.5676486934937968
4.382852909593852 2.5676486934937968
4.382821840729123 2.567629285403375
4.382821840729123 2.567629285403375
4.3828530544105355 2.567648696062218
4.3828530544105355 2.567648696062218
4.382821944211954 2.567629143488222
4.382821944211954 2.567629143488222
4.382853030503848 2.5676488183086934
4.382853030503848 2.5676488183086934
4.382821717587946 2.5676291612186612
4.382821717587946 2.5676291612186612
4.382853256946131 2.567648801068496
4.382853256946131 2.567648801068496
4.382821565566101 2.5676291620874845
4.382821565566101 2.5676291620874845
4.3828531223884735 2.567648787816851
4.3828531223884735 2.567648787816851
4.382821717442535 2.5676291286565176
4.382821717442535 2.5676291286565176
4.382852972640759 2.567648821130191
4.382852972640759 2.567648821130191
4.382821876387517 2.567629052069308
4.382821876387517 2.567629052069308
4.3828528590772535 2.567649005840105
4.3828528590772535 2.567649005840105
4.3828219395519215 2.5676290442182053
4.3828219395519215 2.5676290442182053
4.382853212028539 2.567648830039272
4.382853212028539 2.567648830039272
4.382821081185163 2.5676292211218477
4.382821081185163 2.5676292211218477
4.382853648444417 2.5676488446522012
4.382853648444417 2.5676488446522012
4.382821275300228 2.567629009776079
4.382821275300228 2.567629009776079
4.382853422156376 2.5676488961261725
4.382853422156376 2.5676488961261725
4.382821621314422 2.567629054987945
4.382821621314422 2.567629054987945
4.3828532097184265 2.567648902071165
4.3828532097184265 2.567648902071165
4.382821511397288 2.5676291675983407
4.382821511397288 2.5676291675983407
4.382853160491543 2.5676488299123608
4.382853160491543 2.5676488299123608
4.382821900563993 2.567629036868369
4.382821900563993 2.567629036868369
4.3828531959961445 2.5676490184577307
4.3828531959961445 2.5676490184577307
4.382821712873107 2.5676289199200557
4.382821712873107 2.5676289199200557
4.382852581273944 2.567649124214148
4.382852581273944 2.567649124214148
4.382822366679934 2.5676288923218733
4.382822366679934 2.5676288923218733
4.382852483620152 2.567649017473104
4.382852483620152 2.567649017473104
4.382822165824225 2.56762902878907
4.382822165824225 2.56762902878907
4.382852631923521 2.567648812070956
4.382852631923521 2.567648812070956
4.382821971345705 2.5676291631073176
4.382821971345705 2.5676291631073176
4.382852740050243 2.5676487026897994
4.382852740050243 2.5676487026897994
4.382821853666032 2.5676293154391607
4.382821853666032 2.5676293154391607
4.382853206135428 2.5676485835892184
4.382853206135428 2.5676485835892184
4.382821389068748 2.5676294353879836
4.382821389068748 2.5676294353879836
4.382853430652517 2.567648565135175
4.382853430652517 2.567648565135175
4.382821305877362 2.567629458830284
4.382821305877362 2.567629458830284
4.3828531559633825 2.567648548400835
4.3828531559633825 2.567648548400835
4.382821582824909 2.5676294743221875
4.382821582824909 2.5676294743221875
4.382853094824408 2.5676485207318014
4.382853094824408 2.5676485207318014
4.382821653249545 2.5676294588815614
4.382821653249545 2.5676294588815614
4.382853415583073 2.567648396361666
4.382853415583073 2.567648396361666
4.382821395971433 2.5676296098674416
4.382821395971433 2.5676296098674416
4.382853722370988 2.5676483153524154
4.382853722370988 2.5676483153524154
4.382821103182511 2.56762964505659
4.382821103182511 2.56762964505659
4.382853500709245 2.5676483689175966
4.382853500709245 2.5676483689175966
4.382820947893692 2.5676296872352578
4.382820947893692 2.5676296872352578
4.382853901671623 2.567648180634287
4.382853901671623 2.567648180634287
4.382820934246683 2.567629734627358
4.382820934246683 2.567629734627358
4.3828537470346225 2.5676482584900957
4.3828537470346225 2.5676482584900957
4.382820999548837 2.56762972315788
4.382820999548837 2.56762972315788
4.382853757038599 2.567648250541184
4.382853757038599 2.567648250541184
4.382820786881823 2.5676296993138275
4.382820786881823 2.5676296993138275
4.382854323269387 2.5676482697627803
4.382854323269387 2.5676482697627803
4.382820357839577 2.5676296853473466
4.382820357839577 2.5676296853473466
4.382854415916438 2.5676485023840443
4.382854415916438 2.5676485023840443
4.382820329824953 2.567629479489283
4.382820329824953 2.567629479489283
4.382854580016885 2.5676484556050267
4.382854580016885 2.5676484556050267
4.38282017046275 2.5676295232178425
4.38282017046275 2.5676295232178425
4.382854486581352 2.5676485635232025
4.382854486581352 2.5676485635232025
4.382820312568542 2.567629492832897
4.382820312568542 2.567629492832897
4.382854223310033 2.5676484946321754
4.382854223310033 2.5676484946321754
4.38282052356062 2.5676294868888934
4.38282052356062 2.5676294868888934
4.382854199334365 2.56764862404991
4.382854199334365 2.56764862404991
4.3828206238156024 2.5676293380048314
4.3828206238156024 2.5676293380048314
4.382853713218497 2.5676485732935133
4.382853713218497 2.5676485732935133
4.382821145802957 2.567629254246275
4.382821145802957 2.567629254246275
4.382853623373043 2.567648674557549
4.382853623373043 2.567648674557549
4.382821125888554 2.567629304952675
4.382821125888554 2.567629304952675
4.382853771745374 2.567648676321314
4.382853771745374 2.567648676321314
4.382820843206259 2.5676292525480195
4.382820843206259 2.5676292525480195
4.382853932522284 2.5676486323111347
4.382853932522284 2.5676486323111347
4.382820792277555 2.567629439132964
4.382820792277555 2.567629439132964
4.382854037847453 2.567648517196197
4.382854037847453 2.567648517196197
4.382820938426729 2.5676294056687454
4.382820938426729 2.5676294056687454
4.3828538809416235 2.567648595654738
4.3828538809416235 2.567648595654738
4.382821119490016 2.567629237593151
4.382821119490016 2.567629237593151
4.382853555172002 2.5676487578836045
4.382853555172002 2.5676487578836045
4.382821102986058 2.5676292867195154
4.382821102986058 2.5676292867195154
4.38285361569402 2.567648822979218
4.38285361569402 2.567648822979218
4.3828209993693115 2.5676291052095954
4.3828209993693115 2.5676291052095954
4.382853763605313 2.5676488258861783
4.382853763605313 2.5676488258861783
4.382820436796953 2.5676292919281583
4.382820436796953 2.5676292919281583
4.382854072641499 2.567648787601963
4.382854072641499 2.567648787601963
4.38282081914221 2.567629199727186
4.38282081914221 2.567629199727186
4.382854024632112 2.5676487102622985
4.382854024632112 2.5676487102622985
4.382820777375344 2.567629341930564
4.382820777375344 2.567629341930564
4.382853642654462 2.5676488015720915
4.382853642654462 2.5676488015720915
4.382821071906251 2.567629312539563
4.382821071906251 2.567629312539563
4.382853747798605 2.5676486884657272
4.382853747798605 2.5676486884657272
4.3828209315587525 2.567629267072687
4.3828209315587525 2.567629267072687
4.3828539001477145 2.567648688176724
4.3828539001477145 2.567648688176724
4.382820659689713 2.5676294674739824
4.382820659689713 2.5676294674739824
4.3828542632502785 2.5676483824989855
4.3828542632502785 2.5676483824989855
4.382820491455236 2.567629556342866
4.382820491455236 2.567629556342866
4.382854299360474 2.56764827826103
4.382854299360474 2.56764827826103
4.382820457712299 2.5676296581370384
4.382820457712299 2.5676296581370384
4.382854363313328 2.5676483430491035
4.382854363313328 2.5676483430491035
4.382820485406509 2.5676295241231375
4.382820485406509 2.5676295241231375
4.382854247666794 2.5676485423837714
4.382854247666794 2.5676485423837714
4.382820618150653 2.567629537642568
4.382820618150653 2.567629537642568
4.382854174933072 2.5676485576566903
4.382854174933072 2.5676485576566903
4.382820514865944 2.567629353203192
4.382820514865944 2.567629353203192
4.38285437497256 2.56764867317033
4.38285437497256 2.56764867317033
4.382820226819646 2.5676293011742093
4.382820226819646 2.5676293011742093
4.382854491395674 2.567648815738294
4.382854491395674 2.567648815738294
4.382820027624455 2.5676291800114015
4.382820027624455 2.5676291800114015
4.382854830720149 2.567648678921053
4.382854830720149 2.567648678921053
4.382819863195598 2.5676292247013293
4.382819863195598 2.5676292247013293
4.3828548224821375 2.567648723896532
4.3828548224821375 2.567648723896532
4.382820107231039 2.5676291211954347
4.382820107231039 2.5676291211954347
4.382854592322354 2.5676487781912876
4.382854592322354 2.5676487781912876
4.382820185227293 2.567629064113821
4.382820185227293 2.567629064113821
4.3828546559296475 2.5676488451402446
4.3828546559296475 2.5676488451402446
4.382820565859306 2.567629016140098
4.382820565859306 2.567629016140098
4.3828540284516855 2.567648998589342
4.3828540284516855 2.567648998589342
4.382820636037978 2.567629004189587
4.382820636037978 2.567629004189587
4.382854184147571 2.5676489979602817
4.382854184147571 2.5676489979602817
4.382820868133604 2.5676289501465224
4.382820868133604 2.5676289501465224
4.382853757048802 2.567648968969755
4.382853757048802 2.567648968969755
4.382821072865128 2.567628988795286
4.382821072865128 2.567628988795286
4.382853602763479 2.567649005477518
4.382853602763479 2.567649005477518
4.3828211674239 2.5676288851542926
4.3828211674239 2.5676288851542926
4.382853612659906 2.5676492540611995
4.382853612659906 2.5676492540611995
4.382821275613383 2.567628772987541
4.382821275613383 2.567628772987541
4.382853473037884 2.5676492057416804
4.382853473037884 2.5676492057416804
4.38282120693522 2.5676287114394647
4.38282120693522 2.5676287114394647
4.382853478838348 2.5676492374945976
4.382853478838348 2.5676492374945976
4.382821369605921 2.567628670881085
4.382821369605921 2.567628670881085
4.382853150584914 2.567649320620852
4.382853150584914 2.567649320620852
4.382821591015356 2.5676284111119725
4.382821591015356 2.5676284111119725
4.382853323112886 2.567649526219918
4.382853323112886 2.567649526219918
4.382821172320217 2.5676285160992673
4.382821172320217 2.5676285160992673
4.382853449806791 2.567649366219002
4.382853449806791 2.567649366219002
4.3828208843929675 2.5676287169195766
4.3828208843929675 2.5676287169195766
4.382853624115392 2.5676493180973754
4.382853624115392 2.5676493180973754
4.382821351274846 2.567628649514285
4.382821351274846 2.567628649514285
4.382853539123769 2.5676493761392405
4.382853539123769 2.5676493761392405
4.382821302069156 2.567628538636855
4.382821302069156 2.567628538636855
4.3828533807594425 2.567649411284344
4.3828533807594425 2.567649411284344
4.382821472509445 2.5676284591422873
4.382821472509445 2.5676284591422873
4.382853441583794 2.56764947765892
4.382853441583794 2.56764947765892
4.382821642504752 2.5676284158938154
4.382821642504752 2.5676284158938154
4.382853199817931 2.567649534005774
4.382853199817931 2.567649534005774
4.382821801411748 2.567628380411062
4.382821801411748 2.567628380411062
4.382852554753282 2.5676496122796024
4.382852554753282 2.5676496122796024
4.382822411298894 2.567628395747913
4.382822411298894 2.567628395747913
4.382852291752823 2.5676495415032963
4.382852291752823 2.5676495415032963
4.382822588763337 2.5676284866740935
4.382822588763337 2.5676284866740935
4.382852508296019 2.5676493288890305
4.382852508296019 2.5676493288890305
4.382822207618513 2.567628741134323
4.382822207618513 2.567628741134323
4.382852223406219 2.567649311275851
4.382852223406219 2.567649311275851
4.382822574228171 2.56762873682083
4.382822574228171 2.56762873682083
4.382852592057815 2.5676491319778507
4.382852592057815 2.5676491319778507
4.38282205594548 2.5676289499621237
4.38282205594548 2.5676289499621237
4.382852552585418 2.567649020230818
4.382852552585418 2.567649020230818
4.382822304451757 2.5676290569858766
4.382822304451757 2.5676290569858766
4.382852413792609 2.567648804192347
4.382852413792609 2.567648804192347
4.3828224051951095 2.5676291611660127
4.3828224051951095 2.5676291611660127
4.382852117813266 2.5676488694211512
4.382852117813266 2.5676488694211512
4.3828226213216785 2.5676291492747167
4.3828226213216785 2.5676291492747167
4.382852106914621 2.5676489105954574
4.382852106914621 2.5676489105954574
4.382822848997149 2.5676290956571814
4.382822848997149 2.5676290956571814
4.382851987635636 2.5676488244347473
4.382851987635636 2.5676488244347473
4.382822566180369 2.567629288576395
4.382822566180369 2.567629288576395
4.382852125618321 2.5676486626821626
4.382852125618321 2.5676486626821626
4.382822663782305 2.5676293905743064
4.382822663782305 2.5676293905743064
4.382852686211469 2.567648475760508
4.382852686211469 2.567648475760508
4.382822378629248 2.5676293854488144
4.382822378629248 2.5676293854488144
4.3828522213103085 2.5676485961527775
4.3828522213103085 2.5676485961527775
4.382822626769564 2.567629281133358
4.382822626769564 2.567629281133358
4.382852085887925 2.5676485888423457
4.382852085887925 2.5676485888423457
4.3828229830009 2.5676293040619154
4.3828229830009 2.5676293040619154
4.38285206548222 2.5676486047471236
4.38285206548222 2.5676486047471236
4.382822820644743 2.56762938095405
4.382822820644743 2.56762938095405
4.3828520169453915 2.567648570613476
4.3828520169453915 2.567648570613476
4.382822599408647 2.567629399411088
4.382822599408647 2.567629399411088
4.382852018119353 2.56764853655488
4.382852018119353 2.56764853655488
4.382822571449409 2.5676294864719793
4.382822571449409 2.5676294864719793
4.382852388247335 2.5676484808639564
4.382852388247335 2.5676484808639564
4.382822586151616 2.5676294099349155
4.382822586151616 2.5676294099349155
4.382852401093634 2.567648505226494
4.382852401093634 2.567648505226494
4.382822495179219 2.5676294400046316
4.382822495179219 2.5676294400046316
4.382852529759827 2.5676485848880164
4.382852529759827 2.5676485848880164
4.382821969904487 2.5676295011851926
4.382821969904487 2.5676295011851926
4.382852944182844 2.567648394512747
4.382852944182844 2.567648394512747
4.382821950401908 2.5676295499891966
4.382821950401908 2.5676295499891966
4.382852726366351 2.5676484451164012
4.382852726366351 2.5676484451164012
4.3828222347602255 2.5676295221883665
4.3828222347602255 2.5676295221883665
4.382852808904591 2.5676484211621062
4.382852808904591 2.5676484211621062
4.382822212258776 2.567629332664036
4.382822212258776 2.567629332664036
4.382852952724153 2.567648456921329
4.382852952724153 2.567648456921329
4.38282173084736 2.56762949933484
4.38282173084736 2.56762949933484
4.382853301645412 2.567648489300284
4.382853301645412 2.567648489300284
4.382821447684893 2.567629491015896
4.382821447684893 2.567629491015896
4.382853598850258 2.5676484526863197
4.382853598850258 2.5676484526863197
4.382821213775994 2.5676295538941396
4.382821213775994 2.5676295538941396
4.382853595254268 2.567648491076277
4.382853595254268 2.567648491076277
4.382821292456795 2.567629496616349
4.382821292456795 2.567629496616349
4.382853474460662 2.567648433803245
4.382853474460662 2.567648433803245
4.382821209471931 2.567629522066489
4.382821209471931 2.567629522066489
4.382853845593306 2.5676483779469015
4.382853845593306 2.5676483779469015
4.382820910299071 2.5676295589553577
4.382820910299071 2.5676295589553577
4.382853766790858 2.5676484361012464
4.382853766790858 2.5676484361012464
4.3828210671526415 2.5676294812150044
4.3828210671526415 2.5676294812150044
4.382853741461237 2.5676485642340943
4.382853741461237 2.5676485642340943
4.382820949937947 2.567629346574876
4.382820949937947 2.567629346574876
4.382853804136099 2.567648628832704
4.382853804136099 2.567648628832704
4.382821240084098 2.567629319062388
4.382821240084098 2.567629319062388
4.382853412692992 2.5676487644074597
4.382853412692992 2.5676487644074597
4.382821331952153 2.567629217732466
4.382821331952153 2.567629217732466
4.382853809529847 2.5676486606852604
4.382853809529847 2.5676486606852604
4.38282088250276 2.5676292489777532
4.38282088250276 2.5676292489777532
4.382853860384467 2.567648771761817
4.382853860384467 2.567648771761817
4.382821007121838 2.567629305765055
4.382821007121838 2.567629305765055
4.3828535908375565 2.567648708214257
4.3828535908375565 2.567648708214257
4.382821483542519 2.5676293981749536
4.382821483542519 2.5676293981749536
4.382853521387084 2.567648431982799
4.382853521387084 2.567648431982799
4.382821401016582 2.5676294226977867
4.382821401016582 2.5676294226977867
4.382853517670406 2.567648470071782
4.382853517670406 2.567648470071782
4.3828212184276385 2.567629554590904
4.3828212184276385 2.567629554590904
4.382853633781618 2.5676483122117224
4.382853633781618 2.5676483122117224
4.382821042829073 2.5676296857610335
4.382821042829073 2.5676296857610335
4.382853647554149 2.5676482645679983
4.382853647554149 2.5676482645679983
4.382821142661434 2.567629829687337
4.382821142661434 2.567629829687337
4.382853706178667 2.567648039542143
4.382853706178667 2.567648039542143
4.382820912342475 2.567629930131014
4.382820912342475 2.567629930131014
4.3828535511335645 2.567648119261736
4.3828535511335645 2.567648119261736
4.382821196061276 2.5676298626956218
4.382821196061276 2.5676298626956218
4.382853339587956 2.5676481682642933
4.382853339587956 2.5676481682642933
4.382821639640083 2.56762971398395
4.382821639640083 2.56762971398395
4.382853166990631 2.5676483290588368
4.382853166990631 2.5676483290588368
4.382821348138509 2.5676297509931842
4.382821348138509 2.5676297509931842
4.38285310975442 2.5676482990449205
4.38285310975442 2.5676482990449205
4.38282186267516 2.5676296245318464
4.38282186267516 2.5676296245318464
4.382852894036799 2.5676483491033655
4.382852894036799 2.5676483491033655
4.382821950823763 2.5676295272937315
4.382821950823763 2.5676295272937315
4.382853038729448 2.5676483502461225
4.382853038729448 2.5676483502461225
4.382821647863323 2.5676296043762616
4.382821647863323 2.5676296043762616
4.382853168333785 2.5676483972067685
4.382853168333785 2.5676483972067685
4.3828218519130795 2.5676295980596895
4.3828218519130795 2.5676295980596895
4.382852732561977 2.5676484977490697
4.382852732561977 2.5676484977490697
4.3828219803988056 2.567629367785704
4.3828219803988056 2.567629367785704
4.382852919679316 2.5676485742076074
4.382852919679316 2.5676485742076074
4.382821686077596 2.567629401402355
4.382821686077596 2.567629401402355
4.382852808366364 2.567648478466598
4.382852808366364 2.567648478466598
4.382822353642709 2.5676295196328667
4.382822353642709 2.5676295196328667
4.382852257161258 2.5676484550742167
4.382852257161258 2.5676484550742167
4.382822481601774 2.567629564404616
4.382822481601774 2.567629564404616
4.382852219212351 2.567648381332065
4.382852219212351 2.567648381332065
4.3828226807296975 2.5676295595170004
4.3828226807296975 2.5676295595170004
4.382851883437046 2.5676483496127127
4.382851883437046 2.5676483496127127
4.382822868019846 2.567629628339211
4.382822868019846 2.567629628339211
4.382852015477274 2.56764835707814
4.382852015477274 2.56764835707814
4.382822828385465 2.567629557255635
4.382822828385465 2.567629557255635
4.382852204608709 2.5676484252372154
4.382852204608709 2.5676484252372154
4.382822453531714 2.5676296176493083
4.382822453531714 2.5676296176493083
4.382852161122552 2.567648388840918
4.382852161122552 2.567648388840918
4.382822711645848 2.5676296376657146
4.382822711645848 2.5676296376657146
4.382851989470989 2.5676483086400084
4.382851989470989 2.5676483086400084
4.3828228468143084 2.567629610829195
4.3828228468143084 2.567629610829195
4.382851952326271 2.567648433373029
4.382851952326271 2.567648433373029
4.382822799683274 2.5676295442720596
4.382822799683274 2.5676295442720596
4.382852042411405 2.5676483693788277
4.382852042411405 2.5676483693788277
4.38282267503566 2.567629698800879
4.38282267503566 2.567629698800879
4.382852161412121 2.5676482192763923
4.382852161412121 2.5676482192763923
4.382822578617722 2.5676298003736973
4.382822578617722 2.5676298003736973
4.382852417819881 2.5676480361688143
4.382852417819881 2.5676480361688143
4.382822597800844 2.567629954580147
4.382822597800844 2.567629954580147
4.382852026430422 2.5676480139832183
4.382852026430422 2.5676480139832183
4.382822841549098 2.567630015092219
4.382822841549098 2.567630015092219
4.382851768775267 2.5676479977066147
4.382851768775267 2.5676479977066147
4.38282285375757 2.5676299738293475
4.38282285375757 2.5676299738293475
4.3828523112309545 2.567647974796961
4.3828523112309545 2.567647974796961
4.382822651848868 2.5676299527516897
4.382822651848868 2.5676299527516897
4.3828520672847 2.5676481480788063
4.3828520672847 2.5676481480788063
4.382822873803898 2.567629862630415
4.382822873803898 2.567629862630415
4.382851962684599 2.5676480561336534
4.382851962684599 2.5676480561336534
4.3828224185883435 2.5676300536800616
4.3828224185883435 2.5676300536800616
4.382852814709316 2.567647879430775
4.382852814709316 2.567647879430775
4.382822005795549 2.567630082999919
4.382822005795549 2.567630082999919
4.382852833292443 2.5676478314324545
4.382852833292443 2.5676478314324545
4.382821986435136 2.567630131005041
4.382821986435136 2.567630131005041
4.382852690531283 2.5676479026381305
4.382852690531283 2.5676479026381305
4.3828220004126806 2.5676300526912557
4.3828220004126806 2.5676300526912557
4.382852776917327 2.567647838122677
4.382852776917327 2.567647838122677
4.382821781095185 2.567630111755534
4.382821781095185 2.567630111755534
4.382852841127641 2.567647858681642
4.382852841127641 2.567647858681642
4.382821829074795 2.5676301810327558
4.382821829074795 2.5676301810327558
4.3828529780919965 2.5676478604113493
4.3828529780919965 2.5676478604113493
4.382821625612743 2.5676301937563677
4.382821625612743 2.5676301937563677
4.382853141285176 2.5676477391502517
4.382853141285176 2.5676477391502517
4.382821858629787 2.5676302974365903
4.382821858629787 2.5676302974365903
4.382852803057154 2.5676478172073933
4.382852803057154 2.5676478172073933
4.382821581886345 2.5676302969432476
4.382821581886345 2.5676302969432476
4.382853113644654 2.5676476537747486
4.382853113644654 2.5676476537747486
4.382821581951515 2.56763029878067
4.382821581951515 2.56763029878067
4.382853240926992 2.567647660883163
4.382853240926992 2.567647660883163
4.382821507232769 2.56763032117842
4.382821507232769 2.56763032117842
4.382853373896938 2.567647699715811
4.382853373896938 2.567647699715811
4.382821364282675 2.567630360214171
4.382821364282675 2.567630360214171
4.38285331597268 2.567647673298384
4.38285331597268 2.567647673298384
4.382821442055636 2.567630264519889
4.382821442055636 2.567630264519889
4.382853304483753 2.567647753008194
4.382853304483753 2.567647753008194
4.382821357696256 2.5676303300705805
4.382821357696256 2.5676303300705805
4.382853200189762 2.567647655375456
4.382853200189762 2.567647655375456
4.382821676363378 2.567630370519998
4.382821676363378 2.567630370519998
4.382852999676324 2.5676476658015037
4.382852999676324 2.5676476658015037
4.382821743834861 2.5676303544904644
4.382821743834861 2.5676303544904644
4.382852907114855 2.567647493045608
4.382852907114855 2.567647493045608
4.382821905998701 2.5676305095551735
4.382821905998701 2.5676305095551735
4.382852780212409 2.5676474844644015
4.382852780212409 2.5676474844644015
4.382821906689727 2.5676305100465684
4.382821906689727 2.5676305100465684
4.382852826017962 2.567647586708618
4.382852826017962 2.567647586708618
4.3828217814409 2.567630432514699
4.3828217814409 2.567630432514699
4.382853035287891 2.567647566014843
4.382853035287891 2.567647566014843
4.382822073535324 2.567630282941921
4.382822073535324 2.567630282941921
4.382852882581309 2.5676476809181
4.382852882581309 2.5676476809181
4.382821845470514 2.5676303848431736
4.382821845470514 2.5676303848431736
4.382852911025492 2.5676475908790133
4.382852911025492 2.5676475908790133
4.382821647850982 2.5676303604981
4.382821647850982 2.5676303604981
4.382853043770689 2.5676476295089095
4.382853043770689 2.5676476295089095
4.382821826383742 2.5676303991227334
4.382821826383742 2.5676303991227334
4.382853091721606 2.5676474535425395
4.382853091721606 2.5676474535425395
4.382821928341569 2.5676304602415074
4.382821928341569 2.5676304602415074
4.382853003741235 2.5676473122481305
4.382853003741235 2.5676473122481305
4.382821672200053 2.5676306923303764
4.382821672200053 2.5676306923303764
4.382853266434764 2.5676473521777123
4.382853266434764 2.5676473521777123
4.382821404599142 2.567630690469044
4.382821404599142 2.567630690469044
4.382853426127005 2.567647264285265
4.382853426127005 2.567647264285265
4.382821454384746 2.567630685641832
4.382821454384746 2.567630685641832
4.382853496327234 2.5676473158429607
4.382853496327234 2.5676473158429607
4.382821150915153 2.5676308166732373
4.382821150915153 2.5676308166732373
4.382853680052268 2.5676471368111136
4.382853680052268 2.5676471368111136
4.382821080285195 2.5676308016271774
4.382821080285195 2.5676308016271774
4.382853562577755 2.5676470503756224
4.382853562577755 2.5676470503756224
4.382821317654535 2.567630969831793
4.382821317654535 2.567630969831793
4.382853502471346 2.567647027363359
4.382853502471346 2.567647027363359
4.382821321789191 2.567630931263035
4.382821321789191 2.567630931263035
4.3828535639775685 2.5676470853611617
4.3828535639775685 2.5676470853611617
4.382821142231018 2.567630860606449
4.382821142231018 2.567630860606449
4.38285366324294 2.5676471467325697
4.38285366324294 2.5676471467325697
4.382821216208945 2.5676308393223404
4.382821216208945 2.5676308393223404
4.382853514451694 2.5676472638872454
4.382853514451694 2.5676472638872454
4.382821397481789 2.5676307654506805
4.382821397481789 2.5676307654506805
4.382853497104069 2.567647172265687
4.382853497104069 2.567647172265687
4.382821349567224 2.567630662331054
4.382821349567224 2.567630662331054
4.382853467135675 2.567647373441748
4.382853467135675 2.567647373441748
4.382821235286132 2.567630537504412
4.382821235286132 2.567630537504412
4.3828533802368685 2.5676475128693137
4.3828533802368685 2.5676475128693137
4.382821424768757 2.5676304959380096
4.382821424768757 2.5676304959380096
4.382853382367447 2.56764754620756
4.382853382367447 2.56764754620756
4.38282152896147 2.5676303477239983
4.38282152896147 2.5676303477239983
4.382853161650823 2.5676476426960573
4.382853161650823 2.5676476426960573
4.382821697414988 2.567630429920808
4.382821697414988 2.567630429920808
4.3828529478492415 2.567647491487963
4.3828529478492415 2.567647491487963
4.382821954613531 2.5676303742960345
4.382821954613531 2.5676303742960345
4.382853003790996 2.5676475867979995
4.382853003790996 2.5676475867979995
4.382822155885914 2.567630327272338
4.382822155885914 2.567630327272338
4.382852871923659 2.5676476167834976
4.382852871923659 2.5676476167834976
4.382821734822968 2.567630402640032
4.382821734822968 2.567630402640032
4.38285320922481 2.567647604219215
4.38285320922481 2.567647604219215
4.382821620646646 2.5676303162703613
4.382821620646646 2.5676303162703613
4.382853203805502 2.567647642739396
4.382853203805502 2.567647642739396
4.382821323389589 2.5676304729620454
4.382821323389589 2.5676304729620454
4.382853530428716 2.567647641480454
4.382853530428716 2.567647641480454
4.38282120250231 2.5676304239683487
4.38282120250231 2.5676304239683487
4.382853855405473 2.5676476787554243
4.382853855405473 2.5676476787554243
4.382821095437972 2.5676303288810276
4.382821095437972 2.5676303288810276
4.382853655448844 2.567647687579122
4.382853655448844 2.567647687579122
4.382821021652424 2.567630312737565
4.382821021652424 2.567630312737565
4.382853594857089 2.567647661511973
4.382853594857089 2.567647661511973
4.382821004598549 2.5676304008121096
4.382821004598549 2.5676304008121096
4.382853756895758 2.567647571258991
4.382853756895758 2.567647571258991
4.382820999091401 2.56763040477685
4.382820999091401 2.56763040477685
4.382853889132971 2.567647577423301
4.382853889132971 2.567647577423301
4.382821349436964 2.5676302780558005
4.382821349436964 2.5676302780558005
4.382853495544364 2.567647593363215
4.382853495544364 2.567647593363215
4.38282120550253 2.567630318165099
4.38282120550253 2.567630318165099
4.382853455240832 2.5676477649659697
4.382853455240832 2.5676477649659697
4.38282121793121 2.567630274272613
4.38282121793121 2.567630274272613
4.38285345611424 2.5676477643169946
4.38285345611424 2.5676477643169946
4.382821404457219 2.567630309823004
4.382821404457219 2.567630309823004
4.382853417518702 2.5676476500534458
4.382853417518702 2.5676476500534458
4.3828210718823835 2.567630279572078
4.3828210718823835 2.567630279572078
4.382853897450215 2.5676476399871113
4.382853897450215 2.5676476399871113
4.382821154827992 2.56763014353346
4.382821154827992 2.56763014353346
4.382853676591444 2.567647811019094
4.382853676591444 2.567647811019094
4.3828211364546075 2.5676301931339576
4.3828211364546075 2.5676301931339576
4.382853914004 2.567647664153834
4.382853914004 2.567647664153834
4.3828208890796 2.567630347329277
4.3828208890796 2.567630347329277
4.382853872531135 2.5676476246927313
4.382853872531135 2.5676476246927313
4.382820735233767 2.567630430786816
4.382820735233767 2.567630430786816
4.3828537992479255 2.567647644789604
4.3828537992479255 2.567647644789604
4.382821163119111 2.567630280111967
4.382821163119111 2.567630280111967
4.382853458232344 2.567647727450577
4.382853458232344 2.567647727450577
4.382821451390007 2.5676301312931025
4.382821451390007 2.5676301312931025
4.382853289396538 2.5676479263700234
4.382853289396538 2.5676479263700234
4.382821537536237 2.567629996124553
4.382821537536237 2.567629996124553
4.382853639411567 2.5676479132841408
4.382853639411567 2.5676479132841408
4.382821322844402 2.567630051688967
4.382821322844402 2.567630051688967
4.3828532552443145 2.5676478441872623
4.3828532552443145 2.5676478441872623
4.382821551829735 2.5676301996890696
4.382821551829735 2.5676301996890696
4.382853352896235 2.5676477341267234
4.382853352896235 2.5676477341267234
4.382821576293166 2.567630040562908
4.382821576293166 2.567630040562908
4.382853423237351 2.5676477519351995
4.382853423237351 2.5676477519351995
4.382821488172199 2.567630106339578
4.382821488172199 2.567630106339578
4.382853363216072 2.5676477621440132
4.382853363216072 2.5676477621440132
4.38282133167624 2.5676301535343704
4.38282133167624 2.5676301535343704
4.382853418304875 2.567647826449045
4.382853418304875 2.567647826449045
4.382821475595341 2.567630116302317
4.382821475595341 2.567630116302317
4.3828534244553525 2.5676478219963466
4.3828534244553525 2.5676478219963466
4.382821268703787 2.567630129576119
4.382821268703787 2.567630129576119
4.382853500371863 2.5676477991675037
4.382853500371863 2.5676477991675037
4.382821397445184 2.567630140288464
4.382821397445184 2.567630140288464
4.3828533335028 2.5676479245677983
4.3828533335028 2.5676479245677983
4.382821140705494 2.5676300848546814
4.382821140705494 2.5676300848546814
4.3828537003502985 2.5676478251492956
4.3828537003502985 2.5676478251492956
4.382821194612699 2.5676301170993794
4.382821194612699 2.5676301170993794
4.382853809148 2.5676479230063833
4.382853809148 2.5676479230063833
4.382821241495836 2.5676299388560007
4.382821241495836 2.5676299388560007
4.382853592163377 2.5676479780270887
4.382853592163377 2.5676479780270887
4.382821294262848 2.56763000758969
4.382821294262848 2.56763000758969
4.382853236100953 2.5676480641855983
4.382853236100953 2.5676480641855983
4.382821431246578 2.567629976566129
4.382821431246578 2.567629976566129
4.382853650428547 2.5676477524130585
4.382853650428547 2.5676477524130585
4.382821224215921 2.567629989803617
4.382821224215921 2.567629989803617
4.38285322987216 2.5676481026243967
4.38285322987216 2.5676481026243967
4.382821654172239 2.5676298837530576
4.382821654172239 2.5676298837530576
4.38285329974773 2.567648121689577
4.38285329974773 2.567648121689577
4.38282132599978 2.5676298075293875
4.38282132599978 2.5676298075293875
4.382853391476539 2.56764805298551
4.382853391476539 2.56764805298551
4.382821341482083 2.567629974419594
4.382821341482083 2.567629974419594
4.382853437418056 2.5676479116645585
4.382853437418056 2.5676479116645585
4.382821306185319 2.567630072782565
4.382821306185319 2.567630072782565
4.382853604432617 2.5676478205027853
4.382853604432617 2.5676478205027853
4.3828211163708914 2.567630290242314
4.3828211163708914 2.567630290242314
4.382853865487055 2.567647546697009
4.382853865487055 2.567647546697009
4.38282086999908 2.567630518866319
4.38282086999908 2.567630518866319
4.382854218623905 2.56764741250851
4.382854218623905 2.56764741250851
4.382820619845518 2.5676304618160115
4.382820619845518 2.5676304618160115
4.382854381589741 2.567647579012854
4.382854381589741 2.567647579012854
4.382820526301715 2.567630276748418
4.382820526301715 2.567630276748418
4.382854201748085 2.5676477941007336
4.382854201748085 2.5676477941007336
4.3828205070916 2.567630068524755
4.3828205070916 2.567630068524755
4.382854243792912 2.5676479098622695
4.382854243792912 2.5676479098622695
4.382820581695638 2.5676300491497943
4.382820581695638 2.5676300491497943
4.382854192868777 2.567647837032186
4.382854192868777 2.567647837032186
4.382820554971846 2.567630145137569
4.382820554971846 2.567630145137569
4.382854080556983 2.5676477761418552
4.382854080556983 2.5676477761418552
4.382820733519128 2.5676302280424532
4.382820733519128 2.5676302280424532
4.382854121108883 2.5676476343381824
4.382854121108883 2.5676476343381824
4.382820533769471 2.5676304202821374
4.382820533769471 2.5676304202821374
4.382854043913693 2.567647769444459
4.382854043913693 2.567647769444459
4.382820767686974 2.567630274320369
4.382820767686974 2.567630274320369
4.382853926305056 2.567647676153386
4.382853926305056 2.567647676153386
4.38282081791429 2.5676303457169354
4.38282081791429 2.5676303457169354
4.382853571261478 2.5676478037780606
4.382853571261478 2.5676478037780606
4.382821252261989 2.567630156548575
4.382821252261989 2.567630156548575
4.382853507639018 2.567647816270596
4.382853507639018 2.567647816270596
4.382821029134918 2.5676302187389934
4.382821029134918 2.5676302187389934
4.382853875862558 2.5676476413905323
4.382853875862558 2.5676476413905323
4.382821153977149 2.5676303039377304
4.382821153977149 2.5676303039377304
4.3828537405128465 2.5676476002666244
4.3828537405128465 2.5676476002666244
4.38282111803975 2.5676302245982097
4.38282111803975 2.5676302245982097
4.3828534307824745 2.567647801744535
4.3828534307824745 2.567647801744535
4.382821376797782 2.5676302062938126
4.382821376797782 2.5676302062938126
4.382853443328896 2.5676477929987325
4.382853443328896 2.5676477929987325
4.382821580611974 2.56763015828875
4.382821580611974 2.56763015828875
4.382853403881891 2.5676480004689735
4.382853403881891 2.5676480004689735
4.38282114973929 2.5676299470718824
4.38282114973929 2.5676299470718824
4.382853546795502 2.567648000031561
4.382853546795502 2.567648000031561
4.382821204927474 2.5676299787530508
4.382821204927474 2.5676299787530508
4.382853597966171 2.5676480685725527
4.382853597966171 2.5676480685725527
4.382821271188906 2.567629965473619
4.382821271188906 2.567629965473619
4.3828535768547425 2.567647904224175
4.3828535768547425 2.567647904224175
4.382821296129467 2.567630127246597
4.382821296129467 2.567630127246597
4.382853316645641 2.5676478845523505
4.382853316645641 2.5676478845523505
4.3828215630097125 2.567630104344024
4.3828215630097125 2.567630104344024
4.382853304121418 2.5676479645511763
4.382853304121418 2.5676479645511763
4.382821444048353 2.567630016297552
4.382821444048353 2.567630016297552
4.3828533908906575 2.567647898750199
4.3828533908906575 2.567647898750199
4.382821127267642 2.567630184435066
4.382821127267642 2.567630184435066
4.382853571532731 2.56764772603284
4.382853571532731 2.56764772603284
4.38282134837436 2.5676300890264927
4.38282134837436 2.5676300890264927
4.3828532443069985 2.5676480081412785
4.3828532443069985 2.5676480081412785
4.382821493066822 2.5676300165543484
4.382821493066822 2.5676300165543484
4.382853333929074 2.5676479416717988
4.382853333929074 2.5676479416717988
4.382821507884638 2.5676299346222042
4.382821507884638 2.5676299346222042
4.382853194150136 2.5676479740132185
4.382853194150136 2.5676479740132185
4.382821566313372 2.567629963230975
4.382821566313372 2.567629963230975
4.382853056720349 2.5676480052419834
4.382853056720349 2.5676480052419834
4.3828217141720325 2.567629889434757
4.3828217141720325 2.567629889434757
4.382852948085027 2.567648189350438
4.382852948085027 2.567648189350438
4.382821811571443 2.5676297477138843
4.382821811571443 2.5676297477138843
4.382853048489219 2.5676483617436903
4.382853048489219 2.5676483617436903
4.382821465694051 2.5676297180306094
4.382821465694051 2.5676297180306094
4.382853225297507 2.5676482325696646
4.382853225297507 2.5676482325696646
4.382821533468329 2.567629704846849
4.382821533468329 2.567629704846849
4.382853370256438 2.567648232832801
4.382853370256438 2.567648232832801
4.382821251747638 2.5676296972363377
4.382821251747638 2.5676296972363377
4.382853566727689 2.567648303393347
4.382853566727689 2.567648303393347
4.382821034060139 2.5676297136112574
4.382821034060139 2.5676297136112574
4.382853791692989 2.567648244419403
4.382853791692989 2.567648244419403
4.382821035927663 2.56762971398648
4.382821035927663 2.56762971398648
4.3828536442776205 2.567648280772585
4.3828536442776205 2.567648280772585
4.382820998121318 2.567629559206513
4.382820998121318 2.567629559206513
4.382853517992968 2.567648517648738
4.382853517992968 2.567648517648738
4.382821218091897 2.5676295075446407
4.382821218091897 2.5676295075446407
4.382853569929641 2.5676483348533155
4.382853569929641 2.5676483348533155
4.382821425539313 2.567629501300422
4.382821425539313 2.567629501300422
4.382853252791507 2.567648493832794
4.382853252791507 2.567648493832794
4.3828216590090525 2.567629404883315
4.3828216590090525 2.567629404883315
4.382852955077979 2.5676485646704226
4.382852955077979 2.5676485646704226
4.382821967558727 2.5676292910769702
4.382821967558727 2.5676292910769702
4.38285280099744 2.5676486397742178
4.38285280099744 2.5676486397742178
4.3828223766050725 2.567629316261348
4.3828223766050725 2.567629316261348
4.382852511211415 2.5676486700658128
4.382852511211415 2.5676486700658128
4.382822314668608 2.567629289340018
4.382822314668608 2.567629289340018
4.3828525982482605 2.567648644560716
4.3828525982482605 2.567648644560716
4.3828224803655464 2.5676292084529946
4.3828224803655464 2.5676292084529946
4.382852521335103 2.5676486638384017
4.382852521335103 2.5676486638384017
4.382822227733084 2.5676293146007434
4.382822227733084 2.5676293146007434
4.382852892075772 2.567648612752887
4.382852892075772 2.567648612752887
4.382821842456952 2.567629412084744
4.382821842456952 2.567629412084744
4.382852749879339 2.567648642607283
4.382852749879339 2.567648642607283
4.3828220650194325 2.5676293594886532
4.3828220650194325 2.5676293594886532
4.382852803808288 2.567648710273077
4.382852803808288 2.567648710273077
4.382821621315709 2.5676293926242253
4.382821621315709 2.5676293926242253
4.382853123539767 2.567648624914464
4.382853123539767 2.567648624914464
4.38282170923108 2.5676292950155597
4.38282170923108 2.5676292950155597
4.382853107456059 2.5676487057565516
4.382853107456059 2.5676487057565516
4.3828216473770425 2.567629233860478
4.3828216473770425 2.567629233860478
4.382853165120191 2.567648771060142
4.382853165120191 2.567648771060142
4.382822157532383 2.5676289839282016
4.382822157532383 2.5676289839282016
4.382852760788263 2.5676489129023166
4.382852760788263 2.5676489129023166
4.3828218495134745 2.567629056761571
4.3828218495134745 2.567629056761571
4.382852946734004 2.56764878325722
4.382852946734004 2.56764878325722
4.382821630645014 2.567629281831159
4.382821630645014 2.567629281831159
4.3828531921634175 2.567648715709489
4.3828531921634175 2.567648715709489
4.382821284828599 2.5676292055795114
4.382821284828599 2.5676292055795114
4.382853586968659 2.5676488671552757
4.382853586968659 2.5676488671552757
4.382821173035758 2.5676290680856404
4.382821173035758 2.5676290680856404
4.382853647085388 2.567648933566154
4.382853647085388 2.567648933566154
4.382821035303074 2.567629019173719
4.382821035303074 2.567629019173719
4.382853400827083 2.5676490340809837
4.382853400827083 2.5676490340809837
4.382821347757836 2.567628945144326
4.382821347757836 2.567628945144326
4.382853247818022 2.5676490683702715
4.382853247818022 2.5676490683702715
4.382821332362989 2.5676289559399126
4.382821332362989 2.5676289559399126
4.3828535502684876 2.5676490736889854
4.3828535502684876 2.5676490736889854
4.382821249486058 2.567628977972204
4.382821249486058 2.567628977972204
4.382853442108817 2.5676489685812247
4.382853442108817 2.5676489685812247
4.382821442363171 2.5676290233415386
4.382821442363171 2.5676290233415386
4.382853539789039 2.56764889830879
4.382853539789039 2.56764889830879
4.3828209163194 2.5676290699879543
4.3828209163194 2.5676290699879543
4.382853981308374 2.567648912943299
4.382853981308374 2.567648912943299
4.382820664260236 2.567629178888857
4.382820664260236 2.567629178888857
4.382854143304536 2.567648868997643
4.382854143304536 2.567648868997643
4.382820613164093 2.5676290662791867
4.382820613164093 2.5676290662791867
4.382854109185791 2.5676487444674687
4.382854109185791 2.5676487444674687
4.382820479538935 2.567629276895965
4.382820479538935 2.567629276895965
4.382854636765723 2.567648696067528
4.382854636765723 2.567648696067528
4.3828201583874 2.5676294028003515
4.3828201583874 2.5676294028003515
4.382854129524834 2.567648691504211
4.382854129524834 2.567648691504211
4.382820862113599 2.567629185120079
4.382820862113599 2.567629185120079
4.382853968496793 2.567648771872921
4.382853968496793 2.567648771872921
4.382821086697018 2.567629134049564
4.382821086697018 2.567629134049564
4.382853757250265 2.567648776313971
4.382853757250265 2.567648776313971
4.382821119498822 2.567629257180895
4.382821119498822 2.567629257180895
4.382853866170405 2.5676486605646662
4.382853866170405 2.5676486605646662
4.382821046571163 2.5676292359857276
4.382821046571163 2.5676292359857276
4.382853421881776 2.5676487256004505
4.382853421881776 2.5676487256004505
4.382821159583389 2.567629337607077
4.382821159583389 2.567629337607077
4.382853713198996 2.567648734217565
4.382853713198996 2.567648734217565
4.382821122158803 2.5676291839081973
4.382821122158803 2.5676291839081973
4.382853668688514 2.567648655461387
4.382853668688514 2.567648655461387
4.382821156032163 2.5676293058421336
4.382821156032163 2.5676293058421336
4.382853611018605 2.5676486231871913
4.382853611018605 2.5676486231871913
4.382821267418581 2.5676294074083605
4.382821267418581 2.5676294074083605
4.382853726176427 2.5676484660353722
4.382853726176427 2.5676484660353722
4.382821248946064 2.5676294575523686
4.382821248946064 2.5676294575523686
4.3828539591600935 2.56764840427974
4.3828539591600935 2.56764840427974
4.38282101528545 2.5676295187684244
4.38282101528545 2.5676295187684244
4.382853737734742 2.5676484572173255
4.382853737734742 2.5676484572173255
4.382821054288738 2.5676293444489917
4.382821054288738 2.5676293444489917
4.3828537117082575 2.567648586144627
4.3828537117082575 2.567648586144627
4.382820684865517 2.567629355427784
4.382820684865517 2.567629355427784
4.382853915721103 2.567648658032419
4.382853915721103 2.567648658032419
4.382820722400575 2.567629477028492
4.382820722400575 2.567629477028492
4.382854011809493 2.5676485874485357
4.382854011809493 2.5676485874485357
4.382820657892722 2.5676294130797834
4.382820657892722 2.5676294130797834
4.3828543175734 2.567648548308197
4.3828543175734 2.567648548308197
4.382820370252624 2.567629362830434
4.382820370252624 2.567629362830434
4.382854429333616 2.567648730509495
4.382854429333616 2.567648730509495
4.382820172939403 2.5676292429894203
4.382820172939403 2.5676292429894203
4.382854737589738 2.567648692346922
4.382854737589738 2.567648692346922
4.382819995709861 2.567629337518423
4.382819995709861 2.567629337518423
4.382855178785596 2.5676483951968962
4.382855178785596 2.5676483951968962
4.382819944719731 2.5676295306922063
4.382819944719731 2.5676295306922063
4.3828548811020305 2.567648429081057
4.3828548811020305 2.567648429081057
4.382819925061463 2.567629583561767
4.382819925061463 2.567629583561767
4.382855046705771 2.5676483803235963
4.382855046705771 2.5676483803235963
4.382819634010669 2.567629573818823
4.382819634010669 2.567629573818823
4.382855318425513 2.5676484048201083
4.382855318425513 2.5676484048201083
4.3828196766350676 2.567629424317464
4.3828196766350676 2.567629424317464
4.382855185455978 2.56764838898399
4.382855185455978 2.56764838898399
4.382819496413773 2.567629564782868
4.382819496413773 2.567629564782868
4.382855400890255 2.567648418815288
4.382855400890255 2.567648418815288
4.382819179090228 2.5676296533390714
4.382819179090228 2.5676296533390714
4.3828557790751494 2.5676483214227903
4.3828557790751494 2.5676483214227903
4.3828189006596645 2.567629590657927
4.3828189006596645 2.567629590657927
4.382855848343017 2.567648430353239
4.382855848343017 2.567648430353239
4.382818818634123 2.5676296153466374
4.382818818634123 2.5676296153466374
4.3828562778277576 2.567648126339332
4.3828562778277576 2.567648126339332
4.382818763324259 2.567629864586188
4.382818763324259 2.567629864586188
4.382856072747726 2.5676480867973095
4.382856072747726 2.5676480867973095
4.3828188306356 2.5676298510836695
4.3828188306356 2.5676298510836695
4.38285571558757 2.5676483286931044
4.38285571558757 2.5676483286931044
4.382818964437347 2.567629624910105
4.382818964437347 2.567629624910105
4.382856017353378 2.567648249110895
4.382856017353378 2.567648249110895
4.382818487172176 2.5676298041933827
4.382818487172176 2.5676298041933827
4.382856331554007 2.567648159495055
4.382856331554007 2.567648159495055
4.382818409728989 2.5676298272438975
4.382818409728989 2.5676298272438975
4.382856750158328 2.567647983185218
4.382856750158328 2.567647983185218
4.382818127286579 2.567630059028896
4.382818127286579 2.567630059028896
4.382856834718694 2.5676479981946616
4.382856834718694 2.5676479981946616
4.382818048978082 2.5676299532913607
4.382818048978082 2.5676299532913607
4.382856752531219 2.567648065070883
4.382856752531219 2.567648065070883
4.382817863963603 2.5676299432069194
4.382817863963603 2.5676299432069194
4.382856914704808 2.5676479704288964
4.382856914704808 2.5676479704288964
4.382817835985837 2.567630053693117
4.382817835985837 2.567630053693117
4.382856579020286 2.567648040939016
4.382856579020286 2.567648040939016
4.3828183923510275 2.5676298390870493
4.3828183923510275 2.5676298390870493
4.382856357859759 2.5676481821452684
4.382856357859759 2.5676481821452684
4.382818516996278 2.5676298193887046
4.382818516996278 2.5676298193887046
4.382855921834657 2.5676482873078745
4.382855921834657 2.5676482873078745
4.3828185356794815 2.5676297214619597
4.3828185356794815 2.5676297214619597
4.382856114209991 2.567648420800015
4.382856114209991 2.567648420800015
4.382818526649332 2.567629686798475
4.382818526649332 2.567629686798475
4.382856623197549 2.567648176969775
4.382856623197549 2.567648176969775
4.382817808058562 2.5676300272867585
4.382817808058562 2.5676300272867585
4.382856989562733 2.567648083148009
4.382856989562733 2.567648083148009
4.382818048725234 2.5676298692147848
4.382818048725234 2.5676298692147848
4.382856938042397 2.567647954016732
4.382856938042397 2.567647954016732
4.382818002916257 2.5676300329981574
4.382818002916257 2.5676300329981574
4.382856827971414 2.5676480074902277
4.382856827971414 2.5676480074902277
4.382817983958732 2.5676299621569942
4.382817983958732 2.5676299621569942
4.382856983689074 2.5676480044982415
4.382856983689074 2.5676480044982415
4.382817782504164 2.5676298758814005
4.382817782504164 2.5676298758814005
4.382857334510195 2.5676479632471008
4.382857334510195 2.5676479632471008
4.382817766449849 2.5676298107121522
4.382817766449849 2.5676298107121522
4.382857326867451 2.5676480125016403
4.382857326867451 2.5676480125016403
4.382817378048509 2.5676299216088125
4.382817378048509 2.5676299216088125
4.382857358543464 2.5676478984083486
4.382857358543464 2.5676478984083486
4.382817436377165 2.56763012751843
4.382817436377165 2.56763012751843
4.3828574450936575 2.5676477330863396
4.3828574450936575 2.5676477330863396
4.382817419700037 2.5676302756170406
4.382817419700037 2.5676302756170406
4.382857543860707 2.56764769225032
4.382857543860707 2.56764769225032
4.382817512401874 2.567630409296762
4.382817512401874 2.567630409296762
4.382857488673702 2.567647562919476
4.382857488673702 2.567647562919476
4.382817179166064 2.5676303555618656
4.382817179166064 2.5676303555618656
4.382857285844497 2.567647699273098
4.382857285844497 2.567647699273098
4.382817175082013 2.5676303598887644
4.382817175082013 2.5676303598887644
4.382857839979481 2.5676475580292446
4.382857839979481 2.5676475580292446
4.382816833697526 2.5676305381745017
4.382816833697526 2.5676305381745017
4.3828578383088175 2.5676474658684163
4.3828578383088175 2.5676474658684163
4.3828168672848244 2.5676305479301993
4.3828168672848244 2.5676305479301993
4.382857911288526 2.567647503814706
4.382857911288526 2.567647503814706
4.382816773320206 2.567630447092015
4.382816773320206 2.567630447092015
4.38285786167673 2.5676475509211976
4.38285786167673 2.5676475509211976
4.3828167085043 2.5676304965392918
4.3828167085043 2.5676304965392918
4.382858272551813 2.567647504829441
4.382858272551813 2.567647504829441
4.382816434077333 2.5676306015999772
4.382816434077333 2.5676306015999772
4.382858459337972 2.567647384551403
4.382858459337972 2.567647384551403
4.382816410835293 2.56763057337336
4.382816410835293 2.56763057337336
4.382858434119887 2.567647495817287
4.382858434119887 2.567647495817287
4.382816285504268 2.5676305545679745
4.382816285504268 2.5676305545679745
4.38285869819886 2.5676474466517862
4.38285869819886 2.5676474466517862
4.3828160595356636 2.5676305770741004
4.3828160595356636 2.5676305770741004
4.382858602215912 2.567647576991442
4.382858602215912 2.567647576991442
4.382816405760773 2.567630254082864
4.382816405760773 2.567630254082864
4.382858644349441 2.5676476394904024
4.382858644349441 2.5676476394904024
4.38281633310493 2.5676302750750266
4.38281633310493 2.5676302750750266
4.38285867350691 2.567647792663747
4.38285867350691 2.567647792663747
4.382816149439227 2.5676301222918148
4.382816149439227 2.5676301222918148
4.382858792433886 2.567647688295719
4.382858792433886 2.567647688295719
4.382815839501331 2.567630312485214
4.382815839501331 2.567630312485214
4.382858911334022 2.567647617594851
4.382858911334022 2.567647617594851
4.382815731181344 2.567630359452001
4.382815731181344 2.567630359452001
4.382859108325861 2.5676473443475074
4.382859108325861 2.5676473443475074
4.382815875733841 2.5676306591669333
4.382815875733841 2.5676306591669333
4.382858862161573 2.5676473302196254
4.382858862161573 2.5676473302196254
4.38281604460991 2.5676306010652454
4.38281604460991 2.5676306010652454
4.382858722655548 2.567647270930931
4.382858722655548 2.567647270930931
4.3828160276250845 2.567630662681488
4.3828160276250845 2.567630662681488
4.382858790116554 2.567647251844302
4.382858790116554 2.567647251844302
4.3828161770696275 2.5676308093639975
4.3828161770696275 2.5676308093639975
4.382858612690871 2.5676470935187607
4.382858612690871 2.5676470935187607
4.382815971060849 2.56763077279447
4.382815971060849 2.56763077279447
4.382858806508043 2.567647170768549
4.382858806508043 2.567647170768549
4.3828162634679115 2.567630845587584
4.3828162634679115 2.567630845587584
4.382858537897426 2.5676471448069496
4.382858537897426 2.5676471448069496
4.382816505865328 2.5676308416619213
4.382816505865328 2.5676308416619213
4.382858189981388 2.5676471932286447
4.382858189981388 2.5676471932286447
4.382816687084141 2.567630851690811
4.382816687084141 2.567630851690811
4.382858074786114 2.567647290231231
4.382858074786114 2.567647290231231
4.3828166119292575 2.567630892654101
4.3828166119292575 2.567630892654101
4.382857716781879 2.56764716326007
4.382857716781879 2.56764716326007
4.382816928215278 2.56763095553358
4.382816928215278 2.56763095553358
4.382857975409946 2.567646973937303
4.382857975409946 2.567646973937303
4.382816595876653 2.567631094741562
4.382816595876653 2.567631094741562
4.382858196471561 2.5676468085859687
4.382858196471561 2.5676468085859687
4.3828166402899615 2.5676312803771206
4.3828166402899615 2.5676312803771206
4.382858092441228 2.567646638112839
4.382858092441228 2.567646638112839
4.382816671953331 2.5676312411645292
4.382816671953331 2.5676312411645292
4.382858127861909 2.5676467329209576
4.382858127861909 2.5676467329209576
4.38281681993152 2.5676312402820787
4.38281681993152 2.5676312402820787
4.382858006030786 2.5676467604416398
4.382858006030786 2.5676467604416398
4.38281683025141 2.5676313275165557
4.38281683025141 2.5676313275165557
4.382857770513962 2.567646749158811
4.382857770513962 2.567646749158811
4.382816992087246 2.567631270497237
4.382816992087246 2.567631270497237
4.382857922323162 2.5676466029234932
4.382857922323162 2.5676466029234932
4.382816874609084 2.567631374603114
4.382816874609084 2.567631374603114
4.382857977565464 2.56764665409213
4.382857977565464 2.56764665409213
4.38281686100652 2.5676312934110763
4.38281686100652 2.5676312934110763
4.3828580742633605 2.567646593737609
4.3828580742633605 2.567646593737609
4.382816553982885 2.5676313733416634
4.382816553982885 2.5676313733416634
4.38285821240733 2.567646503053701
4.38285821240733 2.567646503053701
4.382816299957987 2.5676315585485128
4.382816299957987 2.5676315585485128
4.382858468968144 2.5676464572417146
4.382858468968144 2.5676464572417146
4.382816505988232 2.5676314013652193
4.382816505988232 2.5676314013652193
4.382858123257532 2.5676467031908126
4.382858123257532 2.5676467031908126
4.382816751795159 2.567631201178152
4.382816751795159 2.567631201178152
4.382857988294474 2.567646787968244
4.382857988294474 2.567646787968244
4.382816912927179 2.5676311443897495
4.382816912927179 2.5676311443897495
4.382857814031364 2.5676468996025616
4.382857814031364 2.5676468996025616
4.382817284743557 2.567631070815703
4.382817284743557 2.567631070815703
4.382857806142672 2.567646811832215
4.382857806142672 2.567646811832215
4.382816854709348 2.567631251754399
4.382816854709348 2.567631251754399
4.382857923096437 2.5676467090390807
4.382857923096437 2.5676467090390807
4.382817014844921 2.567631195743699
4.382817014844921 2.567631195743699
4.382857820728027 2.5676468902812655
4.382857820728027 2.5676468902812655
4.382817226936363 2.5676310407785476
4.382817226936363 2.5676310407785476
4.382857554246522 2.5676467818032847
4.382857554246522 2.5676467818032847
4.3828170466866565 2.5676312959932535
4.3828170466866565 2.5676312959932535
4.382857432942946 2.567646809536201
4.382857432942946 2.567646809536201
4.382817341517732 2.5676311550932285
4.382817341517732 2.5676311550932285
4.382857485252768 2.5676468454410335
4.382857485252768 2.5676468454410335
4.382817314874178 2.5676311300533463
4.382817314874178 2.5676311300533463
4.3828573285772015 2.56764677994642
4.3828573285772015 2.56764677994642
4.38281733792853 2.5676311433993897
4.38281733792853 2.5676311433993897
4.382857431798044 2.5676467345354834
4.382857431798044 2.5676467345354834
4.382817473481914 2.5676309417371694
4.382817473481914 2.5676309417371694
4.382856959939216 2.567647071102752
4.382856959939216 2.567647071102752
4.382817655580414 2.5676310660858412
4.382817655580414 2.5676310660858412
4.382856914539494 2.567646998566586
4.382856914539494 2.567646998566586
4.382817902442404 2.5676309212607467
4.382817902442404 2.5676309212607467
4.3828566952000285 2.5676470655244454
4.3828566952000285 2.5676470655244454
4.382818100911316 2.5676310439408283
4.382818100911316 2.5676310439408283
4.382856667154454 2.5676468370170524
4.382856667154454 2.5676468370170524
4.382818086518693 2.5676310996804896
4.382818086518693 2.5676310996804896
4.382856855856215 2.56764700572652
4.382856855856215 2.56764700572652
4.3828178466355485 2.5676308933580034
4.3828178466355485 2.5676308933580034
4.382856967117343 2.5676469091923755
4.382856967117343 2.5676469091923755
4.382817557208719 2.5676312364848792
4.382817557208719 2.5676312364848792
4.382857364661483 2.567646842185865
4.382857364661483 2.567646842185865
4.382817387073115 2.5676310943527567
4.382817387073115 2.5676310943527567
4.382857649410394 2.567646888631295
4.382857649410394 2.567646888631295
4.382817250872487 2.567631044719948
4.382817250872487 2.567631044719948
4.382857427334414 2.5676469591202356
4.382857427334414 2.5676469591202356
4.382817326485564 2.567630976351568
4.382817326485564 2.567630976351568
4.382857386532142 2.56764700168634
4.382857386532142 2.56764700168634
4.382817437650862 2.5676310021459696
4.382817437650862 2.5676310021459696
4.38285733021977 2.5676468768628307
4.38285733021977 2.5676468768628307
4.382817389740038 2.5676311871675535
4.382817389740038 2.5676311871675535
4.382857302617641 2.5676467619867007
4.382857302617641 2.5676467619867007
4.382817290474191 2.567631111306541
4.382817290474191 2.567631111306541
4.382857458160007 2.5676469606976404
4.382857458160007 2.5676469606976404
4.382817504975582 2.567630838863253
4.382817504975582 2.567630838863253
4.382857231865032 2.567647062530961
4.382857231865032 2.567647062530961
4.382817586137664 2.5676308260117113
4.382817586137664 2.5676308260117113
4.382857172805488 2.5676471912297774
4.382857172805488 2.5676471912297774
4.382817731992214 2.5676308289130105
4.382817731992214 2.5676308289130105
4.382856903947347 2.5676470541078302
4.382856903947347 2.5676470541078302
4.382818192202174 2.5676309160157933
4.382818192202174 2.5676309160157933
4.382856630758869 2.5676470002505245
4.382856630758869 2.5676470002505245
4.382818345141763 2.5676308664255654
4.382818345141763 2.5676308664255654
4.3828563986085625 2.5676470341425865
4.3828563986085625 2.5676470341425865
4.3828186277273655 2.5676307856473155
4.3828186277273655 2.5676307856473155
4.382855985018571 2.5676472319809425
4.382855985018571 2.5676472319809425
4.382818653179943 2.567630842014157
4.382818653179943 2.567630842014157
4.382856248030627 2.5676471745240597
4.382856248030627 2.5676471745240597
4.3828183131713425 2.5676308946695987
4.3828183131713425 2.5676308946695987
4.3828565106481046 2.5676471065051443
4.3828565106481046 2.5676471065051443
4.382818326027953 2.567630929156515
4.382818326027953 2.567630929156515
4.382856437869527 2.5676469258220216
4.382856437869527 2.5676469258220216
4.382818493518426 2.567631015405656
4.382818493518426 2.567631015405656
4.382855981939591 2.5676470018301605
4.382855981939591 2.5676470018301605
4.382818837633741 2.567630919431784
4.382818837633741 2.567630919431784
4.382855791308505 2.5676470465641392
4.382855791308505 2.5676470465641392
4.382818835021231 2.567630923104646
4.382818835021231 2.567630923104646
4.382855872440975 2.567646975688088
4.382855872440975 2.567646975688088
4.382818997458549 2.5676310621945295
4.382818997458549 2.5676310621945295
4.382855798794419 2.5676469565993085
4.382855798794419 2.5676469565993085
4.382819122467611 2.5676308798885996
4.382819122467611 2.5676308798885996
4.3828557120819704 2.5676470702948317
4.3828557120819704 2.5676470702948317
4.382818901898568 2.5676308666440875
4.382818901898568 2.5676308666440875
4.382855845150499 2.567647117093238
4.382855845150499 2.567647117093238
4.38281894883408 2.5676309873687178
4.38281894883408 2.5676309873687178
4.382855887374955 2.5676468793980414
4.382855887374955 2.5676468793980414
4.382818790990235 2.567630959841904
4.382818790990235 2.567630959841904
4.382856302761702 2.567647007464359
4.382856302761702 2.567647007464359
4.382818570632709 2.5676309559358943
4.382818570632709 2.5676309559358943
4.382856275994827 2.5676468584766354
4.382856275994827 2.5676468584766354
4.382818733518568 2.567631097237021
4.382818733518568 2.567631097237021
4.382856036943861 2.5676467856013785
4.382856036943861 2.5676467856013785
4.3828186146829715 2.567631239662912
4.3828186146829715 2.567631239662912
4.382855869077854 2.56764694041869
4.382855869077854 2.56764694041869
4.38281895032203 2.567630909095134
4.38281895032203 2.567630909095134
4.382855847196042 2.5676471092649344
4.382855847196042 2.5676471092649344
4.382818895105501 2.5676309613972004
4.382818895105501 2.5676309613972004
4.3828559903705155 2.5676469397630606
4.3828559903705155 2.5676469397630606
4.382818969275452 2.5676309809775733
4.382818969275452 2.5676309809775733
4.382855787188768 2.5676470356758254
4.382855787188768 2.5676470356758254
4.382819069986911 2.5676310523809356
4.382819069986911 2.5676310523809356
4.382855625379399 2.5676469791963417
4.382855625379399 2.5676469791963417
4.382819524283732 2.5676309758847085
4.382819524283732 2.5676309758847085
4.382855218784568 2.5676470890562593
4.382855218784568 2.5676470890562593
4.3828193332405805 2.5676308634820897
4.3828193332405805 2.5676308634820897
4.3828554095202445 2.5676472030199555
4.3828554095202445 2.5676472030199555
4.382819449648234 2.567630882493962
4.382819449648234 2.567630882493962
4.382855310105702 2.5676470512300638
4.382855310105702 2.5676470512300638
4.382819256743297 2.567631165416979
4.382819256743297 2.567631165416979
4.382855428038046 2.5676467534408336
4.382855428038046 2.5676467534408336
4.382819390495426 2.567631168733154
4.382819390495426 2.567631168733154
4.382855415795347 2.567646569147889
4.382855415795347 2.567646569147889
4.3828193885758004 2.5676314030319998
4.3828193885758004 2.5676314030319998
4.382855373333029 2.5676466906972553
4.382855373333029 2.5676466906972553
4.382819445569073 2.5676313117515814
4.382819445569073 2.5676313117515814
4.382855190708144 2.5676466541707965
4.382855190708144 2.5676466541707965
4.382819517258516 2.567631400127754
4.382819517258516 2.567631400127754
4.3828551479808855 2.567646546446338
4.3828551479808855 2.567646546446338
4.382819671407303 2.567631454665819
4.382819671407303 2.567631454665819
4.382854953118457 2.567646481797976
4.382854953118457 2.567646481797976
4.38281987560986 2.567631315869446
4.38281987560986 2.567631315869446
4.382854896231557 2.5676465714004966
4.382854896231557 2.5676465714004966
4.382820090440705 2.567631432391304
4.382820090440705 2.567631432391304
4.382854861316973 2.5676464104173227
4.382854861316973 2.5676464104173227
4.382819992068385 2.567631447878285
4.382819992068385 2.567631447878285
4.3828548390624 2.567646502713908
4.3828548390624 2.567646502713908
4.382819953079103 2.5676314397543525
4.382819953079103 2.5676314397543525
4.3828548688626 2.5676465583723136
4.3828548688626 2.5676465583723136
4.382820328843993 2.5676312260499627
4.382820328843993 2.5676312260499627
4.382854446034464 2.56764658483866
4.382854446034464 2.56764658483866
4.3828204668507755 2.56763147922997
4.3828204668507755 2.56763147922997
4.382854208729688 2.567646424598082
4.382854208729688 2.567646424598082
4.382820456046174 2.567631593033403
4.382820456046174 2.567631593033403
4.382854375000471 2.567646357660588
4.382854375000471 2.567646357660588
4.382820463718447 2.567631550874587
4.382820463718447 2.567631550874587
4.382854331950474 2.5676462467306758
4.382854331950474 2.5676462467306758
4.382820388440544 2.5676317578850227
4.382820388440544 2.5676317578850227
4.382854510235466 2.56764613158217
4.382854510235466 2.56764613158217
4.382820132713171 2.5676318369846327
4.382820132713171 2.5676318369846327
4.382854663509317 2.567646254411497
4.382854663509317 2.567646254411497
4.382819966594845 2.5676317608626813
4.382819966594845 2.5676317608626813
4.382854788929367 2.56764610110076
4.382854788929367 2.56764610110076
4.3828199278927835 2.5676319072089817
4.3828199278927835 2.5676319072089817
4.382854904827413 2.5676460419505336
4.382854904827413 2.5676460419505336
4.382819849910358 2.567631898594721
4.382819849910358 2.567631898594721
4.382854626523267 2.56764610933498
4.382854626523267 2.56764610933498
4.382820144512878 2.5676317831886015
4.382820144512878 2.5676317831886015
4.38285474126563 2.5676460778213506
4.38285474126563 2.5676460778213506
4.382820077181522 2.567631921864964
4.382820077181522 2.567631921864964
4.382854569514356 2.5676460436244
4.382854569514356 2.5676460436244
4.382820094891471 2.567632052556864
4.382820094891471 2.567632052556864
4.382854792670918 2.5676458827076845
4.382854792670918 2.5676458827076845
4.38281995118529 2.567632105872923
4.38281995118529 2.567632105872923
4.38285481440466 2.567645905592335
4.38285481440466 2.567645905592335
4.382819751628147 2.5676320680121716
4.382819751628147 2.5676320680121716
4.382854883882999 2.567645944756453
4.382854883882999 2.567645944756453
4.382819824408965 2.567632082379488
4.382819824408965 2.567632082379488
4.382854658460005 2.5676459243810617
4.382854658460005 2.5676459243810617
4.382820334327743 2.5676319126337277
4.382820334327743 2.5676319126337277
4.382854413669849 2.567646071002133
4.382854413669849 2.567646071002133
4.382820402532074 2.5676318544436625
4.382820402532074 2.5676318544436625
4.382854315269043 2.567646124257571
4.382854315269043 2.567646124257571
4.382820431911486 2.56763186216257
4.382820431911486 2.56763186216257
4.382854214369218 2.567646103345968
4.382854214369218 2.567646103345968
4.382820544233449 2.567631836264509
4.382820544233449 2.567631836264509
4.382854273002625 2.567646086919159
4.382854273002625 2.567646086919159
4.382820292730355 2.567631988871968
4.382820292730355 2.567631988871968
4.382854450293535 2.5676459221364407
4.382854450293535 2.5676459221364407
4.38282041875713 2.5676319905988167
4.38282041875713 2.5676319905988167
4.382854378589806 2.5676460988652954
4.382854378589806 2.5676460988652954
4.382820280257456 2.5676318970340835
4.382820280257456 2.5676318970340835
4.382854456652903 2.5676461335574676
4.382854456652903 2.5676461335574676
4.382820383846422 2.5676317734973195
4.382820383846422 2.5676317734973195
4.382854529763271 2.567646364237255
4.382854529763271 2.567646364237255
4.382820098147748 2.5676316515114075
4.382820098147748 2.5676316515114075
4.382854719876843 2.5676462705443996
4.382854719876843 2.5676462705443996
4.382820144987342 2.5676315411510267
4.382820144987342 2.5676315411510267
4.3828543405647045 2.5676465953441148
4.3828543405647045 2.5676465953441148
4.382820488141715 2.5676313591872435
4.382820488141715 2.5676313591872435
4.382854392787937 2.5676466233887374
4.382854392787937 2.5676466233887374
4.3828204000139825 2.5676314706611487
4.3828204000139825 2.5676314706611487
4.3828544550682755 2.5676463107459546
4.3828544550682755 2.5676463107459546
4.382820230754349 2.567631614949062
4.382820230754349 2.567631614949062
4.382854635207591 2.567646339041617
4.382854635207591 2.567646339041617
4.382820077364314 2.5676316442501728
4.382820077364314 2.5676316442501728
4.382854659849034 2.5676463869243156
4.382854659849034 2.5676463869243156
4.382819812920449 2.5676317254060073
4.382819812920449 2.5676317254060073
4.3828550395986445 2.5676460516071367
4.3828550395986445 2.5676460516071367
4.38281971705348 2.5676318880352595
4.38281971705348 2.5676318880352595
4.38285518500325 2.5676459978822956
4.38285518500325 2.5676459978822956
4.382819614039416 2.5676319764771938
4.382819614039416 2.5676319764771938
4.38285516461624 2.5676459858992784
4.38285516461624 2.5676459858992784
4.382819562527684 2.5676321740719574
4.382819562527684 2.5676321740719574
4.38285510729878 2.567645801003474
4.38285510729878 2.567645801003474
4.382819845390576 2.567632074899881
4.382819845390576 2.567632074899881
4.382854955812501 2.5676458964880617
4.382854955812501 2.5676458964880617
4.38281977026246 2.5676319609290994
4.38281977026246 2.5676319609290994
4.382855407693404 2.5676458553736006
4.382855407693404 2.5676458553736006
4.382819336068977 2.5676321338906547
4.382819336068977 2.5676321338906547
4.382855278343319 2.56764586881497
4.382855278343319 2.56764586881497
4.382819463797545 2.5676321205239114
4.382819463797545 2.5676321205239114
4.382855329016228 2.567645791856437
4.382855329016228 2.567645791856437
4.382819679553698 2.5676320693692576
4.382819679553698 2.5676320693692576
4.382855188911632 2.5676458401488174
4.382855188911632 2.5676458401488174
4.382819705558452 2.5676321707805525
4.382819705558452 2.5676321707805525
4.382855299151665 2.5676458100489836
4.382855299151665 2.5676458100489836
4.382819809609362 2.567631965328471
4.382819809609362 2.567631965328471
4.382855309868362 2.5676459879314613
4.382855309868362 2.5676459879314613
4.382819397591167 2.567632040433095
4.382819397591167 2.567632040433095
4.3828554560570385 2.56764604180967
4.3828554560570385 2.56764604180967
4.3828190746178555 2.5676319538844234
4.3828190746178555 2.5676319538844234
4.382855837326659 2.5676459910126557
4.382855837326659 2.5676459910126557
4.382818985056161 2.567632008430352
4.382818985056161 2.567632008430352
4.382855947877999 2.5676459624406984
4.382855947877999 2.5676459624406984
4.382818883364293 2.56763197464869
4.382818883364293 2.56763197464869
4.382856064049898 2.5676459444483686
4.382856064049898 2.5676459444483686
4.382818671331627 2.5676319823628844
4.382818671331627 2.5676319823628844
4.3828562147249945 2.567646065596878
4.3828562147249945 2.567646065596878
4.382818514962774 2.5676319762139195
4.382818514962774 2.5676319762139195
4.3828561852022645 2.567645973946212
4.3828561852022645 2.567645973946212
4.382818611104829 2.5676321300804683
4.382818611104829 2.5676321300804683
4.3828562631340855 2.5676457882481762
4.3828562631340855 2.5676457882481762
4.382818533178396 2.567632188991586
4.382818533178396 2.567632188991586
4.382856369935664 2.5676456915829955
4.382856369935664 2.5676456915829955
4.382818305199174 2.567632365148579
4.382818305199174 2.567632365148579
4.382856668924292 2.5676457024365282
4.382856668924292 2.5676457024365282
4.382818127048407 2.567632274734063
4.382818127048407 2.567632274734063
4.382856587595536 2.5676456230643026
4.382856587595536 2.5676456230643026
4.382818183024885 2.567632389840057
4.382818183024885 2.567632389840057
4.3828564683432685 2.567645700255498
4.3828564683432685 2.567645700255498
4.38281829944058 2.567632382767655
4.38281829944058 2.567632382767655
4.382856523535956 2.567645615033025
4.382856523535956 2.567645615033025
4.382817871359313 2.567632434562419
4.382817871359313 2.567632434562419
4.382856966544001 2.567645402689667
4.382856966544001 2.567645402689667
4.382817858440961 2.567632597062961
4.382817858440961 2.567632597062961
4.382856843837442 2.5676453531301004
4.382856843837442 2.5676453531301004
4.3828181470936505 2.5676325549538395
4.3828181470936505 2.5676325549538395
4.3828566059144585 2.56764538304975
4.3828566059144585 2.56764538304975
4.382818142040316 2.5676325366305885
4.382818142040316 2.5676325366305885
4.3828567030499626 2.567645427999154
4.3828567030499626 2.567645427999154
4.382817710472631 2.5676325681247656
4.382817710472631 2.5676325681247656
4.3828572160665304 2.567645404833055
4.3828572160665304 2.567645404833055
4.382817624298094 2.5676325400381987
4.382817624298094 2.5676325400381987
4.382857154594063 2.5676454919479177
4.382857154594063 2.5676454919479177
4.382817839536535 2.5676324153200127
4.382817839536535 2.5676324153200127
4.382856832010207 2.567645513338488
4.382856832010207 2.567645513338488
4.382817990042927 2.5676324871297727
4.382817990042927 2.5676324871297727
4.382856824013014 2.5676456915376877
4.382856824013014 2.5676456915376877
4.3828179062174355 2.5676322825223026
4.3828179062174355 2.5676322825223026
4.3828569313463275 2.5676456626841273
4.3828569313463275 2.5676456626841273
4.382817799333958 2.5676325118923007
4.382817799333958 2.5676325118923007
4.382857039494083 2.567645432144743
4.382857039494083 2.567645432144743
4.382817457200151 2.567632571333534
4.382817457200151 2.567632571333534
4.382857395938648 2.5676453170568903
4.382857395938648 2.5676453170568903
4.38281740756718 2.5676326093265103
4.38281740756718 2.5676326093265103
4.382857503785526 2.5676453952439555
4.382857503785526 2.5676453952439555
4.382817098319478 2.567632604757377
4.382817098319478 2.567632604757377
4.382857879550009 2.5676453558098093
4.382857879550009 2.5676453558098093
4.3828169896690925 2.5676325008715635
4.3828169896690925 2.5676325008715635
4.382858029400918 2.567645502340881
4.382858029400918 2.567645502340881
4.382816700004327 2.5676323592717245
4.382816700004327 2.5676323592717245
4.382858297962259 2.567645543977545
4.382858297962259 2.567645543977545
4.382816386563166 2.5676324643203348
4.382816386563166 2.5676324643203348
4.382858409425949 2.5676456509674686
4.382858409425949 2.5676456509674686
4.382816325267395 2.56763231980228
4.382816325267395 2.56763231980228
4.382858432884648 2.567645751515905
4.382858432884648 2.567645751515905
4.38281639696198 2.5676322742555784
4.38281639696198 2.5676322742555784
4.382858231573165 2.5676457450960695
4.382858231573165 2.5676457450960695
4.38281661348356 2.5676322227309303
4.38281661348356 2.5676322227309303
4.3828581765201164 2.5676458694400246
4.3828581765201164 2.5676458694400246
4.382816591042144 2.5676320098273284
4.382816591042144 2.5676320098273284
4.382858179734372 2.5676460037585707
4.382858179734372 2.5676460037585707
4.38281658102542 2.567631953339933
4.38281658102542 2.567631953339933
4.38285799728511 2.567646100104998
4.38285799728511 2.567646100104998
4.382816828054967 2.567631902466198
4.382816828054967 2.567631902466198
4.382857814738837 2.5676459859032863
4.382857814738837 2.5676459859032863
4.382816894348857 2.5676319095125217
4.382816894348857 2.5676319095125217
4.382858057800334 2.567646006094165
4.382858057800334 2.567646006094165
4.3828168121265545 2.5676318261043343
4.3828168121265545 2.5676318261043343
4.382858205571141 2.5676461356149414
4.382858205571141 2.5676461356149414
4.38281682300162 2.5676318473611923
4.38281682300162 2.5676318473611923
4.38285824857165 2.5676461762285108
4.38285824857165 2.5676461762285108
4.382816515482025 2.5676317036367307
4.382816515482025 2.5676317036367307
4.382858309714305 2.5676462975084053
4.382858309714305 2.5676462975084053
4.382816528940236 2.5676316494029954
4.382816528940236 2.5676316494029954
4.382858282733574 2.5676464090761466
4.382858282733574 2.5676464090761466
4.382816395876292 2.567631814054258
4.382816395876292 2.567631814054258
4.382858591628949 2.5676461227347183
4.382858591628949 2.5676461227347183
4.382816130552399 2.5676319304605775
4.382816130552399 2.5676319304605775
4.38285878092401 2.5676459398176465
4.38285878092401 2.5676459398176465
4.382815953921137 2.567632055311934
4.382815953921137 2.567632055311934
4.38285906532082 2.5676457615585497
4.38285906532082 2.5676457615585497
4.382815708725442 2.5676322802365292
4.382815708725442 2.5676322802365292
4.382858926353569 2.5676459054358975
4.382858926353569 2.5676459054358975
4.382816118459251 2.5676319024331176
4.382816118459251 2.5676319024331176
4.382858616943325 2.567646089736712
4.382858616943325 2.567646089736712
4.38281636163316 2.567631789169083
4.38281636163316 2.567631789169083
4.382858414022237 2.56764610790035
4.382858414022237 2.56764610790035
4.3828165596884 2.5676318887988314
4.3828165596884 2.5676318887988314
4.382858333277895 2.567646117299189
4.382858333277895 2.567646117299189
4.382816461982055 2.567631862591225
4.382816461982055 2.567631862591225
4.382858312599356 2.5676460347594854
4.382858312599356 2.5676460347594854
4.382816381767416 2.567631916033484
4.382816381767416 2.567631916033484
4.382858656984214 2.567645984716751
4.382858656984214 2.567645984716751
4.382816136788468 2.567632110911563
4.382816136788468 2.567632110911563
4.382858760622053 2.567645817265047
4.382858760622053 2.567645817265047
4.38281594976418 2.567632074438823
4.38281594976418 2.567632074438823
4.3828584685578225 2.5676459436294437
4.3828584685578225 2.5676459436294437
4.3828163973878755 2.567632102892924
4.3828163973878755 2.567632102892924
4.382858297286446 2.5676458456162012
4.382858297286446 2.5676458456162012
4.382816295104742 2.567632155343246
4.382816295104742 2.567632155343246
4.382858457490357 2.567645893710375
4.382858457490357 2.567645893710375
4.382816468315558 2.5676319214455403
4.382816468315558 2.5676319214455403
4.382858400569812 2.567646122136912
4.382858400569812 2.567646122136912
4.382816356431904 2.5676319517398403
4.382816356431904 2.5676319517398403
4.3828585060055465 2.567645954891939
4.3828585060055465 2.567645954891939
4.382816168658752 2.5676319155875413
4.382816168658752 2.5676319155875413
4.382858622551189 2.5676460628010154
4.382858622551189 2.5676460628010154
4.382816147529058 2.5676319544701993
4.382816147529058 2.5676319544701993
4.382858411731451 2.5676460591443413
4.382858411731451 2.5676460591443413
4.382816543503784 2.5676316421835477
4.382816543503784 2.5676316421835477
4.3828581782904745 2.5676461923630565
4.3828581782904745 2.5676461923630565
4.382816575752508 2.567631881645877
4.382816575752508 2.567631881645877
4.3828581934112485 2.567646133122538
4.3828581934112485 2.567646133122538
4.382816575325068 2.5676318831595464
4.382816575325068 2.5676318831595464
4.382858181064918 2.5676459742442033
4.382858181064918 2.5676459742442033
4.382816472283729 2.567631933583979
4.382816472283729 2.567631933583979
4.382858326780234 2.567645965825847
4.382858326780234 2.567645965825847
4.382816243587029 2.5676320705642426
4.382816243587029 2.5676320705642426
4.382858512814718 2.567646001670894
4.382858512814718 2.567646001670894
4.382816252493856 2.567631876961362
4.382816252493856 2.567631876961362
4.38285848382941 2.5676461153070016
4.38285848382941 2.5676461153070016
4.382816382176146 2.567631792355344
4.382816382176146 2.567631792355344
4.382858339723365 2.567646256742635
4.382858339723365 2.567646256742635
4.3828161798492165 2.567631737268769
4.3828161798492165 2.567631737268769
4.382858464887419 2.5676462455680698
4.382858464887419 2.5676462455680698
4.382816357811102 2.5676316184958585
4.382816357811102 2.5676316184958585
4.382858321812504 2.5676463871477324
4.382858321812504 2.5676463871477324
4.382816959923649 2.5676316188109385
4.382816959923649 2.5676316188109385
4.382857954428593 2.5676463277521067
4.382857954428593 2.5676463277521067
4.382816783371666 2.5676316654756377
4.382816783371666 2.5676316654756377
4.382857631536442 2.5676465107040105
4.382857631536442 2.5676465107040105
4.382817153111379 2.567631521628376
4.382817153111379 2.567631521628376
4.382857803802349 2.5676465307588527
4.382857803802349 2.5676465307588527
4.382817009461164 2.567631389616729
4.382817009461164 2.567631389616729
4.38285778522828 2.567646862372479
4.38285778522828 2.567646862372479
4.382817112408411 2.567631193751221
4.382817112408411 2.567631193751221
4.382857838027481 2.5676467765817153
4.382857838027481 2.5676467765817153
4.382816973714716 2.5676312828033514
4.382816973714716 2.5676312828033514
4.382857718384897 2.56764666603947
4.382857718384897 2.56764666603947
4.382817058622034 2.5676312973326456
4.382817058622034 2.5676312973326456
4.382857781466525 2.5676466476421966
4.382857781466525 2.5676466476421966
4.3828169017724 2.5676315682967683
4.3828169017724 2.5676315682967683
4.382857821012228 2.5676464053281376
4.382857821012228 2.5676464053281376
4.38281709279893 2.567631679879165
4.38281709279893 2.567631679879165
4.382857689922323 2.5676462788509964
4.382857689922323 2.5676462788509964
4.3828170633098225 2.567631793679544
4.3828170633098225 2.567631793679544
4.382857603016969 2.5676461946634626
4.382857603016969 2.5676461946634626
4.3828170207192505 2.567631900086364
4.3828170207192505 2.567631900086364
4.382858264221402 2.567646046907867
4.382858264221402 2.567646046907867
4.382816652112105 2.567631963564975
4.382816652112105 2.567631963564975
4.382858192707122 2.5676460768081903
4.382858192707122 2.5676460768081903
4.382816633431388 2.5676319255965923
4.382816633431388 2.5676319255965923
4.382858230148014 2.56764598092534
4.382858230148014 2.56764598092534
4.382816722741024 2.5676319366104092
4.382816722741024 2.5676319366104092
4.3828579451507705 2.5676461253691167
4.3828579451507705 2.5676461253691167
4.382816822184513 2.5676318913245226
4.382816822184513 2.5676318913245226
4.382857946359304 2.567646123459241
4.382857946359304 2.567646123459241
4.38281679268721 2.5676318692877587
4.38281679268721 2.5676318692877587
4.382858130828417 2.567645947225173
4.382858130828417 2.567645947225173
4.3828165228105025 2.5676319609942255
4.3828165228105025 2.5676319609942255
4.382858407259134 2.5676459903550746
4.382858407259134 2.5676459903550746
4.3828162735003815 2.567632018214292
4.3828162735003815 2.567632018214292
4.3828583469630855 2.567646118645743
4.3828583469630855 2.567646118645743
4.38281640228807 2.5676318181229334
4.38281640228807 2.5676318181229334
4.382858293166961 2.567646129734948
4.382858293166961 2.567646129734948
4.382816766224051 2.5676317396950594
4.382816766224051 2.5676317396950594
4.382858073300291 2.567646204193837
4.382858073300291 2.567646204193837
4.382816983234314 2.5676317405204276
4.382816983234314 2.5676317405204276
4.382857825263504 2.567646179370018
4.382857825263504 2.567646179370018
4.382816912731307 2.567631813463519
4.382816912731307 2.567631813463519
4.382857768708422 2.567646191341156
4.382857768708422 2.567646191341156
4.382817141574773 2.5676317586043194
4.382817141574773 2.5676317586043194
4.382857638204862 2.567646200976809
4.382857638204862 2.567646200976809
4.382817243155272 2.567631651987019
4.382817243155272 2.567631651987019
4.382857622934304 2.56764631838612
4.382857622934304 2.56764631838612
4.382816823765625 2.5676317470601946
4.382816823765625 2.5676317470601946
4.382858031162275 2.567646214578519
4.382858031162275 2.567646214578519
4.382816646675309 2.567631655394749
4.382816646675309 2.567631655394749
4.382858091203951 2.567646335560146
4.382858091203951 2.567646335560146
4.382816573563763 2.5676317293165973
4.382816573563763 2.5676317293165973
4.382858206285206 2.5676460914811168
4.382858206285206 2.5676460914811168
4.382816417360851 2.567631930479716
4.382816417360851 2.567631930479716
4.382858318276802 2.56764606154456
4.382858318276802 2.56764606154456
4.382816441639503 2.567631895927755
4.382816441639503 2.567631895927755
4.382858475179317 2.5676461133250914
4.382858475179317 2.5676461133250914
4.38281631935526 2.567631866829526
4.38281631935526 2.567631866829526
4.38285847251509 2.567646111657046
4.38285847251509 2.567646111657046
4.382816468725887 2.5676318618198932
4.382816468725887 2.5676318618198932
4.382858138314146 2.5676460780376877
4.382858138314146 2.5676460780376877
4.3828167585705105 2.567631853454278
4.3828167585705105 2.567631853454278
4.382858052963152 2.5676462040661705
4.382858052963152 2.5676462040661705
4.382816541363637 2.5676319322210346
4.382816541363637 2.5676319322210346
4.382858375959487 2.567645860667915
4.382858375959487 2.567645860667915
4.38281652000878 2.567632070589141
4.38281652000878 2.567632070589141
4.382858176319409 2.5676458788700596
4.382858176319409 2.5676458788700596
4.382816555444166 2.567631978802042
4.382816555444166 2.567631978802042
4.38285854245631 2.5676459301444274
4.38285854245631 2.5676459301444274
4.382816138326815 2.5676320784415907
4.382816138326815 2.5676320784415907
4.382858441471605 2.5676458749670834
4.382858441471605 2.5676458749670834
4.3828164186135234 2.5676320343699737
4.3828164186135234 2.5676320343699737
4.38285840812305 2.5676459661460056
4.38285840812305 2.5676459661460056
4.382816266308699 2.567632019799839
4.382816266308699 2.567632019799839
4.3828587823242895 2.5676459250557846
4.3828587823242895 2.5676459250557846
4.382816207537893 2.567632012228404
4.382816207537893 2.567632012228404
4.382858514942688 2.5676460379797406
4.382858514942688 2.5676460379797406
4.382816115877743 2.5676320066567233
4.382816115877743 2.5676320066567233
4.382858803765034 2.5676460008996913
4.382858803765034 2.5676460008996913
4.382815803758296 2.5676319644797245
4.382815803758296 2.5676319644797245
4.382859229144849 2.567646016065056
4.382859229144849 2.567646016065056
4.382815423069479 2.567631887958156
4.382815423069479 2.567631887958156
4.382859443094839 2.5676461350067066
4.382859443094839 2.5676461350067066
4.382815196132182 2.5676318534627423
4.382815196132182 2.5676318534627423
4.382859464112322 2.5676462157718234
4.382859464112322 2.5676462157718234
4.382815373103733 2.567631584166111
4.382815373103733 2.567631584166111
4.382859551625293 2.567646304869256
4.382859551625293 2.567646304869256
4.382815205904371 2.56763177332175
4.382815205904371 2.56763177332175
4.382859301512341 2.5676463017592326
4.382859301512341 2.5676463017592326
4.382815358579224 2.56763176830374
4.382815358579224 2.56763176830374
4.3828596434328375 2.5676459623700785
4.3828596434328375 2.5676459623700785
4.382814771734179 2.567632083691175
4.382814771734179 2.567632083691175
4.382860395542646 2.5676457764281593
4.382860395542646 2.5676457764281593
4.382814445755385 2.567632194281765
4.382814445755385 2.567632194281765
4.382860383861564 2.567645807389938
4.382860383861564 2.567645807389938
4.382814146624467 2.567632182172983
4.382814146624467 2.567632182172983
4.382860543425794 2.5676457654906124
4.382860543425794 2.5676457654906124
4.382814371929373 2.5676323051143757
4.382814371929373 2.5676323051143757
4.382860343679363 2.5676457544360747
4.382860343679363 2.5676457544360747
4.382814442213131 2.567632230603453
4.382814442213131 2.567632230603453
4.382860220539225 2.567645636835496
4.382860220539225 2.567645636835496
4.382814504187826 2.5676321875538206
4.382814504187826 2.5676321875538206
4.382860127941912 2.5676458039208097
4.382860127941912 2.5676458039208097
4.382814656695948 2.567632181154483
4.382814656695948 2.567632181154483
4.382860075845322 2.567645814835808
4.382860075845322 2.567645814835808
4.382814504305333 2.5676321911394018
4.382814504305333 2.5676321911394018
4.3828602942513335 2.5676459358644097
4.3828602942513335 2.5676459358644097
4.382814443092398 2.5676318531163753
4.382814443092398 2.5676318531163753
4.382860443467269 2.567646134613006
4.382860443467269 2.567646134613006
4.382814278677836 2.5676316876176415
4.382814278677836 2.5676316876176415
4.382860859894849 2.567646121521827
4.382860859894849 2.567646121521827
4.382814320796563 2.5676317388337377
4.382814320796563 2.5676317388337377
4.382860335264444 2.5676463345526526
4.382860335264444 2.5676463345526526
4.382814495419865 2.567631669793484
4.382814495419865 2.567631669793484
4.382860433271051 2.5676463411221833
4.382860433271051 2.5676463411221833
4.382814661548401 2.5676314538411744
4.382814661548401 2.5676314538411744
4.382860145711283 2.567646463341674
4.382860145711283 2.567646463341674
4.382814436869453 2.5676316884409784
4.382814436869453 2.5676316884409784
4.382860332780134 2.5676463293768115
4.382860332780134 2.5676463293768115
4.382814454319726 2.56763162689371
4.382814454319726 2.56763162689371
4.382860566269862 2.567646241717819
4.382860566269862 2.567646241717819
4.382814372151388 2.5676315579764863
4.382814372151388 2.5676315579764863
4.382860462502325 2.567646470041451
4.382860462502325 2.567646470041451
4.382814302232848 2.56763140058192
4.382814302232848 2.56763140058192
4.382860298004088 2.567646711246976
4.382860298004088 2.567646711246976
4.382814584128141 2.567631490538345
4.382814584128141 2.567631490538345
4.382860168648516 2.5676465895716802
4.382860168648516 2.5676465895716802
4.382814526218981 2.567631508075821
4.382814526218981 2.567631508075821
4.382860292957114 2.5676463211296716
4.382860292957114 2.5676463211296716
4.382814521645605 2.567631745715915
4.382814521645605 2.567631745715915
4.382860355154669 2.5676460682283255
4.382860355154669 2.5676460682283255
4.382814435737391 2.567631886690977
4.382814435737391 2.567631886690977
4.382860058686122 2.5676460200955806
4.382860058686122 2.5676460200955806
4.382814587678396 2.5676321157190887
4.382814587678396 2.5676321157190887
4.382860237067813 2.5676459151269286
4.382860237067813 2.5676459151269286
4.382814329916655 2.5676321245618667
4.382814329916655 2.5676321245618667
4.38286047723337 2.5676457643612216
4.38286047723337 2.5676457643612216
4.382814431556677 2.5676321303930267
4.382814431556677 2.5676321303930267
4.382860538513799 2.5676457179825305
4.382860538513799 2.5676457179825305
4.382814208810392 2.5676322172886574
4.382814208810392 2.5676322172886574
4.382860707386832 2.5676456440067765
4.382860707386832 2.5676456440067765
4.382814139864698 2.567632294927106
4.382814139864698 2.567632294927106
4.382860812869428 2.5676456163026447
4.382860812869428 2.5676456163026447
4.38281386557124 2.567632395754063
4.38281386557124 2.567632395754063
4.3828609117497574 2.567645619163179
4.3828609117497574 2.567645619163179
4.38281369611738 2.5676325005680916
4.38281369611738 2.5676325005680916
4.38286087563217 2.5676455378037124
4.38286087563217 2.5676455378037124
4.382813565193659 2.567632628142106
4.382813565193659 2.567632628142106
4.382861231799157 2.567645476616515
4.382861231799157 2.567645476616515
4.382813133743859 2.5676325589869124
4.382813133743859 2.5676325589869124
4.3828619702361005 2.5676453117405256
4.3828619702361005 2.5676453117405256
4.382812802444436 2.5676326514204892
4.382812802444436 2.5676326514204892
4.382861832512698 2.5676454700560423
4.382861832512698 2.5676454700560423
4.382812769835117 2.5676324086326807
4.382812769835117 2.5676324086326807
4.382861920027478 2.5676455378961447
4.382861920027478 2.5676455378961447
4.382812898880559 2.567632531993568
4.382812898880559 2.567632531993568
4.3828619095199555 2.567645322052013
4.3828619095199555 2.567645322052013
4.382812943161866 2.5676326134682332
4.382812943161866 2.5676326134682332
4.382862100759414 2.5676452449094485
4.382862100759414 2.5676452449094485
4.382812729647906 2.567632541060227
4.382812729647906 2.567632541060227
4.382862116304871 2.567645556710027
4.382862116304871 2.567645556710027
4.3828125073519395 2.5676324717262284
4.3828125073519395 2.5676324717262284
4.3828621484131345 2.567645610618743
4.3828621484131345 2.567645610618743
4.382812383974905 2.5676323760004607
4.382812383974905 2.5676323760004607
4.382862111194645 2.5676457756229527
4.382862111194645 2.5676457756229527
4.382812670697838 2.5676322122446567
4.382812670697838 2.5676322122446567
4.382862161915573 2.567645790688696
4.382862161915573 2.567645790688696
4.3828126197606565 2.5676322269396463
4.3828126197606565 2.5676322269396463
4.3828619284260215 2.567645851354351
4.3828619284260215 2.567645851354351
4.382812929545485 2.567632242935023
4.382812929545485 2.567632242935023
4.382861917412612 2.567645723141342
4.382861917412612 2.567645723141342
4.382812635912589 2.567632414942729
4.382812635912589 2.567632414942729
4.3828620740304745 2.567645491685706
4.3828620740304745 2.567645491685706
4.382812862183379 2.56763245807567
4.382812862183379 2.56763245807567
4.3828616352755105 2.5676454461415346
4.3828616352755105 2.5676454461415346
4.382813302215768 2.567632373759166
4.382813302215768 2.567632373759166
4.382861493646033 2.567645546676641
4.382861493646033 2.567645546676641
4.382813443160255 2.5676322458412897
4.382813443160255 2.5676322458412897
4.382861247206701 2.567645701283692
4.382861247206701 2.567645701283692
4.382813537192619 2.567632285143412
4.382813537192619 2.567632285143412
4.382861190667729 2.5676457139257822
4.382861190667729 2.5676457139257822
4.3828135018213095 2.567632234544327
4.3828135018213095 2.567632234544327
4.382861434043046 2.5676457714369167
4.382861434043046 2.5676457714369167
4.382813455111066 2.5676322181316396
4.382813455111066 2.5676322181316396
4.382861169650727 2.567645989957832
4.382861169650727 2.567645989957832
4.382813720607424 2.5676320001059034
4.382813720607424 2.5676320001059034
4.382860953137653 2.567646010989337
4.382860953137653 2.567646010989337
4.3828137119330695 2.5676318218290257
4.3828137119330695 2.5676318218290257
4.38286120668792 2.5676460371669267
4.38286120668792 2.5676460371669267
4.382813561798489 2.5676320140557767
4.382813561798489 2.5676320140557767
4.382861011720077 2.5676461751444406
4.382861011720077 2.5676461751444406
4.3828137030856045 2.567631888043052
4.3828137030856045 2.567631888043052
4.382861217573657 2.567645970180689
4.382861217573657 2.567645970180689
4.382813687639445 2.5676319544583857
4.382813687639445 2.5676319544583857
4.38286117857765 2.5676461306723706
4.38286117857765 2.5676461306723706
4.382813656205861 2.5676318732481302
4.382813656205861 2.5676318732481302
4.382860984664017 2.5676460544389115
4.382860984664017 2.5676460544389115
4.382813746050065 2.5676319450088174
4.382813746050065 2.5676319450088174
4.382860856097146 2.567645933239045
4.382860856097146 2.567645933239045
4.382813931626295 2.567632050796198
4.382813931626295 2.567632050796198
4.382860741045146 2.5676459608259603
4.382860741045146 2.5676459608259603
4.382814043207353 2.5676322347559473
4.382814043207353 2.5676322347559473
4.382860856808227 2.5676456895432107
4.382860856808227 2.5676456895432107
4.382814061138476 2.5676321724045663
4.382814061138476 2.5676321724045663
4.382860731331691 2.5676457790916287
4.382860731331691 2.5676457790916287
4.382814085110013 2.567632287635452
4.382814085110013 2.567632287635452
4.382860775643287 2.567645795807084
4.382860775643287 2.567645795807084
4.382814104983874 2.5676320159529733
4.382814104983874 2.5676320159529733
4.382860529258926 2.5676459456691583
4.382860529258926 2.5676459456691583
4.3828143135918065 2.567632024366563
4.3828143135918065 2.567632024366563
4.382860558822053 2.5676458182243462
4.382860558822053 2.5676458182243462
4.382814017679705 2.5676321892971314
4.382814017679705 2.5676321892971314
4.38286062695418 2.5676457398098855
4.38286062695418 2.5676457398098855
4.3828143596383615 2.5676322538075333
4.3828143596383615 2.5676322538075333
4.3828603861686055 2.567645680672082
4.3828603861686055 2.567645680672082
4.3828143244552376 2.5676324109911284
4.3828143244552376 2.5676324109911284
4.382860437290112 2.5676454610206147
4.382860437290112 2.5676454610206147
4.382814294508131 2.5676325376366056
4.382814294508131 2.5676325376366056
4.382860247793478 2.567645420575692
4.382860247793478 2.567645420575692
4.382814333984074 2.567632587932307
4.382814333984074 2.567632587932307
4.382860610892314 2.56764535305489
4.382860610892314 2.56764535305489
4.382814223815543 2.5676326489318115
4.382814223815543 2.5676326489318115
4.382860722907282 2.5676452629886213
4.382860722907282 2.5676452629886213
4.382814146094851 2.567632816719231
4.382814146094851 2.567632816719231
4.382860485240651 2.567645233899888
4.382860485240651 2.567645233899888
4.382814033140517 2.567632879359559
4.382814033140517 2.567632879359559
4.38286087931302 2.5676449803443444
4.38286087931302 2.5676449803443444
4.382813921661301 2.567633149136929
4.382813921661301 2.567633149136929
4.3828609732105095 2.567644593282709
4.3828609732105095 2.567644593282709
4.382813715096787 2.567633334030892
4.382813715096787 2.567633334030892
4.382861041659028 2.5676446237913164
4.382861041659028 2.5676446237913164
4.382813689439527 2.567633377316815
4.382813689439527 2.567633377316815
4.3828610928046094 2.567644720915341
4.3828610928046094 2.567644720915341
4.382813625211019 2.5676332585217025
4.382813625211019 2.5676332585217025
4.382861147851676 2.5676446341893264
4.382861147851676 2.5676446341893264
4.3828137739586 2.5676334300099133
4.3828137739586 2.5676334300099133
4.382861116147313 2.567644579601009
4.382861116147313 2.567644579601009
4.382813766159008 2.5676333234186886
4.382813766159008 2.5676333234186886
4.382860857348352 2.567644679115646
4.382860857348352 2.567644679115646
4.382813875588373 2.567633140157412
4.382813875588373 2.567633140157412
4.382861073621764 2.5676449779161836
4.382861073621764 2.5676449779161836
4.382813729400672 2.567632970322324
4.382813729400672 2.567632970322324
4.382861205399555 2.567645030802495
4.382861205399555 2.567645030802495
4.382813533577794 2.5676329940773437
4.382813533577794 2.5676329940773437
4.382861207906841 2.567644941650093
4.382861207906841 2.567644941650093
4.382813595544819 2.5676330061070396
4.382813595544819 2.5676330061070396
4.382861085517328 2.5676448236579796
4.382861085517328 2.5676448236579796
4.382813614625825 2.5676331241983688
4.382813614625825 2.5676331241983688
4.382861063786169 2.567644889118269
4.382861063786169 2.567644889118269
4.382813557353194 2.567633200475029
4.382813557353194 2.567633200475029
4.382861185697254 2.5676447356397545
4.382861185697254 2.5676447356397545
4.38281340804094 2.5676333006069325
4.38281340804094 2.5676333006069325
4.3828614689810435 2.5676446886954833
4.3828614689810435 2.5676446886954833
4.382813322193102 2.567633236090043
4.382813322193102 2.567633236090043
4.382861509277936 2.5676447644120777
4.382861509277936 2.5676447644120777
4.382813312789037 2.5676331160430745
4.382813312789037 2.5676331160430745
4.382861489570406 2.567644830388312
4.382861489570406 2.567644830388312
4.382813366732984 2.567633016286455
4.382813366732984 2.567633016286455
4.382861544514303 2.5676450270149016
4.382861544514303 2.5676450270149016
4.382813234787421 2.5676327762186313
4.382813234787421 2.5676327762186313
4.382861407153254 2.5676453689554384
4.382861407153254 2.5676453689554384
4.382813205121441 2.567632565924408
4.382813205121441 2.567632565924408
4.382861643409027 2.567645369950606
4.382861643409027 2.567645369950606
4.382813255907755 2.5676325264080053
4.382813255907755 2.5676325264080053
4.382861539025611 2.567645394651205
4.382861539025611 2.567645394651205
4.382813331372673 2.567632660866577
4.382813331372673 2.567632660866577
4.382861088069495 2.5676453883313672
4.382861088069495 2.5676453883313672
4.382813542907063 2.5676328207546946
4.382813542907063 2.5676328207546946
4.382861272462317 2.5676452459273933
4.382861272462317 2.5676452459273933
4.382813540506199 2.5676326114693304
4.382813540506199 2.5676326114693304
4.38286144576756 2.5676453794961573
4.38286144576756 2.5676453794961573
4.382813249247541 2.5676325683235395
4.382813249247541 2.5676325683235395
4.382861392616916 2.5676455767920032
4.382861392616916 2.5676455767920032
4.382813368599424 2.567632291854725
4.382813368599424 2.567632291854725
4.382861549292113 2.5676455941914864
4.382861549292113 2.5676455941914864
4.382813250724358 2.567632297803618
4.382813250724358 2.567632297803618
4.382861461738169 2.567645766894588
4.382861461738169 2.567645766894588
4.382813341768538 2.5676323379891826
4.382813341768538 2.5676323379891826
4.3828615590093545 2.5676455563284204
4.3828615590093545 2.5676455563284204
4.382813134415119 2.56763236289086
4.382813134415119 2.56763236289086
4.382861697083492 2.56764566917549
4.382861697083492 2.56764566917549
4.382812819750721 2.5676323848639817
4.382812819750721 2.5676323848639817
4.382861798241609 2.5676456138808224
4.382861798241609 2.5676456138808224
4.3828132496540935 2.5676323068664395
4.3828132496540935 2.5676323068664395
4.382861457750097 2.567645788434401
4.382861457750097 2.567645788434401
4.382813561872122 2.567632076979607
4.382813561872122 2.567632076979607
4.382861444869849 2.5676458508171387
4.382861444869849 2.5676458508171387
4.382813460405601 2.567632073963101
4.382813460405601 2.567632073963101
4.382861696937368 2.5676458775323443
4.382861696937368 2.5676458775323443
4.382813282889515 2.567631966497472
4.382813282889515 2.567631966497472
4.382861628650159 2.567645924115173
4.382861628650159 2.567645924115173
4.382813249178971 2.5676321010144085
4.382813249178971 2.5676321010144085
4.38286176387382 2.567645793645706
4.38286176387382 2.567645793645706
4.382813268563892 2.567632035771242
4.382813268563892 2.567632035771242
4.382861347557955 2.567645990441701
4.382861347557955 2.567645990441701
4.382813392354684 2.5676319751990726
4.382813392354684 2.5676319751990726
4.3828613827660705 2.567646042068693
4.3828613827660705 2.567646042068693
4.382813178407558 2.567631999949548
4.382813178407558 2.567631999949548
4.382861360411819 2.567645923216616
4.382861360411819 2.567645923216616
4.382813138207176 2.567632166745333
4.382813138207176 2.567632166745333
4.382861499114124 2.5676457629556646
4.382861499114124 2.5676457629556646
4.382813068185402 2.5676320314158882
4.382813068185402 2.5676320314158882
4.3828617251183974 2.567645919470075
4.3828617251183974 2.567645919470075
4.382812809252435 2.5676322256703235
4.382812809252435 2.5676322256703235
4.382861863321138 2.56764575829209
4.382861863321138 2.56764575829209
4.382813130479978 2.567632235121582
4.382813130479978 2.567632235121582
4.382861758120251 2.5676457237867223
4.382861758120251 2.5676457237867223
4.382813252272041 2.567632202962991
4.382813252272041 2.567632202962991
4.3828617898351965 2.5676455308295294
4.3828617898351965 2.5676455308295294
4.382812816747433 2.5676325637852266
4.382812816747433 2.5676325637852266
4.382861942687414 2.5676453029578172
4.382861942687414 2.5676453029578172
4.3828130002813595 2.567632700471341
4.3828130002813595 2.567632700471341
4.382861746355376 2.5676454484046976
4.382861746355376 2.5676454484046976
4.382813225457764 2.5676325820745447
4.382813225457764 2.5676325820745447
4.382861171667497 2.5676455058956074
4.382861171667497 2.5676455058956074
4.3828136784403045 2.567632403079711
4.3828136784403045 2.567632403079711
4.382861102282932 2.567645582512599
4.382861102282932 2.567645582512599
4.382813695350793 2.567632339602691
4.382813695350793 2.567632339602691
4.3828610792448774 2.5676454944624414
4.3828610792448774 2.5676454944624414
4.382813859053353 2.5676324533853943
4.382813859053353 2.5676324533853943
4.3828608874143855 2.56764545139837
4.3828608874143855 2.56764545139837
4.382813774060346 2.5676325983406953
4.382813774060346 2.5676325983406953
4.382861225709479 2.567645300094554
4.382861225709479 2.567645300094554
4.38281350480657 2.5676327002501975
4.38281350480657 2.5676327002501975
4.382861344379618 2.5676454202380343
4.382861344379618 2.5676454202380343
4.3828134396951075 2.5676325950831522
4.3828134396951075 2.5676325950831522
4.382861246758635 2.5676451429026046
4.382861246758635 2.5676451429026046
4.382813669867041 2.5676328988458654
4.382813669867041 2.5676328988458654
4.382860992315051 2.5676451783930645
4.382860992315051 2.5676451783930645
4.382813771475869 2.5676328744287917
4.382813771475869 2.5676328744287917
4.382861116831169 2.567645024548294
4.382861116831169 2.567645024548294
4.382813718355305 2.5676327941270918
4.382813718355305 2.5676327941270918
4.382861249614249 2.56764511869921
4.382861249614249 2.56764511869921
4.382813439029056 2.5676329195885463
4.382813439029056 2.5676329195885463
4.382861727504877 2.5676448116439547
4.382861727504877 2.5676448116439547
4.38281306271355 2.5676332008922467
4.38281306271355 2.5676332008922467
4.382861692357227 2.56764485595741
4.382861692357227 2.56764485595741
4.382813006541263 2.567633191188485
4.382813006541263 2.567633191188485
4.382861748935343 2.5676447661258632
4.382861748935343 2.5676447661258632
4.382813025368969 2.5676333126400066
4.382813025368969 2.5676333126400066
4.382861682734117 2.5676446696404565
4.382861682734117 2.5676446696404565
4.382813262268979 2.567633241184408
4.382813262268979 2.567633241184408
4.382861648507728 2.5676446157581516
4.382861648507728 2.5676446157581516
4.382813202843722 2.56763331918491
4.382813202843722 2.56763331918491
4.382861448588612 2.567644639611274
4.382861448588612 2.567644639611274
4.382813417598751 2.5676333281097414
4.382813417598751 2.5676333281097414
4.38286135290807 2.5676446624050913
4.38286135290807 2.5676446624050913
4.382813241696416 2.567633373788933
4.382813241696416 2.567633373788933
4.382861501616605 2.5676445620584554
4.382861501616605 2.5676445620584554
4.382813030834497 2.5676334661809
4.382813030834497 2.5676334661809
4.382861816267118 2.5676444681210198
4.382861816267118 2.5676444681210198
4.382812777047641 2.5676334824882274
4.382812777047641 2.5676334824882274
4.382862119422478 2.5676445267752124
4.382862119422478 2.5676445267752124
4.38281263961433 2.567633620389672
4.38281263961433 2.567633620389672
4.382862288729581 2.567644483770386
4.382862288729581 2.567644483770386
4.382812258589407 2.5676334771653573
4.382812258589407 2.5676334771653573
4.3828624950648765 2.5676446731602858
4.3828624950648765 2.5676446731602858
4.382812280535177 2.567633407986117
4.382812280535177 2.567633407986117
4.382862490193226 2.5676446733234024
4.382862490193226 2.5676446733234024
4.382812328403201 2.567633307330781
4.382812328403201 2.567633307330781
4.382862522906147 2.5676446253490326
4.382862522906147 2.5676446253490326
4.382812439204167 2.5676332159045865
4.382812439204167 2.5676332159045865
4.382862448796597 2.5676447211369346
4.382862448796597 2.5676447211369346
4.38281249033496 2.5676333826681765
4.38281249033496 2.5676333826681765
4.382862198530558 2.5676447568688654
4.382862198530558 2.5676447568688654
4.382812487046303 2.5676330657525424
4.382812487046303 2.5676330657525424
4.382862300448102 2.567644857960378
4.382862300448102 2.567644857960378
4.382812582547218 2.5676331323748105
4.382812582547218 2.5676331323748105
4.382862142470572 2.5676448706324555
4.382862142470572 2.5676448706324555
4.382812493329991 2.567633156390164
4.382812493329991 2.567633156390164
4.382862356478305 2.567644687322106
4.382862356478305 2.567644687322106
4.382812370884795 2.567633316566318
4.382812370884795 2.567633316566318
4.382862409864402 2.567644520382124
4.382862409864402 2.567644520382124
4.382812135083336 2.56763344099051
4.382812135083336 2.56763344099051
4.382862819403571 2.5676443585468776
4.382862819403571 2.5676443585468776
4.382812080724841 2.567633561819459
4.382812080724841 2.567633561819459
4.382862925633301 2.5676443541000284
4.382862925633301 2.5676443541000284
4.3828120099008565 2.5676334262158127
4.3828120099008565 2.5676334262158127
4.382863043840732 2.5676447659804356
4.382863043840732 2.5676447659804356
4.382811687916515 2.5676330395777316
4.382811687916515 2.5676330395777316
4.382863011959638 2.567645233615226
4.382863011959638 2.567645233615226
4.382811976016203 2.567632731709424
4.382811976016203 2.567632731709424
4.382862663882473 2.567645227135711
4.382862663882473 2.567645227135711
4.382812096969241 2.5676328322892283
4.382812096969241 2.5676328322892283
4.382862803983851 2.567645087843296
4.382862803983851 2.567645087843296
4.38281195258158 2.567632870224067
4.38281195258158 2.567632870224067
4.382862672394957 2.5676451574150083
4.382862672394957 2.5676451574150083
4.3828121916040725 2.5676324872387157
4.3828121916040725 2.5676324872387157
4.382862798405763 2.5676454770942767
4.382862798405763 2.5676454770942767
4.382811661307024 2.5676325646642244
4.382811661307024 2.5676325646642244
4.382862974650971 2.56764539454023
4.382862974650971 2.56764539454023
4.382811880663084 2.567632539648916
4.382811880663084 2.567632539648916
4.382862720996437 2.5676455591125547
4.382862720996437 2.5676455591125547
4.3828119645266455 2.5676323598130186
4.3828119645266455 2.5676323598130186
4.382862691112108 2.5676457533375006
4.382862691112108 2.5676457533375006
4.38281214431838 2.567632251453965
4.38281214431838 2.567632251453965
4.3828626369822725 2.567645794976071
4.3828626369822725 2.567645794976071
4.382811885569769 2.56763213350148
4.382811885569769 2.56763213350148
4.382862820521383 2.5676459985197813
4.382862820521383 2.5676459985197813
4.382811851261379 2.567631758372934
4.382811851261379 2.567631758372934
4.382863077390592 2.567646320574182
4.382863077390592 2.567646320574182
4.382812103999613 2.567631631515311
4.382812103999613 2.567631631515311
4.382862602396708 2.5676464378928974
4.382862602396708 2.5676464378928974
4.3828122968372885 2.567631325379322
4.3828122968372885 2.567631325379322
4.382862541920138 2.567646451493374
4.382862541920138 2.567646451493374
4.382812370150907 2.5676314712643884
4.382812370150907 2.5676314712643884
4.382862480890175 2.567646464913617
4.382862480890175 2.567646464913617
4.382812170679738 2.567631618806476
4.382812170679738 2.567631618806476
4.38286277464576 2.5676463903323747
4.38286277464576 2.5676463903323747
4.3828121380417535 2.5676315319915934
4.3828121380417535 2.5676315319915934
4.382862797203945 2.5676465130099873
4.382862797203945 2.5676465130099873
4.382811664714887 2.567631423041195
4.382811664714887 2.567631423041195
4.382863342561558 2.5676465727579223
4.382863342561558 2.5676465727579223
4.382811418294912 2.567631286595613
4.382811418294912 2.567631286595613
4.382863461921852 2.5676465409727647
4.382863461921852 2.5676465409727647
4.382811102411131 2.5676316693362824
4.382811102411131 2.5676316693362824
4.382863770094964 2.5676461917516793
4.382863770094964 2.5676461917516793
4.382811201489886 2.5676314791828183
4.382811201489886 2.5676314791828183
4.382863506427538 2.5676465918650897
4.382863506427538 2.5676465918650897
4.382811332613231 2.5676311807153547
4.382811332613231 2.5676311807153547
4.382863703121472 2.5676467086506296
4.382863703121472 2.5676467086506296
4.382811056672949 2.5676313858989435
4.382811056672949 2.5676313858989435
4.382863566299129 2.567646774765932
4.382863566299129 2.567646774765932
4.382811130934777 2.5676313357488416
4.382811130934777 2.5676313357488416
4.382863562312117 2.5676467735012256
4.382863562312117 2.5676467735012256
4.382811298549231 2.567631362500325
4.382811298549231 2.567631362500325
4.382863511538078 2.567646750416353
4.382863511538078 2.567646750416353
4.382811332978045 2.567631456344973
4.382811332978045 2.567631456344973
4.382863641237129 2.5676464477139747
4.382863641237129 2.5676464477139747
4.382811096049284 2.567631517577481
4.382811096049284 2.567631517577481
4.382863548624299 2.567646570678435
4.382863548624299 2.567646570678435
4.3828110549060595 2.5676314616429905
4.3828110549060595 2.5676314616429905
4.382863821448451 2.567646366010933
4.382863821448451 2.567646366010933
4.382810743387889 2.567631609122625
4.382810743387889 2.567631609122625
4.382863818710353 2.5676463645722234
4.382863818710353 2.5676463645722234
4.382811197161277 2.5676315970003825
4.382811197161277 2.5676315970003825
4.382863280786599 2.567646467477894
4.382863280786599 2.567646467477894
4.382811425836724 2.5676316062199014
4.382811425836724 2.5676316062199014
4.382862891829991 2.567646661105059
4.382862891829991 2.567646661105059
4.382812127750205 2.5676313002507913
4.382812127750205 2.5676313002507913
4.382862709221891 2.5676464762733695
4.382862709221891 2.5676464762733695
4.382812101285485 2.5676316339353455
4.382812101285485 2.5676316339353455
4.382862563367939 2.5676463813066865
4.382862563367939 2.5676463813066865
4.382811976582144 2.5676314714307624
4.382811976582144 2.5676314714307624
4.382862883926904 2.567646428690834
4.382862883926904 2.567646428690834
4.382812003096248 2.567631369672097
4.382812003096248 2.567631369672097
4.382862866300107 2.5676467557157596
4.382862866300107 2.5676467557157596
4.382811966135251 2.5676312836252984
4.382811966135251 2.5676312836252984
4.382862872704662 2.567646689262588
4.382862872704662 2.567646689262588
4.382812118469431 2.5676311793790263
4.382812118469431 2.5676311793790263
4.3828628065543995 2.5676469338453
4.3828628065543995 2.5676469338453
4.38281207980574 2.5676308661925713
4.38281207980574 2.5676308661925713
4.382862929639837 2.5676471316269063
4.382862929639837 2.5676471316269063
4.382811896370463 2.5676307125111486
4.382811896370463 2.5676307125111486
4.382862588227524 2.56764730878218
4.382862588227524 2.56764730878218
4.382812214565494 2.5676305787072122
4.382812214565494 2.5676305787072122
4.382862853368663 2.5676472393497725
4.382862853368663 2.5676472393497725
4.382811724351629 2.567630863277711
4.382811724351629 2.567630863277711
4.3828631257718635 2.5676470431867044
4.3828631257718635 2.5676470431867044
4.382811346392664 2.567630817397703
4.382811346392664 2.567630817397703
4.382863247825288 2.5676472451783003
4.382863247825288 2.5676472451783003
4.382811365926966 2.5676307470513926
4.382811365926966 2.5676307470513926
4.38286366657374 2.567647179588324
4.38286366657374 2.567647179588324
4.382811284934066 2.567630836621242
4.382811284934066 2.567630836621242
4.3828634082775375 2.567647067969019
4.3828634082775375 2.567647067969019
4.382811361493285 2.5676309889485265
4.382811361493285 2.5676309889485265
4.382863151402056 2.5676471297897763
4.382863151402056 2.5676471297897763
4.382811797460739 2.567630623305374
4.382811797460739 2.567630623305374
4.382862933199696 2.5676474021577174
4.382862933199696 2.5676474021577174
4.382811954972548 2.5676303977433315
4.382811954972548 2.5676303977433315
4.3828628622883645 2.5676476789836524
4.3828628622883645 2.5676476789836524
4.382811904545817 2.5676303477314786
4.382811904545817 2.5676303477314786
4.382862423109708 2.5676475168060806
4.382862423109708 2.5676475168060806
4.382811964645201 2.567630566882454
4.382811964645201 2.567630566882454
4.382862694209643 2.5676474479027753
4.382862694209643 2.5676474479027753
4.382812252846167 2.5676304305471755
4.382812252846167 2.5676304305471755
4.382862683703364 2.5676474210398506
4.382862683703364 2.5676474210398506
4.3828121680139205 2.567630519111279
4.3828121680139205 2.567630519111279
4.382862598463195 2.567647504368993
4.382862598463195 2.567647504368993
4.382812084358629 2.567630607979848
4.382812084358629 2.567630607979848
4.3828626500091055 2.5676472938492974
4.3828626500091055 2.5676472938492974
4.382811943593033 2.5676307396364493
4.382811943593033 2.5676307396364493
4.382862817956571 2.567647118138249
4.382862817956571 2.567647118138249
4.382812134629127 2.567630665669841
4.382812134629127 2.567630665669841
4.382862597581425 2.5676474962353018
4.382862597581425 2.5676474962353018
4.382812147925469 2.567630432962837
4.382812147925469 2.567630432962837
4.382862597238616 2.5676472358221423
4.382862597238616 2.5676472358221423
4.382812129335112 2.5676307638559708
4.382812129335112 2.5676307638559708
4.382862830136182 2.5676470748426574
4.382862830136182 2.5676470748426574
4.38281191681033 2.5676308842610847
4.38281191681033 2.5676308842610847
4.3828628553333795 2.567647167184832
4.3828628553333795 2.567647167184832
4.3828120840221505 2.5676307137738816
4.3828120840221505 2.5676307137738816
4.38286236655056 2.5676474445454422
4.38286236655056 2.5676474445454422
4.382812159237929 2.5676306048990227
4.382812159237929 2.5676306048990227
4.382862641171811 2.5676475401690038
4.382862641171811 2.5676475401690038
4.3828120356883025 2.567630406184863
4.3828120356883025 2.567630406184863
4.38286249084008 2.5676475486039507
4.38286249084008 2.5676475486039507
4.382812219464919 2.5676305191599367
4.382812219464919 2.5676305191599367
4.382862766663829 2.567647384721898
4.382862766663829 2.567647384721898
4.382812057528372 2.5676307205101025
4.382812057528372 2.5676307205101025
4.382862680387329 2.5676471804615413
4.382862680387329 2.5676471804615413
4.382811989749168 2.567630999452039
4.382811989749168 2.567630999452039
4.382862752283777 2.567646929429349
4.382862752283777 2.567646929429349
4.382811945132936 2.567630947997424
4.382811945132936 2.567630947997424
4.382862558623269 2.5676469757869778
4.382862558623269 2.5676469757869778
4.38281210455319 2.5676310400227464
4.38281210455319 2.5676310400227464
4.382862745832178 2.5676468968581685
4.382862745832178 2.5676468968581685
4.382812043798326 2.567631087300782
4.382812043798326 2.567631087300782
4.3828626893017475 2.5676466496427834
4.3828626893017475 2.5676466496427834
4.382812068407322 2.567631441949406
4.382812068407322 2.567631441949406
4.3828626876522305 2.5676466480473916
4.3828626876522305 2.5676466480473916
4.382811941945509 2.567631507814566
4.382811941945509 2.567631507814566
4.382862797794133 2.5676464230927887
4.382862797794133 2.5676464230927887
4.3828117329134315 2.5676314635194597
4.3828117329134315 2.5676314635194597
4.382863069722279 2.567646450843262
4.382863069722279 2.567646450843262
4.382811707827943 2.5676315707286155
4.382811707827943 2.5676315707286155
4.382863033160084 2.5676463596714907
4.382863033160084 2.5676463596714907
4.3828116170437434 2.567631496575793
4.3828116170437434 2.567631496575793
4.3828634077106345 2.56764642716712
4.3828634077106345 2.56764642716712
4.382811318438728 2.567631575073763
4.382811318438728 2.567631575073763
4.3828635344706335 2.567646358762081
4.3828635344706335 2.567646358762081
4.382811339538761 2.567631504901699
4.382811339538761 2.567631504901699
4.382863549195628 2.567646286598813
4.382863549195628 2.567646286598813
4.382811345897958 2.5676317374662614
4.382811345897958 2.5676317374662614
4.3828632211330545 2.5676462358676924
4.3828632211330545 2.5676462358676924
4.3828116332416425 2.567631699713288
4.3828116332416425 2.567631699713288
4.382863206206345 2.5676462721955886
4.382863206206345 2.5676462721955886
4.382811823699497 2.5676316193972943
4.382811823699497 2.5676316193972943
4.382862889568431 2.5676464170282323
4.382862889568431 2.5676464170282323
4.382811930019503 2.567631430110384
4.382811930019503 2.567631430110384
4.382862787414378 2.5676466032680727
4.382862787414378 2.5676466032680727
4.382812131303088 2.5676310890353493
4.382812131303088 2.5676310890353493
4.382862763792493 2.567646901708803
4.382862763792493 2.567646901708803
4.3828118364388144 2.5676311307641186
4.3828118364388144 2.5676311307641186
4.382862841016336 2.5676468460662423
4.382862841016336 2.5676468460662423
4.382811787427451 2.567631310247775
4.382811787427451 2.567631310247775
4.382862972147431 2.5676465491278653
4.382862972147431 2.5676465491278653
4.382811924668943 2.567631442663493
4.382811924668943 2.567631442663493
4.382863018299397 2.567646568532561
4.382863018299397 2.567646568532561
4.382811646582695 2.567631448493844
4.382811646582695 2.567631448493844
4.382863041511064 2.5676466925423664
4.382863041511064 2.5676466925423664
4.382811757700621 2.5676312564078754
4.382811757700621 2.5676312564078754
4.3828629222452635 2.5676466882045155
4.3828629222452635 2.5676466882045155
4.3828121939932565 2.567631149660322
4.3828121939932565 2.567631149660322
4.382862547458503 2.567646779557261
4.382862547458503 2.567646779557261
4.382812069036485 2.5676314117158285
4.382812069036485 2.5676314117158285
4.38286272139661 2.5676465394854135
4.38286272139661 2.5676465394854135
4.38281197999402 2.5676313377693942
4.38281197999402 2.5676313377693942
4.382862786611181 2.567646715826386
4.382862786611181 2.567646715826386
4.382811894568402 2.567631231068918
4.382811894568402 2.567631231068918
4.382863268889308 2.5676468265017323
4.382863268889308 2.5676468265017323
4.382811594680867 2.567631306718985
4.382811594680867 2.567631306718985
4.382862777817137 2.5676467160952647
4.382862777817137 2.5676467160952647
4.382812108255605 2.567631114196981
4.382812108255605 2.567631114196981
4.382862535756421 2.5676469389584544
4.382862535756421 2.5676469389584544
4.382812181210426 2.5676308991588472
4.382812181210426 2.5676308991588472
4.382862953131235 2.5676470372004183
4.382862953131235 2.5676470372004183
4.382811982084707 2.567630815025938
4.382811982084707 2.567630815025938
4.38286271255578 2.5676470600813595
4.38286271255578 2.5676470600813595
4.3828122323234044 2.567630955859674
4.3828122323234044 2.567630955859674
4.382862683370003 2.5676469649749945
4.382862683370003 2.5676469649749945
4.382812341567043 2.567630965492434
4.382812341567043 2.567630965492434
4.382862573820375 2.567646955866942
4.382862573820375 2.567646955866942
4.382812242160359 2.5676311208878615
4.382812242160359 2.5676311208878615
4.382862608694101 2.5676468458906787
4.382862608694101 2.5676468458906787
4.382812261342694 2.5676310545157195
4.382812261342694 2.5676310545157195
4.382862824481819 2.56764685761514
4.382862824481819 2.56764685761514
4.382811889680867 2.5676309499604226
4.382811889680867 2.5676309499604226
4.382862834136015 2.5676470187471567
4.382862834136015 2.5676470187471567
4.3828120030402316 2.5676309888748796
4.3828120030402316 2.5676309888748796
4.382862896047175 2.567647031286742
4.382862896047175 2.567647031286742
4.382811718675741 2.567630931656206
4.382811718675741 2.567630931656206
4.3828630516176705 2.5676471218469104
4.3828630516176705 2.5676471218469104
4.382811560432394 2.567630871574591
4.382811560432394 2.567630871574591
4.38286348162636 2.567647252973767
4.38286348162636 2.567647252973767
4.382811146399806 2.5676306377954736
4.382811146399806 2.5676306377954736
4.38286377585525 2.5676473121221957
4.38286377585525 2.5676473121221957
4.3828110337454955 2.567630599961532
4.3828110337454955 2.567630599961532
4.3828636398070415 2.5676473443077232
4.3828636398070415 2.5676473443077232
4.382811215351434 2.56763059333084
4.382811215351434 2.56763059333084
4.382863437164049 2.5676473929572072
4.382863437164049 2.5676473929572072
4.382811533158368 2.5676305831084165
4.382811533158368 2.5676305831084165
4.382863320373141 2.567647352891265
4.382863320373141 2.567647352891265
4.382811449182502 2.5676306731076703
4.382811449182502 2.5676306731076703
4.38286356318078 2.5676473261364605
4.38286356318078 2.5676473261364605
4.382811209143135 2.5676307301502788
4.382811209143135 2.5676307301502788
4.382864034521809 2.5676473157616613
4.382864034521809 2.5676473157616613
4.3828107931367155 2.5676305236783477
4.3828107931367155 2.5676305236783477
4.382863842667367 2.567647565538133
4.382863842667367 2.567647565538133
4.3828111994885255 2.5676303925221675
4.3828111994885255 2.5676303925221675
4.38286330254248 2.5676479002681196
4.38286330254248 2.5676479002681196
4.382811566799228 2.56763023471852
4.382811566799228 2.56763023471852
4.382863087928745 2.5676477801858386
4.382863087928745 2.5676477801858386
4.382811545485876 2.5676301370878902
4.382811545485876 2.5676301370878902
4.382863087439033 2.5676477782922524
4.382863087439033 2.5676477782922524
4.3828114392888535 2.5676302994430866
4.3828114392888535 2.5676302994430866
4.382863205668215 2.56764768932251
4.382863205668215 2.56764768932251
4.382811285310638 2.5676304073676515
4.382811285310638 2.5676304073676515
4.382863471893967 2.5676477166752463
4.382863471893967 2.5676477166752463
4.382811415802549 2.5676300807543706
4.382811415802549 2.5676300807543706
4.38286329170132 2.5676479871431095
4.38286329170132 2.5676479871431095
4.382811975562403 2.5676299150741997
4.382811975562403 2.5676299150741997
4.382863005018743 2.5676480571559264
4.382863005018743 2.5676480571559264
4.382812011076919 2.5676298686882135
4.382812011076919 2.5676298686882135
4.382862768381642 2.567648088248506
4.382862768381642 2.567648088248506
4.382812156047606 2.5676298347464055
4.382812156047606 2.5676298347464055
4.382862517683549 2.567648367071914
4.382862517683549 2.567648367071914
4.382812191530397 2.5676296988724103
4.382812191530397 2.5676296988724103
4.38286282486732 2.567648133962162
4.38286282486732 2.567648133962162
4.382811897626749 2.5676297746716266
4.382811897626749 2.5676297746716266
4.382863138176397 2.567648158195354
4.382863138176397 2.567648158195354
4.382811824044987 2.5676298868390166
4.382811824044987 2.5676298868390166
4.382862774466001 2.567648074938698
4.382862774466001 2.567648074938698
4.382811934665443 2.5676299928522517
4.382811934665443 2.5676299928522517
4.382862825891224 2.567647864020317
4.382862825891224 2.567647864020317
4.382811898690166 2.5676301349996233
4.382811898690166 2.5676301349996233
4.3828630593809725 2.5676476449501635
4.3828630593809725 2.5676476449501635
4.382811892775583 2.567630231670212
4.382811892775583 2.567630231670212
4.382863180168086 2.567647677837724
4.382863180168086 2.567647677837724
4.38281148196446 2.567630243353316
4.38281148196446 2.567630243353316
4.3828631554178 2.5676478417656394
4.3828631554178 2.5676478417656394
4.3828116946573985 2.567630362942524
4.3828116946573985 2.567630362942524
4.382863233067891 2.567647725661773
4.382863233067891 2.567647725661773
4.382811637611936 2.5676301427200965
4.382811637611936 2.5676301427200965
4.382863181500859 2.5676479351899784
4.382863181500859 2.5676479351899784
4.38281183183882 2.567629899299638
4.38281183183882 2.567629899299638
4.382862856572905 2.567647974517449
4.382862856572905 2.567647974517449
4.382811976444427 2.5676300367007125
4.382811976444427 2.5676300367007125
4.38286271361385 2.567647928869305
4.38286271361385 2.567647928869305
4.382811761221963 2.567630002105165
4.382811761221963 2.567630002105165
4.3828629099561685 2.567647942460878
4.3828629099561685 2.567647942460878
4.38281192413168 2.5676300683734263
4.38281192413168 2.5676300683734263
4.382862966265144 2.5676479909368326
4.382862966265144 2.5676479909368326
4.382812065938019 2.5676299436893224
4.382812065938019 2.5676299436893224
4.38286264064736 2.5676480316881705
4.38286264064736 2.5676480316881705
4.382811960326286 2.5676300241368337
4.382811960326286 2.5676300241368337
4.382862946295463 2.567647965339087
4.382862946295463 2.567647965339087
4.3828117091400225 2.5676300512357453
4.3828117091400225 2.5676300512357453
4.382862603893539 2.5676479046045215
4.382862603893539 2.5676479046045215
4.382812318228092 2.567630019203417
4.382812318228092 2.567630019203417
4.382862393111514 2.5676480436418725
4.382862393111514 2.5676480436418725
4.382812551330409 2.567629899003315
4.382812551330409 2.567629899003315
4.3828622447784715 2.5676479903526563
4.3828622447784715 2.5676479903526563
4.38281271369856 2.5676300513545844
4.38281271369856 2.5676300513545844
4.382862455878376 2.5676478466701718
4.382862455878376 2.5676478466701718
4.382812413750357 2.5676302830601547
4.382812413750357 2.5676302830601547
4.382862415888847 2.56764755863458
4.382862415888847 2.56764755863458
4.382812430048243 2.567630474041916
4.382812430048243 2.567630474041916
4.3828626304586935 2.5676473194441667
4.3828626304586935 2.5676473194441667
4.382812362612824 2.567630613180006
4.382812362612824 2.567630613180006
4.382862319495553 2.567647495650885
4.382862319495553 2.567647495650885
4.382812512617844 2.5676305138777566
4.382812512617844 2.5676305138777566
4.382862364129026 2.567647380702341
4.382862364129026 2.567647380702341
4.382812503702041 2.567630491846696
4.382812503702041 2.567630491846696
4.3828622079187705 2.5676475716730076
4.3828622079187705 2.5676475716730076
4.382812246635472 2.567630495214824
4.382812246635472 2.567630495214824
4.382862620743411 2.5676473738785908
4.382862620743411 2.5676473738785908
4.382812087889496 2.567630694886343
4.382812087889496 2.567630694886343
4.382862703600929 2.567647285559503
4.382862703600929 2.567647285559503
4.382811973999024 2.5676306609352917
4.382811973999024 2.5676306609352917
4.382862829525928 2.5676472230952263
4.382862829525928 2.5676472230952263
4.382811922347654 2.567630871710334
4.382811922347654 2.567630871710334
4.382862862745575 2.567647052180675
4.382862862745575 2.567647052180675
4.382811956006339 2.5676310554486195
4.382811956006339 2.5676310554486195
4.382863115390992 2.5676469256426655
4.382863115390992 2.5676469256426655
4.382811148691691 2.567631290779858
4.382811148691691 2.567631290779858
4.382863686848661 2.5676467156397083
4.382863686848661 2.5676467156397083
4.3828111158372005 2.5676311994083156
4.3828111158372005 2.5676311994083156
4.382863632175369 2.5676466941512253
4.382863632175369 2.5676466941512253
4.382811346781964 2.5676312111379125
4.382811346781964 2.5676312111379125
4.382863420501638 2.567646845044073
4.382863420501638 2.567646845044073
4.382811302533058 2.567631157086474
4.382811302533058 2.567631157086474
4.3828634656242755 2.567646664160246
4.3828634656242755 2.567646664160246
4.3828113906494135 2.567631271546912
4.3828113906494135 2.567631271546912
4.38286327352378 2.567646510534781
4.38286327352378 2.567646510534781
4.382811493852961 2.567631547325126
4.382811493852961 2.567631547325126
4.382863060973683 2.567646462198175
4.382863060973683 2.567646462198175
4.382811783797162 2.5676315093244084
4.382811783797162 2.5676315093244084
4.38286317976787 2.567646430544762
4.38286317976787 2.567646430544762
4.382811598583101 2.567631359444925
4.382811598583101 2.567631359444925
4.382863504012663 2.5676464795047473
4.382863504012663 2.5676464795047473
4.382811393365469 2.567631512235954
4.382811393365469 2.567631512235954
4.382863243157074 2.5676466096423964
4.382863243157074 2.5676466096423964
4.38281142134932 2.5676314076044116
4.38281142134932 2.5676314076044116
4.382863161926273 2.567646694038124
4.382863161926273 2.567646694038124
4.382811742329878 2.5676312637934666
4.382811742329878 2.5676312637934666
4.382862920901575 2.5676467506403386
4.382862920901575 2.5676467506403386
4.382812038366785 2.5676312253116755
4.382812038366785 2.5676312253116755
4.3828626133837885 2.5676466286675077
4.3828626133837885 2.5676466286675077
4.382812144573465 2.567631462606498
4.382812144573465 2.567631462606498
4.382862381300683 2.5676466505249413
4.382862381300683 2.5676466505249413
4.382812471532021 2.5676312883319414
4.382812471532021 2.5676312883319414
4.382862102106605 2.567646681201781
4.382862102106605 2.567646681201781
4.382812977885019 2.567631263647717
4.382812977885019 2.567631263647717
4.382861966814043 2.5676465243251534
4.382861966814043 2.5676465243251534
4.382812657332742 2.567631438537386
4.382812657332742 2.567631438537386
4.382862235870057 2.5676465503560624
4.382862235870057 2.5676465503560624
4.382812509034246 2.5676313815090843
4.382812509034246 2.5676313815090843
4.382862323064395 2.5676466239539026
4.382862323064395 2.5676466239539026
4.382812302383583 2.567631306741708
4.382812302383583 2.567631306741708
4.382862016051931 2.567646920881614
4.382862016051931 2.567646920881614
4.382812851632498 2.567630951350142
4.382812851632498 2.567630951350142
4.382862364840202 2.567646958181611
4.382862364840202 2.567646958181611
4.382812766773774 2.567631009394992
4.382812766773774 2.567631009394992
4.382861727347194 2.5676471440777373
4.382861727347194 2.5676471440777373
4.382813170768232 2.567630598159844
4.382813170768232 2.567630598159844
4.382861455683502 2.5676473858026596
4.382861455683502 2.5676473858026596
4.382813359588143 2.5676306878785766
4.382813359588143 2.5676306878785766
4.382861299227991 2.5676471656669824
4.382861299227991 2.5676471656669824
4.38281333743409 2.5676308904198306
4.38281333743409 2.5676308904198306
4.382861633133403 2.567647106591902
4.382861633133403 2.567647106591902
4.382813078384866 2.5676309580045653
4.382813078384866 2.5676309580045653
4.382861643307948 2.5676468802520973
4.382861643307948 2.5676468802520973
4.382813497808636 2.567631021993228
4.382813497808636 2.567631021993228
4.3828610587604455 2.5676469553659955
4.3828610587604455 2.5676469553659955
4.382813751650942 2.5676309615040207
4.382813751650942 2.5676309615040207
4.382860782520275 2.5676469268130284
4.382860782520275 2.5676469268130284
4.382813968995706 2.567630919115586
4.382813968995706 2.567630919115586
4.3828607143266884 2.5676472663097623
4.3828607143266884 2.5676472663097623
4.382814180932214 2.567630724602852
4.382814180932214 2.567630724602852
4.3828607335828025 2.5676471995399965
4.3828607335828025 2.5676471995399965
4.3828142268651025 2.567630619523898
4.3828142268651025 2.567630619523898
4.382860587899995 2.567647448103289
4.382860587899995 2.567647448103289
4.382814274169059 2.5676304327370145
4.382814274169059 2.5676304327370145
4.382860573812685 2.567647508371785
4.382860573812685 2.567647508371785
4.382814240860705 2.567630406230259
4.382814240860705 2.567630406230259
4.382860628654239 2.567647551807981
4.382860628654239 2.567647551807981
4.382814301197522 2.567630311794584
4.382814301197522 2.567630311794584
4.382860828639802 2.5676474171427937
4.382860828639802 2.5676474171427937
4.382813782735776 2.567630548652027
4.382813782735776 2.567630548652027
4.382861014528464 2.567647343646662
4.382861014528464 2.567647343646662
4.3828138002731665 2.5676307287825297
4.3828138002731665 2.5676307287825297
4.382860761154186 2.567647115692239
4.382860761154186 2.567647115692239
4.382813969100295 2.5676308807386974
4.382813969100295 2.5676308807386974
4.382860583478043 2.5676470981629014
4.382860583478043 2.5676470981629014
4.382814182212791 2.5676309244571316
4.382814182212791 2.5676309244571316
4.382860833671889 2.5676471642118224
4.382860833671889 2.5676471642118224
4.382814077539534 2.567630606426836
4.382814077539534 2.567630606426836
4.382860700858672 2.5676473521994096
4.382860700858672 2.5676473521994096
4.382814161533962 2.567630527896776
4.382814161533962 2.567630527896776
4.382860716741863 2.5676474426955593
4.382860716741863 2.5676474426955593
4.382814045161577 2.5676304258389284
4.382814045161577 2.5676304258389284
4.382860503326242 2.567647634330246
4.382860503326242 2.567647634330246
4.382814328395168 2.567630217472034
4.382814328395168 2.567630217472034
4.38286053400565 2.567647661170727
4.38286053400565 2.567647661170727
4.382814127138235 2.567630351549989
4.382814127138235 2.567630351549989
4.382860352775442 2.567647724672494
4.382860352775442 2.567647724672494
4.38281453496374 2.567630171278309
4.38281453496374 2.567630171278309
4.382860716333182 2.5676477283634602
4.382860716333182 2.5676477283634602
4.382814044861752 2.5676302970505973
4.382814044861752 2.5676302970505973
4.382860787904349 2.5676475504450846
4.382860787904349 2.5676475504450846
4.382814227723596 2.5676302322659765
4.382814227723596 2.5676302322659765
4.382860285060475 2.5676477353072475
4.382860285060475 2.5676477353072475
4.382814688806397 2.5676300812545523
4.382814688806397 2.5676300812545523
4.3828599658441405 2.567647831576925
4.3828599658441405 2.567647831576925
4.382814680682035 2.567630106305084
4.382814680682035 2.567630106305084
4.382860489210949 2.567647735143411
4.382860489210949 2.567647735143411
4.38281418920527 2.5676302132718876
4.38281418920527 2.5676302132718876
4.382860512909256 2.5676479048736747
4.382860512909256 2.5676479048736747
4.382814248655358 2.567629962873216
4.382814248655358 2.567629962873216
4.382860427429335 2.5676479829146728
4.382860427429335 2.5676479829146728
4.38281451310737 2.567629978547532
4.38281451310737 2.567629978547532
4.3828603338087 2.567648101352541
4.3828603338087 2.567648101352541
4.382814366005962 2.567630018957817
4.382814366005962 2.567630018957817
4.3828603973795826 2.567647846236386
4.3828603973795826 2.567647846236386
4.3828144586325655 2.567630194768352
4.3828144586325655 2.567630194768352
4.382860187654766 2.567647876761813
4.382860187654766 2.567647876761813
4.382814736410492 2.5676301468495843
4.382814736410492 2.5676301468495843
4.382860039653747 2.567647813705986
4.382860039653747 2.567647813705986
4.382814508917461 2.5676302652348695
4.382814508917461 2.5676302652348695
4.382860355652087 2.567647458325968
4.382860355652087 2.567647458325968
4.382814488246295 2.5676304868755464
4.382814488246295 2.5676304868755464
4.382860258665523 2.5676474427897387
4.382860258665523 2.5676474427897387
4.3828143390785295 2.5676305860669117
4.3828143390785295 2.5676305860669117
4.382860191545818 2.567647456908161
4.382860191545818 2.567647456908161
4.382814094151573 2.5676308279966125
4.382814094151573 2.5676308279966125
4.382860636649576 2.5676471656757225
4.382860636649576 2.5676471656757225
4.382814159617445 2.5676308141440614
4.382814159617445 2.5676308141440614
4.3828606553699165 2.5676472540631297
4.3828606553699165 2.5676472540631297
4.38281392684908 2.567630683212288
4.38281392684908 2.567630683212288
4.38286120055699 2.567647040342495
4.38286120055699 2.567647040342495
4.382813894110431 2.567630814717555
4.382813894110431 2.567630814717555
4.382860822700626 2.5676471584060407
4.382860822700626 2.5676471584060407
4.382814058836903 2.56763081150999
4.382814058836903 2.56763081150999
4.382860654671752 2.5676470914022933
4.382860654671752 2.5676470914022933
4.382814008108553 2.5676307661860043
4.382814008108553 2.5676307661860043
4.382860871381008 2.5676472870105473
4.382860871381008 2.5676472870105473
4.382814059055401 2.5676307317210454
4.382814059055401 2.5676307317210454
4.382860524547542 2.5676473581868247
4.382860524547542 2.5676473581868247
4.382814202845347 2.567630556118978
4.382814202845347 2.567630556118978
4.382860595076783 2.5676474192858194
4.382860595076783 2.5676474192858194
4.382814183769437 2.567630541933725
4.382814183769437 2.567630541933725
4.382860583972079 2.5676475605827687
4.382860583972079 2.5676475605827687
4.38281421501694 2.5676305740133936
4.38281421501694 2.5676305740133936
4.3828605659973485 2.56764738366561
4.3828605659973485 2.56764738366561
4.382814030644811 2.56763048946339
4.382814030644811 2.56763048946339
4.382860834385268 2.5676473870914163
4.382860834385268 2.5676473870914163
4.382813911545537 2.567630545162505
4.382813911545537 2.567630545162505
4.382860817237079 2.5676473656375123
4.382860817237079 2.5676473656375123
4.382814127157658 2.5676305903241556
4.382814127157658 2.5676305903241556
4.382860787096419 2.5676473335878587
4.382860787096419 2.5676473335878587
4.382814261405442 2.5676304031773984
4.382814261405442 2.5676304031773984
4.38286046430134 2.567647509261097
4.38286046430134 2.567647509261097
4.382814199230421 2.5676305022455437
4.382814199230421 2.5676305022455437
4.382860549137586 2.56764742675178
4.382860549137586 2.56764742675178
4.382814296662131 2.567630361808313
4.382814296662131 2.567630361808313
4.382860679382257 2.567647466079801
4.382860679382257 2.567647466079801
4.382813887069271 2.56763061735047
4.382813887069271 2.56763061735047
4.382860959989833 2.567647323407969
4.382860959989833 2.567647323407969
4.382813687238421 2.5676306694293296
4.382813687238421 2.5676306694293296
4.382860910293298 2.567647357390833
4.382860910293298 2.567647357390833
4.38281383834487 2.5676308155247836
4.38281383834487 2.5676308155247836
4.382860927389585 2.5676472058197057
4.382860927389585 2.5676472058197057
4.382813806345054 2.5676309466380265
4.382813806345054 2.5676309466380265
4.382861174606003 2.567647116955715
4.382861174606003 2.567647116955715
4.382813323619125 2.567630903323859
4.382813323619125 2.567630903323859
4.38286168636427 2.5676471192168475
4.38286168636427 2.5676471192168475
4.382813085680473 2.5676307691645137
4.382813085680473 2.5676307691645137
4.382861984088276 2.5676470781120635
4.382861984088276 2.5676470781120635
4.382813031033432 2.5676306958796227
4.382813031033432 2.5676306958796227
4.382862005171088 2.5676471699230836
4.382862005171088 2.5676471699230836
4.382812698814756 2.567630869814297
4.382812698814756 2.567630869814297
4.382861956967845 2.56764711689045
4.382861956967845 2.56764711689045
4.382812794091839 2.567630722605261
4.382812794091839 2.567630722605261
4.3828620163653955 2.567647189618709
4.3828620163653955 2.567647189618709
4.382812966292835 2.5676307180338593
4.382812966292835 2.5676307180338593
4.382861751257701 2.567647253751456
4.382861751257701 2.567647253751456
4.382813113315995 2.5676308708845195
4.382813113315995 2.5676308708845195
4.3828617137707315 2.567646975724745
4.3828617137707315 2.567646975724745
4.382813236203831 2.567631223103476
4.382813236203831 2.567631223103476
4.382861447198152 2.567646722225447
4.382861447198152 2.567646722225447
4.38281309695307 2.5676313233267214
4.38281309695307 2.5676313233267214
4.382861750557658 2.567646615099406
4.382861750557658 2.567646615099406
4.382813117567677 2.567631286335697
4.382813117567677 2.567631286335697
4.382861885300551 2.567646458111222
4.382861885300551 2.567646458111222
4.382812664003293 2.5676313937707156
4.382812664003293 2.5676313937707156
4.382861887274855 2.5676464258705787
4.382861887274855 2.5676464258705787
4.382812858814718 2.5676315059615393
4.382812858814718 2.5676315059615393
4.382862299534167 2.567646068199775
4.382862299534167 2.567646068199775
4.382812574704043 2.56763199086058
4.382812574704043 2.56763199086058
4.38286207567327 2.5676458708078918
4.38286207567327 2.5676458708078918
4.3828126482739735 2.567631940782035
4.3828126482739735 2.567631940782035
4.382862109443534 2.5676459237755633
4.382862109443534 2.5676459237755633
4.382812745132902 2.56763220279314
4.382812745132902 2.56763220279314
4.382861922557357 2.5676460616604744
4.382861922557357 2.5676460616604744
4.382812642457168 2.5676319490154196
4.382812642457168 2.5676319490154196
4.382861857367482 2.5676461073194723
4.382861857367482 2.5676461073194723
4.382812792031901 2.5676321978216428
4.382812792031901 2.5676321978216428
4.382862164854244 2.567645710612263
4.382862164854244 2.567645710612263
4.382812706172254 2.5676323476955707
4.382812706172254 2.5676323476955707
4.382862037131329 2.5676455855855522
4.382862037131329 2.5676455855855522
4.382812956912356 2.5676324068066023
4.382812956912356 2.5676324068066023
4.3828619287918 2.567645582398908
4.3828619287918 2.567645582398908
4.382812835057878 2.567632473041931
4.382812835057878 2.567632473041931
4.382861765261804 2.56764540547765
4.382861765261804 2.56764540547765
4.382812894188251 2.5676324877213714
4.382812894188251 2.5676324877213714
4.382861935045864 2.5676454866354677
4.382861935045864 2.5676454866354677
4.382812678735811 2.567632634893832
4.382812678735811 2.567632634893832
4.382862104161859 2.5676451895406567
4.382862104161859 2.5676451895406567
4.382812410128515 2.5676327390171165
4.382812410128515 2.5676327390171165
4.382862560611134 2.567645008480059
4.382862560611134 2.567645008480059
4.382812196527228 2.567632847169215
4.382812196527228 2.567632847169215
4.382862654413971 2.5676450862510736
4.382862654413971 2.5676450862510736
4.382812008873688 2.567632802729965
4.382812008873688 2.567632802729965
4.382862907112325 2.5676452449548335
4.382862907112325 2.5676452449548335
4.382811937478151 2.56763266365972
4.382811937478151 2.56763266365972
4.382862863646976 2.5676452822072853
4.382862863646976 2.5676452822072853
4.382811984974617 2.567632745447037
4.382811984974617 2.567632745447037
4.382862749124068 2.567645282737267
4.382862749124068 2.567645282737267
4.382812011547742 2.5676327773675323
4.382812011547742 2.5676327773675323
4.382862576801376 2.5676453892277795
4.382862576801376 2.5676453892277795
4.3828122032923 2.567632405985012
4.3828122032923 2.567632405985012
4.3828625382332955 2.5676455265706752
4.3828625382332955 2.5676455265706752
4.382812179026973 2.5676325719084017
4.382812179026973 2.5676325719084017
4.382862587190685 2.567645318559707
4.382862587190685 2.567645318559707
4.382812137557976 2.567632879340777
4.382812137557976 2.567632879340777
4.382862824527383 2.5676450525281624
4.382862824527383 2.5676450525281624
4.382812146396651 2.567632786575984
4.382812146396651 2.567632786575984
4.382862672749653 2.5676450898331606
4.382862672749653 2.5676450898331606
4.382812492694771 2.567632600699154
4.382812492694771 2.567632600699154
4.382862009312885 2.567645520047716
4.382862009312885 2.567645520047716
4.382812826802162 2.567632482804975
4.382812826802162 2.567632482804975
4.382862198679733 2.567645372669017
4.382862198679733 2.567645372669017
4.382812294125273 2.5676328172452187
4.382812294125273 2.5676328172452187
4.38286271519499 2.5676451032810297
4.38286271519499 2.5676451032810297
4.382812141732038 2.5676328295806363
4.382812141732038 2.5676328295806363
4.382862597884039 2.567645104940062
4.382862597884039 2.567645104940062
4.382812163290482 2.5676327604531153
4.382812163290482 2.5676327604531153
4.382862670969115 2.567645241845475
4.382862670969115 2.567645241845475
4.382811845073509 2.5676327870426228
4.382811845073509 2.5676327870426228
4.382862844701843 2.567645159260735
4.382862844701843 2.567645159260735
4.382811851139388 2.5676327870131486
4.382811851139388 2.5676327870131486
4.38286295313647 2.5676452615142944
4.38286295313647 2.5676452615142944
4.382811864438733 2.5676327087180533
4.382811864438733 2.5676327087180533
4.382862839826261 2.567645364734271
4.382862839826261 2.567645364734271
4.382811617674439 2.5676327719041474
4.382811617674439 2.5676327719041474
4.382863172099235 2.5676451490578107
4.382863172099235 2.5676451490578107
4.382811975720186 2.5676326994324694
4.382811975720186 2.5676326994324694
4.382862925703849 2.5676452213665204
4.382862925703849 2.5676452213665204
4.382811911827726 2.567632781899098
4.382811911827726 2.567632781899098
4.382862902544937 2.5676451875410566
4.382862902544937 2.5676451875410566
4.382811661777324 2.567632830034047
4.382811661777324 2.567632830034047
4.382863304279862 2.5676451007867858
4.382863304279862 2.5676451007867858
4.382811711939074 2.567632910910633
4.382811711939074 2.567632910910633
4.3828632994887196 2.567645113534706
4.3828632994887196 2.567645113534706
4.382811362002068 2.56763277376175
4.382811362002068 2.56763277376175
4.3828631453356515 2.5676452567083166
4.3828631453356515 2.5676452567083166
4.382811267122098 2.5676325986600843
4.382811267122098 2.5676325986600843
4.382863854150079 2.567645293666053
4.382863854150079 2.567645293666053
4.382810966625747 2.567632782584902
4.382810966625747 2.567632782584902
4.3828638560039455 2.5676450885214064
4.3828638560039455 2.5676450885214064
4.382811111745299 2.567632950496567
4.382811111745299 2.567632950496567
4.382863347797444 2.56764509396466
4.382863347797444 2.56764509396466
4.38281140932275 2.567632969386275
4.38281140932275 2.567632969386275
4.382863566520573 2.5676449047426013
4.382863566520573 2.5676449047426013
4.382811179954121 2.567633121615098
4.382811179954121 2.567633121615098
4.382863655599096 2.567644880749909
4.382863655599096 2.567644880749909
4.3828110218026985 2.56763313705626
4.3828110218026985 2.56763313705626
4.382863854654061 2.5676447616607216
4.382863854654061 2.5676447616607216
4.382811009057083 2.5676332095763543
4.382811009057083 2.5676332095763543
4.382863848216729 2.5676447623599774
4.382863848216729 2.5676447623599774
4.3828108977183815 2.567633213377279
4.3828108977183815 2.567633213377279
4.3828638199765795 2.5676447939458558
4.3828638199765795 2.5676447939458558
4.382810695100453 2.567633238850838
4.382810695100453 2.567633238850838
4.382864121904049 2.5676448373948544
4.382864121904049 2.5676448373948544
4.38281041388679 2.5676329143706447
4.38281041388679 2.5676329143706447
4.382864478108965 2.567644919577483
4.382864478108965 2.567644919577483
4.38281032582348 2.5676332319983874
4.38281032582348 2.5676332319983874
4.3828642911757285 2.5676447066787533
4.3828642911757285 2.5676447066787533
4.382810278395948 2.5676334091447517
4.382810278395948 2.5676334091447517
4.38286433821135 2.56764453066812
4.38286433821135 2.56764453066812
4.3828105984408365 2.567633585323293
4.3828105984408365 2.567633585323293
4.382863957309069 2.567644439583824
4.382863957309069 2.567644439583824
4.382810746663654 2.567633343386508
4.382810746663654 2.567633343386508
4.38286400821471 2.567644518397869
4.38286400821471 2.567644518397869
4.382810835964892 2.5676331851153806
4.382810835964892 2.5676331851153806
4.382864047395493 2.567644806230436
4.382864047395493 2.567644806230436
4.382810792397108 2.5676331970929818
4.382810792397108 2.5676331970929818
4.382864483994796 2.5676446765970034
4.382864483994796 2.5676446765970034
4.38281014248549 2.567633519957885
4.38281014248549 2.567633519957885
4.382864653392639 2.567644329554399
4.382864653392639 2.567644329554399
4.382810391373578 2.5676335063446047
4.382810391373578 2.5676335063446047
4.3828643828105225 2.5676445818890183
4.3828643828105225 2.5676445818890183
4.382810219702531 2.5676334317527294
4.382810219702531 2.5676334317527294
4.382864453267995 2.567644587739404
4.382864453267995 2.567644587739404
4.382810288206 2.5676333456364784
4.382810288206 2.5676333456364784
4.382864552945352 2.567644611206143
4.382864552945352 2.567644611206143
4.3828102257193775 2.5676334770770146
4.3828102257193775 2.5676334770770146
4.3828645861779165 2.567644462262014
4.3828645861779165 2.567644462262014
4.382810311873445 2.5676333171051726
4.382810311873445 2.5676333171051726
4.382864561783471 2.5676445369795697
4.382864561783471 2.5676445369795697
4.382810348443908 2.567633260250399
4.382810348443908 2.567633260250399
4.3828644878818706 2.5676447874580552
4.3828644878818706 2.5676447874580552
4.382810538889745 2.5676331251941793
4.382810538889745 2.5676331251941793
4.38286418016392 2.567644882003892
4.38286418016392 2.567644882003892
4.382810689715132 2.567633182245903
4.382810689715132 2.567633182245903
4.382864218506901 2.5676448282626807
4.382864218506901 2.5676448282626807
4.382810568662006 2.5676333943834475
4.382810568662006 2.5676333943834475
4.382864141095899 2.5676447334750274
4.382864141095899 2.5676447334750274
4.382810518608023 2.5676333579714403
4.382810518608023 2.5676333579714403
4.382864298763037 2.567644719430745
4.382864298763037 2.567644719430745
4.382810214624113 2.5676332711192655
4.382810214624113 2.5676332711192655
4.382864824468765 2.567644447192964
4.382864824468765 2.567644447192964
4.382810201583096 2.567633158817361
4.382810201583096 2.567633158817361
4.382864868385967 2.567644741682022
4.382864868385967 2.567644741682022
4.38280997425135 2.5676332613991195
4.38280997425135 2.5676332613991195
4.382864733625909 2.5676446090269303
4.382864733625909 2.5676446090269303
4.3828101286706875 2.5676333186339004
4.3828101286706875 2.5676333186339004
4.38286454179402 2.5676447016597845
4.38286454179402 2.5676447016597845
4.382810244887865 2.567633220059028
4.382810244887865 2.567633220059028
4.382864453283103 2.5676448623958286
4.382864453283103 2.5676448623958286
4.382810092182353 2.567633373814496
4.382810092182353 2.567633373814496
4.382864695407551 2.5676446875583285
4.382864695407551 2.5676446875583285
4.382810008348503 2.567633395548887
4.382810008348503 2.567633395548887
4.382864638173779 2.5676448210364917
4.382864638173779 2.5676448210364917
4.382810317208285 2.5676330842423694
4.382810317208285 2.5676330842423694
4.382864418289829 2.5676448493134267
4.382864418289829 2.5676448493134267
4.382810257809891 2.567633170193578
4.382810257809891 2.567633170193578
4.382864765609974 2.567644742059195
4.382864765609974 2.567644742059195
4.382809779251815 2.5676331895260205
4.382809779251815 2.5676331895260205
4.382864981168921 2.5676448087079304
4.382864981168921 2.5676448087079304
4.382809995648738 2.5676330198591635
4.382809995648738 2.5676330198591635
4.382864738452844 2.567644913698416
4.382864738452844 2.567644913698416
4.382809910817693 2.567633086654241
4.382809910817693 2.567633086654241
4.382865454278171 2.5676448362299524
4.382865454278171 2.5676448362299524
4.382809666001538 2.56763295465801
4.382809666001538 2.56763295465801
4.382865173376474 2.5676450493785112
4.382865173376474 2.5676450493785112
4.382809414417571 2.567632822349331
4.382809414417571 2.567632822349331
4.382865108530172 2.5676452785363484
4.382865108530172 2.5676452785363484
4.38280945940132 2.5676326682082555
4.38280945940132 2.5676326682082555
4.382865374737361 2.567645238260432
4.382865374737361 2.567645238260432
4.38280924699082 2.5676327952406215
4.38280924699082 2.5676327952406215
4.382865218399579 2.567645275941287
4.382865218399579 2.567645275941287
4.382809356172732 2.5676327133129586
4.382809356172732 2.5676327133129586
4.382865694125001 2.567645120744537
4.382865694125001 2.567645120744537
4.382808976964876 2.5676329006495773
4.382808976964876 2.5676329006495773
4.38286603722633 2.567645040017803
4.38286603722633 2.567645040017803
4.382808838449229 2.56763302994253
4.382808838449229 2.56763302994253
4.3828659565585415 2.5676448603250126
4.3828659565585415 2.5676448603250126
4.382808808376503 2.5676331377517703
4.382808808376503 2.5676331377517703
4.382866030815482 2.56764486757405
4.382866030815482 2.56764486757405
4.382808815053142 2.567632816304168
4.382808815053142 2.567632816304168
4.38286594809431 2.5676451814287833
4.38286594809431 2.5676451814287833
4.382808947197129 2.5676328108742172
4.382808947197129 2.5676328108742172
4.382865977264627 2.567645347230598
4.382865977264627 2.567645347230598
4.382808950075018 2.567632710109515
4.382808950075018 2.567632710109515
4.382865764821807 2.5676452991359335
4.382865764821807 2.5676452991359335
4.382808904284472 2.5676330415452364
4.382808904284472 2.5676330415452364
4.3828660863033875 2.5676447050816438
4.3828660863033875 2.5676447050816438
4.38280867167778 2.5676331480880847
4.38280867167778 2.5676331480880847
4.38286604748405 2.567644813096336
4.38286604748405 2.567644813096336
4.382808597666272 2.5676331416697336
4.382808597666272 2.5676331416697336
4.382866161019507 2.5676448580539897
4.382866161019507 2.5676448580539897
4.382808697068458 2.567632922023926
4.382808697068458 2.567632922023926
4.3828659862128045 2.567645022313357
4.3828659862128045 2.567645022313357
4.3828090651353495 2.5676327108516266
4.3828090651353495 2.5676327108516266
4.38286586250435 2.5676451261597393
4.38286586250435 2.5676451261597393
4.382809048042601 2.567632734746888
4.382809048042601 2.567632734746888
4.3828662021398825 2.5676450478389046
4.3828662021398825 2.5676450478389046
4.382808720090333 2.567633011176594
4.382808720090333 2.567633011176594
4.382866166982986 2.567644981788203
4.382866166982986 2.567644981788203
4.382808672041884 2.5676328769659977
4.382808672041884 2.5676328769659977
4.3828662958009055 2.5676451231171056
4.3828662958009055 2.5676451231171056
4.382808305628767 2.567632990639868
4.382808305628767 2.567632990639868
4.382866453635536 2.5676450089455445
4.382866453635536 2.5676450089455445
4.382807943519239 2.567633056367192
4.382807943519239 2.567633056367192
4.382866808213108 2.567645123072527
4.382866808213108 2.567645123072527
4.382808084000985 2.5676329192827656
4.382808084000985 2.5676329192827656
4.382866736596301 2.5676451666105997
4.382866736596301 2.5676451666105997
4.382808141463511 2.5676329060247314
4.382808141463511 2.5676329060247314
4.382866666079734 2.567645081347609
4.382866666079734 2.567645081347609
4.382808140440894 2.56763308419502
4.382808140440894 2.56763308419502
4.382866694262607 2.567644772022831
4.382866694262607 2.567644772022831
4.382808214908315 2.5676330152800313
4.382808214908315 2.5676330152800313
4.38286678072399 2.567645053217909
4.38286678072399 2.567645053217909
4.382808006746587 2.567632864386441
4.382808006746587 2.567632864386441
4.382866784930972 2.5676451539112293
4.382866784930972 2.5676451539112293
4.382807982774506 2.5676328439597205
4.382807982774506 2.5676328439597205
4.382866766940676 2.567645384080424
4.382866766940676 2.567645384080424
4.3828077052786885 2.567632507728052
4.3828077052786885 2.567632507728052
4.3828672593294495 2.5676453919213365
4.3828672593294495 2.5676453919213365
4.3828077096713205 2.567632460026692
4.3828077096713205 2.567632460026692
4.38286727248701 2.5676453107859456
4.38286727248701 2.5676453107859456
4.382807475506069 2.567632720799391
4.382807475506069 2.567632720799391
4.382867365361573 2.567645286258258
4.382867365361573 2.567645286258258
4.382807453432685 2.567632650694518
4.382807453432685 2.567632650694518
4.382867367579454 2.5676454390764416
4.382867367579454 2.5676454390764416
4.382807317453772 2.5676325522147034
4.382807317453772 2.5676325522147034
4.3828673421461 2.567645520965031
4.3828673421461 2.567645520965031
4.3828076083554 2.5676324596503406
4.3828076083554 2.5676324596503406
4.382866968743296 2.567645556751645
4.382866968743296 2.567645556751645
4.382808080735195 2.5676323525430322
4.382808080735195 2.5676323525430322
4.382866590348062 2.5676459229185555
4.382866590348062 2.5676459229185555
4.382808075641904 2.567631993017543
4.382808075641904 2.567631993017543
4.382866840817165 2.567645920272774
4.382866840817165 2.567645920272774
4.382808136337279 2.567631979215565
4.382808136337279 2.567631979215565
4.382866672210623 2.5676458558923354
4.382866672210623 2.5676458558923354
4.382808379964756 2.5676319497185687
4.382808379964756 2.5676319497185687
4.382866186148994 2.567646138309344
4.382866186148994 2.567646138309344
4.382808880990987 2.5676316984349588
4.382808880990987 2.5676316984349588
4.382865698188004 2.5676464148596594
4.382865698188004 2.5676464148596594
4.382808998663126 2.56763145193355
4.382808998663126 2.56763145193355
4.382866150485345 2.5676465449601733
4.382866150485345 2.5676465449601733
4.382808749495242 2.567631195454296
4.382808749495242 2.567631195454296
4.382866422029382 2.5676466890496252
4.382866422029382 2.5676466890496252
4.382808173021742 2.5676313490746074
4.382808173021742 2.5676313490746074
4.3828668164654685 2.567646580490291
4.3828668164654685 2.567646580490291
4.382808298380102 2.567631319489832
4.382808298380102 2.567631319489832
4.382866544014748 2.567646913642723
4.382866544014748 2.567646913642723
4.382808022377927 2.567630982132512
4.382808022377927 2.567630982132512
4.382866922102683 2.5676468504546013
4.382866922102683 2.5676468504546013
4.382807727689111 2.5676311398273564
4.382807727689111 2.5676311398273564
4.382867047491561 2.567646851984577
4.382867047491561 2.567646851984577
4.382807793865835 2.56763112493749
4.382807793865835 2.56763112493749
4.382866603022355 2.5676469610622195
4.382866603022355 2.5676469610622195
4.3828082167043885 2.5676309405672404
4.3828082167043885 2.5676309405672404
4.3828668281622996 2.567646682295416
4.3828668281622996 2.567646682295416
4.382807738418864 2.567631405798263
4.382807738418864 2.567631405798263
4.382866808787538 2.567646794940456
4.382866808787538 2.567646794940456
4.382807799412064 2.5676311301578147
4.382807799412064 2.5676311301578147
4.382867311169873 2.567646735443493
4.382867311169873 2.567646735443493
4.382807412536461 2.5676313053368247
4.382807412536461 2.5676313053368247
4.382867052332771 2.5676467650370784
4.382867052332771 2.5676467650370784
4.382807627151953 2.5676312104583316
4.382807627151953 2.5676312104583316
4.38286735843131 2.567646685958467
4.38286735843131 2.567646685958467
4.382807693899808 2.567631195898306
4.382807693899808 2.567631195898306
4.382866981072968 2.5676467798739484
4.382866981072968 2.5676467798739484
4.382807965846032 2.5676310528591855
4.382807965846032 2.5676310528591855
4.382866853344144 2.567646810837238
4.382866853344144 2.567646810837238
4.382807926212164 2.567630988718851
4.382807926212164 2.567630988718851
4.382866657681013 2.5676470154821844
4.382866657681013 2.5676470154821844
4.382808143029117 2.567630930891896
4.382808143029117 2.567630930891896
4.382866742490529 2.5676471426817717
4.382866742490529 2.5676471426817717
4.382807869589119 2.5676310067239596
4.382807869589119 2.5676310067239596
4.382867124652395 2.567647116804945
4.382867124652395 2.567647116804945
4.382807441990411 2.5676310055816884
4.382807441990411 2.5676310055816884
4.382866819872679 2.5676470792829034
4.382866819872679 2.5676470792829034
4.382808025550533 2.5676308959220706
4.382808025550533 2.5676308959220706
4.382866733115453 2.5676471739470776
4.382866733115453 2.5676471739470776
4.382808343794019 2.567630664987198
4.382808343794019 2.567630664987198
4.382866305682106 2.56764735655659
4.382866305682106 2.56764735655659
4.382808634021548 2.5676305197207507
4.382808634021548 2.5676305197207507
4.382866100151325 2.5676474062217802
4.382866100151325 2.5676474062217802
4.3828087622137435 2.567630525821374
4.3828087622137435 2.567630525821374
4.382866029702713 2.567647422182828
4.382866029702713 2.567647422182828
4.382809010088407 2.567630794657252
4.382809010088407 2.567630794657252
4.382865784333496 2.5676468985806893
4.382865784333496 2.5676468985806893
4.3828091405604255 2.567631017448088
4.3828091405604255 2.567631017448088
4.382865448158477 2.567647019120164
4.382865448158477 2.567647019120164
4.382809346870659 2.567630930380994
4.382809346870659 2.567630930380994
4.38286537121217 2.567647072852164
4.38286537121217 2.567647072852164
4.382809469817609 2.5676309371540893
4.382809469817609 2.5676309371540893
4.382865248234031 2.567647066422909
4.382865248234031 2.567647066422909
4.382809472834093 2.5676309377869937
4.382809472834093 2.5676309377869937
4.382865237969893 2.567646852901004
4.382865237969893 2.567646852901004
4.382809357905308 2.5676311832410774
4.382809357905308 2.5676311832410774
4.382865562031986 2.5676467323834955
4.382865562031986 2.5676467323834955
4.382808972322046 2.567631286413708
4.382808972322046 2.567631286413708
4.382865701207355 2.5676466569539467
4.382865701207355 2.5676466569539467
4.382809075934425 2.567631116452487
4.382809075934425 2.567631116452487
4.382865616653577 2.567646748450029
4.382865616653577 2.567646748450029
4.382809309848049 2.5676311330360386
4.382809309848049 2.5676311330360386
4.382865428646762 2.5676467596411365
4.382865428646762 2.5676467596411365
4.382809042736374 2.5676310219621667
4.382809042736374 2.5676310219621667
4.382865899865023 2.567646814897968
4.382865899865023 2.567646814897968
4.3828089429515575 2.5676311942298162
4.3828089429515575 2.5676311942298162
4.3828659750138526 2.56764650167589
4.3828659750138526 2.56764650167589
4.38280885942998 2.5676314427038576
4.38280885942998 2.5676314427038576
4.382866036490271 2.567646518416383
4.382866036490271 2.567646518416383
4.38280858138064 2.5676314403790546
4.38280858138064 2.5676314403790546
4.382866133805833 2.56764656592214
4.382866133805833 2.56764656592214
4.382808529713748 2.5676314879602073
4.382808529713748 2.5676314879602073
4.382866282737844 2.567646346636112
4.382866282737844 2.567646346636112
4.3828084933708125 2.5676316467501517
4.3828084933708125 2.5676316467501517
4.382866406976556 2.5676461232581693
4.382866406976556 2.5676461232581693
4.382808108228423 2.5676317549567758
4.382808108228423 2.5676317549567758
4.382866843110625 2.567646332522005
4.382866843110625 2.567646332522005
4.382807736963042 2.5676317864082177
4.382807736963042 2.5676317864082177
4.382867198283851 2.5676461535093194
4.382867198283851 2.5676461535093194
4.382807578567114 2.5676316108873567
4.382807578567114 2.5676316108873567
4.382867245444587 2.56764624933084
4.382867245444587 2.56764624933084
4.382807334649248 2.5676318716227216
4.382807334649248 2.5676318716227216
4.38286718708231 2.5676461541936177
4.38286718708231 2.5676461541936177
4.382807939760678 2.567631890626432
4.382807939760678 2.567631890626432
4.3828669211245135 2.567646036299013
4.3828669211245135 2.567646036299013
4.382807758973735 2.5676319071324643
4.382807758973735 2.5676319071324643
4.382866971769378 2.5676460216361394
4.382866971769378 2.5676460216361394
4.382807764201128 2.5676319075393126
4.382807764201128 2.5676319075393126
4.382867249373014 2.567645828205896
4.382867249373014 2.567645828205896
4.382807446147202 2.567632264014281
4.382807446147202 2.567632264014281
4.382867209452058 2.5676457612376784
4.382867209452058 2.5676457612376784
4.382807622435273 2.5676319905006935
4.382807622435273 2.5676319905006935
4.382867123224962 2.5676460874082165
4.382867123224962 2.5676460874082165
4.382807480058796 2.5676318289921376
4.382807480058796 2.5676318289921376
4.382867253687487 2.5676459763214576
4.382867253687487 2.5676459763214576
4.38280759360879 2.5676320317987624
4.38280759360879 2.5676320317987624
4.382867088965919 2.5676456810667174
4.382867088965919 2.5676456810667174
4.382807335532368 2.567632373888647
4.382807335532368 2.567632373888647
4.382867698318425 2.5676456629512736
4.382867698318425 2.5676456629512736
4.382807150471927 2.567632344355398
4.382807150471927 2.567632344355398
4.382867672724536 2.5676457460418365
4.382867672724536 2.5676457460418365
4.3828068279165 2.5676323192983026
4.3828068279165 2.5676323192983026
4.3828679830877855 2.5676456188775085
4.3828679830877855 2.5676456188775085
4.382806992750682 2.567632278351291
4.382806992750682 2.567632278351291
4.382867601247612 2.567645655909964
4.382867601247612 2.567645655909964
4.38280713506781 2.5676322726220433
4.38280713506781 2.5676322726220433
4.3828678617381565 2.567645648354287
4.3828678617381565 2.567645648354287
4.382806980320245 2.5676322533002085
4.382806980320245 2.5676322533002085
4.382867706786226 2.5676458424447492
4.382867706786226 2.5676458424447492
4.382807305750435 2.567632124275569
4.382807305750435 2.567632124275569
4.382867468573635 2.567645746133025
4.382867468573635 2.567645746133025
4.3828074089633065 2.567632224375434
4.3828074089633065 2.567632224375434
4.382867524108909 2.5676459452710723
4.382867524108909 2.5676459452710723
4.382807365524868 2.567632005706622
4.382807365524868 2.567632005706622
4.382867324055803 2.5676460868950435
4.382867324055803 2.5676460868950435
4.382807412798693 2.5676318409810825
4.382807412798693 2.5676318409810825
4.382867089874448 2.567646144910988
4.382867089874448 2.567646144910988
4.382807840383566 2.5676316587709165
4.382807840383566 2.5676316587709165
4.382867026876672 2.567646387069625
4.382867026876672 2.567646387069625
4.382807661736065 2.567631585722395
4.382807661736065 2.567631585722395
4.382867207096397 2.567646231529748
4.382867207096397 2.567646231529748
4.38280753045185 2.567631696602177
4.38280753045185 2.567631696602177
4.382867521525192 2.567646214567273
4.382867521525192 2.567646214567273
4.382807383677672 2.567631657249208
4.382807383677672 2.567631657249208
4.382867477151772 2.567646501238605
4.382867477151772 2.567646501238605
4.382806693105269 2.5676315016631803
4.382806693105269 2.5676315016631803
4.382868175189183 2.567646312052036
4.382868175189183 2.567646312052036
4.3828065965600675 2.56763168462528
4.3828065965600675 2.56763168462528
4.3828680749018645 2.5676462569664853
4.3828680749018645 2.5676462569664853
4.382806776055511 2.5676316411016584
4.382806776055511 2.5676316411016584
4.382867992822505 2.567646354963488
4.382867992822505 2.567646354963488
4.382806722874147 2.5676316558514105
4.382806722874147 2.5676316558514105
4.382867846099898 2.567646467768506
4.382867846099898 2.567646467768506
4.382806846684415 2.56763162652945
4.382806846684415 2.56763162652945
4.382867863316939 2.5676463837233277
4.382867863316939 2.5676463837233277
4.382806825787962 2.5676316978827973
4.382806825787962 2.5676316978827973
4.382867884962212 2.5676463124983884
4.382867884962212 2.5676463124983884
4.382806774445194 2.5676316017547065
4.382806774445194 2.5676316017547065
4.382867875603496 2.567646423548606
4.382867875603496 2.567646423548606
4.382807163789726 2.567631570505011
4.382807163789726 2.567631570505011
4.382867398377247 2.5676462896701224
4.382867398377247 2.5676462896701224
4.382807430124167 2.567631570580537
4.382807430124167 2.567631570580537
4.382867279143997 2.567646438818502
4.382867279143997 2.567646438818502
4.382807378249085 2.5676315849390416
4.382807378249085 2.5676315849390416
4.382867336039393 2.5676461933922403
4.382867336039393 2.5676461933922403
4.382807550899205 2.5676316521368285
4.382807550899205 2.5676316521368285
4.3828671936696475 2.5676463048413334
4.3828671936696475 2.5676463048413334
4.3828076022665465 2.567631608267823
4.3828076022665465 2.567631608267823
4.382867533514964 2.5676463267440464
4.382867533514964 2.5676463267440464
4.382807314481013 2.56763168275365
4.382807314481013 2.56763168275365
4.382867510976402 2.567646176076368
4.382867510976402 2.567646176076368
4.382807356677938 2.5676317508263886
4.382807356677938 2.5676317508263886
4.382867506118408 2.567646175259552
4.382867506118408 2.567646175259552
4.382807287296652 2.567631737895836
4.382807287296652 2.567631737895836
4.382867248629421 2.5676463155097187
4.382867248629421 2.5676463155097187
4.382807371017179 2.5676316413000353
4.382807371017179 2.5676316413000353
4.382867627854557 2.567646405963646
4.382867627854557 2.567646405963646
4.3828069102994585 2.5676316486433524
4.3828069102994585 2.5676316486433524
4.3828679697196264 2.5676464297406465
4.3828679697196264 2.5676464297406465
4.382806938359382 2.567631564537114
4.382806938359382 2.567631564537114
4.382868022295723 2.5676464157662977
4.382868022295723 2.5676464157662977
4.38280641893283 2.5676315986868405
4.38280641893283 2.5676315986868405
4.3828681319775065 2.567646498549169
4.3828681319775065 2.567646498549169
4.382806513907409 2.567631516203565
4.382806513907409 2.567631516203565
4.382867962887724 2.5676464410111373
4.382867962887724 2.5676464410111373
4.382807018740836 2.567631568020855
4.382807018740836 2.567631568020855
4.382867805572097 2.5676462898350816
4.382867805572097 2.5676462898350816
4.382807237816532 2.567631469667386
4.382807237816532 2.567631469667386
4.38286754233767 2.5676467878565945
4.38286754233767 2.5676467878565945
4.382807151451136 2.5676313042715764
4.382807151451136 2.5676313042715764
4.382867924936261 2.567646613185555
4.382867924936261 2.567646613185555
4.382806870747037 2.567631298341583
4.382806870747037 2.567631298341583
4.382867552558864 2.567646705088027
4.382867552558864 2.567646705088027
4.382807073034374 2.5676311374615746
4.382807073034374 2.5676311374615746
4.382867532862053 2.5676468200022127
4.382867532862053 2.5676468200022127
4.382807159568523 2.567631039868657
4.382807159568523 2.567631039868657
4.382867752970722 2.567646753966753
4.382867752970722 2.567646753966753
4.382806796633356 2.567631218939758
4.382806796633356 2.567631218939758
4.382867994299561 2.5676466919777803
4.382867994299561 2.5676466919777803
4.38280687432582 2.5676312348621297
4.38280687432582 2.5676312348621297
4.382867814230142 2.5676468582471355
4.382867814230142 2.5676468582471355
4.382807286638899 2.567630856079223
4.382807286638899 2.567630856079223
4.382867447720649 2.567647104007266
4.382867447720649 2.567647104007266
4.382807331845475 2.5676305844399496
4.382807331845475 2.5676305844399496
4.382867270076784 2.567647335890355
4.382867270076784 2.567647335890355
4.382807465600385 2.5676305900024206
4.382807465600385 2.5676305900024206
4.382867598876185 2.567647251408447
4.382867598876185 2.567647251408447
4.382807155815622 2.567630591536145
4.382807155815622 2.567630591536145
4.382867915807752 2.567647518552593
4.382867915807752 2.567647518552593
4.382806734552016 2.567630778642618
4.382806734552016 2.567630778642618
4.382868194509342 2.5676471314347826
4.382868194509342 2.5676471314347826
4.382806560857698 2.5676307095628537
4.382806560857698 2.5676307095628537
4.382868214954244 2.5676472828736725
4.382868214954244 2.5676472828736725
4.382806429406439 2.5676307077918255
4.382806429406439 2.5676307077918255
4.382868607872688 2.5676472190062456
4.382868607872688 2.5676472190062456
4.38280632776527 2.567630691561097
4.38280632776527 2.567630691561097
4.382868694337452 2.567647355551687
4.382868694337452 2.567647355551687
4.382806241267384 2.5676305186973867
4.382806241267384 2.5676305186973867
4.382868444285787 2.5676476131032535
4.382868444285787 2.5676476131032535
4.382806377241315 2.56763024688323
4.382806377241315 2.56763024688323
4.382868074708275 2.5676477462924674
4.382868074708275 2.5676477462924674
4.382806554211 2.5676305991090667
4.382806554211 2.5676305991090667
4.382868403641357 2.5676475002087518
4.382868403641357 2.5676475002087518
4.382806328875827 2.5676304249348303
4.382806328875827 2.5676304249348303
4.382868487012535 2.567647157997809
4.382868487012535 2.567647157997809
4.3828063335182 2.5676306656549963
4.3828063335182 2.5676306656549963
4.382868397462659 2.5676472588840022
4.382868397462659 2.5676472588840022
4.382806250376204 2.5676307672204284
4.382806250376204 2.5676307672204284
4.382868343491788 2.567647155511008
4.382868343491788 2.567647155511008
4.382806348268414 2.5676309395217025
4.382806348268414 2.5676309395217025
4.382868181965411 2.567647000893018
4.382868181965411 2.567647000893018
4.382806664412743 2.5676310103771134
4.382806664412743 2.5676310103771134
4.382868179428555 2.5676470000887637
4.382868179428555 2.5676470000887637
4.382806618554352 2.5676309096815735
4.382806618554352 2.5676309096815735
4.382868381298176 2.567647018169991
4.382868381298176 2.567647018169991
4.382806265703515 2.5676310089256713
4.382806265703515 2.5676310089256713
4.382868385685593 2.567647050123586
4.382868385685593 2.567647050123586
4.3828064994486855 2.5676307579936433
4.3828064994486855 2.5676307579936433
4.382868426138843 2.5676471178040114
4.382868426138843 2.5676471178040114
4.382806665362508 2.567630947300186
4.382806665362508 2.567630947300186
4.382867766748818 2.567646974682838
4.382867766748818 2.567646974682838
4.38280692669879 2.5676311187897927
4.38280692669879 2.5676311187897927
4.382867727455806 2.567646938738059
4.382867727455806 2.567646938738059
4.382807013689889 2.567631021079651
4.382807013689889 2.567631021079651
4.382867821206574 2.567646722570217
4.382867821206574 2.567646722570217
4.382807152192367 2.567631022634365
4.382807152192367 2.567631022634365
4.382867629110443 2.567647236346362
4.382867629110443 2.567647236346362
4.382807280914206 2.567630795775117
4.382807280914206 2.567630795775117
4.382867497507966 2.567647194631722
4.382867497507966 2.567647194631722
4.382807458424833 2.5676309013948964
4.382807458424833 2.5676309013948964
4.382867298412601 2.5676472070665084
4.382867298412601 2.5676472070665084
4.382807526152458 2.5676308506900445
4.382807526152458 2.5676308506900445
4.382867077038643 2.5676471078819816
4.382867077038643 2.5676471078819816
4.382808026647135 2.5676306113128673
4.382808026647135 2.5676306113128673
4.38286685996746 2.5676474625618706
4.38286685996746 2.5676474625618706
4.382808275969727 2.5676304010140867
4.382808275969727 2.5676304010140867
4.382866780115969 2.5676475178691125
4.382866780115969 2.5676475178691125
4.38280801660956 2.5676301665731853
4.38280801660956 2.5676301665731853
4.382866697717068 2.567647837713973
4.382866697717068 2.567647837713973
4.382808096569103 2.5676301120107254
4.382808096569103 2.5676301120107254
4.382866271535296 2.5676477160781777
4.382866271535296 2.5676477160781777
4.382808659652656 2.5676301998797655
4.382808659652656 2.5676301998797655
4.382866005218988 2.567647742568686
4.382866005218988 2.567647742568686
4.382809008813768 2.5676303377775302
4.382809008813768 2.5676303377775302
4.382865777466951 2.567647647444983
4.382865777466951 2.567647647444983
4.382808876482454 2.5676303383334433
4.382808876482454 2.5676303383334433
4.38286592308628 2.5676476063699765
4.38286592308628 2.5676476063699765
4.38280867201441 2.56763039186623
4.38280867201441 2.56763039186623
4.382865906979754 2.5676476459131803
4.382865906979754 2.5676476459131803
4.382808860915752 2.5676304196750777
4.382808860915752 2.5676304196750777
4.382865930399081 2.567647529006701
4.382865930399081 2.567647529006701
4.382808895939158 2.5676303021938796
4.382808895939158 2.5676303021938796
4.3828660672722 2.5676477149943415
4.3828660672722 2.5676477149943415
4.382808744064836 2.5676301573032174
4.382808744064836 2.5676301573032174
4.382866065886056 2.5676477134220894
4.382866065886056 2.5676477134220894
4.382808528892123 2.567630284154815
4.382808528892123 2.567630284154815
4.382866456903318 2.5676476537041917
4.382866456903318 2.5676476537041917
4.382808248277597 2.5676303931073035
4.382808248277597 2.5676303931073035
4.3828666997285834 2.5676474404696217
4.3828666997285834 2.5676474404696217
4.382807975417919 2.5676307278450534
4.382807975417919 2.5676307278450534
4.382866688171573 2.5676472512076653
4.382866688171573 2.5676472512076653
4.382808406960736 2.567630509212956
4.382808406960736 2.567630509212956
4.382866027118775 2.567647602630984
4.382866027118775 2.567647602630984
4.382808814975894 2.567630409142533
4.382808814975894 2.567630409142533
4.382865960412192 2.567647359643397
4.382865960412192 2.567647359643397
4.3828087567820795 2.567630646190362
4.3828087567820795 2.567630646190362
4.382866244557488 2.567647471034813
4.382866244557488 2.567647471034813
4.382808252045111 2.5676306652334984
4.382808252045111 2.5676306652334984
4.382866199836509 2.5676471462824613
4.382866199836509 2.5676471462824613
4.382808517735115 2.5676308604071796
4.382808517735115 2.5676308604071796
4.382866217917657 2.5676470652184467
4.382866217917657 2.5676470652184467
4.382808476994565 2.567630798501093
4.382808476994565 2.567630798501093
4.38286642469053 2.5676472323310464
4.38286642469053 2.5676472323310464
4.382808313812068 2.5676309544878193
4.382808313812068 2.5676309544878193
4.382866376158396 2.5676469084741025
4.382866376158396 2.5676469084741025
4.38280857051249 2.567630927200801
4.38280857051249 2.567630927200801
4.38286620353655 2.5676470987502578
4.38286620353655 2.5676470987502578
4.382808614393098 2.5676307706058616
4.382808614393098 2.5676307706058616
4.382866179139572 2.567647176620424
4.382866179139572 2.567647176620424
4.382808619309033 2.5676307713051325
4.382808619309033 2.5676307713051325
4.382866267202713 2.5676473008155134
4.382866267202713 2.5676473008155134
4.382808195362455 2.567630993553152
4.382808195362455 2.567630993553152
4.382866600967013 2.5676469522254086
4.382866600967013 2.5676469522254086
4.382808130613463 2.567630750967326
4.382808130613463 2.567630750967326
4.382866709642612 2.567647259084386
4.382866709642612 2.567647259084386
4.3828080742636 2.5676307309533564
4.3828080742636 2.5676307309533564
4.382866360189296 2.5676473824803394
4.382866360189296 2.5676473824803394
4.382808330949084 2.5676307416143955
4.382808330949084 2.5676307416143955
4.382866524314964 2.5676472258470127
4.382866524314964 2.5676472258470127
4.382808192380205 2.567630780730007
4.382808192380205 2.567630780730007
4.38286675299271 2.5676470523742236
4.38286675299271 2.5676470523742236
4.382807902946992 2.5676311974625934
4.382807902946992 2.5676311974625934
4.382866871578134 2.567646794467101
4.382866871578134 2.567646794467101
4.382807869346388 2.5676311663132774
4.382807869346388 2.5676311663132774
4.382867275056223 2.567646682639089
4.382867275056223 2.567646682639089
4.38280740889171 2.5676315214365673
4.38280740889171 2.5676315214365673
4.382867261135947 2.5676464216486687
4.382867261135947 2.5676464216486687
4.382807557276064 2.5676314083796186
4.382807557276064 2.5676314083796186
4.382867323615324 2.5676464374788117
4.382867323615324 2.5676464374788117
4.382807221580981 2.5676315048186766
4.382807221580981 2.5676315048186766
4.382867410816599 2.5676463697846157
4.382867410816599 2.5676463697846157
4.382807515470034 2.567631542234414
4.382807515470034 2.567631542234414
4.382867143352567 2.5676467427300027
4.382867143352567 2.5676467427300027
4.382807372153486 2.567631196684132
4.382807372153486 2.567631196684132
4.382867235043694 2.567646991192058
4.382867235043694 2.567646991192058
4.382807650795859 2.5676308207459693
4.382807650795859 2.5676308207459693
4.382867191280283 2.5676471535295424
4.382867191280283 2.5676471535295424
4.382807760653686 2.5676306785266907
4.382807760653686 2.5676306785266907
4.382866926864102 2.567647446804665
4.382866926864102 2.567647446804665
4.382807830188349 2.5676306622465837
4.382807830188349 2.5676306622465837
4.382866688885656 2.5676473556504735
4.382866688885656 2.5676473556504735
4.38280793999863 2.56763074899748
4.38280793999863 2.56763074899748
4.382866773232482 2.567647257240329
4.382866773232482 2.567647257240329
4.382807617558745 2.5676307954928537
4.382807617558745 2.5676307954928537
4.382867481117167 2.5676469553246277
4.382867481117167 2.5676469553246277
4.382807473328412 2.5676309094648646
4.382807473328412 2.5676309094648646
4.3828672395005075 2.5676470977567405
4.3828672395005075 2.5676470977567405
4.382807801011786 2.5676308285714775
4.382807801011786 2.5676308285714775
4.382866694554639 2.5676473081567086
4.382866694554639 2.5676473081567086
4.382808389946795 2.567630493180862
4.382808389946795 2.567630493180862
4.382866380713246 2.5676475346337146
4.382866380713246 2.5676475346337146
4.382808570566037 2.567630301652445
4.382808570566037 2.567630301652445
4.382866144670462 2.5676477023249817
4.382866144670462 2.5676477023249817
4.382808558117274 2.5676301204543246
4.382808558117274 2.5676301204543246
4.382865983291675 2.567647813725862
4.382865983291675 2.567647813725862
4.382808387284104 2.567630242991033
4.382808387284104 2.567630242991033
4.382866292743568 2.5676478822915385
4.382866292743568 2.5676478822915385
4.382808441774479 2.5676300795128735
4.382808441774479 2.5676300795128735
4.382866541440288 2.5676478954714828
4.382866541440288 2.5676478954714828
4.382808231703034 2.567630135504504
4.382808231703034 2.567630135504504
4.382866356951246 2.5676478612680045
4.382866356951246 2.5676478612680045
4.382808092134607 2.5676301726811466
4.382808092134607 2.5676301726811466
4.382866711868942 2.567647734455247
4.382866711868942 2.567647734455247
4.382808278702537 2.5676302043807935
4.382808278702537 2.5676302043807935
4.382866684085927 2.567647851647044
4.382866684085927 2.567647851647044
4.38280822378436 2.5676301808541355
4.38280822378436 2.5676301808541355
4.3828665812894565 2.567647725800712
4.3828665812894565 2.567647725800712
4.382808086669539 2.5676302174705947
4.382808086669539 2.5676302174705947
4.382866786598757 2.567647672025423
4.382866786598757 2.567647672025423
4.382808111414357 2.5676301379110797
4.382808111414357 2.5676301379110797
4.382866441763501 2.56764775457376
4.382866441763501 2.56764775457376
4.38280783151291 2.567630475296223
4.38280783151291 2.567630475296223
4.382866518654539 2.567647696070444
4.382866518654539 2.567647696070444
4.382808016393736 2.567630243722154
4.382808016393736 2.567630243722154
4.382866925731676 2.5676476282466063
4.382866925731676 2.5676476282466063
4.382807702454812 2.5676302103263873
4.382807702454812 2.5676302103263873
4.382866977864075 2.5676479176272773
4.382866977864075 2.5676479176272773
4.382807594307474 2.567630124966528
4.382807594307474 2.567630124966528
4.382867358906201 2.5676477051928286
4.382867358906201 2.5676477051928286
4.382807376669478 2.5676302198156575
4.382807376669478 2.5676302198156575
4.382867545307546 2.5676477334273446
4.382867545307546 2.5676477334273446
4.3828072299760965 2.567630296863132
4.3828072299760965 2.567630296863132
4.382867605866748 2.567647483709088
4.382867605866748 2.567647483709088
4.382807039624232 2.5676305412916416
4.382807039624232 2.5676305412916416
4.382867670903151 2.567647466398308
4.382867670903151 2.567647466398308
4.382807285014658 2.5676303635988456
4.382807285014658 2.5676303635988456
4.382867632985852 2.5676475909307133
4.382867632985852 2.5676475909307133
4.382807309837522 2.5676302822480292
4.382807309837522 2.5676302822480292
4.382867333550105 2.567647472546206
4.382867333550105 2.567647472546206
4.382807491300659 2.5676303538205567
4.382807491300659 2.5676303538205567
4.38286727017504 2.56764771666211
4.38286727017504 2.56764771666211
4.382807573124231 2.5676302968878475
4.382807573124231 2.5676302968878475
4.382867269228002 2.567647714235153
4.382867269228002 2.567647714235153
4.3828074352722926 2.5676303345243197
4.3828074352722926 2.5676303345243197
4.3828674291332215 2.56764759482851
4.3828674291332215 2.56764759482851
4.382807286600153 2.567630412812063
4.382807286600153 2.567630412812063
4.382867027517958 2.5676478841676675
4.382867027517958 2.5676478841676675
4.382807488820406 2.5676301335984104
4.382807488820406 2.5676301335984104
4.3828671454568155 2.5676476616429085
4.3828671454568155 2.5676476616429085
4.3828076117467365 2.5676304492806152
4.3828076117467365 2.5676304492806152
4.382867339583496 2.567647380667306
4.382867339583496 2.567647380667306
4.38280724189909 2.5676306605900554
4.38280724189909 2.5676306605900554
4.38286746948382 2.567647346372185
4.38286746948382 2.567647346372185
4.382807619014758 2.5676304510045957
4.382807619014758 2.5676304510045957
4.382867027219765 2.5676475720146996
4.382867027219765 2.5676475720146996
4.382807941944084 2.567630447378093
4.382807941944084 2.567630447378093
4.382866938290825 2.567647402136425
4.382866938290825 2.567647402136425
4.382807799590142 2.5676307880598195
4.382807799590142 2.5676307880598195
4.382867170993138 2.567647225670911
4.382867170993138 2.567647225670911
4.382807478798968 2.5676307988569174
4.382807478798968 2.5676307988569174
4.382867274456964 2.5676470797694413
4.382867274456964 2.5676470797694413
4.382807116152086 2.5676309749783583
4.382807116152086 2.5676309749783583
4.382867747414496 2.5676469524742758
4.382867747414496 2.5676469524742758
4.382807269335284 2.56763086120011
4.382807269335284 2.56763086120011
4.382867314679693 2.567647409211001
4.382867314679693 2.567647409211001
4.382807432001857 2.5676305109407287
4.382807432001857 2.5676305109407287
4.38286730458634 2.567647375419474
4.38286730458634 2.567647375419474
4.382807522260451 2.567630680930614
4.382807522260451 2.567630680930614
4.382867273726115 2.5676472645879467
4.382867273726115 2.5676472645879467
4.382807700940366 2.567630750918834
4.382807700940366 2.567630750918834
4.382866992720803 2.567647336411033
4.382866992720803 2.567647336411033
4.382807587858506 2.567630438996125
4.382807587858506 2.567630438996125
4.382867344413388 2.5676474721051177
4.382867344413388 2.5676474721051177
4.382807406190195 2.567630141922759
4.382807406190195 2.567630141922759
4.382867479326785 2.567647705140771
4.382867479326785 2.567647705140771
4.382807325023575 2.5676304724296535
4.382807325023575 2.5676304724296535
4.382867559117662 2.567647373347796
4.382867559117662 2.567647373347796
4.382807134330081 2.567630718283466
4.382807134330081 2.567630718283466
4.382867486062486 2.5676471573491537
4.382867486062486 2.5676471573491537
4.382807295952152 2.5676309057107813
4.382807295952152 2.5676309057107813
4.382867395697657 2.567647184105448
4.382867395697657 2.567647184105448
4.382807490931021 2.5676306629189427
4.382807490931021 2.5676306629189427
4.38286726765433 2.5676474084378493
4.38286726765433 2.5676474084378493
4.382807448311825 2.5676305984713172
4.382807448311825 2.5676305984713172
4.382867350629983 2.567647309870949
4.382867350629983 2.567647309870949
4.382807446466743 2.567630369820999
4.382807446466743 2.567630369820999
4.382867183241436 2.5676476955092036
4.382867183241436 2.5676476955092036
4.38280757105151 2.567630416563783
4.38280757105151 2.567630416563783
4.38286759293955 2.5676475904465597
4.38286759293955 2.5676475904465597
4.382807237180173 2.5676304654886337
4.382807237180173 2.5676304654886337
4.382867338370866 2.5676475750137375
4.382867338370866 2.5676475750137375
4.382807507255637 2.567630437412678
4.382807507255637 2.567630437412678
4.382867224722253 2.5676474872757895
4.382867224722253 2.5676474872757895
4.382807533646188 2.567630623423375
4.382807533646188 2.567630623423375
4.382867245226836 2.567647366531821
4.382867245226836 2.567647366531821
4.382807441788289 2.5676304948868878
4.382807441788289 2.5676304948868878
4.382867400403825 2.5676475165563697
4.382867400403825 2.5676475165563697
4.38280720392268 2.5676304047668346
4.38280720392268 2.5676304047668346
4.382867276152753 2.5676475058211206
4.382867276152753 2.5676475058211206
4.38280730840514 2.5676304982427203
4.38280730840514 2.5676304982427203
4.38286735912323 2.567647405608378
4.38286735912323 2.567647405608378
4.382807381215364 2.567630750076153
4.382807381215364 2.567630750076153
4.382867573411062 2.5676473096199275
4.382867573411062 2.5676473096199275
4.38280724950049 2.5676305166787476
4.38280724950049 2.5676305166787476
4.382867613942235 2.567647411816234
4.382867613942235 2.567647411816234
4.382807340754183 2.567630418964703
4.382807340754183 2.567630418964703
4.382867323843845 2.5676475226441986
4.382867323843845 2.5676475226441986
4.382807520809953 2.5676304898413127
4.382807520809953 2.5676304898413127
4.382867081543757 2.567647430500365
4.382867081543757 2.567647430500365
4.3828074851412335 2.567630654180443
4.3828074851412335 2.567630654180443
4.382867354088262 2.567647090535257
4.382867354088262 2.567647090535257
4.382807446228148 2.567630819278071
4.382807446228148 2.567630819278071
4.38286717955498 2.5676472859163813
4.38286717955498 2.5676472859163813
4.382807517376934 2.5676307664432
4.382807517376934 2.5676307664432
4.382866908963939 2.5676471596545793
4.382866908963939 2.5676471596545793
4.382807528702611 2.567630994048897
4.382807528702611 2.567630994048897
4.382867393835793 2.5676468839489646
4.382867393835793 2.5676468839489646
4.38280753784136 2.567631028158504
4.38280753784136 2.567631028158504
4.38286717602095 2.5676470138453964
4.38286717602095 2.5676470138453964
4.382807561855563 2.567631141769758
4.382807561855563 2.567631141769758
4.3828670045655445 2.56764697810098
4.3828670045655445 2.56764697810098
4.382807731308222 2.56763094893681
4.382807731308222 2.56763094893681
4.382867110311356 2.567647060972846
4.382867110311356 2.567647060972846
4.3828078400807975 2.5676307714631177
4.3828078400807975 2.5676307714631177
4.382867486197115 2.5676473068138455
4.382867486197115 2.5676473068138455
4.382807069402669 2.5676305496113656
4.382807069402669 2.5676305496113656
4.382867727392545 2.567647358467841
4.382867727392545 2.567647358467841
4.382807094198746 2.567630468420643
4.382807094198746 2.567630468420643
4.3828682881780905 2.5676474453744413
4.3828682881780905 2.5676474453744413
4.382806518736979 2.567630772287327
4.382806518736979 2.567630772287327
4.382867908642803 2.5676469140044773
4.382867908642803 2.5676469140044773
4.382806783684462 2.5676311798907094
4.382806783684462 2.5676311798907094
4.382867863607315 2.5676470797691566
4.382867863607315 2.5676470797691566
4.382806956392062 2.567630746352417
4.382806956392062 2.567630746352417
4.3828680185758575 2.5676472314434275
4.3828680185758575 2.5676472314434275
4.3828068032122856 2.567630593892473
4.3828068032122856 2.567630593892473
4.382868214756942 2.5676472159299863
4.382868214756942 2.5676472159299863
4.382806651364504 2.567630676415348
4.382806651364504 2.567630676415348
4.382868323258083 2.5676473020852684
4.382868323258083 2.5676473020852684
4.38280645796113 2.567630726814182
4.38280645796113 2.567630726814182
4.382868185963676 2.567647334735082
4.382868185963676 2.567647334735082
4.382806615376131 2.567630573496358
4.382806615376131 2.567630573496358
4.382867780727617 2.5676473975541163
4.382867780727617 2.5676473975541163
4.3828070442015 2.567630698250265
4.3828070442015 2.567630698250265
4.382867997268218 2.56764726269889
4.382867997268218 2.56764726269889
4.382806628454097 2.5676308118218523
4.382806628454097 2.5676308118218523
4.382868127421998 2.5676470633624286
4.382868127421998 2.5676470633624286
4.382806656425076 2.5676309640309523
4.382806656425076 2.5676309640309523
4.382868075058796 2.567646960894354
4.382868075058796 2.567646960894354
4.382806746101675 2.5676308641549035
4.382806746101675 2.5676308641549035
4.382868098390446 2.5676471463468578
4.382868098390446 2.5676471463468578
4.382806614833542 2.5676308638410306
4.382806614833542 2.5676308638410306
4.382868098877562 2.5676471798120546
4.382868098877562 2.5676471798120546
4.382806701149462 2.5676309659925836
4.382806701149462 2.5676309659925836
4.382868056937126 2.567646909093606
4.382868056937126 2.567646909093606
4.382806769696789 2.5676311860913996
4.382806769696789 2.5676311860913996
4.382868288728886 2.567646578216711
4.382868288728886 2.567646578216711
4.382806683432931 2.5676311638399887
4.382806683432931 2.5676311638399887
4.38286820143322 2.567646915352159
4.38286820143322 2.567646915352159
4.382806838080274 2.567630812191814
4.382806838080274 2.567630812191814
4.38286767568262 2.56764724602112
4.38286767568262 2.56764724602112
4.38280701855944 2.5676308457633357
4.38280701855944 2.5676308457633357
4.382867821588004 2.5676471298364296
4.382867821588004 2.5676471298364296
4.382807219833472 2.5676306001445286
4.382807219833472 2.5676306001445286
4.382867555331859 2.567647428051409
4.382867555331859 2.567647428051409
4.382807482620346 2.5676303420388593
4.382807482620346 2.5676303420388593
4.382867429315562 2.567647651297603
4.382867429315562 2.567647651297603
4.38280727865248 2.567630396062909
4.38280727865248 2.567630396062909
4.382867479063097 2.567647407095065
4.382867479063097 2.567647407095065
4.382807449891618 2.5676305437674234
4.382807449891618 2.5676305437674234
4.38286723156753 2.5676473537943503
4.38286723156753 2.5676473537943503
4.382807681892907 2.5676306407848144
4.382807681892907 2.5676306407848144
4.382867113833686 2.5676473049028496
4.382867113833686 2.5676473049028496
4.3828074877712435 2.5676306549462162
4.3828074877712435 2.5676306549462162
4.382867441293336 2.567647257195752
4.382867441293336 2.567647257195752
4.382807357777411 2.5676306890341207
4.382807357777411 2.5676306890341207
4.382867461168946 2.567647172970974
4.382867461168946 2.567647172970974
4.382807490754545 2.5676306580634782
4.382807490754545 2.5676306580634782
4.3828672011468575 2.567647430125231
4.3828672011468575 2.567647430125231
4.382807731385525 2.567630483496487
4.382807731385525 2.567630483496487
4.382867021595638 2.567647625621949
4.382867021595638 2.567647625621949
4.382807902063496 2.5676303292316467
4.382807902063496 2.5676303292316467
4.382866989276656 2.5676477458092584
4.382866989276656 2.5676477458092584
4.38280781705169 2.5676301622246633
4.38280781705169 2.5676301622246633
4.3828669531866975 2.567647866860254
4.3828669531866975 2.567647866860254
4.382808032697506 2.5676301103143886
4.382808032697506 2.5676301103143886
4.382866661757212 2.5676479734378157
4.382866661757212 2.5676479734378157
4.382808055926044 2.5676300322667127
4.382808055926044 2.5676300322667127
4.382866911182207 2.567647757794876
4.382866911182207 2.567647757794876
4.382807952667209 2.5676301736656177
4.382807952667209 2.5676301736656177
4.382866801027215 2.5676476698665227
4.382866801027215 2.5676476698665227
4.382807737634396 2.567630267539561
4.382807737634396 2.567630267539561
4.38286736351917 2.567647486936389
4.38286736351917 2.567647486936389
4.38280710805098 2.567630430169277
4.38280710805098 2.567630430169277
4.382867938994729 2.567647530651767
4.382867938994729 2.567647530651767
4.382806907458833 2.567630482002521
4.382806907458833 2.567630482002521
4.382867777252399 2.5676473759436407
4.382867777252399 2.5676473759436407
4.382807111806945 2.5676304702602084
4.382807111806945 2.5676304702602084
4.382867536503368 2.5676475151988756
4.382867536503368 2.5676475151988756
4.382806877983357 2.5676304129719103
4.382806877983357 2.5676304129719103
4.3828675502353605 2.5676477028956786
4.3828675502353605 2.5676477028956786
4.382807254059082 2.567630204540155
4.382807254059082 2.567630204540155
4.382867588160909 2.5676475365146483
4.382867588160909 2.5676475365146483
4.382807010393387 2.5676304231841995
4.382807010393387 2.5676304231841995
4.382867496825153 2.567647365301124
4.382867496825153 2.567647365301124
4.382807264373788 2.5676307082108134
4.382807264373788 2.5676307082108134
4.382867490309914 2.567647401646244
4.382867490309914 2.567647401646244
4.382807224320733 2.5676306068151424
4.382807224320733 2.5676306068151424
4.382867288691126 2.5676474131611573
4.382867288691126 2.5676474131611573
4.3828074428766195 2.5676305504878143
4.3828074428766195 2.5676305504878143
4.3828676649592895 2.5676474310743074
4.3828676649592895 2.5676474310743074
4.382807070147993 2.567630494525074
4.382807070147993 2.567630494525074
4.382867768257194 2.5676472842601394
4.382867768257194 2.5676472842601394
4.382807098978005 2.5676306451772177
4.382807098978005 2.5676306451772177
4.382867235868736 2.5676473424767243
4.382867235868736 2.5676473424767243
4.382807233393544 2.5676306498831813
4.382807233393544 2.5676306498831813
4.3828670376696905 2.5676470890017256
4.3828670376696905 2.5676470890017256
4.3828076339148705 2.56763085356428
4.3828076339148705 2.56763085356428
4.382867185618411 2.5676470089472345
4.382867185618411 2.5676470089472345
4.382807703687319 2.567631066811648
4.382807703687319 2.567631066811648
4.382867031841819 2.567646893187095
4.382867031841819 2.567646893187095
4.382807755410349 2.567631165682805
4.382807755410349 2.567631165682805
4.382867337791943 2.567646585239048
4.382867337791943 2.567646585239048
4.382807412070691 2.5676312280913614
4.382807412070691 2.5676312280913614
4.3828672856068 2.5676468947774094
4.3828672856068 2.5676468947774094
4.38280772981282 2.567630954963737
4.38280772981282 2.567630954963737
4.382867194404483 2.567646923067779
4.382867194404483 2.567646923067779
4.382807669281562 2.5676309717679007
4.382807669281562 2.5676309717679007
4.382867450585221 2.5676469264340365
4.382867450585221 2.5676469264340365
4.382807501314885 2.567631134466833
4.382807501314885 2.567631134466833
4.382867210116497 2.567646873623098
4.382867210116497 2.567646873623098
4.382807558708385 2.567631266638213
4.382807558708385 2.567631266638213
4.382867159538531 2.5676467736954836
4.382867159538531 2.5676467736954836
4.382807556982667 2.567631235197717
4.382807556982667 2.567631235197717
4.382867427919629 2.567646661769887
4.382867427919629 2.567646661769887
4.3828076232504145 2.5676312201355733
4.3828076232504145 2.5676312201355733
4.382866979985274 2.5676469326935383
4.382866979985274 2.5676469326935383
4.382808053782569 2.5676308042546414
4.382808053782569 2.5676308042546414
4.38286656915347 2.5676473353665896
4.38286656915347 2.5676473353665896
4.382807944656516 2.5676307589548233
4.382807944656516 2.5676307589548233
4.3828667685465525 2.5676472474312106
4.3828667685465525 2.5676472474312106
4.3828080949406365 2.567630683493489
4.3828080949406365 2.567630683493489
4.38286667937385 2.567647343969059
4.38286667937385 2.567647343969059
4.382808231344216 2.567630650882727
4.382808231344216 2.567630650882727
4.382866816798532 2.5676470426250515
4.382866816798532 2.5676470426250515
4.382807899409663 2.5676309650973588
4.382807899409663 2.5676309650973588
4.382867089305222 2.56764696676354
4.382867089305222 2.56764696676354
4.3828079252948395 2.567630849428461
4.3828079252948395 2.567630849428461
4.382866938455687 2.5676470793294404
4.382866938455687 2.5676470793294404
4.382807733178121 2.5676308283418106
4.382807733178121 2.5676308283418106
4.382866736339114 2.5676471990346026
4.382866736339114 2.5676471990346026
4.382807888521384 2.5676306799180453
4.382807888521384 2.5676306799180453
4.382866951102831 2.5676470667741316
4.382866951102831 2.5676470667741316
4.382808257317122 2.5676310335351036
4.382808257317122 2.5676310335351036
4.382866645973699 2.5676469600646707
4.382866645973699 2.5676469600646707
4.382808110103381 2.567630922617056
4.382808110103381 2.567630922617056
4.382866642097357 2.5676469237632804
4.382866642097357 2.5676469237632804
4.382807992413512 2.567631179396867
4.382807992413512 2.567631179396867
4.382866888161251 2.567646669142918
4.382866888161251 2.567646669142918
4.3828079836075915 2.567631292011645
4.3828079836075915 2.567631292011645
4.382866749966044 2.5676468608545173
4.382866749966044 2.5676468608545173
4.3828078016293155 2.5676311472271762
4.3828078016293155 2.5676311472271762
4.382867142879528 2.5676466846422006
4.382867142879528 2.5676466846422006
4.382807757696662 2.567631277681215
4.382807757696662 2.567631277681215
4.382867145489718 2.5676464867167588
4.382867145489718 2.5676464867167588
4.382807358979396 2.5676316200497817
4.382807358979396 2.5676316200497817
4.3828673450791085 2.567646500521686
4.3828673450791085 2.567646500521686
4.382807875419915 2.567631219802765
4.382807875419915 2.567631219802765
4.382867007193273 2.5676466273248155
4.382867007193273 2.5676466273248155
4.3828074964685255 2.5676312485916406
4.3828074964685255 2.5676312485916406
4.382867497532207 2.5676466795922246
4.382867497532207 2.5676466795922246
4.382807238271104 2.5676312468258713
4.382807238271104 2.5676312468258713
4.382867890890451 2.5676465352330546
4.382867890890451 2.5676465352330546
4.382806844721709 2.567631391562573
4.382806844721709 2.567631391562573
4.382867923797783 2.5676466036565806
4.382867923797783 2.5676466036565806
4.382807161034594 2.5676312246591113
4.382807161034594 2.5676312246591113
4.382867632708422 2.567646686215043
4.382867632708422 2.567646686215043
4.382806917576388 2.5676312874382665
4.382806917576388 2.5676312874382665
4.3828678862902315 2.567646654047879
4.3828678862902315 2.567646654047879
4.382806929628647 2.5676311743678757
4.382806929628647 2.5676311743678757
4.382867850746595 2.5676468517307813
4.382867850746595 2.5676468517307813
4.382806850996946 2.567631273806844
4.382806850996946 2.567631273806844
4.38286794136862 2.567646637171995
4.38286794136862 2.567646637171995
4.382807114255225 2.5676310085544474
4.382807114255225 2.5676310085544474
4.382868090422559 2.567646989423925
4.382868090422559 2.567646989423925
4.382806606611928 2.5676309021183035
4.382806606611928 2.5676309021183035
4.382868108515193 2.567646903744291
4.382868108515193 2.567646903744291
4.382806563622225 2.567631037894614
4.382806563622225 2.567631037894614
4.382868300282338 2.5676471263461416
4.382868300282338 2.5676471263461416
4.38280625366651 2.5676312078087484
4.38280625366651 2.5676312078087484
4.382868352750721 2.567646749050255
4.382868352750721 2.567646749050255
4.382806360541411 2.567631261176715
4.382806360541411 2.567631261176715
4.382868359699875 2.567646780555151
4.382868359699875 2.567646780555151
4.382806330223856 2.5676313156384203
4.382806330223856 2.5676313156384203
4.382868398430578 2.5676466104627558
4.382868398430578 2.5676466104627558
4.382806344323731 2.567631200010047
4.382806344323731 2.567631200010047
4.382868476042922 2.5676468962206926
4.382868476042922 2.5676468962206926
4.382806372817829 2.5676311148107755
4.382806372817829 2.5676311148107755
4.382868576795576 2.567646709996538
4.382868576795576 2.567646709996538
4.382806177207644 2.5676313713060277
4.382806177207644 2.5676313713060277
4.382868688169426 2.5676465536114375
4.382868688169426 2.5676465536114375
4.3828062279048075 2.567631327212795
4.3828062279048075 2.567631327212795
4.3828682671622605 2.5676466698259244
4.3828682671622605 2.5676466698259244
4.382806877446046 2.567631378560941
4.382806877446046 2.567631378560941
4.382867965413649 2.5676466315201814
4.382867965413649 2.5676466315201814
4.38280653242104 2.5676314788016414
4.38280653242104 2.5676314788016414
4.382868491007298 2.567646486125301
4.382868491007298 2.567646486125301
4.382806280399223 2.5676313843084895
4.382806280399223 2.5676313843084895
4.382868479413475 2.5676467271226433
4.382868479413475 2.5676467271226433
4.38280639061759 2.567631198725176
4.38280639061759 2.567631198725176
4.382868338749925 2.567646726658401
4.382868338749925 2.567646726658401
4.382806354013244 2.567631368894499
4.382806354013244 2.567631368894499
4.382868140177821 2.567646504047811
4.382868140177821 2.567646504047811
4.382806810575269 2.567631323119927
4.382806810575269 2.567631323119927
4.382868010038587 2.5676467710868796
4.382868010038587 2.5676467710868796
4.38280680450357 2.5676312926393767
4.38280680450357 2.5676312926393767
4.3828679766541105 2.567646733261903
4.3828679766541105 2.567646733261903
4.38280667563402 2.567631292522338
4.38280667563402 2.567631292522338
4.382868096440405 2.5676464652847257
4.382868096440405 2.5676464652847257
4.382806438718033 2.567631590951941
4.382806438718033 2.567631590951941
4.382868191927673 2.5676464072031684
4.382868191927673 2.5676464072031684
4.382806483091106 2.567631534258046
4.382806483091106 2.567631534258046
4.382868499801122 2.567646361426688
4.382868499801122 2.567646361426688
4.382806194249657 2.5676316229319123
4.382806194249657 2.5676316229319123
4.382868571240406 2.567646374609955
4.382868571240406 2.567646374609955
4.382806300163066 2.567631549503302
4.382806300163066 2.567631549503302
4.382868368947014 2.567646392091391
4.382868368947014 2.567646392091391
4.382806809511387 2.5676315990579326
4.382806809511387 2.5676315990579326
4.382867833412684 2.5676465390285705
4.382867833412684 2.5676465390285705
4.382806919428047 2.5676315399040837
4.382806919428047 2.5676315399040837
4.382868124923411 2.5676459942125867
4.382868124923411 2.5676459942125867
4.3828065141930095 2.5676321155397934
4.3828065141930095 2.5676321155397934
4.382868427871289 2.5676457090813467
4.382868427871289 2.5676457090813467
4.382806399552035 2.567632333594241
4.382806399552035 2.567632333594241
4.382868350893227 2.567645509796439
4.382868350893227 2.567645509796439
4.382806456640456 2.5676326670761394
4.382806456640456 2.5676326670761394
4.382868291394113 2.567645178510219
4.382868291394113 2.567645178510219
4.382806520915466 2.5676328101548327
4.382806520915466 2.5676328101548327
4.382868214720189 2.5676452759728257
4.382868214720189 2.5676452759728257
4.382806759094623 2.567632620733973
4.382806759094623 2.567632620733973
4.382868002953695 2.567645328773839
4.382868002953695 2.567645328773839
4.382806573936108 2.5676326913298135
4.382806573936108 2.5676326913298135
4.382868407735998 2.567645310270712
4.382868407735998 2.567645310270712
4.382806125442292 2.5676326685760453
4.382806125442292 2.5676326685760453
4.38286868992004 2.5676452659089413
4.38286868992004 2.5676452659089413
4.382805993808206 2.5676326755254157
4.382805993808206 2.5676326755254157
4.382868831946657 2.567645229778647
4.382868831946657 2.567645229778647
4.382806119841926 2.567632752004199
4.382806119841926 2.567632752004199
4.38286872578189 2.567645255547719
4.38286872578189 2.567645255547719
4.382806153017141 2.5676324754989133
4.382806153017141 2.5676324754989133
4.38286865305012 2.5676453016732226
4.38286865305012 2.5676453016732226
4.3828060876857045 2.5676327862654484
4.3828060876857045 2.5676327862654484
4.382868735000556 2.5676453075726924
4.382868735000556 2.5676453075726924
4.382805656397823 2.5676326792591
4.382805656397823 2.5676326792591
4.382869081839943 2.5676451924275248
4.382869081839943 2.5676451924275248
4.382805746397318 2.567632549126017
4.382805746397318 2.567632549126017
4.382868869981268 2.5676454603981327
4.382868869981268 2.5676454603981327
4.382805958933366 2.5676326330221393
4.382805958933366 2.5676326330221393
4.382868923605097 2.5676450422914296
4.382868923605097 2.5676450422914296
4.382806022216744 2.567632779668573
4.382806022216744 2.567632779668573
4.382868555769376 2.5676451867509655
4.382868555769376 2.5676451867509655
4.382806382802516 2.56763285026532
4.382806382802516 2.56763285026532
4.382868744553775 2.567644926178945
4.382868744553775 2.567644926178945
4.382806450690526 2.5676326209909655
4.382806450690526 2.5676326209909655
4.382868348069043 2.5676452117162056
4.382868348069043 2.5676452117162056
4.382806474153751 2.5676327226571916
4.382806474153751 2.5676327226571916
4.382868381225659 2.567645254995799
4.382868381225659 2.567645254995799
4.382806441201457 2.567632679315688
4.382806441201457 2.567632679315688
4.382868410167523 2.567645274672936
4.382868410167523 2.567645274672936
4.382806288290743 2.5676329818400605
4.382806288290743 2.5676329818400605
4.3828686033147575 2.5676450135599937
4.3828686033147575 2.5676450135599937
4.382805610297294 2.567632993247922
4.382805610297294 2.567632993247922
4.382869255509465 2.567644927778779
4.382869255509465 2.567644927778779
4.382805597928053 2.567633053060052
4.382805597928053 2.567633053060052
4.38286886878315 2.5676448091196744
4.38286886878315 2.5676448091196744
4.382805937310639 2.56763320828355
4.382805937310639 2.56763320828355
4.382868889134299 2.56764504621303
4.382868889134299 2.56764504621303
4.382805775131699 2.5676329809200156
4.382805775131699 2.5676329809200156
4.382868949447679 2.567644950054637
4.382868949447679 2.567644950054637
4.38280625786864 2.5676330731339982
4.38280625786864 2.5676330731339982
4.382868496065507 2.5676449306249762
4.382868496065507 2.5676449306249762
4.382806312203898 2.567633060384295
4.382806312203898 2.567633060384295
4.382868646518576 2.5676448377012906
4.382868646518576 2.5676448377012906
4.382806022517701 2.5676333492837897
4.382806022517701 2.5676333492837897
4.382868956166817 2.567644623923126
4.382868956166817 2.567644623923126
4.382805872565496 2.567633306290105
4.382805872565496 2.567633306290105
4.382868851068235 2.5676446257250256
4.382868851068235 2.5676446257250256
4.382805555211458 2.567633336942854
4.382805555211458 2.567633336942854
4.3828696034425105 2.5676445914437016
4.3828696034425105 2.5676445914437016
4.38280520490941 2.5676332604098673
4.38280520490941 2.5676332604098673
4.382869573040376 2.5676450124313637
4.382869573040376 2.5676450124313637
4.382805328699936 2.567632982258081
4.382805328699936 2.567632982258081
4.38286953859747 2.567644938038839
4.38286953859747 2.567644938038839
4.382805295429582 2.5676331553615075
4.382805295429582 2.5676331553615075
4.382869291406261 2.5676450002064617
4.382869291406261 2.5676450002064617
4.38280549272709 2.567633104946066
4.38280549272709 2.567633104946066
4.382869303229531 2.567644889203827
4.382869303229531 2.567644889203827
4.382805552909081 2.567633279458302
4.382805552909081 2.567633279458302
4.382869290638329 2.5676445647701707
4.382869290638329 2.5676445647701707
4.382805583438059 2.56763335412387
4.382805583438059 2.56763335412387
4.382869046851417 2.5676447387462127
4.382869046851417 2.5676447387462127
4.382805520442272 2.567633124929782
4.382805520442272 2.567633124929782
4.382869083224698 2.567644728838803
4.382869083224698 2.567644728838803
4.382805562243786 2.567633385638174
4.382805562243786 2.567633385638174
4.382869164183847 2.567644708144241
4.382869164183847 2.567644708144241
4.382805591346787 2.567633133381598
4.382805591346787 2.567633133381598
4.3828691349427205 2.567644796409609
4.3828691349427205 2.567644796409609
4.382805644052809 2.5676331216915784
4.382805644052809 2.5676331216915784
4.382868896679481 2.5676450173210283
4.382868896679481 2.5676450173210283
4.3828058651088755 2.56763317323783
4.3828058651088755 2.56763317323783
4.382868859634706 2.567644757557604
4.382868859634706 2.567644757557604
4.382805643105379 2.5676333670319913
4.382805643105379 2.5676333670319913
4.382868994674564 2.5676447481212032
4.382868994674564 2.5676447481212032
4.382805785290498 2.5676331693509526
4.382805785290498 2.5676331693509526
4.382869270523473 2.567644728851547
4.382869270523473 2.567644728851547
4.382805487178254 2.5676332757968834
4.382805487178254 2.5676332757968834
4.382869304037701 2.567644556616362
4.382869304037701 2.567644556616362
4.382805496000621 2.5676334383559776
4.382805496000621 2.5676334383559776
4.382869282995835 2.567644667410528
4.382869282995835 2.567644667410528
4.382805518656905 2.567633162192054
4.382805518656905 2.567633162192054
4.382869137220972 2.5676448671751397
4.382869137220972 2.5676448671751397
4.382805873593261 2.567632881889862
4.382805873593261 2.567632881889862
4.382868711351437 2.567645244379309
4.382868711351437 2.567645244379309
4.382805670778418 2.567632799251647
4.382805670778418 2.567632799251647
4.382869258964055 2.5676452423473584
4.382869258964055 2.5676452423473584
4.382805669841187 2.567633017112339
4.382805669841187 2.567633017112339
4.382869013456529 2.567645086354443
4.382869013456529 2.567645086354443
4.382805861309486 2.5676328340965684
4.382805861309486 2.5676328340965684
4.382868843649545 2.5676451820290342
4.382868843649545 2.5676451820290342
4.382805945639436 2.5676328937858988
4.382805945639436 2.5676328937858988
4.382868846651676 2.567645315597517
4.382868846651676 2.567645315597517
4.382805930679817 2.5676324397445387
4.382805930679817 2.5676324397445387
4.382868743691382 2.567645502300052
4.382868743691382 2.567645502300052
4.382805932391184 2.5676326296411567
4.382805932391184 2.5676326296411567
4.382868709051186 2.56764507981276
4.382868709051186 2.56764507981276
4.382806213419736 2.5676328288818344
4.382806213419736 2.5676328288818344
4.382868679582695 2.5676451670802267
4.382868679582695 2.5676451670802267
4.382806149010696 2.567632925458817
4.382806149010696 2.567632925458817
4.382868737357241 2.567645098309698
4.382868737357241 2.567645098309698
4.382806255113227 2.567632899249996
4.382806255113227 2.567632899249996
4.382868685133863 2.5676450837288503
4.382868685133863 2.5676450837288503
4.382806125023328 2.5676329068210872
4.382806125023328 2.5676329068210872
4.382868504229242 2.5676450479418857
4.382868504229242 2.5676450479418857
4.382806210683214 2.567632966019503
4.382806210683214 2.567632966019503
4.382868797677269 2.5676449200102875
4.382868797677269 2.5676449200102875
4.382806172051756 2.567632976184207
4.382806172051756 2.567632976184207
4.382868546647035 2.5676448223822264
4.382868546647035 2.5676448223822264
4.38280630017186 2.567632838998881
4.38280630017186 2.567632838998881
4.382868444084538 2.567645194162891
4.382868444084538 2.567645194162891
4.382806567568908 2.567632744772017
4.382806567568908 2.567632744772017
4.382868093191588 2.5676450962719155
4.382868093191588 2.5676450962719155
4.382806689918029 2.567632820703638
4.382806689918029 2.567632820703638
4.382868242788318 2.5676450063639167
4.382868242788318 2.5676450063639167
4.382806540000946 2.5676330962126483
4.382806540000946 2.5676330962126483
4.382868432374888 2.5676451172829715
4.382868432374888 2.5676451172829715
4.382806162325125 2.567632819774653
4.382806162325125 2.567632819774653
4.382868652472245 2.567645114975126
4.382868652472245 2.567645114975126
4.382805883716319 2.5676332404761886
4.382805883716319 2.5676332404761886
4.382868792456317 2.567644677993479
4.382868792456317 2.567644677993479
4.382805850536672 2.567633273868782
4.382805850536672 2.567633273868782
4.3828690373741015 2.567644560000758
4.3828690373741015 2.567644560000758
4.382805785555328 2.567633346616714
4.382805785555328 2.567633346616714
4.382868937549982 2.567644584952694
4.382868937549982 2.567644584952694
4.382805744548518 2.5676334955582214
4.382805744548518 2.5676334955582214
4.382869142789334 2.567644338532748
4.382869142789334 2.567644338532748
4.382805667564226 2.5676340021931217
4.382805667564226 2.5676340021931217
4.382869113252971 2.567644160950924
4.382869113252971 2.567644160950924
4.382805760920447 2.5676339191857394
4.382805760920447 2.5676339191857394
4.382869003201539 2.567644003936723
4.382869003201539 2.567644003936723
4.382805869043895 2.567634075789427
4.382805869043895 2.567634075789427
4.382868829103624 2.5676441065516973
4.382868829103624 2.5676441065516973
4.3828058458376695 2.567633816240008
4.3828058458376695 2.567633816240008
4.382868732710166 2.567644233661428
4.382868732710166 2.567644233661428
4.382806388394792 2.5676335664638437
4.382806388394792 2.5676335664638437
4.382868164915849 2.567644409309131
4.382868164915849 2.567644409309131
4.382806517815895 2.5676337951791064
4.382806517815895 2.5676337951791064
4.382868470014658 2.567644094673275
4.382868470014658 2.567644094673275
4.3828061431290815 2.5676340266993067
4.3828061431290815 2.5676340266993067
4.382868562060641 2.567643991461227
4.382868562060641 2.567643991461227
4.382806355423973 2.5676337562529796
4.382806355423973 2.5676337562529796
4.382868167587901 2.567644442467427
4.382868167587901 2.567644442467427
4.3828066762878475 2.5676332239707946
4.3828066762878475 2.5676332239707946
4.382867865438014 2.5676445725184327
4.382867865438014 2.5676445725184327
4.382806626679559 2.5676336303711147
4.382806626679559 2.5676336303711147
4.382868375536739 2.567644280302057
4.382868375536739 2.567644280302057
4.3828063061755005 2.5676336401199116
4.3828063061755005 2.5676336401199116
4.382868495249898 2.5676442169051152
4.382868495249898 2.5676442169051152
4.382806176591158 2.5676338090265265
4.382806176591158 2.5676338090265265
4.382868364801138 2.567644090625928
4.382868364801138 2.567644090625928
4.382806389854014 2.5676339147076646
4.382806389854014 2.5676339147076646
4.3828684743595545 2.567644006699613
4.3828684743595545 2.567644006699613
4.382806327916631 2.5676337249983328
4.382806327916631 2.5676337249983328
4.3828682934900804 2.5676441549163083
4.3828682934900804 2.5676441549163083
4.382806641941263 2.5676336695160273
4.382806641941263 2.5676336695160273
4.3828681777145055 2.5676442631597998
4.3828681777145055 2.5676442631597998
4.382806695829559 2.567633655977824
4.382806695829559 2.567633655977824
4.382868050587735 2.567644193270441
4.382868050587735 2.567644193270441
4.382807033690578 2.5676335166964357
4.382807033690578 2.5676335166964357
4.382867519159109 2.567644459898288
4.382867519159109 2.567644459898288
4.382807288779997 2.5676335544635664
4.382807288779997 2.5676335544635664
4.382867682581745 2.5676444189534458
4.382867682581745 2.5676444189534458
4.382807385192014 2.5676335300200632
4.382807385192014 2.5676335300200632
4.382867348493511 2.567644579735332
4.382867348493511 2.567644579735332
4.382807524098403 2.5676334949367146
4.382807524098403 2.5676334949367146
4.382867116347151 2.5676443071809127
4.382867116347151 2.5676443071809127
4.382807775865899 2.5676336848467227
4.382807775865899 2.5676336848467227
4.38286693194587 2.5676443303004857
4.38286693194587 2.5676443303004857
4.382807784748477 2.567633682989931
4.382807784748477 2.567633682989931
4.38286714036991 2.567644300791527
4.38286714036991 2.567644300791527
4.38280772934042 2.5676336213622095
4.38280772934042 2.5676336213622095
4.38286719764781 2.5676443622961895
4.38286719764781 2.5676443622961895
4.3828075205114185 2.5676338040807933
4.3828075205114185 2.5676338040807933
4.382867136356234 2.5676440484925576
4.382867136356234 2.5676440484925576
4.382807580312455 2.5676339646078103
4.382807580312455 2.5676339646078103
4.382866953102813 2.5676440723016465
4.382866953102813 2.5676440723016465
4.382807845894584 2.56763376883448
4.382807845894584 2.56763376883448
4.382866820238626 2.5676441055774974
4.382866820238626 2.5676441055774974
4.382807796228923 2.567634008864354
4.382807796228923 2.567634008864354
4.3828671043269125 2.567643904566099
4.3828671043269125 2.567643904566099
4.382807806329329 2.56763385394671
4.382807806329329 2.56763385394671
4.3828671257195335 2.5676441503355294
4.3828671257195335 2.5676441503355294
4.382807531486433 2.5676339546109332
4.382807531486433 2.5676339546109332
4.382867115908512 2.567644152441134
4.382867115908512 2.567644152441134
4.38280764249622 2.56763400321666
4.38280764249622 2.56763400321666
4.382867087280951 2.5676439313294788
4.382867087280951 2.5676439313294788
4.382807511465901 2.567634265945662
4.382807511465901 2.567634265945662
4.382867231106253 2.5676438392641177
4.382867231106253 2.5676438392641177
4.382807467721699 2.5676339487855704
4.382807467721699 2.5676339487855704
4.382867139965895 2.567644015652821
4.382867139965895 2.567644015652821
4.382807649011613 2.567634078375868
4.382807649011613 2.567634078375868
4.382867212100998 2.5676438444218848
4.382867212100998 2.5676438444218848
4.382807431045826 2.5676339362607603
4.382807431045826 2.5676339362607603
4.382867372036678 2.567643923481009
4.382867372036678 2.567643923481009
4.382807362070368 2.5676341083270553
4.382807362070368 2.5676341083270553
4.382867427682095 2.56764357945899
4.382867427682095 2.56764357945899
4.382807521666335 2.5676344176335655
4.382807521666335 2.5676344176335655
4.382867211503536 2.5676433632503426
4.382867211503536 2.5676433632503426
4.382807532934559 2.5676347980026963
4.382807532934559 2.5676347980026963
4.382867259436184 2.5676431225702987
4.382867259436184 2.5676431225702987
4.382807342868766 2.5676348272048375
4.382807342868766 2.5676348272048375
4.382867363015464 2.567643191769196
4.382867363015464 2.567643191769196
4.382807340066817 2.5676347499396877
4.382807340066817 2.5676347499396877
4.382867365163309 2.567643268317647
4.382867365163309 2.567643268317647
4.382807269747845 2.5676346905908405
4.382807269747845 2.5676346905908405
4.382867784324164 2.567643122404811
4.382867784324164 2.567643122404811
4.382806917556194 2.5676348194724476
4.382806917556194 2.5676348194724476
4.3828681157981535 2.5676430756066426
4.3828681157981535 2.5676430756066426
4.382806825185651 2.5676348241195233
4.382806825185651 2.5676348241195233
4.382868026132039 2.5676430197573863
4.382868026132039 2.5676430197573863
4.382806815208045 2.567634904744341
4.382806815208045 2.567634904744341
4.3828679310013365 2.5676429478978418
4.3828679310013365 2.5676429478978418
4.382806868640737 2.567634969176907
4.382806868640737 2.567634969176907
4.382867856082373 2.567642967875633
4.382867856082373 2.567642967875633
4.382806858098125 2.5676350493794824
4.382806858098125 2.5676350493794824
4.3828681228235 2.5676429360739257
4.3828681228235 2.5676429360739257
4.382806772506716 2.5676348961447393
4.382806772506716 2.5676348961447393
4.382868131934447 2.56764303087552
4.382868131934447 2.56764303087552
4.382806539991374 2.5676349794756237
4.382806539991374 2.5676349794756237
4.382868398924582 2.5676429997150105
4.382868398924582 2.5676429997150105
4.3828064110779446 2.5676349938374607
4.3828064110779446 2.5676349938374607
4.3828685060465356 2.5676428313021087
4.3828685060465356 2.5676428313021087
4.382806086426393 2.5676352177492796
4.382806086426393 2.5676352177492796
4.382868524214975 2.5676428272523855
4.382868524214975 2.5676428272523855
4.382806404694002 2.5676349946896755
4.382806404694002 2.5676349946896755
4.3828685745052285 2.56764281488995
4.3828685745052285 2.56764281488995
4.382806066735718 2.5676353824661877
4.382806066735718 2.5676353824661877
4.382868563154214 2.5676428184014544
4.382868563154214 2.5676428184014544
4.382806353345739 2.567635165778475
4.382806353345739 2.567635165778475
4.382868199423043 2.5676427974114393
4.382868199423043 2.5676427974114393
4.382806663275445 2.567635278790643
4.382806663275445 2.567635278790643
4.3828680997787295 2.56764282295952
4.3828680997787295 2.56764282295952
4.382806693025282 2.5676351919393934
4.382806693025282 2.5676351919393934
4.382868131910321 2.5676426581336664
4.382868131910321 2.5676426581336664
4.382806573965955 2.5676352838440804
4.382806573965955 2.5676352838440804
4.382868327021922 2.5676427046817154
4.382868327021922 2.5676427046817154
4.382806557735049 2.567635286983475
4.382806557735049 2.567635286983475
4.382867976161653 2.5676427605541745
4.382867976161653 2.5676427605541745
4.382806837310517 2.5676351703818656
4.382806837310517 2.5676351703818656
4.382867800690756 2.5676426937226347
4.382867800690756 2.5676426937226347
4.382807073011079 2.5676352221320284
4.382807073011079 2.5676352221320284
4.382867688276389 2.5676428783590763
4.382867688276389 2.5676428783590763
4.382807133177642 2.5676351291376673
4.382807133177642 2.5676351291376673
4.38286765649495 2.5676429643444965
4.38286765649495 2.5676429643444965
4.382806996204724 2.5676350672090806
4.382806996204724 2.5676350672090806
4.382868045431375 2.567642903068042
4.382868045431375 2.567642903068042
4.382806945088118 2.567635079230193
4.382806945088118 2.567635079230193
4.382868033973007 2.5676429071498372
4.382868033973007 2.5676429071498372
4.382806683260031 2.5676351090204617
4.382806683260031 2.5676351090204617
4.382868041366954 2.567642828054874
4.382868041366954 2.567642828054874
4.382806603613119 2.5676352695920945
4.382806603613119 2.5676352695920945
4.382868098658938 2.567642752084171
4.382868098658938 2.567642752084171
4.382806595728471 2.5676352083805254
4.382806595728471 2.5676352083805254
4.382868138471322 2.567642805535218
4.382868138471322 2.567642805535218
4.382806854662775 2.567635175056745
4.382806854662775 2.567635175056745
4.382867894891747 2.5676428513343446
4.382867894891747 2.5676428513343446
4.382806895811133 2.567635163430737
4.382806895811133 2.567635163430737
4.382868054085981 2.5676428292951488
4.382868054085981 2.5676428292951488
4.382806688105947 2.5676352767435144
4.382806688105947 2.5676352767435144
4.38286798615431 2.567642751885814
4.38286798615431 2.567642751885814
4.382806777723096 2.567635269626688
4.382806777723096 2.567635269626688
4.382867809426913 2.5676426857394055
4.382867809426913 2.5676426857394055
4.382807052694998 2.567635388902363
4.382807052694998 2.567635388902363
4.382867787827741 2.567642613017479
4.382867787827741 2.567642613017479
4.382806731899549 2.5676354384645417
4.382806731899549 2.5676354384645417
4.382868299570283 2.567642453049954
4.382868299570283 2.567642453049954
4.38280658112952 2.5676355241500572
4.38280658112952 2.5676355241500572
4.382868240020506 2.567642562155519
4.382868240020506 2.567642562155519
4.382806318565271 2.567635320433707
4.382806318565271 2.567635320433707
4.3828688152287 2.5676423842967084
4.3828688152287 2.5676423842967084
4.382805749159883 2.56763551085651
4.382805749159883 2.56763551085651
4.382868836645209 2.567642526336769
4.382868836645209 2.567642526336769
4.382805609341801 2.5676357080350805
4.382805609341801 2.5676357080350805
4.38286915935042 2.567642395512835
4.38286915935042 2.567642395512835
4.382805347632658 2.5676355792769785
4.382805347632658 2.5676355792769785
4.382869482262954 2.567642592754344
4.382869482262954 2.567642592754344
4.382805193934576 2.5676353544002515
4.382805193934576 2.5676353544002515
4.382869718477928 2.5676424519669636
4.382869718477928 2.5676424519669636
4.382804798125704 2.5676353523448836
4.382804798125704 2.5676353523448836
4.382870254606026 2.5676426154282304
4.382870254606026 2.5676426154282304
4.382804566250061 2.5676352945144365
4.382804566250061 2.5676352945144365
4.3828701604193405 2.567642723465818
4.3828701604193405 2.567642723465818
4.382804413933366 2.567635146205838
4.382804413933366 2.567635146205838
4.382870477694813 2.5676426775948684
4.382870477694813 2.5676426775948684
4.3828044408604505 2.567635308365555
4.3828044408604505 2.567635308365555
4.382870263040964 2.567642800195617
4.382870263040964 2.567642800195617
4.382804460871686 2.5676350486993234
4.382804460871686 2.5676350486993234
4.382870438713881 2.567642858770813
4.382870438713881 2.567642858770813
4.3828040446884255 2.567635373825712
4.3828040446884255 2.567635373825712
4.382870597264465 2.567642751653376
4.382870597264465 2.567642751653376
4.382804143542021 2.5676352788663497
4.382804143542021 2.5676352788663497
4.382870431623155 2.5676431173852112
4.382870431623155 2.5676431173852112
4.382804516325492 2.56763477747717
4.382804516325492 2.56763477747717
4.38287049526281 2.567642932242691
4.38287049526281 2.567642932242691
4.3828042691159474 2.5676349902285227
4.3828042691159474 2.5676349902285227
4.382870292597439 2.567643322608528
4.382870292597439 2.567643322608528
4.382804418214803 2.567634697797597
4.382804418214803 2.567634697797597
4.382870074071454 2.5676434425522427
4.382870074071454 2.5676434425522427
4.382804618417904 2.567634477994492
4.382804618417904 2.567634477994492
4.382869901160103 2.5676438409551654
4.382869901160103 2.5676438409551654
4.382804872227857 2.567634078637498
4.382804872227857 2.567634078637498
4.382869871881174 2.567643765421629
4.382869871881174 2.567643765421629
4.382804899451459 2.567634154747741
4.382804899451459 2.567634154747741
4.382870152813064 2.567643737279546
4.382870152813064 2.567643737279546
4.382804743707684 2.56763425624768
4.382804743707684 2.56763425624768
4.382870205871273 2.5676439134847833
4.382870205871273 2.5676439134847833
4.382804525091625 2.567634016431595
4.382804525091625 2.567634016431595
4.382870339255832 2.567644070333748
4.382870339255832 2.567644070333748
4.382804249470901 2.567633979381331
4.382804249470901 2.567633979381331
4.382870300015759 2.5676440584191473
4.382870300015759 2.5676440584191473
4.382804438922016 2.5676338071021165
4.382804438922016 2.5676338071021165
4.3828706777009545 2.5676438772531047
4.3828706777009545 2.5676438772531047
4.3828039926037405 2.5676341526796467
4.3828039926037405 2.5676341526796467
4.382870587224689 2.567643900424587
4.382870587224689 2.567643900424587
4.382804348070852 2.5676340844162677
4.382804348070852 2.5676340844162677
4.382870335193236 2.567643857238287
4.382870335193236 2.567643857238287
4.3828044759844245 2.567634326941111
4.3828044759844245 2.567634326941111
4.38287031837514 2.56764360823486
4.38287031837514 2.56764360823486
4.382804437381634 2.567634230816185
4.382804437381634 2.567634230816185
4.382870433770434 2.567643663748202
4.382870433770434 2.567643663748202
4.382804521734589 2.5676342309473736
4.382804521734589 2.5676342309473736
4.382870131673457 2.5676439711067647
4.382870131673457 2.5676439711067647
4.382804578358922 2.5676340478033355
4.382804578358922 2.5676340478033355
4.382870071316238 2.5676440482926357
4.382870071316238 2.5676440482926357
4.382804785587563 2.56763395556222
4.382804785587563 2.56763395556222
4.3828698966200665 2.567643986354955
4.3828698966200665 2.567643986354955
4.382804604955216 2.5676341477433042
4.382804604955216 2.5676341477433042
4.382870054819554 2.567643884279834
4.382870054819554 2.567643884279834
4.382804697595107 2.5676343970906617
4.382804697595107 2.5676343970906617
4.382870355115564 2.5676434928358742
4.382870355115564 2.5676434928358742
4.3828045617956946 2.5676344104603346
4.3828045617956946 2.5676344104603346
4.3828700339217335 2.5676434504599475
4.3828700339217335 2.5676434504599475
4.382804653753734 2.567634659676721
4.382804653753734 2.567634659676721
4.382869962562102 2.567643551738314
4.382869962562102 2.567643551738314
4.382804594870358 2.567634674636304
4.382804594870358 2.567634674636304
4.38287033134112 2.5676431416662995
4.38287033134112 2.5676431416662995
4.3828043995198325 2.56763478928689
4.3828043995198325 2.56763478928689
4.382870152425716 2.5676430011090776
4.382870152425716 2.5676430011090776
4.382804700335941 2.5676348156610085
4.382804700335941 2.5676348156610085
4.3828701395585705 2.5676430053535397
4.3828701395585705 2.5676430053535397
4.382804622892548 2.567635019840668
4.382804622892548 2.567635019840668
4.3828704316352685 2.5676426116718996
4.3828704316352685 2.5676426116718996
4.382804113532869 2.5676352653176173
4.382804113532869 2.5676352653176173
4.38287066402615 2.5676426555483496
4.38287066402615 2.5676426555483496
4.382804068382556 2.5676352756385055
4.382804068382556 2.5676352756385055
4.382870514171579 2.5676428642096587
4.382870514171579 2.5676428642096587
4.38280392076585 2.5676352105081355
4.38280392076585 2.5676352105081355
4.382870974176762 2.56764261056232
4.382870974176762 2.56764261056232
4.3828038802463265 2.5676353057188783
4.3828038802463265 2.5676353057188783
4.382870973419886 2.567642784479218
4.382870973419886 2.567642784479218
4.3828035868438056 2.5676353457207135
4.3828035868438056 2.5676353457207135
4.382871381937029 2.5676425576007094
4.382871381937029 2.5676425576007094
4.382803595368657 2.5676349795159257
4.382803595368657 2.5676349795159257
4.382871316777486 2.5676430097652774
4.382871316777486 2.5676430097652774
4.38280339844473 2.567635098645244
4.38280339844473 2.567635098645244
4.382871409764605 2.5676428296048504
4.382871409764605 2.5676428296048504
4.382803753131244 2.567635026778367
4.382803753131244 2.567635026778367
4.382871195222537 2.56764269321782
4.382871195222537 2.56764269321782
4.38280330561175 2.567635453695899
4.38280330561175 2.567635453695899
4.382871671716095 2.56764234363168
4.382871671716095 2.56764234363168
4.382802851643979 2.567635712994504
4.382802851643979 2.567635712994504
4.382872043699371 2.567642013672663
4.382872043699371 2.567642013672663
4.382802552805348 2.567635848318316
4.382802552805348 2.567635848318316
4.382872329717876 2.567642162851315
4.382872329717876 2.567642162851315
4.382802300360911 2.5676358828040047
4.382802300360911 2.5676358828040047
4.382872338813087 2.5676421619217487
4.382872338813087 2.5676421619217487
4.382802524629705 2.567635749043441
4.382802524629705 2.567635749043441
4.382872221598935 2.567642371745401
4.382872221598935 2.567642371745401
4.382802352623362 2.5676356724697342
4.382802352623362 2.5676356724697342
4.382872517587115 2.5676421480611458
4.382872517587115 2.5676421480611458
4.382802110441438 2.567635808247927
4.382802110441438 2.567635808247927
4.382872739501589 2.5676421975008332
4.382872739501589 2.5676421975008332
4.382802311525116 2.567635680047203
4.382802311525116 2.567635680047203
4.382872428373919 2.56764224886304
4.382872428373919 2.56764224886304
4.382802566409702 2.5676356292449594
4.382802566409702 2.5676356292449594
4.382872284730015 2.567642376549116
4.382872284730015 2.567642376549116
4.382802420839966 2.567635649402248
4.382802420839966 2.567635649402248
4.3828723410492865 2.5676420950580363
4.3828723410492865 2.5676420950580363
4.3828024931072695 2.5676356441565518
4.3828024931072695 2.5676356441565518
4.382872378488651 2.567642176078445
4.382872378488651 2.567642176078445
4.382802350423078 2.56763575405267
4.382802350423078 2.56763575405267
4.382872207285188 2.5676422959885987
4.382872207285188 2.5676422959885987
4.382802868192125 2.5676356658081536
4.382802868192125 2.5676356658081536
4.382871849105954 2.5676423579789804
4.382871849105954 2.5676423579789804
4.382802935207665 2.5676355591680857
4.382802935207665 2.5676355591680857
4.382871803284836 2.5676424741746753
4.382871803284836 2.5676424741746753
4.382803009061777 2.567635627061232
4.382803009061777 2.567635627061232
4.382871703510819 2.567642221752101
4.382871703510819 2.567642221752101
4.382803180766345 2.5676355974730205
4.382803180766345 2.5676355974730205
4.38287162448584 2.567642491244865
4.38287162448584 2.567642491244865
4.3828034449741935 2.5676353855703913
4.3828034449741935 2.5676353855703913
4.382871196406626 2.5676427425267083
4.382871196406626 2.5676427425267083
4.382803635298068 2.5676352666639484
4.382803635298068 2.5676352666639484
4.382871235247472 2.567642646115245
4.382871235247472 2.567642646115245
4.382803541413347 2.5676350992210284
4.382803541413347 2.5676350992210284
4.382871368943528 2.5676428911092586
4.382871368943528 2.5676428911092586
4.3828033158762585 2.5676352255323756
4.3828033158762585 2.5676352255323756
4.382871531758439 2.567642780510047
4.382871531758439 2.567642780510047
4.38280320754622 2.567635235062561
4.38280320754622 2.567635235062561
4.382871516143704 2.567642785493993
4.382871516143704 2.567642785493993
4.382803405950918 2.5676352011099524
4.382803405950918 2.5676352011099524
4.382871348537444 2.5676428118931742
4.382871348537444 2.5676428118931742
4.382803474429192 2.567635095779245
4.382803474429192 2.567635095779245
4.382871348459594 2.5676430041637275
4.382871348459594 2.5676430041637275
4.38280353683542 2.5676349048608254
4.38280353683542 2.5676349048608254
4.3828712763804 2.567643005664473
4.3828712763804 2.567643005664473
4.382803299205848 2.5676349456250054
4.382803299205848 2.5676349456250054
4.382871540675662 2.5676429753909815
4.382871540675662 2.5676429753909815
4.382803498534475 2.5676348069686306
4.382803498534475 2.5676348069686306
4.382871152756805 2.5676431442053618
4.382871152756805 2.5676431442053618
4.38280357638355 2.567634786297987
4.38280357638355 2.567634786297987
4.38287127103716 2.567643220285608
4.38287127103716 2.567643220285608
4.3828033127373 2.5676346589706087
4.3828033127373 2.5676346589706087
4.382871262814991 2.567643117275926
4.382871262814991 2.567643117275926
4.38280392196431 2.567634563175874
4.38280392196431 2.567634563175874
4.382870670473547 2.5676437441872526
4.382870670473547 2.5676437441872526
4.382804345474082 2.567634071124403
4.382804345474082 2.567634071124403
4.382870414607533 2.56764385147035
4.382870414607533 2.56764385147035
4.382804435586021 2.5676343231177094
4.382804435586021 2.5676343231177094
4.382870342632182 2.5676435111636904
4.382870342632182 2.5676435111636904
4.382804109168035 2.5676345543789316
4.382804109168035 2.5676345543789316
4.382870622395068 2.5676434608172785
4.382870622395068 2.5676434608172785
4.38280423751571 2.5676345417563144
4.38280423751571 2.5676345417563144
4.382870948380836 2.567643418887275
4.382870948380836 2.567643418887275
4.3828039350751915 2.5676344914400273
4.3828039350751915 2.5676344914400273
4.382870799182606 2.5676435234853585
4.382870799182606 2.5676435234853585
4.382804205595408 2.5676344432022313
4.382804205595408 2.5676344432022313
4.382870467214209 2.567643671619811
4.382870467214209 2.567643671619811
4.382804512446613 2.5676341317978966
4.382804512446613 2.5676341317978966
4.3828704255036355 2.567643513452701
4.3828704255036355 2.567643513452701
4.3828043681140745 2.5676345705230936
4.3828043681140745 2.5676345705230936
4.382870510723296 2.5676433622157506
4.382870510723296 2.5676433622157506
4.382804372229599 2.567634738082375
4.382804372229599 2.567634738082375
4.382870564319742 2.567643160403983
4.382870564319742 2.567643160403983
4.382804409815578 2.5676345770878815
4.382804409815578 2.5676345770878815
4.382870308755499 2.5676432916278187
4.382870308755499 2.5676432916278187
4.382804161603407 2.5676348556824196
4.382804161603407 2.5676348556824196
4.382870329161 2.5676432873327744
4.382870329161 2.5676432873327744
4.38280444942092 2.567634715892593
4.38280444942092 2.567634715892593
4.382870248103334 2.5676433090103874
4.382870248103334 2.5676433090103874
4.382804596415224 2.567634612858267
4.382804596415224 2.567634612858267
4.3828703621942635 2.5676431956420234
4.3828703621942635 2.5676431956420234
4.382804209317486 2.567634671785761
4.382804209317486 2.567634671785761
4.382870835500489 2.5676431312033468
4.382870835500489 2.5676431312033468
4.38280380983287 2.5676348030071896
4.38280380983287 2.5676348030071896
4.3828711061606045 2.5676431864306553
4.3828711061606045 2.5676431864306553
4.382803592612381 2.5676347513652287
4.382803592612381 2.5676347513652287
4.382871289300486 2.567643246932419
4.382871289300486 2.567643246932419
4.382803651425128 2.5676345623754626
4.382803651425128 2.5676345623754626
4.38287073995288 2.5676435002088454
4.38287073995288 2.5676435002088454
4.382804076213109 2.5676342365945444
4.382804076213109 2.5676342365945444
4.38287085479207 2.5676435776110944
4.38287085479207 2.5676435776110944
4.3828037290191615 2.567634388919211
4.3828037290191615 2.567634388919211
4.38287143503324 2.5676432103594102
4.38287143503324 2.5676432103594102
4.3828034691073725 2.567634868764468
4.3828034691073725 2.567634868764468
4.382871179381361 2.567643342810677
4.382871179381361 2.567643342810677
4.382803455916648 2.567634436599632
4.382803455916648 2.567634436599632
4.382871401780398 2.56764339357463
4.382871401780398 2.56764339357463
4.382803447061286 2.5676345252995656
4.382803447061286 2.5676345252995656
4.382871128460451 2.5676434434272353
4.382871128460451 2.5676434434272353
4.382803886213055 2.5676343486995092
4.382803886213055 2.5676343486995092
4.382870957832695 2.5676436383026755
4.382870957832695 2.5676436383026755
4.382803833834849 2.567634188740427
4.382803833834849 2.567634188740427
4.382870710935621 2.567643851758767
4.382870710935621 2.567643851758767
4.382804202667185 2.5676342237874565
4.382804202667185 2.5676342237874565
4.382870794311125 2.5676437662250704
4.382870794311125 2.5676437662250704
4.382803762716002 2.5676342923500624
4.382803762716002 2.5676342923500624
4.382870947712814 2.5676438354283455
4.382870947712814 2.5676438354283455
4.3828039647543005 2.567634241600064
4.3828039647543005 2.567634241600064
4.382870807855157 2.567643762802497
4.382870807855157 2.567643762802497
4.382803965209414 2.5676341346960148
4.382803965209414 2.5676341346960148
4.382870747832197 2.5676439702827754
4.382870747832197 2.5676439702827754
4.382804182133054 2.567634037695774
4.382804182133054 2.567634037695774
4.3828704118175805 2.567644096192779
4.3828704118175805 2.567644096192779
4.382804323516302 2.567633939206926
4.382804323516302 2.567633939206926
4.3828706721544695 2.5676440532451004
4.3828706721544695 2.5676440532451004
4.382804198844154 2.5676339256217653
4.382804198844154 2.5676339256217653
4.382870879678136 2.5676440457227367
4.382870879678136 2.5676440457227367
4.382803725339505 2.567634086918715
4.382803725339505 2.567634086918715
4.382870902891201 2.5676437600986937
4.382870902891201 2.5676437600986937
4.382804321208662 2.567634087529161
4.382804321208662 2.567634087529161
4.382870504158413 2.567644010246276
4.382870504158413 2.567644010246276
4.382804221859227 2.567634089842701
4.382804221859227 2.567634089842701
4.382870570170895 2.567643845500262
4.382870570170895 2.567643845500262
4.3828045863951495 2.567634125746211
4.3828045863951495 2.567634125746211
4.3828703431708735 2.5676436908113414
4.3828703431708735 2.5676436908113414
4.382804477180951 2.567634321893331
4.382804477180951 2.567634321893331
4.382870369083263 2.5676436851065008
4.382870369083263 2.5676436851065008
4.382804267037291 2.5676343328949893
4.382804267037291 2.5676343328949893
4.382870438599191 2.5676435191060416
4.382870438599191 2.5676435191060416
4.3828045013569215 2.5676342944112944
4.3828045013569215 2.5676342944112944
4.382870256592751 2.5676436298712364
4.382870256592751 2.5676436298712364
4.382804952859794 2.5676339707310083
4.382804952859794 2.5676339707310083
4.382869710843854 2.567643893021345
4.382869710843854 2.567643893021345
4.382805041177635 2.567634385492295
4.382805041177635 2.567634385492295
4.382869974069947 2.567643514768342
4.382869974069947 2.567643514768342
4.382804991874614 2.5676344602898813
4.382804991874614 2.5676344602898813
4.382869569866376 2.567643411502726
4.382869569866376 2.567643411502726
4.382805329712529 2.5676344151201898
4.382805329712529 2.5676344151201898
4.3828694007508044 2.5676437631200777
4.3828694007508044 2.5676437631200777
4.382805463851038 2.567634216818841
4.382805463851038 2.567634216818841
4.38286935204658 2.5676437751117875
4.38286935204658 2.5676437751117875
4.382805019097261 2.567634037879196
4.382805019097261 2.567634037879196
4.382870034145344 2.567643854785416
4.382870034145344 2.567643854785416
4.382804801490054 2.5676342375605894
4.382804801490054 2.5676342375605894
4.382870028663545 2.5676436888774616
4.382870028663545 2.5676436888774616
4.382804791367939 2.5676343227465344
4.382804791367939 2.5676343227465344
4.382869965492754 2.5676436016139523
4.382869965492754 2.5676436016139523
4.38280497855399 2.567634462515562
4.38280497855399 2.567634462515562
4.38286962244538 2.567643419016935
4.38286962244538 2.567643419016935
4.382805026109305 2.567634450060761
4.382805026109305 2.567634450060761
4.382870118034741 2.5676433329588146
4.382870118034741 2.5676433329588146
4.382804627263323 2.5676346783429347
4.382804627263323 2.5676346783429347
4.382870204652734 2.5676432467285744
4.382870204652734 2.5676432467285744
4.382804721567838 2.5676347380518356
4.382804721567838 2.5676347380518356
4.382869808599127 2.567643392396745
4.382869808599127 2.567643392396745
4.38280490218179 2.5676346268866133
4.38280490218179 2.5676346268866133
4.382869978714744 2.56764336976175
4.382869978714744 2.56764336976175
4.382805040078352 2.5676342590259758
4.382805040078352 2.5676342590259758
4.38286965907605 2.567643762892356
4.38286965907605 2.567643762892356
4.382805135779139 2.5676342130825023
4.382805135779139 2.5676342130825023
4.382869623704319 2.567643710915169
4.382869623704319 2.567643710915169
4.382805223803372 2.567634190407426
4.382805223803372 2.567634190407426
4.382869818084468 2.5676434549856157
4.382869818084468 2.5676434549856157
4.382804950236433 2.567634466539228
4.382804950236433 2.567634466539228
4.382869881125241 2.5676434591687025
4.382869881125241 2.5676434591687025
4.382804827278962 2.5676347475485226
4.382804827278962 2.5676347475485226
4.382870007332399 2.5676431777005178
4.382870007332399 2.5676431777005178
4.382804654371258 2.567634836594063
4.382804654371258 2.567634836594063
4.382870069994372 2.56764274461359
4.382870069994372 2.56764274461359
4.382804802614572 2.5676350843802784
4.382804802614572 2.5676350843802784
4.382870096403788 2.5676428227118944
4.382870096403788 2.5676428227118944
4.38280477655695 2.567635342015139
4.38280477655695 2.567635342015139
4.382870090159106 2.5676425729379977
4.382870090159106 2.5676425729379977
4.382804362133886 2.567635244819202
4.382804362133886 2.567635244819202
4.3828705077907975 2.5676426689601803
4.3828705077907975 2.5676426689601803
4.382804165093306 2.5676352773691566
4.382804165093306 2.5676352773691566
4.382870744405604 2.567642369595055
4.382870744405604 2.567642369595055
4.38280378974956 2.5676357694880583
4.38280378974956 2.5676357694880583
4.382870722990983 2.567642390580244
4.382870722990983 2.567642390580244
4.382803872431755 2.567635575618925
4.382803872431755 2.567635575618925
4.382870772053036 2.567642550337236
4.382870772053036 2.567642550337236
4.382803705853113 2.567635601797053
4.382803705853113 2.567635601797053
4.382871171173272 2.5676422939990493
4.382871171173272 2.5676422939990493
4.382803762784727 2.5676355148284915
4.382803762784727 2.5676355148284915
4.382871031550949 2.567642315187512
4.382871031550949 2.567642315187512
4.38280375201838 2.5676356033281436
4.38280375201838 2.5676356033281436
4.382871099492768 2.567642486415908
4.382871099492768 2.567642486415908
4.382803897650743 2.5676353937411025
4.382803897650743 2.5676353937411025
4.382870810269273 2.5676428016272608
4.382870810269273 2.5676428016272608
4.382803764466301 2.5676354267308588
4.382803764466301 2.5676354267308588
4.382871139507224 2.567642563752433
4.382871139507224 2.567642563752433
4.3828036968723 2.5676351680310128
4.3828036968723 2.5676351680310128
4.382870990533774 2.567642774395303
4.382870990533774 2.567642774395303
4.382803540417578 2.567635363189684
4.382803540417578 2.567635363189684
4.3828713733849005 2.567642276861903
4.3828713733849005 2.567642276861903
4.382803380524034 2.567635561369799
4.382803380524034 2.567635561369799
4.382871458120643 2.5676421834728136
4.382871458120643 2.5676421834728136
4.382803453609746 2.5676357167512327
4.382803453609746 2.5676357167512327
4.382871499027334 2.567642261267598
4.382871499027334 2.567642261267598
4.382803314850506 2.567635838117719
4.382803314850506 2.567635838117719
4.382871173757231 2.5676423156235404
4.382871173757231 2.5676423156235404
4.382803477365328 2.567635635700066
4.382803477365328 2.567635635700066
4.382871216621238 2.5676423927926324
4.382871216621238 2.5676423927926324
4.382803484446187 2.5676356471054302
4.382803484446187 2.5676356471054302
4.382871078061761 2.5676423129128794
4.382871078061761 2.5676423129128794
4.382803661135217 2.5676358758440867
4.382803661135217 2.5676358758440867
4.382870828839748 2.56764219035039
4.382870828839748 2.56764219035039
4.382804008334478 2.5676359007163274
4.382804008334478 2.5676359007163274
4.382870435902552 2.567642261928972
4.382870435902552 2.567642261928972
4.382804352276282 2.5676357411434734
4.382804352276282 2.5676357411434734
4.3828702424943655 2.567642212160266
4.3828702424943655 2.567642212160266
4.382804492727102 2.567635803984278
4.382804492727102 2.567635803984278
4.382870200452236 2.5676421397777442
4.382870200452236 2.5676421397777442
4.382804583117978 2.5676357797527958
4.382804583117978 2.5676357797527958
4.382870386112566 2.567642108806985
4.382870386112566 2.567642108806985
4.3828046737703845 2.5676357698434145
4.3828046737703845 2.5676357698434145
4.382870194887838 2.567642143699849
4.382870194887838 2.567642143699849
4.382804712767562 2.5676357591037746
4.382804712767562 2.5676357591037746
4.382870007222517 2.5676421779739846
4.382870007222517 2.5676421779739846
4.382805093168072 2.567635524959323
4.382805093168072 2.567635524959323
4.382869773749671 2.5676423903795316
4.382869773749671 2.5676423903795316
4.3828048165196165 2.567635494240196
4.3828048165196165 2.567635494240196
4.382870161022331 2.5676423925041534
4.382870161022331 2.5676423925041534
4.3828046757715935 2.567635696686529
4.3828046757715935 2.567635696686529
4.382870023034583 2.56764232938884
4.382870023034583 2.56764232938884
4.3828045764440136 2.567635636274723
4.3828045764440136 2.567635636274723
4.382870214092984 2.56764211441274
4.382870214092984 2.56764211441274
4.38280462414989 2.567636057570702
4.38280462414989 2.567636057570702
4.382870268176403 2.5676419340639653
4.382870268176403 2.5676419340639653
4.382804439173979 2.5676359207421204
4.382804439173979 2.5676359207421204
4.382870406509915 2.567642082395845
4.382870406509915 2.567642082395845
4.382804229526493 2.567635959339384
4.382804229526493 2.567635959339384
4.382870217436985 2.567642202098122
4.382870217436985 2.567642202098122
4.3828045152628015 2.5676357300842607
4.3828045152628015 2.5676357300842607
4.382870186148995 2.567642379467895
4.382870186148995 2.567642379467895
4.3828047912247525 2.5676352554159387
4.3828047912247525 2.5676352554159387
4.382869988452853 2.5676426817739944
4.382869988452853 2.5676426817739944
4.382804820058948 2.5676350631532143
4.382804820058948 2.5676350631532143
4.382870141545065 2.5676430801718366
4.382870141545065 2.5676430801718366
4.382804663792564 2.5676350187880317
4.382804663792564 2.5676350187880317
4.382870057759038 2.567642915275784
4.382870057759038 2.567642915275784
4.382804665137278 2.5676349345050196
4.382804665137278 2.5676349345050196
4.382870138182879 2.5676429975477664
4.382870138182879 2.5676429975477664
4.382804550724538 2.567635011953172
4.382804550724538 2.567635011953172
4.382870082070696 2.567643029259214
4.382870082070696 2.567643029259214
4.382805002148641 2.567634766485842
4.382805002148641 2.567634766485842
4.382869502588941 2.56764338807159
4.382869502588941 2.56764338807159
4.382805156942167 2.5676347906153794
4.382805156942167 2.5676347906153794
4.382869722157117 2.5676432054864224
4.382869722157117 2.5676432054864224
4.382805201877715 2.567634715280564
4.382805201877715 2.567634715280564
4.382869642841135 2.5676432898216874
4.382869642841135 2.5676432898216874
4.382805169988975 2.567634455621185
4.382805169988975 2.567634455621185
4.382869853113936 2.5676432751770912
4.382869853113936 2.5676432751770912
4.382804713319604 2.5676349485919854
4.382804713319604 2.5676349485919854
4.382869975165265 2.5676429948160906
4.382869975165265 2.5676429948160906
4.382804892439184 2.5676350871867513
4.382804892439184 2.5676350871867513
4.382869958529538 2.567642665326974
4.382869958529538 2.567642665326974
4.382804832707988 2.5676352518183303
4.382804832707988 2.5676352518183303
4.382869858053332 2.5676426920533326
4.382869858053332 2.5676426920533326
4.382805128167103 2.5676350271589663
4.382805128167103 2.5676350271589663
4.3828697908679075 2.5676430422284366
4.3828697908679075 2.5676430422284366
4.382805044494489 2.5676350476495307
4.382805044494489 2.5676350476495307
4.382869885429636 2.567642852022833
4.382869885429636 2.567642852022833
4.382804734354029 2.567635191911012
4.382804734354029 2.567635191911012
4.3828701420650695 2.5676428053609786
4.3828701420650695 2.5676428053609786
4.382804529760921 2.56763514084614
4.382804529760921 2.56763514084614
4.382870189053522 2.567642794853617
4.382870189053522 2.567642794853617
4.382804588540547 2.567635293928587
4.382804588540547 2.567635293928587
4.382870221010297 2.567642635522479
4.382870221010297 2.567642635522479
4.382804564102975 2.5676351985497052
4.382804564102975 2.5676351985497052
4.382870163029902 2.5676428192044827
4.382870163029902 2.5676428192044827
4.382804367703088 2.5676352305018906
4.382804367703088 2.5676352305018906
4.382870215204901 2.5676429079224463
4.382870215204901 2.5676429079224463
4.382804877176757 2.567634967871063
4.382804877176757 2.567634967871063
4.382870054508478 2.567642931864616
4.382870054508478 2.567642931864616
4.382804287916617 2.567635418736135
4.382804287916617 2.567635418736135
4.382870513259869 2.567642767276729
4.382870513259869 2.567642767276729
4.382804334891944 2.567635049128923
4.382804334891944 2.567635049128923
4.382870330528374 2.567642983524682
4.382870330528374 2.567642983524682
4.3828043698824075 2.5676349551960964
4.3828043698824075 2.5676349551960964
4.382870270648163 2.56764316857838
4.382870270648163 2.56764316857838
4.382804654167418 2.5676346300784956
4.382804654167418 2.5676346300784956
4.382869862661273 2.567643233874156
4.382869862661273 2.567643233874156
4.382804949782504 2.5676345101200146
4.382804949782504 2.5676345101200146
4.38287007078022 2.567643638627031
4.38287007078022 2.567643638627031
4.382804721933079 2.56763419234861
4.382804721933079 2.56763419234861
4.382870125714179 2.5676438137754265
4.382870125714179 2.5676438137754265
4.382804529497351 2.567634135845264
4.382804529497351 2.567634135845264
4.38287050899182 2.5676436741841755
4.38287050899182 2.5676436741841755
4.382804325233591 2.5676344197143877
4.382804325233591 2.5676344197143877
4.382870617602231 2.5676434776151127
4.382870617602231 2.5676434776151127
4.382804090830634 2.5676345438463373
4.382804090830634 2.5676345438463373
4.3828707660885105 2.5676432891143177
4.3828707660885105 2.5676432891143177
4.382803889146063 2.567634764276567
4.382803889146063 2.567634764276567
4.38287075264228 2.5676431032979545
4.38287075264228 2.5676431032979545
4.382803890357519 2.567634677630978
4.382803890357519 2.567634677630978
4.382871012521199 2.5676432285493633
4.382871012521199 2.5676432285493633
4.3828037180793284 2.5676347013395593
4.3828037180793284 2.5676347013395593
4.382871151636956 2.5676432124405
4.382871151636956 2.5676432124405
4.382803738848926 2.5676348873516064
4.382803738848926 2.5676348873516064
4.3828713499979 2.567642988895584
4.3828713499979 2.567642988895584
4.382803194014381 2.5676349700494043
4.382803194014381 2.5676349700494043
4.382871552210764 2.567642956934138
4.382871552210764 2.567642956934138
4.382803347911319 2.5676351232847945
4.382803347911319 2.5676351232847945
4.382871315503699 2.5676429120025692
4.382871315503699 2.5676429120025692
4.3828036244318085 2.5676348960553184
4.3828036244318085 2.5676348960553184
4.382871157964705 2.567643021496626
4.382871157964705 2.567643021496626
4.382803370990918 2.567635116180378
4.382803370990918 2.567635116180378
4.382871376057501 2.5676428103618303
4.382871376057501 2.5676428103618303
4.38280350266234 2.567634995459119
4.38280350266234 2.567634995459119
4.382871313241865 2.567643018806851
4.382871313241865 2.567643018806851
4.382803139435005 2.5676349456562857
4.382803139435005 2.5676349456562857
4.382871301802735 2.5676431269060966
4.382871301802735 2.5676431269060966
4.382803573709599 2.5676346982038516
4.382803573709599 2.5676346982038516
4.38287127341881 2.5676433084664816
4.38287127341881 2.5676433084664816
4.382803491369607 2.5676346120884928
4.382803491369607 2.5676346120884928
4.3828712512109 2.5676432284065345
4.3828712512109 2.5676432284065345
4.382803576536715 2.567634782434422
4.382803576536715 2.567634782434422
4.38287121244674 2.5676433254173165
4.38287121244674 2.5676433254173165
4.382803482097619 2.567634613067033
4.382803482097619 2.567634613067033
4.382871353932881 2.5676433094823095
4.382871353932881 2.5676433094823095
4.382803286056746 2.5676347295334967
4.382803286056746 2.5676347295334967
4.382871440199782 2.5676432890666328
4.382871440199782 2.5676432890666328
4.382803585441488 2.5676345178958204
4.382803585441488 2.5676345178958204
4.382871035963117 2.5676434593490827
4.382871035963117 2.5676434593490827
4.382803762285903 2.56763438717305
4.382803762285903 2.56763438717305
4.382870797947195 2.567643737509422
4.382870797947195 2.567643737509422
4.38280378073853 2.5676342087302255
4.38280378073853 2.5676342087302255
4.3828709694992956 2.5676438883900636
4.3828709694992956 2.5676438883900636
4.382803601977547 2.567634232206568
4.382803601977547 2.567634232206568
4.382871139774733 2.5676436078548597
4.382871139774733 2.5676436078548597
4.382803871430025 2.567634378057889
4.382803871430025 2.567634378057889
4.3828709419905065 2.567643445063804
4.3828709419905065 2.567643445063804
4.382803743930975 2.56763466832006
4.382803743930975 2.56763466832006
4.382871115053371 2.567643421951038
4.382871115053371 2.567643421951038
4.382803871479825 2.567634654902829
4.382803871479825 2.567634654902829
4.382870894908309 2.567643286396414
4.382870894908309 2.567643286396414
4.382803871495768 2.5676346345683694
4.382803871495768 2.5676346345683694
4.382870885109846 2.5676432223765167
4.382870885109846 2.5676432223765167
4.3828036887558985 2.567634833445675
4.3828036887558985 2.567634833445675
4.382870940388307 2.567643209027453
4.382870940388307 2.567643209027453
4.382803548577286 2.5676348503115056
4.382803548577286 2.5676348503115056
4.382871054528474 2.5676435446379124
4.382871054528474 2.5676435446379124
4.382804017163287 2.5676345968473115
4.382804017163287 2.5676345968473115
4.382870795064064 2.5676434182485344
4.382870795064064 2.5676434182485344
4.382803901109999 2.5676345205316085
4.382803901109999 2.5676345205316085
4.382871108967947 2.567643291865264
4.382871108967947 2.567643291865264
4.382803530896924 2.5676347473329666
4.382803530896924 2.5676347473329666
4.382871210084471 2.567643094345949
4.382871210084471 2.567643094345949
4.382803608562023 2.5676348316754667
4.382803608562023 2.5676348316754667
4.382871019613092 2.5676432119450285
4.382871019613092 2.5676432119450285
4.382804165326548 2.5676346605973794
4.382804165326548 2.5676346605973794
4.382870857447841 2.567643234567847
4.382870857447841 2.567643234567847
4.382804047900646 2.567634584802299
4.382804047900646 2.567634584802299
4.38287063329423 2.5676435487032063
4.38287063329423 2.5676435487032063
4.382804270768707 2.567634273042446
4.382804270768707 2.567634273042446
4.382870659271549 2.5676435419575916
4.382870659271549 2.5676435419575916
4.3828038705440315 2.567634332318604
4.3828038705440315 2.567634332318604
4.382870667874728 2.567643881707539
4.382870667874728 2.567643881707539
4.382803890454476 2.567634155023447
4.382803890454476 2.567634155023447
4.382870805634202 2.5676438691836245
4.382870805634202 2.5676438691836245
4.3828040760342235 2.567634043304353
4.3828040760342235 2.567634043304353
4.382870889644774 2.5676439340978234
4.382870889644774 2.5676439340978234
4.382804000521582 2.567633954793963
4.382804000521582 2.567633954793963
4.382870677889199 2.5676439875212616
4.382870677889199 2.5676439875212616
4.382804196692014 2.5676340978619545
4.382804196692014 2.5676340978619545
4.382870507887006 2.567643753812794
4.382870507887006 2.567643753812794
4.382804526726374 2.567634120947051
4.382804526726374 2.567634120947051
4.382870310331846 2.5676437824873606
4.382870310331846 2.5676437824873606
4.3828045740128925 2.5676339617431676
4.3828045740128925 2.5676339617431676
4.382870332278894 2.567644115160101
4.382870332278894 2.567644115160101
4.382804354680974 2.5676339944662905
4.382804354680974 2.5676339944662905
4.382870379315272 2.567644188598364
4.382870379315272 2.567644188598364
4.38280456432575 2.567633733001731
4.38280456432575 2.567633733001731
4.382870431220465 2.5676442606246916
4.382870431220465 2.5676442606246916
4.3828044867752345 2.5676338134555494
4.3828044867752345 2.5676338134555494
4.382870148164712 2.5676443083188563
4.382870148164712 2.5676443083188563
4.382804627193935 2.567633609362082
4.382804627193935 2.567633609362082
4.382869776775296 2.5676443784737795
4.382869776775296 2.5676443784737795
4.382805036276509 2.567633637040926
4.382805036276509 2.567633637040926
4.382869641809415 2.567644471517873
4.382869641809415 2.567644471517873
4.382805191660219 2.567633456632974
4.382805191660219 2.567633456632974
4.382869488709124 2.56764432010336
4.382869488709124 2.56764432010336
4.382805218296206 2.567633804164877
4.382805218296206 2.567633804164877
4.382869627427198 2.567644202706544
4.382869627427198 2.567644202706544
4.382805249776372 2.56763371356143
4.382805249776372 2.56763371356143
4.382869761443157 2.5676441919725095
4.382869761443157 2.5676441919725095
4.3828048658923535 2.5676338476321563
4.3828048658923535 2.5676338476321563
4.382869765881205 2.5676444397202003
4.382869765881205 2.5676444397202003
4.382804922090468 2.5676334999654795
4.382804922090468 2.5676334999654795
4.382869879681707 2.567644518925439
4.382869879681707 2.567644518925439
4.382804807440189 2.5676334209304303
4.382804807440189 2.5676334209304303
4.382869769416828 2.5676445221088415
4.382869769416828 2.5676445221088415
4.382805130429213 2.5676334718536244
4.382805130429213 2.5676334718536244
4.382869802306241 2.567644513729013
4.382869802306241 2.567644513729013
4.382805141346207 2.567633469329231
4.382805141346207 2.567633469329231
4.382869283783366 2.5676445950470814
4.382869283783366 2.5676445950470814
4.38280562829497 2.567633452693857
4.38280562829497 2.567633452693857
4.382869269623731 2.5676445653469715
4.382869269623731 2.5676445653469715
4.382805374197261 2.5676335505087216
4.382805374197261 2.5676335505087216
4.382869701387921 2.5676444226760307
4.382869701387921 2.5676444226760307
4.38280499404904 2.567633574869396
4.38280499404904 2.567633574869396
4.382869895749228 2.567644421228666
4.382869895749228 2.567644421228666
4.382805082620215 2.5676336600039416
4.382805082620215 2.5676336600039416
4.382869453312861 2.5676442955891767
4.382869453312861 2.5676442955891767
4.382804944549265 2.5676336109714706
4.382804944549265 2.5676336109714706
4.382869921679109 2.5676443076324804
4.382869921679109 2.5676443076324804
4.382804999733786 2.5676335972161684
4.382804999733786 2.5676335972161684
4.38286956871291 2.5676446210077364
4.38286956871291 2.5676446210077364
4.38280514341137 2.5676333957174484
4.38280514341137 2.5676333957174484
4.382869679673969 2.5676445349846784
4.382869679673969 2.5676445349846784
4.382805300419143 2.5676332488058384
4.382805300419143 2.5676332488058384
4.382869613058293 2.5676446591796434
4.382869613058293 2.5676446591796434
4.382805233561671 2.5676331582612235
4.382805233561671 2.5676331582612235
4.3828692819795085 2.567644742274826
4.3828692819795085 2.567644742274826
4.382805564394817 2.567633076386082
4.382805564394817 2.567633076386082
4.382869206210413 2.5676448423255116
4.382869206210413 2.5676448423255116
4.382805480731752 2.56763309783187
4.382805480731752 2.56763309783187
4.38286943045681 2.5676446473846957
4.38286943045681 2.5676446473846957
4.382805354317197 2.567633292864272
4.382805354317197 2.567633292864272
4.382869389666456 2.5676445509888506
4.382869389666456 2.5676445509888506
4.382805552856538 2.5676334318019243
4.382805552856538 2.5676334318019243
4.382869423460028 2.5676443787432954
4.382869423460028 2.5676443787432954
4.38280541013183 2.567633549035235
4.38280541013183 2.567633549035235
4.382869457810033 2.5676443699982774
4.382869457810033 2.5676443699982774
4.382805597408035 2.5676337939390868
4.382805597408035 2.5676337939390868
4.382869372534807 2.5676440172902666
4.382869372534807 2.5676440172902666
4.382805520906681 2.5676339768249825
4.382805520906681 2.5676339768249825
4.382869037576111 2.56764416083824
4.382869037576111 2.56764416083824
4.3828054693869785 2.567633804128704
4.3828054693869785 2.567633804128704
4.382869134818629 2.5676439950667125
4.382869134818629 2.5676439950667125
4.382805637402885 2.567634191493729
4.382805637402885 2.567634191493729
4.38286914629756 2.567643911455214
4.38286914629756 2.567643911455214
4.38280554271623 2.567634193111007
4.38280554271623 2.567634193111007
4.382869070963528 2.5676439092642807
4.382869070963528 2.5676439092642807
4.382805781772842 2.5676339913570363
4.382805781772842 2.5676339913570363
4.382868844279462 2.567643885720756
4.382868844279462 2.567643885720756
4.382805751203752 2.567634161176556
4.382805751203752 2.567634161176556
4.382869053742716 2.567643854599763
4.382869053742716 2.567643854599763
4.382805701192598 2.5676339896500173
4.382805701192598 2.5676339896500173
4.382869246589731 2.5676440123823077
4.382869246589731 2.5676440123823077
4.382805612754705 2.5676336639090085
4.382805612754705 2.5676336639090085
4.382869109736905 2.567644268363916
4.382869109736905 2.567644268363916
4.3828057878667765 2.56763356239532
4.3828057878667765 2.56763356239532
4.382869057218493 2.5676444441634048
4.382869057218493 2.5676444441634048
4.382805861130301 2.567633463417648
4.382805861130301 2.567633463417648
4.382869014393297 2.567644478721967
4.382869014393297 2.567644478721967
4.382805652379492 2.567633386065887
4.382805652379492 2.567633386065887
4.3828691994753175 2.5676446441393606
4.3828691994753175 2.5676446441393606
4.3828055121104414 2.567633372990409
4.3828055121104414 2.567633372990409
4.382869282009824 2.567644622878837
4.382869282009824 2.567644622878837
4.382805497257699 2.5676332946416562
4.382805497257699 2.5676332946416562
4.38286941496136 2.5676446131639277
4.38286941496136 2.5676446131639277
4.382805185428199 2.5676335140644966
4.382805185428199 2.5676335140644966
4.382869528282387 2.5676445266089014
4.382869528282387 2.5676445266089014
4.382805392424658 2.567633215144314
4.382805392424658 2.567633215144314
4.3828697106274905 2.567644670382365
4.3828697106274905 2.567644670382365
4.382805111469155 2.5676335335382423
4.382805111469155 2.5676335335382423
4.382869689790053 2.567644485077782
4.382869689790053 2.567644485077782
4.382805320146107 2.567633398160761
4.382805320146107 2.567633398160761
4.382869613806816 2.567644421609461
4.382869613806816 2.567644421609461
4.382805117635296 2.567633673595712
4.382805117635296 2.567633673595712
4.382869353279612 2.5676443807631215
4.382869353279612 2.5676443807631215
4.3828055568350015 2.567633470412424
4.3828055568350015 2.567633470412424
4.382869233901409 2.567644525833498
4.382869233901409 2.567644525833498
4.382805102322702 2.5676335375078896
4.382805102322702 2.5676335375078896
4.382869785503845 2.567644459085201
4.382869785503845 2.567644459085201
4.382804691345864 2.5676335931861773
4.382804691345864 2.5676335931861773
4.38287013223303 2.567644336176508
4.38287013223303 2.567644336176508
4.382804389150449 2.5676335367235974
4.382804389150449 2.5676335367235974
4.382870503054022 2.567644289766017
4.382870503054022 2.567644289766017
4.382804289988007 2.5676337082945886
4.382804289988007 2.5676337082945886
4.382870346990887 2.5676442438351383
4.382870346990887 2.5676442438351383
4.382804635751013 2.567633729557577
4.382804635751013 2.567633729557577
4.38287019493881 2.567644029639887
4.38287019493881 2.567644029639887
4.382804492894695 2.5676338041979485
4.382804492894695 2.5676338041979485
4.382870183960492 2.567644307420333
4.382870183960492 2.567644307420333
4.382804615869109 2.567633351110829
4.382804615869109 2.567633351110829
4.3828699917475245 2.567644859762073
4.3828699917475245 2.567644859762073
4.382804769754402 2.5676331696647736
4.382804769754402 2.5676331696647736
4.382870028531925 2.5676448508551544
4.382870028531925 2.5676448508551544
4.382804656253051 2.567633088978416
4.382804656253051 2.567633088978416
4.382869873903576 2.567644863528026
4.382869873903576 2.567644863528026
4.382804790272684 2.5676331646410016
4.382804790272684 2.5676331646410016
4.382870179079926 2.567644922712748
4.382870179079926 2.567644922712748
4.382804501701601 2.5676329916052647
4.382804501701601 2.5676329916052647
4.3828705069761575 2.567644722049346
4.3828705069761575 2.567644722049346
4.382804371875518 2.567633363900322
4.382804371875518 2.567633363900322
4.382870204411841 2.567644578629373
4.382870204411841 2.567644578629373
4.382804651710547 2.5676332593426974
4.382804651710547 2.5676332593426974
4.382869863236882 2.567644973754504
4.382869863236882 2.567644973754504
4.3828048005743705 2.5676332219633036
4.3828048005743705 2.5676332219633036
4.382869853633404 2.5676448087957433
4.382869853633404 2.5676448087957433
4.382804977262368 2.567633120493061
4.382804977262368 2.567633120493061
4.382869892927322 2.567644965337659
4.382869892927322 2.567644965337659
4.382804742977325 2.5676329869992385
4.382804742977325 2.5676329869992385
4.382870199355439 2.567644997932318
4.382870199355439 2.567644997932318
4.382804582664873 2.567633085620944
4.382804582664873 2.567633085620944
4.382870215920661 2.5676447668024514
4.382870215920661 2.5676447668024514
4.382804660095094 2.567632982480184
4.382804660095094 2.567632982480184
4.382869969978568 2.5676451380416547
4.382869969978568 2.5676451380416547
4.382805125417413 2.567632476414568
4.382805125417413 2.567632476414568
4.382869501422738 2.5676456418279483
4.382869501422738 2.5676456418279483
4.382805066248712 2.567632380217926
4.382805066248712 2.567632380217926
4.382869312814348 2.5676455524358524
4.382869312814348 2.5676455524358524
4.382805737842125 2.5676322951647474
4.382805737842125 2.5676322951647474
4.382869227476235 2.567645795691925
4.382869227476235 2.567645795691925
4.382805667467857 2.5676320391504928
4.382805667467857 2.5676320391504928
4.382868892937042 2.5676459297137364
4.382868892937042 2.5676459297137364
4.382806194909062 2.5676322907241382
4.382806194909062 2.5676322907241382
4.382868305865341 2.56764593364263
4.382868305865341 2.56764593364263
4.382806518642252 2.5676320507996957
4.382806518642252 2.5676320507996957
4.382868310795048 2.5676458029690825
4.382868310795048 2.5676458029690825
4.382806360585979 2.567632379447878
4.382806360585979 2.567632379447878
4.3828686741056595 2.567645660891381
4.3828686741056595 2.567645660891381
4.382806134716076 2.5676321678862597
4.382806134716076 2.5676321678862597
4.382868797730136 2.567645899878495
4.382868797730136 2.567645899878495
4.382805651184838 2.567631986994083
4.382805651184838 2.567631986994083
4.382869109615835 2.567646013227569
4.382869109615835 2.567646013227569
4.382805519090567 2.5676320522335367
4.382805519090567 2.5676320522335367
4.382869317610182 2.5676458470338774
4.382869317610182 2.5676458470338774
4.382805392227606 2.5676321156169535
4.382805392227606 2.5676321156169535
4.382869344836968 2.5676459737124784
4.382869344836968 2.5676459737124784
4.382805651600952 2.5676320809915545
4.382805651600952 2.5676320809915545
4.382868914840987 2.5676459982684645
4.382868914840987 2.5676459982684645
4.382805992759929 2.567631996250163
4.382805992759929 2.567631996250163
4.382868810042025 2.567646185653843
4.382868810042025 2.567646185653843
4.382805937052623 2.567631898807001
4.382805937052623 2.567631898807001
4.382868391570389 2.5676465294017743
4.382868391570389 2.5676465294017743
4.382806316577267 2.567631722832216
4.382806316577267 2.567631722832216
4.3828682584885525 2.5676462744998516
4.3828682584885525 2.5676462744998516
4.38280645456767 2.5676317377003706
4.38280645456767 2.5676317377003706
4.382868193210643 2.5676462889544065
4.382868193210643 2.5676462889544065
4.3828065355622385 2.567631877441886
4.3828065355622385 2.567631877441886
4.38286856156185 2.567646210991223
4.38286856156185 2.567646210991223
4.382806267115032 2.5676317721998
4.382806267115032 2.5676317721998
4.382868289582733 2.567646087278262
4.382868289582733 2.567646087278262
4.3828062233823 2.5676320058498514
4.3828062233823 2.5676320058498514
4.382868732323084 2.56764597550503
4.382868732323084 2.56764597550503
4.382805881889709 2.5676322241734684
4.382805881889709 2.5676322241734684
4.382868886474215 2.5676458854625603
4.382868886474215 2.5676458854625603
4.382805681194523 2.5676320831546016
4.382805681194523 2.5676320831546016
4.382869274207124 2.5676458990197855
4.382869274207124 2.5676458990197855
4.382805806153722 2.567632164346408
4.382805806153722 2.567632164346408
4.382869006520056 2.56764577218571
4.382869006520056 2.56764577218571
4.382805890647525 2.567632114285055
4.382805890647525 2.567632114285055
4.382868739376176 2.5676459994363174
4.382868739376176 2.5676459994363174
4.3828059138312785 2.5676319167271573
4.3828059138312785 2.5676319167271573
4.382868956640631 2.567646117713918
4.382868956640631 2.567646117713918
4.3828061145170505 2.5676318982949367
4.3828061145170505 2.5676318982949367
4.382868919239823 2.5676459826607196
4.382868919239823 2.5676459826607196
4.3828056762765355 2.5676319479068495
4.3828056762765355 2.5676319479068495
4.382869499635433 2.5676459275809664
4.382869499635433 2.5676459275809664
4.382805023136228 2.567631855195488
4.382805023136228 2.567631855195488
4.382869932095074 2.567646075185183
4.382869932095074 2.567646075185183
4.38280475504372 2.5676320291289905
4.38280475504372 2.5676320291289905
4.382869937048062 2.567645822406044
4.382869937048062 2.567645822406044
4.38280483522858 2.5676323447214573
4.38280483522858 2.5676323447214573
4.3828702103536505 2.5676456439379156
4.3828702103536505 2.5676456439379156
4.382804674640223 2.567632441215832
4.382804674640223 2.567632441215832
4.382870148710192 2.567645658499738
4.382870148710192 2.567645658499738
4.382804643734489 2.567632197773881
4.382804643734489 2.567632197773881
4.3828700707424835 2.567645564337317
4.3828700707424835 2.567645564337317
4.382804988191974 2.5676322256152986
4.382804988191974 2.5676322256152986
4.382869855727678 2.5676457849354795
4.382869855727678 2.5676457849354795
4.382804610188283 2.567632429977493
4.382804610188283 2.567632429977493
4.382870113218297 2.567645498117128
4.382870113218297 2.567645498117128
4.382804786052239 2.5676323317467986
4.382804786052239 2.5676323317467986
4.382869734017293 2.5676454522927767
4.382869734017293 2.5676454522927767
4.38280503325963 2.5676327153444665
4.38280503325963 2.5676327153444665
4.382869596378985 2.567645402894067
4.382869596378985 2.567645402894067
4.38280520417785 2.5676322592465417
4.38280520417785 2.5676322592465417
4.382869564937811 2.5676458523524874
4.382869564937811 2.5676458523524874
4.38280497936834 2.5676322570903185
4.38280497936834 2.5676322570903185
4.382869177557661 2.567645948132847
4.382869177557661 2.567645948132847
4.382805312755098 2.567632121575307
4.382805312755098 2.567632121575307
4.382869414329882 2.567645805736114
4.382869414329882 2.567645805736114
4.382805515808724 2.5676321010934933
4.382805515808724 2.5676321010934933
4.382869352594584 2.5676458208588615
4.382869352594584 2.5676458208588615
4.382805382204878 2.5676324632053715
4.382805382204878 2.5676324632053715
4.382869411865109 2.5676455588547022
4.382869411865109 2.5676455588547022
4.382805374661494 2.5676323549547777
4.382805374661494 2.5676323549547777
4.382869250728596 2.56764581501254
4.382869250728596 2.56764581501254
4.38280540418531 2.567632213760417
4.38280540418531 2.567632213760417
4.382869605002442 2.5676457012779568
4.382869605002442 2.5676457012779568
4.3828049924225265 2.5676323960843437
4.3828049924225265 2.5676323960843437
4.382870014432685 2.567645351505472
4.382870014432685 2.567645351505472
4.3828046662233096 2.5676325877990136
4.3828046662233096 2.5676325877990136
4.382869869860965 2.567645526102031
4.382869869860965 2.567645526102031
4.382805034512704 2.5676324692885637
4.382805034512704 2.5676324692885637
4.382870081335651 2.5676454170381056
4.382870081335651 2.5676454170381056
4.382804650838642 2.567632509489709
4.382804650838642 2.567632509489709
4.382869847528199 2.56764536373388
4.382869847528199 2.56764536373388
4.382804760699452 2.5676326785785406
4.382804760699452 2.5676326785785406
4.382869759015877 2.5676451345728926
4.382869759015877 2.5676451345728926
4.382805193655855 2.56763284748633
4.382805193655855 2.56763284748633
4.382869508421861 2.5676451704297745
4.382869508421861 2.5676451704297745
4.382805300686244 2.5676328203829843
4.382805300686244 2.5676328203829843
4.382869208872697 2.567645217835425
4.382869208872697 2.567645217835425
4.382805527694556 2.5676328727271054
4.382805527694556 2.5676328727271054
4.382869262511866 2.567644986072064
4.382869262511866 2.567644986072064
4.3828054574672315 2.5676333809986462
4.3828054574672315 2.5676333809986462
4.382869155338899 2.5676448232560665
4.382869155338899 2.5676448232560665
4.382805459770451 2.567633053206673
4.382805459770451 2.567633053206673
4.382869526899144 2.56764491950153
4.382869526899144 2.56764491950153
4.38280542282901 2.567633088275973
4.38280542282901 2.567633088275973
4.382869534657598 2.567644783337294
4.382869534657598 2.567644783337294
4.382804956967067 2.567633014619197
4.382804956967067 2.567633014619197
4.382870367077261 2.5676447578049415
4.382870367077261 2.5676447578049415
4.382804443344194 2.567633260095434
4.382804443344194 2.567633260095434
4.382870403401526 2.567644578659312
4.382870403401526 2.567644578659312
4.382804691475361 2.5676332233498806
4.382804691475361 2.5676332233498806
4.3828697631742815 2.5676446409616167
4.3828697631742815 2.5676446409616167
4.382805286495458 2.5676332005970015
4.382805286495458 2.5676332005970015
4.382869465891583 2.567644830347087
4.382869465891583 2.567644830347087
4.382805341421322 2.567633187665031
4.382805341421322 2.567633187665031
4.3828697596944215 2.5676446987101023
4.3828697596944215 2.5676446987101023
4.382805083164133 2.5676334175315527
4.382805083164133 2.5676334175315527
4.382869662848697 2.567644590570096
4.382869662848697 2.567644590570096
4.3828051146499165 2.567633160869731
4.3828051146499165 2.567633160869731
4.382869563025228 2.5676447810805927
4.382869563025228 2.5676447810805927
4.3828050829446985 2.5676331946519935
4.3828050829446985 2.5676331946519935
4.382869838536264 2.5676449033652062
4.382869838536264 2.5676449033652062
4.382805135027578 2.5676331562304386
4.382805135027578 2.5676331562304386
4.382869566449336 2.5676448622931125
4.382869566449336 2.5676448622931125
4.38280521883245 2.56763324363276
4.38280521883245 2.56763324363276
4.382869791013864 2.567644498764853
4.382869791013864 2.567644498764853
4.382805128675816 2.5676334076528287
4.382805128675816 2.5676334076528287
4.382869650210048 2.5676446992994153
4.382869650210048 2.5676446992994153
4.382804935792632 2.5676332408575826
4.382804935792632 2.5676332408575826
4.382869619452044 2.5676447896088312
4.382869619452044 2.5676447896088312
4.3828053270533225 2.5676331934724477
4.3828053270533225 2.5676331934724477
4.3828691407208815 2.5676450209002555
4.3828691407208815 2.5676450209002555
4.382805609902877 2.5676328481658257
4.382805609902877 2.5676328481658257
4.382869185687393 2.567645172502282
4.382869185687393 2.567645172502282
4.382805667470617 2.567632834305397
4.382805667470617 2.567632834305397
4.38286917844017 2.5676451738731
4.38286917844017 2.5676451738731
4.38280565387138 2.5676327296132375
4.38280565387138 2.5676327296132375
4.382869381946899 2.5676452584025795
4.382869381946899 2.5676452584025795
4.382805493469065 2.5676326614125826
4.382805493469065 2.5676326614125826
4.382869231392818 2.567645267870542
4.382869231392818 2.567645267870542
4.382805725538076 2.567632496959327
4.382805725538076 2.567632496959327
4.382869040458099 2.5676456655139726
4.382869040458099 2.5676456655139726
4.382805578989955 2.567632482504035
4.382805578989955 2.567632482504035
4.382869310039659 2.567645351605303
4.382869310039659 2.567645351605303
4.382805332978704 2.567632571130438
4.382805332978704 2.567632571130438
4.382869645176777 2.567645487654563
4.382869645176777 2.567645487654563
4.382805327949803 2.567632243197145
4.382805327949803 2.567632243197145
4.3828694080349715 2.5676458462229643
4.3828694080349715 2.5676458462229643
4.382805694945082 2.567632181553028
4.382805694945082 2.567632181553028
4.382869268574145 2.5676455535278997
4.382869268574145 2.5676455535278997
4.38280575214675 2.567632220126394
4.38280575214675 2.567632220126394
4.382869147496583 2.5676457757374336
4.382869147496583 2.5676457757374336
4.382805704990079 2.5676322326699434
4.382805704990079 2.5676322326699434
4.38286919323776 2.567645710985382
4.38286919323776 2.567645710985382
4.382805766086041 2.56763227022026
4.382805766086041 2.56763227022026
4.382868736301334 2.5676456046567395
4.382868736301334 2.5676456046567395
4.382806179859981 2.567632197122669
4.382806179859981 2.567632197122669
4.382868795544647 2.567645749192213
4.382868795544647 2.567645749192213
4.382805917689218 2.567632264483537
4.382805917689218 2.567632264483537
4.382868548696182 2.5676458903317534
4.382868548696182 2.5676458903317534
4.382806033495192 2.5676322355346928
4.382806033495192 2.5676322355346928
4.3828687272099485 2.5676457650840288
4.3828687272099485 2.5676457650840288
4.382806391954285 2.567632125833573
4.382806391954285 2.567632125833573
4.382868166992869 2.5676457360511424
4.382868166992869 2.5676457360511424
4.382806654363714 2.5676322495769144
4.382806654363714 2.5676322495769144
4.382868357540226 2.5676454788217327
4.382868357540226 2.5676454788217327
4.382806377257826 2.5676324493362244
4.382806377257826 2.5676324493362244
4.382868328989102 2.5676455645924676
4.382868328989102 2.5676455645924676
4.382806587021886 2.5676322386745882
4.382806587021886 2.5676322386745882
4.382868332965604 2.5676456717432017
4.382868332965604 2.5676456717432017
4.382806591636723 2.5676322379689362
4.382806591636723 2.5676322379689362
4.38286832684974 2.5676456727328345
4.38286832684974 2.5676456727328345
4.382806291697267 2.5676324724586257
4.382806291697267 2.5676324724586257
4.38286833322891 2.5676454823846706
4.38286833322891 2.5676454823846706
4.382806318345854 2.5676323872649736
4.382806318345854 2.5676323872649736
4.382868609634216 2.5676456289654936
4.382868609634216 2.5676456289654936
4.3828062951530935 2.567632365431295
4.3828062951530935 2.567632365431295
4.382868591712214 2.567645472079334
4.382868591712214 2.567645472079334
4.3828060175063595 2.567632568400806
4.3828060175063595 2.567632568400806
4.382868929917837 2.5676454143500913
4.382868929917837 2.5676454143500913
4.382806010077836 2.5676324614896173
4.382806010077836 2.5676324614896173
4.382868746995632 2.5676455398684666
4.382868746995632 2.5676455398684666
4.382806347265482 2.567632435267786
4.382806347265482 2.567632435267786
4.382868391038118 2.567645599521158
4.382868391038118 2.567645599521158
4.382806176181639 2.5676326104929355
4.382806176181639 2.5676326104929355
4.3828685290016365 2.567645404462182
4.3828685290016365 2.567645404462182
4.38280615408866 2.5676325366006556
4.38280615408866 2.5676325366006556
4.382868469699958 2.5676454190562445
4.382868469699958 2.5676454190562445
4.382806672964782 2.56763254288808
4.382806672964782 2.56763254288808
4.382868232236033 2.5676456077871532
4.382868232236033 2.5676456077871532
4.382806533424927 2.5676323418816844
4.382806533424927 2.5676323418816844
4.382868207265104 2.567645741964158
4.382868207265104 2.567645741964158
4.382806852853779 2.567632164157913
4.382806852853779 2.567632164157913
4.38286805841653 2.567645699790319
4.38286805841653 2.567645699790319
4.382806466250998 2.5676323308924576
4.382806466250998 2.5676323308924576
4.382868397841709 2.5676455930342734
4.382868397841709 2.5676455930342734
4.382806452708609 2.56763241452785
4.382806452708609 2.56763241452785
4.382868202414026 2.5676456124353475
4.382868202414026 2.5676456124353475
4.382806783586059 2.567632439703346
4.382806783586059 2.567632439703346
4.382867808062445 2.5676458372572193
4.382867808062445 2.5676458372572193
4.3828068516460315 2.5676321879047994
4.3828068516460315 2.5676321879047994
4.382867876813528 2.567645741539258
4.382867876813528 2.567645741539258
4.382806811933697 2.5676323067043763
4.382806811933697 2.5676323067043763
4.382868010838988 2.5676454421060155
4.382868010838988 2.5676454421060155
4.382806549746642 2.567632609542148
4.382806549746642 2.567632609542148
4.382868311846341 2.5676454496097056
4.382868311846341 2.5676454496097056
4.382806634743601 2.567632375162547
4.382806634743601 2.567632375162547
4.3828683350477045 2.567645572694234
4.3828683350477045 2.567645572694234
4.382806513427454 2.567632435156522
4.382806513427454 2.567632435156522
4.382867990159505 2.5676457372184056
4.382867990159505 2.5676457372184056
4.38280680553922 2.567632283909242
4.38280680553922 2.567632283909242
4.382868100836224 2.5676454722607147
4.382868100836224 2.5676454722607147
4.3828065814110015 2.56763246929171
4.3828065814110015 2.56763246929171
4.382868063455609 2.5676454524102668
4.382868063455609 2.5676454524102668
4.382806981875747 2.5676326895489483
4.382806981875747 2.5676326895489483
4.382867981052932 2.5676452098397946
4.382867981052932 2.5676452098397946
4.382806791200295 2.5676326033788124
4.382806791200295 2.5676326033788124
4.382868060990599 2.567645559159767
4.382868060990599 2.567645559159767
4.382806568691474 2.5676323953433116
4.382806568691474 2.5676323953433116
4.382868212624753 2.567645520240892
4.382868212624753 2.567645520240892
4.382806468719189 2.5676324218056767
4.382806468719189 2.5676324218056767
4.382868428303872 2.5676455220443644
4.382868428303872 2.5676455220443644
4.3828065804430105 2.5676323951268456
4.3828065804430105 2.5676323951268456
4.382868261140412 2.567645613758946
4.382868261140412 2.567645613758946
4.382806663529252 2.567632296100005
4.382806663529252 2.567632296100005
4.382867769887648 2.5676456778200927
4.382867769887648 2.5676456778200927
4.3828068094329415 2.567632338878345
4.3828068094329415 2.567632338878345
4.382868389738966 2.567645371212252
4.382868389738966 2.567645371212252
4.382806090463073 2.5676326210019456
4.382806090463073 2.5676326210019456
4.382868767136651 2.5676453557815555
4.382868767136651 2.5676453557815555
4.3828056402752225 2.5676329513466913
4.3828056402752225 2.5676329513466913
4.3828693000491095 2.567645033134296
4.3828693000491095 2.567645033134296
4.382805505185393 2.5676327947991013
4.382805505185393 2.5676327947991013
4.38286928972873 2.5676452262534832
4.38286928972873 2.5676452262534832
4.382805423519074 2.5676327881959855
4.382805423519074 2.5676327881959855
4.382869549887842 2.567645270433525
4.382869549887842 2.567645270433525
4.382805090726609 2.5676328456677426
4.382805090726609 2.5676328456677426
4.382869751842537 2.5676449711690683
4.382869751842537 2.5676449711690683
4.382804913308114 2.567633223449765
4.382804913308114 2.567633223449765
4.382870068677204 2.56764458324076
4.382870068677204 2.56764458324076
4.3828047978602225 2.567633311801529
4.3828047978602225 2.567633311801529
4.382870060176392 2.567644584839424
4.382870060176392 2.567644584839424
4.38280479496326 2.567633420997809
4.38280479496326 2.567633420997809
4.382870030857483 2.5676445079307606
4.382870030857483 2.5676445079307606
4.38280474569095 2.5676334092414854
4.38280474569095 2.5676334092414854
4.3828700879275395 2.5676445775165497
4.3828700879275395 2.5676445775165497
4.382804814153591 2.5676332491443716
4.382804814153591 2.5676332491443716
4.3828700791021635 2.567644746884393
4.3828700791021635 2.567644746884393
4.3828048009511695 2.567633336758424
4.3828048009511695 2.567633336758424
4.382870112130859 2.567644570864036
4.382870112130859 2.567644570864036
4.382804664170484 2.567633346487476
4.382804664170484 2.567633346487476
4.382870228674842 2.567644649700333
4.382870228674842 2.567644649700333
4.382804258843844 2.567633593508188
4.382804258843844 2.567633593508188
4.382870349324435 2.567644620276434
4.382870349324435 2.567644620276434
4.382804507482576 2.567633384974218
4.382804507482576 2.567633384974218
4.382870193076264 2.56764446644887
4.382870193076264 2.56764446644887
4.3828046843510045 2.5676336175563064
4.3828046843510045 2.5676336175563064
4.382870058261682 2.56764439313306
4.382870058261682 2.56764439313306
4.382804812973536 2.5676338593219925
4.382804812973536 2.5676338593219925
4.382870032426615 2.5676441471490716
4.382870032426615 2.5676441471490716
4.382804639159153 2.567633712786598
4.382804639159153 2.567633712786598
4.382870122301167 2.567644316148557
4.382870122301167 2.567644316148557
4.382804567429522 2.5676336226640424
4.382804567429522 2.5676336226640424
4.38287010953979 2.5676444881027134
4.38287010953979 2.5676444881027134
4.38280500151257 2.567633560592084
4.38280500151257 2.567633560592084
4.382869721135861 2.5676443708831775
4.382869721135861 2.5676443708831775
4.382805011896324 2.5676335581852947
4.382805011896324 2.5676335581852947
4.382869688727488 2.5676444618047958
4.382869688727488 2.5676444618047958
4.382805142861917 2.5676334664925013
4.382805142861917 2.5676334664925013
4.382869680398864 2.5676444634727735
4.382869680398864 2.5676444634727735
4.382805102517657 2.5676335837584876
4.382805102517657 2.5676335837584876
4.3828695111194875 2.567644457983857
4.3828695111194875 2.567644457983857
4.382805573234293 2.5676335130557506
4.382805573234293 2.5676335130557506
4.382869402589162 2.56764446126714
4.382869402589162 2.56764446126714
4.382805441176682 2.5676333579077153
4.382805441176682 2.5676333579077153
4.382869215627666 2.5676446719602897
4.382869215627666 2.5676446719602897
4.382805661122038 2.5676332463227403
4.382805661122038 2.5676332463227403
4.382869301877238 2.5676446754223683
4.382869301877238 2.5676446754223683
4.382805455231205 2.5676333292613887
4.382805455231205 2.5676333292613887
4.382869134501773 2.567644472442309
4.382869134501773 2.567644472442309
4.382805705994865 2.567633674988953
4.382805705994865 2.567633674988953
4.382868974346026 2.5676444301157266
4.382868974346026 2.5676444301157266
4.382805911660183 2.5676335092426847
4.382805911660183 2.5676335092426847
4.3828687051582875 2.5676446906820622
4.3828687051582875 2.5676446906820622
4.382806006560598 2.5676331631738103
4.382806006560598 2.5676331631738103
4.3828689510323064 2.5676447354954557
4.3828689510323064 2.5676447354954557
4.382805623841076 2.5676333145840537
4.382805623841076 2.5676333145840537
4.38286933808568 2.56764460640412
4.38286933808568 2.56764460640412
4.382805395570257 2.5676333223882613
4.382805395570257 2.5676333223882613
4.382869426439025 2.5676446083864706
4.382869426439025 2.5676446083864706
4.382805294173113 2.5676334308169158
4.382805294173113 2.5676334308169158
4.382869229403554 2.5676446326777302
4.382869229403554 2.5676446326777302
4.382805458993045 2.56763347108012
4.382805458993045 2.56763347108012
4.382869276482349 2.567644481569687
4.382869276482349 2.567644481569687
4.382805731706189 2.5676334034605377
4.382805731706189 2.5676334034605377
4.382869308713183 2.5676443098046926
4.382869308713183 2.5676443098046926
4.382805503442771 2.567633705122812
4.382805503442771 2.567633705122812
4.382869446902555 2.5676441925479314
4.382869446902555 2.5676441925479314
4.382805058466726 2.567633771340954
4.382805058466726 2.567633771340954
4.382869559541827 2.5676441643903174
4.382869559541827 2.5676441643903174
4.3828053175538475 2.567633752182372
4.3828053175538475 2.567633752182372
4.382869335011967 2.5676443854651834
4.382869335011967 2.5676443854651834
4.382805210853705 2.567633567262025
4.382805210853705 2.567633567262025
4.382869712445181 2.567644527462119
4.382869712445181 2.567644527462119
4.382805074499362 2.567633246112926
4.382805074499362 2.567633246112926
4.382870027724883 2.567644472044453
4.382870027724883 2.567644472044453
4.38280492595014 2.5676334009139383
4.38280492595014 2.5676334009139383
4.382869863599514 2.567644596988752
4.382869863599514 2.567644596988752
4.3828049469535575 2.567633419914923
4.3828049469535575 2.567633419914923
4.382869775312755 2.567644510641971
4.382869775312755 2.567644510641971
4.3828052225734995 2.5676334832748293
4.3828052225734995 2.5676334832748293
4.382869652255094 2.5676443273580682
4.382869652255094 2.5676443273580682
4.38280520316721 2.5676335122370495
4.38280520316721 2.5676335122370495
4.3828695201444345 2.5676444193446866
4.3828695201444345 2.5676444193446866
4.382805408553969 2.567633542982745
4.382805408553969 2.567633542982745
4.382869250840607 2.567644486441481
4.382869250840607 2.567644486441481
4.382805647137816 2.56763334420675
4.382805647137816 2.56763334420675
4.382869495811384 2.5676445307943627
4.382869495811384 2.5676445307943627
4.382805672433911 2.567633231538852
4.382805672433911 2.567633231538852
4.382869072041147 2.5676446133796604
4.382869072041147 2.5676446133796604
4.382805618588175 2.5676334900397495
4.382805618588175 2.5676334900397495
4.382869378204158 2.5676443969657035
4.382869378204158 2.5676443969657035
4.3828054988907565 2.5676335200274503
4.3828054988907565 2.5676335200274503
4.382869333113689 2.5676443025098123
4.382869333113689 2.5676443025098123
4.38280585614107 2.5676335601552367
4.38280585614107 2.5676335601552367
4.382868825516215 2.567644382238352
4.382868825516215 2.567644382238352
4.382806049226115 2.567633536002568
4.382806049226115 2.567633536002568
4.38286868457432 2.5676445785426254
4.38286868457432 2.5676445785426254
4.382806073136012 2.5676334257975117
4.382806073136012 2.5676334257975117
4.382868814126614 2.5676445704905486
4.382868814126614 2.5676445704905486
4.382806156604965 2.5676333490666585
4.382806156604965 2.5676333490666585
4.382868526853891 2.567644753186537
4.382868526853891 2.567644753186537
4.382806255864652 2.567633324538711
4.382806255864652 2.567633324538711
4.382868353042905 2.5676445322288886
4.382868353042905 2.5676445322288886
4.382806454535232 2.5676334832984424
4.382806454535232 2.5676334832984424
4.38286809181671 2.567644627721336
4.38286809181671 2.567644627721336
4.382806894748067 2.5676333672475136
4.382806894748067 2.5676333672475136
4.382867812356381 2.567644672735934
4.382867812356381 2.567644672735934
4.382807018666671 2.5676334147736553
4.382807018666671 2.5676334147736553
4.382867692283639 2.5676447553502357
4.382867692283639 2.5676447553502357
4.382807287867881 2.567632906759731
4.382807287867881 2.567632906759731
4.382867469691575 2.56764509445366
4.382867469691575 2.56764509445366
4.382807448755117 2.5676328163405473
4.382807448755117 2.5676328163405473
4.382867265864917 2.5676451449619417
4.382867265864917 2.5676451449619417
4.382807652920798 2.5676327662025793
4.382807652920798 2.5676327662025793
4.382867286226265 2.5676452163795465
4.382867286226265 2.5676452163795465
4.382807583013406 2.567632707474603
4.382807583013406 2.567632707474603
4.382867236512249 2.5676453816019102
4.382867236512249 2.5676453816019102
4.38280759160272 2.5676327059574597
4.38280759160272 2.5676327059574597
4.38286709745844 2.567645436490895
4.38286709745844 2.567645436490895
4.382807822126096 2.5676324756913056
4.382807822126096 2.5676324756913056
4.382866857453523 2.567645467720023
4.382866857453523 2.567645467720023
4.3828077968520995 2.567632737978341
4.3828077968520995 2.567632737978341
4.382867065636724 2.5676451872235004
4.382867065636724 2.5676451872235004
4.3828073217238535 2.5676328796672827
4.3828073217238535 2.5676328796672827
4.382867407608915 2.567645051824948
4.382867407608915 2.567645051824948
4.382807144720354 2.5676330790404887
4.382807144720354 2.5676330790404887
4.382867599153796 2.5676447966361633
4.382867599153796 2.5676447966361633
4.382807301418651 2.5676331697010295
4.382807301418651 2.5676331697010295
4.382867468889851 2.5676447774583058
4.382867468889851 2.5676447774583058
4.3828073799845795 2.5676332273122666
4.3828073799845795 2.5676332273122666
4.3828673064898656 2.567644869142557
4.3828673064898656 2.567644869142557
4.382807429257064 2.56763324076458
4.382807429257064 2.56763324076458
4.382867365512266 2.567644597426171
4.382867365512266 2.567644597426171
4.382807350298651 2.567633415878205
4.382807350298651 2.567633415878205
4.382867531998061 2.5676444248773476
4.382867531998061 2.5676444248773476
4.382807276471695 2.5676337438754113
4.382807276471695 2.5676337438754113
4.382867324924912 2.5676443755098464
4.382867324924912 2.5676443755098464
4.382807131007597 2.567633835352071
4.382807131007597 2.567633835352071
4.382867795766083 2.5676438365805603
4.382867795766083 2.5676438365805603
4.3828071887937 2.5676342096012794
4.3828071887937 2.5676342096012794
4.382867612863803 2.5676438052575703
4.382867612863803 2.5676438052575703
4.382807222709541 2.56763412307855
4.382807222709541 2.56763412307855
4.382867350726947 2.5676437512328234
4.382867350726947 2.5676437512328234
4.382807386340243 2.5676341807945766
4.382807386340243 2.5676341807945766
4.382867412268889 2.567643988144602
4.382867412268889 2.567643988144602
4.382807319346126 2.567634044137671
4.382807319346126 2.567634044137671
4.382867387253154 2.5676439720533906
4.382867387253154 2.5676439720533906
4.38280729499558 2.5676339518693223
4.38280729499558 2.5676339518693223
4.382867626731027 2.567643878117716
4.382867626731027 2.567643878117716
4.382807069672712 2.5676340641449076
4.382807069672712 2.5676340641449076
4.382867812417022 2.567643831561592
4.382867812417022 2.567643831561592
4.382807080111494 2.56763400501601
4.382807080111494 2.56763400501601
4.3828677214438425 2.567644165882137
4.3828677214438425 2.567644165882137
4.3828071304525995 2.567633836307963
4.3828071304525995 2.567633836307963
4.382867602546093 2.567643996272793
4.382867602546093 2.567643996272793
4.382807019391505 2.5676338642524548
4.382807019391505 2.5676338642524548
4.382867979563103 2.567644045220652
4.382867979563103 2.567644045220652
4.382807069671654 2.5676338518473383
4.382807069671654 2.5676338518473383
4.382867835546326 2.5676440590797207
4.382867835546326 2.5676440590797207
4.382806761462565 2.5676340424025823
4.382806761462565 2.5676340424025823
4.382868100094706 2.5676440368092988
4.382868100094706 2.5676440368092988
4.382806779079341 2.567633778974637
4.382806779079341 2.567633778974637
4.382867948012572 2.56764415428106
4.382867948012572 2.56764415428106
4.382806704291925 2.567633797448969
4.382806704291925 2.567633797448969
4.382868359917638 2.567644175594777
4.382868359917638 2.567644175594777
4.382806375605106 2.5676337549249526
4.382806375605106 2.5676337549249526
4.3828683287091685 2.567644263110565
4.3828683287091685 2.567644263110565
4.382806398899494 2.567633772269901
4.382806398899494 2.567633772269901
4.3828685501414 2.5676439673294444
4.3828685501414 2.5676439673294444
4.382806322426519 2.5676339511299924
4.382806322426519 2.5676339511299924
4.382868438267391 2.5676440750955076
4.382868438267391 2.5676440750955076
4.38280625618443 2.567633706303292
4.38280625618443 2.567633706303292
4.382868470455884 2.5676442261729266
4.382868470455884 2.5676442261729266
4.382806499408939 2.5676336923151255
4.382806499408939 2.5676336923151255
4.382868226425056 2.567644240511736
4.382868226425056 2.567644240511736
4.382806593475238 2.567633668721668
4.382806593475238 2.567633668721668
4.382868143138621 2.567644443196636
4.382868143138621 2.567644443196636
4.38280675184011 2.5676335498113607
4.38280675184011 2.5676335498113607
4.38286788278211 2.5676443824747803
4.38286788278211 2.5676443824747803
4.382806967024384 2.56763362144671
4.382806967024384 2.56763362144671
4.382867916912752 2.567644217196015
4.382867916912752 2.567644217196015
4.382806755628286 2.567633651051526
4.382806755628286 2.567633651051526
4.382868234225767 2.5676440809878454
4.382868234225767 2.5676440809878454
4.3828066197292745 2.567633921499663
4.3828066197292745 2.567633921499663
4.382868007396563 2.5676439578682437
4.382868007396563 2.5676439578682437
4.382806668375051 2.5676340671963316
4.382806668375051 2.5676340671963316
4.382868255182882 2.5676437596923534
4.382868255182882 2.5676437596923534
4.382806622254476 2.567633998743519
4.382806622254476 2.567633998743519
4.382867785080355 2.5676440709468875
4.382867785080355 2.5676440709468875
4.382807189482348 2.567633745910848
4.382807189482348 2.567633745910848
4.382867517304029 2.567644115909693
4.382867517304029 2.567644115909693
4.382807130527865 2.5676339376350064
4.382807130527865 2.5676339376350064
4.382867692190564 2.5676439942489426
4.382867692190564 2.5676439942489426
4.382807002526237 2.5676341039567814
4.382807002526237 2.5676341039567814
4.382867787015506 2.5676435805711204
4.382867787015506 2.5676435805711204
4.382807134450917 2.5676343053722728
4.382807134450917 2.5676343053722728
4.382867822268977 2.5676435142277056
4.382867822268977 2.5676435142277056
4.382807259753805 2.5676343713535816
4.382807259753805 2.5676343713535816
4.382867583092525 2.5676436324640366
4.382867583092525 2.5676436324640366
4.3828073423438525 2.5676343505035617
4.3828073423438525 2.5676343505035617
4.38286740535844 2.567643503101363
4.38286740535844 2.567643503101363
4.3828073751102385 2.567634515868428
4.3828073751102385 2.567634515868428
4.3828674585499465 2.5676433927221423
4.3828674585499465 2.5676433927221423
4.382807016227573 2.567634664728484
4.382807016227573 2.567634664728484
4.382867964703812 2.56764332304574
4.382867964703812 2.56764332304574
4.3828070027636175 2.567634746186772
4.3828070027636175 2.567634746186772
4.382867785626275 2.567643348699715
4.382867785626275 2.567643348699715
4.3828071040680765 2.5676346232280918
4.3828071040680765 2.5676346232280918
4.38286786106058 2.5676432904115263
4.38286786106058 2.5676432904115263
4.382807301012412 2.5676346511064296
4.382807301012412 2.5676346511064296
4.38286715655045 2.567643314231048
4.38286715655045 2.567643314231048
4.3828077215571435 2.567634831820892
4.3828077215571435 2.567634831820892
4.382867184853879 2.5676431542076026
4.382867184853879 2.5676431542076026
4.382807633128438 2.5676348548346453
4.382807633128438 2.5676348548346453
4.382867248570798 2.5676429845810564
4.382867248570798 2.5676429845810564
4.382807500010339 2.5676350229965506
4.382807500010339 2.5676350229965506
4.382867245614325 2.567642833170488
4.382867245614325 2.567642833170488
4.3828075224835334 2.567635093537228
4.3828075224835334 2.567635093537228
4.382867414490472 2.5676428246429484
4.382867414490472 2.5676428246429484
4.3828072613858025 2.567635124594338
4.3828072613858025 2.567635124594338
4.382867514854011 2.5676427227892047
4.382867514854011 2.5676427227892047
4.382807318244604 2.5676353585130354
4.382807318244604 2.5676353585130354
4.382867192933655 2.5676426938631596
4.382867192933655 2.5676426938631596
4.382807793181843 2.5676352870981987
4.382807793181843 2.5676352870981987
4.382867152180101 2.5676427051045456
4.382867152180101 2.5676427051045456
4.382807545542132 2.56763539284894
4.382807545542132 2.56763539284894
4.382867189656208 2.5676426200480025
4.382867189656208 2.5676426200480025
4.382807642845882 2.5676354597196136
4.382807642845882 2.5676354597196136
4.38286717085232 2.567642548608839
4.38286717085232 2.567642548608839
4.382807759421331 2.5676354448464718
4.382807759421331 2.5676354448464718
4.382866802972566 2.567642519357809
4.382866802972566 2.567642519357809
4.38280789462814 2.567635577440293
4.38280789462814 2.567635577440293
4.382867014380303 2.5676422542343857
4.382867014380303 2.5676422542343857
4.382807661165333 2.5676359257255665
4.382807661165333 2.5676359257255665
4.382867177416187 2.5676420754804035
4.382867177416187 2.5676420754804035
4.382807313435327 2.567635894608071
4.382807313435327 2.567635894608071
4.382867524320663 2.567642029256591
4.382867524320663 2.567642029256591
4.3828074526176435 2.567636013518211
4.3828074526176435 2.567636013518211
4.382867381610487 2.5676420015142742
4.382867381610487 2.5676420015142742
4.382807443214992 2.567635925362561
4.382807443214992 2.567635925362561
4.382867170110397 2.5676420292577298
4.382867170110397 2.5676420292577298
4.382807779734277 2.5676359434890865
4.382807779734277 2.5676359434890865
4.382867064895531 2.567642131653542
4.382867064895531 2.567642131653542
4.382807737821663 2.5676358779403436
4.382807737821663 2.5676358779403436
4.38286716491709 2.5676418783763473
4.38286716491709 2.5676418783763473
4.382807712198977 2.567636111681442
4.382807712198977 2.567636111681442
4.382867232553473 2.5676416332959455
4.382867232553473 2.5676416332959455
4.382807600087793 2.5676364439917414
4.382807600087793 2.5676364439917414
4.382867281897574 2.567641315052216
4.382867281897574 2.567641315052216
4.382807417679287 2.567636708626452
4.382807417679287 2.567636708626452
4.382867403902481 2.5676413728707597
4.382867403902481 2.5676413728707597
4.382807353111387 2.5676365590660972
4.382807353111387 2.5676365590660972
4.382867646630887 2.5676413338573187
4.382867646630887 2.5676413338573187
4.382806949782135 2.5676367054285993
4.382806949782135 2.5676367054285993
4.382867911655095 2.567641289487258
4.382867911655095 2.567641289487258
4.3828066872070135 2.56763659247891
4.3828066872070135 2.56763659247891
4.3828680932160795 2.5676412557004316
4.3828680932160795 2.5676412557004316
4.382806689667432 2.567636826796949
4.382806689667432 2.567636826796949
4.382868028827164 2.5676411943242052
4.382868028827164 2.5676411943242052
4.382806789572802 2.567636888341065
4.382806789572802 2.567636888341065
4.382868209131934 2.567641080984105
4.382868209131934 2.567641080984105
4.382806730647164 2.5676368925694124
4.382806730647164 2.5676368925694124
4.382868235346704 2.5676410850258145
4.382868235346704 2.5676410850258145
4.3828066810682795 2.567636737076418
4.3828066810682795 2.567636737076418
4.382868048885125 2.5676410452830067
4.382868048885125 2.5676410452830067
4.382806636572596 2.5676369830588923
4.382806636572596 2.5676369830588923
4.382868181494636 2.567641180471424
4.382868181494636 2.567641180471424
4.382806699562038 2.5676366507695314
4.382806699562038 2.5676366507695314
4.38286804125699 2.567641532556659
4.38286804125699 2.567641532556659
4.382806674478281 2.5676364083957943
4.382806674478281 2.5676364083957943
4.382868008601684 2.5676414638365745
4.382868008601684 2.5676414638365745
4.382806588548544 2.567636495843208
4.382806588548544 2.567636495843208
4.382868377066723 2.567641405279539
4.382868377066723 2.567641405279539
4.382806460015926 2.567636674024405
4.382806460015926 2.567636674024405
4.382868200020522 2.5676414414435005
4.382868200020522 2.5676414414435005
4.382806757063501 2.567636450013405
4.382806757063501 2.567636450013405
4.382867903887867 2.567641584616025
4.382867903887867 2.567641584616025
4.382806834758689 2.567636350648001
4.382806834758689 2.567636350648001
4.382867929297763 2.567641501757386
4.382867929297763 2.567641501757386
4.382806931255617 2.567636324994905
4.382806931255617 2.567636324994905
4.382867694980565 2.5676416286180794
4.382867694980565 2.5676416286180794
4.382807041835765 2.567636229296836
4.382807041835765 2.567636229296836
4.382867704767291 2.567641705144087
4.382867704767291 2.567641705144087
4.382807331549637 2.5676361801076553
4.382807331549637 2.5676361801076553
4.382867348311096 2.5676417714293773
4.382867348311096 2.5676417714293773
4.382807484066202 2.567636306772283
4.382807484066202 2.567636306772283
4.382867590321724 2.5676418130502703
4.382867590321724 2.5676418130502703
4.382807219708004 2.5676361939258605
4.382807219708004 2.5676361939258605
4.382867647500978 2.5676418128257477
4.382867647500978 2.5676418128257477
4.382807139992729 2.5676362003005284
4.382807139992729 2.5676362003005284
4.382867677544605 2.5676417287902953
4.382867677544605 2.5676417287902953
4.382807060186909 2.5676362846619862
4.382807060186909 2.5676362846619862
4.382867547804143 2.5676417509201905
4.382867547804143 2.5676417509201905
4.382807370644579 2.5676360749175653
4.382807370644579 2.5676360749175653
4.382867278536154 2.5676416415686143
4.382867278536154 2.5676416415686143
4.382807576052878 2.5676362773619643
4.382807576052878 2.5676362773619643
4.382867109966597 2.5676419018255827
4.382867109966597 2.5676419018255827
4.382807669532846 2.5676358708306886
4.382807669532846 2.5676358708306886
4.382867033133037 2.5676420746764843
4.382867033133037 2.5676420746764843
4.3828077654004405 2.5676358600145734
4.3828077654004405 2.5676358600145734
4.382867006896698 2.567642310029221
4.382867006896698 2.567642310029221
4.382807894097285 2.567635598844194
4.382807894097285 2.567635598844194
4.38286702803188 2.5676423820402885
4.38286702803188 2.5676423820402885
4.382807466061043 2.5676355847999606
4.382807466061043 2.5676355847999606
4.382867348286404 2.5676424231793695
4.382867348286404 2.5676424231793695
4.382807493814301 2.567635408132342
4.382807493814301 2.567635408132342
4.3828671325045025 2.5676427081165696
4.3828671325045025 2.5676427081165696
4.382807993651102 2.5676351616343456
4.382807993651102 2.5676351616343456
4.38286700230406 2.5676429695747784
4.38286700230406 2.5676429695747784
4.382807544667562 2.567634841801733
4.382807544667562 2.567634841801733
4.382867305667776 2.5676430048517687
4.382867305667776 2.5676430048517687
4.3828073785849915 2.567635019081156
4.3828073785849915 2.567635019081156
4.382867252532421 2.5676429415781197
4.382867252532421 2.5676429415781197
4.3828076945545575 2.5676350332530187
4.3828076945545575 2.5676350332530187
4.382867044258483 2.567642977025021
4.382867044258483 2.567642977025021
4.382807763604794 2.5676349568528334
4.382807763604794 2.5676349568528334
4.382867013207798 2.567642891619295
4.382867013207798 2.567642891619295
4.382807891553205 2.5676350179007916
4.382807891553205 2.5676350179007916
4.382866987314454 2.5676429924066104
4.382866987314454 2.5676429924066104
4.382807678916213 2.5676347309976326
4.382807678916213 2.5676347309976326
4.382867193779715 2.567643282740556
4.382867193779715 2.567643282740556
4.382807596632958 2.5676349620917414
4.382807596632958 2.5676349620917414
4.382867132903724 2.5676432037566252
4.382867132903724 2.5676432037566252
4.382807794329968 2.5676346243488313
4.382807794329968 2.5676346243488313
4.382867047556114 2.567643378276534
4.382867047556114 2.567643378276534
4.382807535748918 2.5676346512512405
4.382807535748918 2.5676346512512405
4.382867475826328 2.5676433279807136
4.382867475826328 2.5676433279807136
4.382807479713126 2.5676346466328934
4.382807479713126 2.5676346466328934
4.382867071821342 2.567643467308258
4.382867071821342 2.567643467308258
4.38280777162997 2.5676343431220987
4.38280777162997 2.5676343431220987
4.382867273036357 2.567643686566356
4.382867273036357 2.567643686566356
4.382807576514387 2.5676343147526315
4.382807576514387 2.5676343147526315
4.382867110057492 2.567643783135407
4.382867110057492 2.567643783135407
4.3828073972788175 2.5676342625575472
4.3828073972788175 2.5676342625575472
4.382867115342031 2.5676438586193933
4.382867115342031 2.5676438586193933
4.3828076971636225 2.5676342076942382
4.3828076971636225 2.5676342076942382
4.382867277701407 2.5676436867566963
4.382867277701407 2.5676436867566963
4.38280741720088 2.5676344102363724
4.38280741720088 2.5676344102363724
4.382867248791006 2.567643770348882
4.382867248791006 2.567643770348882
4.382807776572352 2.567634110885636
4.382807776572352 2.567634110885636
4.382867003597131 2.5676439845272676
4.382867003597131 2.5676439845272676
4.3828077944453625 2.5676338564920718
4.3828077944453625 2.5676338564920718
4.382867107426912 2.567644057047222
4.382867107426912 2.567644057047222
4.382807569087009 2.5676339666908827
4.382807569087009 2.5676339666908827
4.382867274925063 2.567643883543983
4.382867274925063 2.567643883543983
4.382807926147541 2.567633976126473
4.382807926147541 2.567633976126473
4.382866875990814 2.5676438859705013
4.382866875990814 2.5676438859705013
4.382807993192342 2.567634035634341
4.382807993192342 2.567634035634341
4.382866853898826 2.56764386905348
4.382866853898826 2.56764386905348
4.382808106674614 2.567634200807388
4.382808106674614 2.567634200807388
4.3828666946959185 2.5676438120889693
4.3828666946959185 2.5676438120889693
4.3828081028234145 2.5676340296165434
4.3828081028234145 2.5676340296165434
4.382866535457752 2.567644055937417
4.382866535457752 2.567644055937417
4.38280788770564 2.567633857579394
4.38280788770564 2.567633857579394
4.382866922999251 2.5676440566933607
4.382866922999251 2.5676440566933607
4.382808087831181 2.5676339048423906
4.382808087831181 2.5676339048423906
4.382866714876746 2.5676438074983357
4.382866714876746 2.5676438074983357
4.382808115286646 2.5676342737106292
4.382808115286646 2.5676342737106292
4.382866538563466 2.5676436812260777
4.382866538563466 2.5676436812260777
4.382808311033208 2.567634319086076
4.382808311033208 2.567634319086076
4.382866585826134 2.567643594998609
4.382866585826134 2.567643594998609
4.382808053312735 2.567634494052279
4.382808053312735 2.567634494052279
4.382866813694282 2.5676432751955676
4.382866813694282 2.5676432751955676
4.382807904192045 2.567634738852525
4.382807904192045 2.567634738852525
4.382866978434592 2.5676431008910487
4.382866978434592 2.5676431008910487
4.38280782370047 2.5676345704210495
4.38280782370047 2.5676345704210495
4.382867171428355 2.567643336280874
4.382867171428355 2.567643336280874
4.382807644830386 2.5676346729320185
4.382807644830386 2.5676346729320185
4.382867148480757 2.567643246721424
4.382867148480757 2.567643246721424
4.382807837347269 2.5676347380725333
4.382807837347269 2.5676347380725333
4.38286654528163 2.567643172905496
4.38286654528163 2.567643172905496
4.382808159295161 2.5676347697169946
4.382808159295161 2.5676347697169946
4.382866680573694 2.567643232790727
4.382866680573694 2.567643232790727
4.382808070542506 2.5676347730778066
4.382808070542506 2.5676347730778066
4.382866888855822 2.5676431424483033
4.382866888855822 2.5676431424483033
4.382807926532397 2.5676348661157524
4.382807926532397 2.5676348661157524
4.382866885329729 2.5676429741188254
4.382866885329729 2.5676429741188254
4.382808097806018 2.567635009199985
4.382808097806018 2.567635009199985
4.3828668330988805 2.567642743557051
4.3828668330988805 2.567642743557051
4.382808100497082 2.567635100484018
4.382808100497082 2.567635100484018
4.382866820870738 2.5676428055987905
4.382866820870738 2.5676428055987905
4.382808101999961 2.567635082543738
4.382808101999961 2.567635082543738
4.382866675125857 2.5676427678719875
4.382866675125857 2.5676427678719875
4.3828081366340434 2.5676353907777827
4.3828081366340434 2.5676353907777827
4.382866714390438 2.567642682235315
4.382866714390438 2.567642682235315
4.382807932008293 2.567635107825749
4.382807932008293 2.567635107825749
4.382866919449329 2.5676429670651184
4.382866919449329 2.5676429670651184
4.382807888406098 2.5676349665458376
4.382807888406098 2.5676349665458376
4.382866972822846 2.5676429545390644
4.382866972822846 2.5676429545390644
4.382808036547513 2.5676347782228013
4.382808036547513 2.5676347782228013
4.382866817746031 2.567643295999376
4.382866817746031 2.567643295999376
4.382808123626432 2.567634849648374
4.382808123626432 2.567634849648374
4.38286659269537 2.5676430156923016
4.38286659269537 2.5676430156923016
4.38280803434128 2.56763524759796
4.38280803434128 2.56763524759796
4.382866895582791 2.567642731415573
4.382866895582791 2.567642731415573
4.382808118782382 2.5676350755769715
4.382808118782382 2.5676350755769715
4.382866730621742 2.56764299889838
4.382866730621742 2.56764299889838
4.382807929265325 2.5676350889190327
4.382807929265325 2.5676350889190327
4.382867065771212 2.567642815265771
4.382867065771212 2.567642815265771
4.382807755282075 2.5676351907001402
4.382807755282075 2.5676351907001402
4.382867320726162 2.567642615387434
4.382867320726162 2.567642615387434
4.382807425009891 2.567635393990221
4.382807425009891 2.567635393990221
4.382867289680348 2.5676427003968105
4.382867289680348 2.5676427003968105
4.382807532699805 2.5676353055593704
4.382807532699805 2.5676353055593704
4.382867173003422 2.567642714213106
4.382867173003422 2.567642714213106
4.382807709602881 2.567635276757803
4.382807709602881 2.567635276757803
4.382866952296547 2.567642509665052
4.382866952296547 2.567642509665052
4.3828077653291 2.5676355068463677
4.3828077653291 2.5676355068463677
4.3828670139652814 2.56764241872224
4.3828670139652814 2.56764241872224
4.382807879699836 2.567635416740342
4.382807879699836 2.567635416740342
4.382867055692332 2.567642636954671
4.382867055692332 2.567642636954671
4.382807632628409 2.5676353868252284
4.382807632628409 2.5676353868252284
4.3828672847539885 2.567642611827151
4.3828672847539885 2.567642611827151
4.3828077528094855 2.5676352796787225
4.3828077528094855 2.5676352796787225
4.382867040867029 2.5676425810832346
4.382867040867029 2.5676425810832346
4.382807831437265 2.567635335791577
4.382807831437265 2.567635335791577
4.38286696677831 2.5676428283794426
4.38286696677831 2.5676428283794426
4.38280771854067 2.5676351952476684
4.38280771854067 2.5676351952476684
4.38286676214863 2.5676428632052777
4.38286676214863 2.5676428632052777
4.382807832075492 2.5676350145553752
4.382807832075492 2.5676350145553752
4.382866710307971 2.5676430271736477
4.382866710307971 2.5676430271736477
4.382807873917599 2.567635002898566
4.382807873917599 2.567635002898566
4.382866707220031 2.5676432910224305
4.382866707220031 2.5676432910224305
4.382807821749948 2.5676348464313516
4.382807821749948 2.5676348464313516
4.382867090608192 2.56764298569868
4.382867090608192 2.56764298569868
4.382807288088178 2.567635405928872
4.382807288088178 2.567635405928872
4.382867603501138 2.5676425992715575
4.382867603501138 2.5676425992715575
4.382807257483598 2.5676354746645815
4.382807257483598 2.5676354746645815
4.382867405164974 2.567642618032497
4.382867405164974 2.567642618032497
4.38280736963313 2.5676353838469357
4.38280736963313 2.5676353838469357
4.38286740249572 2.5676427894756766
4.38286740249572 2.5676427894756766
4.382807305244245 2.5676351516215177
4.382807305244245 2.5676351516215177
4.3828674206549785 2.567642786062145
4.3828674206549785 2.567642786062145
4.382807607053124 2.567635262492286
4.382807607053124 2.567635262492286
4.382867201346594 2.5676429772746108
4.382867201346594 2.5676429772746108
4.382807672647878 2.567635169004789
4.382807672647878 2.567635169004789
4.382867199102213 2.5676428244702176
4.382867199102213 2.5676428244702176
4.3828075701265465 2.5676352713023984
4.3828075701265465 2.5676352713023984
4.382867072216057 2.5676425951536324
4.382867072216057 2.5676425951536324
4.382807772406281 2.567635236464107
4.382807772406281 2.567635236464107
4.382867187915292 2.5676427358060874
4.382867187915292 2.5676427358060874
4.382807505262465 2.5676351930170793
4.382807505262465 2.5676351930170793
4.382867035913445 2.567642850427897
4.382867035913445 2.567642850427897
4.382808021870311 2.567634962415499
4.382808021870311 2.567634962415499
4.38286690671433 2.567642960140901
4.38286690671433 2.567642960140901
4.382807643318129 2.5676350802869625
4.382807643318129 2.5676350802869625
4.382866990036005 2.5676428810804386
4.382866990036005 2.5676428810804386
4.382807685721677 2.567635297651606
4.382807685721677 2.567635297651606
4.38286702042464 2.5676427214158655
4.38286702042464 2.5676427214158655
4.382807747319903 2.5676352056741027
4.382807747319903 2.5676352056741027
4.382866844402813 2.567642749280234
4.382866844402813 2.567642749280234
4.3828081892822155 2.5676351442969403
4.3828081892822155 2.5676351442969403
4.382866630568634 2.5676429372844067
4.382866630568634 2.5676429372844067
4.3828078927657215 2.567635109456417
4.3828078927657215 2.567635109456417
4.382866641148344 2.567643085553763
4.382866641148344 2.567643085553763
4.382808044456289 2.567634936962163
4.382808044456289 2.567634936962163
4.382866599117776 2.5676431147876198
4.382866599117776 2.5676431147876198
4.38280807316373 2.5676348180807773
4.38280807316373 2.5676348180807773
4.382866881250023 2.567643231491111
4.382866881250023 2.567643231491111
4.382807804795076 2.567634773009148
4.382807804795076 2.567634773009148
4.382867012173122 2.5676433305286386
4.382867012173122 2.5676433305286386
4.38280767074539 2.5676346925092166
4.38280767074539 2.5676346925092166
4.382867156412573 2.5676432372728866
4.382867156412573 2.5676432372728866
4.382807256528549 2.567634817730483
4.382807256528549 2.567634817730483
4.382867420288551 2.567643035778605
4.382867420288551 2.567643035778605
4.3828075455990065 2.5676350297052726
4.3828075455990065 2.5676350297052726
4.3828673160408815 2.5676428909277997
4.3828673160408815 2.5676428909277997
4.382807380344361 2.5676352071818522
4.382807380344361 2.5676352071818522
4.382867554237551 2.567642540008075
4.382867554237551 2.567642540008075
4.382807086280586 2.5676355736145817
4.382807086280586 2.5676355736145817
4.382867646261255 2.5676424409254035
4.382867646261255 2.5676424409254035
4.3828071178378165 2.56763548601206
4.3828071178378165 2.56763548601206
4.382867442796932 2.567642478175615
4.382867442796932 2.567642478175615
4.382807267937949 2.567635462880466
4.382807267937949 2.567635462880466
4.382867416095087 2.5676426398447947
4.382867416095087 2.5676426398447947
4.382807571301112 2.5676353409776396
4.382807571301112 2.5676353409776396
4.382867049152075 2.5676426080094887
4.382867049152075 2.5676426080094887
4.382807899092789 2.5676353059192545
4.382807899092789 2.5676353059192545
4.382867000038173 2.5676426806839414
4.382867000038173 2.5676426806839414
4.382807668020643 2.56763542377758
4.382807668020643 2.56763542377758
4.382867193024022 2.56764249567804
4.382867193024022 2.56764249567804
4.3828078146318665 2.5676353106075998
4.3828078146318665 2.5676353106075998
4.3828671299880915 2.5676426813820576
4.3828671299880915 2.5676426813820576
4.3828075104507285 2.56763533775484
4.3828075104507285 2.56763533775484
4.382867453553031 2.5676428034924976
4.382867453553031 2.5676428034924976
4.382807122847856 2.567635325440184
4.382807122847856 2.567635325440184
4.382867565055558 2.567642544100378
4.382867565055558 2.567642544100378
4.3828071514755305 2.5676354729046267
4.3828071514755305 2.5676354729046267
4.382867450327922 2.567642341706763
4.382867450327922 2.567642341706763
4.38280747072312 2.567635484982063
4.38280747072312 2.567635484982063
4.382867254809097 2.5676424538728155
4.382867254809097 2.5676424538728155
4.3828075113540494 2.5676354738146245
4.3828075113540494 2.5676354738146245
4.382867458554666 2.567642433855243
4.382867458554666 2.567642433855243
4.382807498132998 2.5676354613509655
4.382807498132998 2.5676354613509655
4.382867320938033 2.5676426227145015
4.382867320938033 2.5676426227145015
4.382807868998444 2.5676350027075965
4.382807868998444 2.5676350027075965
4.382866889166658 2.5676429267415375
4.382866889166658 2.5676429267415375
4.38280781732635 2.5676350155576175
4.38280781732635 2.5676350155576175
4.382866888165904 2.567643002584429
4.382866888165904 2.567643002584429
4.382807883413471 2.567634923227092
4.382807883413471 2.567634923227092
4.382866942817118 2.567643006793231
4.382866942817118 2.567643006793231
4.382807786568071 2.567635081476297
4.382807786568071 2.567635081476297
4.382866950098712 2.567642929462544
4.382866950098712 2.567642929462544
4.382807921504644 2.567634988946041
4.382807921504644 2.567634988946041
4.382866700928289 2.5676431255117227
4.382866700928289 2.5676431255117227
4.382808235740838 2.567634777253026
4.382808235740838 2.567634777253026
4.382866685596403 2.567643279950126
4.382866685596403 2.567643279950126
4.382808053036964 2.5676346535874837
4.382808053036964 2.5676346535874837
4.3828668568669364 2.567643331820373
4.3828668568669364 2.567643331820373
4.382807961753769 2.56763427894724
4.382807961753769 2.56763427894724
4.382866784436986 2.567643727485591
4.382866784436986 2.567643727485591
4.382808082886038 2.5676341945290444
4.382808082886038 2.5676341945290444
4.38286675899517 2.5676436578105557
4.38286675899517 2.5676436578105557
4.38280814705262 2.5676344989384354
4.38280814705262 2.5676344989384354
4.3828668400712765 2.567643563004188
4.3828668400712765 2.567643563004188
4.382808207397052 2.567633937080455
4.382808207397052 2.567633937080455
4.382866510891184 2.5676440972279106
4.382866510891184 2.5676440972279106
4.382808419766188 2.5676337347475284
4.382808419766188 2.5676337347475284
4.382866606596242 2.5676441484031933
4.382866606596242 2.5676441484031933
4.382808275854989 2.567633672894316
4.382808275854989 2.567633672894316
4.382866368023064 2.567644258950358
4.382866368023064 2.567644258950358
4.382808460231787 2.5676338224086783
4.382808460231787 2.5676338224086783
4.382866418502224 2.567644023156519
4.382866418502224 2.567644023156519
4.382808470401804 2.5676339685832343
4.382808470401804 2.5676339685832343
4.382866268772023 2.5676439860289433
4.382866268772023 2.5676439860289433
4.382808428597124 2.5676338083207733
4.382808428597124 2.5676338083207733
4.3828663491526765 2.5676441366572726
4.3828663491526765 2.5676441366572726
4.382808541038518 2.567633855020062
4.382808541038518 2.567633855020062
4.382865959897127 2.567644188116973
4.382865959897127 2.567644188116973
4.382808695425721 2.5676337657690755
4.382808695425721 2.5676337657690755
4.382866133782684 2.5676439232097286
4.382866133782684 2.5676439232097286
4.382808646227717 2.56763385172513
4.382808646227717 2.56763385172513
4.382866210226425 2.5676441993999175
4.382866210226425 2.5676441993999175
4.382808655537854 2.5676337247168357
4.382808655537854 2.5676337247168357
4.382866140240981 2.567644290022963
4.382866140240981 2.567644290022963
4.382808658256845 2.567633405940938
4.382808658256845 2.567633405940938
4.382866142903443 2.567644583750421
4.382866142903443 2.567644583750421
4.382808761106423 2.5676333563377147
4.382808761106423 2.5676333563377147
4.382865842499149 2.5676445840934035
4.382865842499149 2.5676445840934035
4.3828089169292275 2.5676332700348183
4.3828089169292275 2.5676332700348183
4.382865783975934 2.5676447690494917
4.382865783975934 2.5676447690494917
4.382809016292002 2.567633245778264
4.382809016292002 2.567633245778264
4.382865651523512 2.567644776575531
4.382865651523512 2.567644776575531
4.382809008339287 2.5676331501030583
4.382809008339287 2.5676331501030583
4.38286578355605 2.567644866446315
4.38286578355605 2.567644866446315
4.382808672555947 2.5676330109485748
4.382808672555947 2.5676330109485748
4.382866070630536 2.567645018290418
4.382866070630536 2.567645018290418
4.38280839154656 2.5676331306231037
4.38280839154656 2.5676331306231037
4.382866580946524 2.5676446918630513
4.382866580946524 2.5676446918630513
4.38280837666368 2.567633383757687
4.38280837666368 2.567633383757687
4.382866468411331 2.5676445949941673
4.382866468411331 2.5676445949941673
4.382808624546328 2.5676332723177797
4.382808624546328 2.5676332723177797
4.382866052603617 2.5676446993048496
4.382866052603617 2.5676446993048496
4.382808702754511 2.5676333269923495
4.382808702754511 2.5676333269923495
4.382866608548252 2.567644285851928
4.382866608548252 2.567644285851928
4.382808299224504 2.567633477911474
